ď»żslice,sport,prop,category,n,hr,baseline_hr,lift_pp
bottomĂ—tough,MLB,RBIs,rbi,25,0.28,0.20481927710843373,7.518072289156629
topĂ—soft,MLB,Hits,hits,1217,0.40509449465899755,0.36441298511105685,4.06815095479407
topĂ—soft,MLB,Runs,home_runs,1053,0.23931623931623933,0.21898197242841994,2.033426688781939
topĂ—soft,MLB,RBIs,rbi,49,0.20408163265306123,0.20481927710843373,-0.07376444553724992
bottomĂ—tough,MLB,Runs,home_runs,385,0.21038961038961038,0.21898197242841994,-0.8592362038809559
bottomĂ—tough,MLB,Hits,hits,416,0.25721153846153844,0.36441298511105685,-10.720144664951842
