projection_id,player_name,team,prop_type,line_score,start_time,sport,league,pick_type,standard_line,goblin_line,demon_line,pp_projection_id,player_id,pp_game_id,player,line,pos,opp_team,pp_home_team,pp_away_team,image_url,tournament,pp_updated_at,fetched_at,prop_norm,is_doubles,pp_description,unsupported_prop,espn_athlete_id,tour,standard_line_source,deviation_level,opp_def_tier,DEF_TIER,OVERALL_DEF_RANK,stat_status,aces_per_match,double_faults_per_match,first_serve_pct,games_won_per_match,sets_won_per_match,win_rate_L10,best_surface,stat_g1,stat_g2,stat_g3,stat_g4,stat_g5,stat_g6,stat_g7,stat_g8,stat_g9,stat_g10,stat_last5_avg,stat_last10_avg,stat_season_avg,actual_series,surface,surface_encoded,aces_per_match_mean,df_per_match_mean,first_serve_won_pct,win_rate_on_surface,n_matches_on_surface,surface_specialist,surface_struggle,h2h_win_rate_on_surface,n_h2h_matches,hit_rate_status,line_games_played_5,line_hits_over_5,line_hits_under_5,line_hits_push_5,line_hit_rate_over_5,line_hit_rate_under_5,line_hit_rate_over_ou_5,line_hit_rate_under_ou_5,l5_over,l5_under,last5_over,last5_under,last5_push,line_games_played_10,line_hits_over_10,line_hits_under_10,line_hits_push_10,line_hit_rate_over_10,line_hit_rate_under_10,line_hit_rate_over_ou_10,line_hit_rate_under_ou_10,round,is_grand_slam,player_atp_rank,opponent_rank,ranking_diff,position_group,shot_role,usage_role,minutes_tier,last_match_minutes,last_match_games,last_match_sets,days_rest,last_match_date,avg_minutes,game_script_mult,game_script_note,composite_hit_rate,composite_score,projection,edge,ml_prob,edge_score,rank_score,line_hit_rate,ml_edge,final_score,consistency_grade,consistency_multiplier,blended_score,bet_direction,tier_source,tier_basis,tier,void_reason,espn_player_id,abs_edge,model_dir,final_bet_direction,final_dir_reason,direction,prob_source,distribution_n,distribution_std
14082263,Raphael Collignon,RAPHAEL COLLIGNON,Total Games,28.5,2026-08-25T16:35:00.000-04:00,Tennis,ATP / HARD,Demon,,,,14082263,217801,182293,Raphael Collignon,28.5,Player,RINKY HIJIKATA,,,https://static.flashscore.com/res/image/data/UyXKjhhl-djmEyg8B.png,,2026-08-25T16:28:30.425-04:00,2026-08-25T16:30:42-04:00,match_total_games,0,,0,11222,ATP,,2,,N/A,,OK,,,0.6566425169701697,,,,,22,19,17,32,32,35,26,32,28,33,24.4,27.6,27.6,,hard,0,7.142857142857143,6.142857142857143,0.7511670619510276,0.48,25,False,False,,,OK,5,2,3,0,0.4,0.6,0.4,0.6,2,3,2,3,0,10,5,5,0,0.5,0.5,0.5,0.5,,0,38,85.0,-47,ATP,NEUTRAL,FIELD,LOW,298,58,5,92,2026-05-25,298,1,,0.45,0.9,24.4,-4.100000000000001,0.58,0.5637,3.570580278820376,0.45,0.008000000000000007,3.392051264879357,?,0.95,0.489,OVER,ml_prob_fallback,ml_prob_fallback,C,,11222,4.100000000000001,UNDER,OVER,FORCED_OVER_ONLY_GOB_DEM,OVER,ml_prob_unified,10,6.3456
14080713,Raphael Collignon,RAPHAEL COLLIGNON,Total Games,26.5,2026-08-25T16:35:00.000-04:00,Tennis,ATP / HARD,Demon,,,,14080713,217801,182293,Raphael Collignon,26.5,Player,RINKY HIJIKATA,,,https://static.flashscore.com/res/image/data/UyXKjhhl-djmEyg8B.png,,2026-08-25T16:28:30.425-04:00,2026-08-25T16:30:42-04:00,match_total_games,0,,0,11222,ATP,,1,,N/A,,OK,,,0.6566425169701697,,,,,22,19,17,32,32,35,26,32,28,33,24.4,27.6,27.6,,hard,0,7.142857142857143,6.142857142857143,0.7511670619510276,0.48,25,False,False,,,OK,5,2,3,0,0.4,0.6,0.4,0.6,2,3,2,3,0,10,6,4,0,0.6,0.4,0.6,0.4,,0,38,85.0,-47,ATP,NEUTRAL,FIELD,LOW,298,58,5,92,2026-05-25,298,1,,0.5,1,24.4,-2.1000000000000014,0.58,0.4709,4.022563431635389,0.5,0.008000000000000007,3.821435260053619,?,0.95,0.524,OVER,ml_prob_fallback,ml_prob_fallback,C,,11222,2.1000000000000014,UNDER,OVER,FORCED_OVER_ONLY_GOB_DEM,OVER,ml_prob_unified,10,6.3456
14080716,Raphael Collignon,RAPHAEL COLLIGNON,Total Games,21.5,2026-08-25T16:35:00.000-04:00,Tennis,ATP / HARD,Goblin,23,,,14080716,217801,182293,Raphael Collignon,21.5,Player,RINKY HIJIKATA,,,https://static.flashscore.com/res/image/data/UyXKjhhl-djmEyg8B.png,,2026-08-25T16:28:30.425-04:00,2026-08-25T16:30:42-04:00,match_total_games,0,,0,11222,ATP,offset_estimate,1,,N/A,,OK,,,0.6566425169701697,,,,,22,19,17,32,32,35,26,32,28,33,24.4,27.6,27.6,,hard,0,7.142857142857143,6.142857142857143,0.7511670619510276,0.48,25,False,False,,,OK,5,3,2,0,0.6,0.4,0.6,0.4,3,2,3,2,0,10,8,2,0,0.8,0.2,0.8,0.2,,0,38,85.0,-47,ATP,NEUTRAL,FIELD,LOW,298,58,5,92,2026-05-25,298,1,,0.7,1.4,24.4,2.8999999999999986,0.6111,-0.3368,5.939644654155496,0.7,0.05200000000000005,5.642662421447722,?,0.95,0.6733,OVER,distance,distance,C,,11222,2.8999999999999986,OVER,OVER,FORCED_OVER_ONLY_GOB_DEM,OVER,ml_prob_unified,10,6.3456
14080715,Raphael Collignon,RAPHAEL COLLIGNON,Total Games,20.5,2026-08-25T16:35:00.000-04:00,Tennis,ATP / HARD,Goblin,22.5,,,14080715,217801,182293,Raphael Collignon,20.5,Player,RINKY HIJIKATA,,,https://static.flashscore.com/res/image/data/UyXKjhhl-djmEyg8B.png,,2026-08-25T16:28:30.425-04:00,2026-08-25T16:30:42-04:00,match_total_games,0,,0,11222,ATP,offset_estimate,2,,N/A,,OK,,,0.6566425169701697,,,,,22,19,17,32,32,35,26,32,28,33,24.4,27.6,27.6,,hard,0,7.142857142857143,6.142857142857143,0.7511670619510276,0.48,25,False,False,,,OK,5,3,2,0,0.6,0.4,0.6,0.4,3,2,3,2,0,10,8,2,0,0.8,0.2,0.8,0.2,,0,38,85.0,-47,ATP,NEUTRAL,FIELD,LOW,298,58,5,92,2026-05-25,298,1,,0.7,1.4,24.4,3.8999999999999986,0.5883,-0.3919,5.939644654155496,0.7,0.05200000000000005,5.642662421447722,?,0.95,0.6665,OVER,distance,distance,B,,11222,3.8999999999999986,OVER,OVER,FORCED_OVER_ONLY_GOB_DEM,OVER,ml_prob_unified,10,6.3456
14083859,Raphael Collignon,RAPHAEL COLLIGNON,Total Games Won,15.5,2026-08-25T16:35:00.000-04:00,Tennis,ATP / HARD,Demon,,,,14083859,217801,182293,Raphael Collignon,15.5,Player,RINKY HIJIKATA,,,https://static.flashscore.com/res/image/data/UyXKjhhl-djmEyg8B.png,,2026-08-25T16:28:30.425-04:00,2026-08-25T16:30:42-04:00,games_won,0,,0,11222,ATP,,3,,N/A,,OK,,,0.6566425169701697,,,,,9,7,5,14,15,18,14,16,9,16,10,12.3,12.3,,hard,0,7.142857142857143,6.142857142857143,0.7511670619510276,0.48,25,False,False,,,OK,5,0,5,0,0,1,0,1,0,5,0,5,0,10,3,7,0,0.3,0.7,0.3,0.7,,0,38,85.0,-47,ATP,NEUTRAL,FIELD,LOW,298,58,5,92,2026-05-25,298,1,,0.15,0.3,10,-5.5,0.58,0.5759,1.104585876675603,0.15,-0.003000000000000003,1.049356582841823,?,0.95,0.279,OVER,ml_prob_fallback,ml_prob_fallback,C,,11222,5.5,UNDER,OVER,FORCED_OVER_ONLY_GOB_DEM,OVER,ml_prob_unified,10,4.4234
14083866,Rinky Hijikata,RINKY HIJIKATA,Total Games Won,15.5,2026-08-25T16:35:00.000-04:00,Tennis,ATP / HARD,Demon,,,,14083866,205610,182293,Rinky Hijikata,15.5,Player,RAPHAEL COLLIGNON,,,https://static.prizepicks.com/images/manual/rinky.webp,,2026-08-25T16:28:30.425-04:00,2026-08-25T16:30:42-04:00,games_won,0,,0,3716,ATP,,3,,N/A,,OK,,,0.6076902540990273,,,,,13,7,12,15,9,11,3,18,12,8,11.2,10.8,10.8,,hard,0,4.571428571428571,2.657142857142857,0.6803659304152259,0.4444444444444444,36,False,False,,,OK,5,0,5,0,0,1,0,1,0,5,0,5,0,10,1,9,0,0.1,0.9,0.1,0.9,,0,85,38.0,47,ATP,NEUTRAL,FIELD,LOW,198,41,4,92,2026-05-25,198,1,,0.05,0.1,11.2,-4.300000000000001,0.58,0.5666,0.3596515924932976,0.05,-0.003000000000000003,0.3416690128686327,?,0.95,0.209,OVER,ml_prob_fallback,ml_prob_fallback,C,,3716,4.300000000000001,UNDER,OVER,FORCED_OVER_ONLY_GOB_DEM,OVER,ml_prob_unified,10,4.2635
14083860,Raphael Collignon,RAPHAEL COLLIGNON,Total Games Won,14.5,2026-08-25T16:35:00.000-04:00,Tennis,ATP / HARD,Demon,,,,14083860,217801,182293,Raphael Collignon,14.5,Player,RINKY HIJIKATA,,,https://static.flashscore.com/res/image/data/UyXKjhhl-djmEyg8B.png,,2026-08-25T16:28:30.425-04:00,2026-08-25T16:30:42-04:00,games_won,0,,0,11222,ATP,,2,,N/A,,OK,,,0.6566425169701697,,,,,9,7,5,14,15,18,14,16,9,16,10,12.3,12.3,,hard,0,7.142857142857143,6.142857142857143,0.7511670619510276,0.48,25,False,False,,,OK,5,1,4,0,0.2,0.8,0.2,0.8,1,4,1,4,0,10,4,6,0,0.4,0.6,0.4,0.6,,0,38,85.0,-47,ATP,NEUTRAL,FIELD,LOW,298,58,5,92,2026-05-25,298,1,,0.30000000000000004,0.6000000000000001,10,-4.5,0.58,0.569,2.295595882037533,0.3,-0.003000000000000003,2.180816087935657,?,0.95,0.384,OVER,ml_prob_fallback,ml_prob_fallback,C,,11222,4.5,UNDER,OVER,FORCED_OVER_ONLY_GOB_DEM,OVER,ml_prob_unified,10,4.4234
14083865,Rinky Hijikata,RINKY HIJIKATA,Total Games Won,14.5,2026-08-25T16:35:00.000-04:00,Tennis,ATP / HARD,Demon,,,,14083865,205610,182293,Rinky Hijikata,14.5,Player,RAPHAEL COLLIGNON,,,https://static.prizepicks.com/images/manual/rinky.webp,,2026-08-25T16:28:30.425-04:00,2026-08-25T16:30:42-04:00,games_won,0,,0,3716,ATP,,2,,N/A,,OK,,,0.6076902540990273,,,,,13,7,12,15,9,11,3,18,12,8,11.2,10.8,10.8,,hard,0,4.571428571428571,2.657142857142857,0.6803659304152259,0.4444444444444444,36,False,False,,,OK,5,1,4,0,0.2,0.8,0.2,0.8,1,4,1,4,0,10,2,8,0,0.2,0.8,0.2,0.8,,0,85,38.0,47,ATP,NEUTRAL,FIELD,LOW,198,41,4,92,2026-05-25,198,1,,0.2,0.4,11.2,-3.3000000000000007,0.58,0.5444,1.49193291152815,0.2,-0.003000000000000003,1.417336265951743,?,0.95,0.314,OVER,ml_prob_fallback,ml_prob_fallback,C,,3716,3.3000000000000007,UNDER,OVER,FORCED_OVER_ONLY_GOB_DEM,OVER,ml_prob_unified,10,4.2635
14082264,Raphael Collignon,RAPHAEL COLLIGNON,Total Games Won,13.5,2026-08-25T16:35:00.000-04:00,Tennis,ATP / HARD,Demon,,,,14082264,217801,182293,Raphael Collignon,13.5,Player,RINKY HIJIKATA,,,https://static.flashscore.com/res/image/data/UyXKjhhl-djmEyg8B.png,,2026-08-25T16:28:30.425-04:00,2026-08-25T16:30:42-04:00,games_won,0,,0,11222,ATP,,1,,N/A,,OK,,,0.6566425169701697,,,,,9,7,5,14,15,18,14,16,9,16,10,12.3,12.3,,hard,0,7.142857142857143,6.142857142857143,0.7511670619510276,0.48,25,False,False,,,OK,5,2,3,0,0.4,0.6,0.4,0.6,2,3,2,3,0,10,6,4,0,0.6,0.4,0.6,0.4,,0,38,85.0,-47,ATP,NEUTRAL,FIELD,LOW,298,58,5,92,2026-05-25,298,1,,0.5,1,10,-3.5,0.58,0.5507,4.022563431635389,0.5,0.008000000000000007,3.821435260053619,?,0.95,0.524,OVER,ml_prob_fallback,ml_prob_fallback,C,,11222,3.5,UNDER,OVER,FORCED_OVER_ONLY_GOB_DEM,OVER,ml_prob_unified,10,4.4234
14083867,Rinky Hijikata,RINKY HIJIKATA,Total Games Won,13.5,2026-08-25T16:35:00.000-04:00,Tennis,ATP / HARD,Demon,,,,14083867,205610,182293,Rinky Hijikata,13.5,Player,RAPHAEL COLLIGNON,,,https://static.prizepicks.com/images/manual/rinky.webp,,2026-08-25T16:28:30.425-04:00,2026-08-25T16:30:42-04:00,games_won,0,,0,3716,ATP,,1,,N/A,,OK,,,0.6076902540990273,,,,,13,7,12,15,9,11,3,18,12,8,11.2,10.8,10.8,,hard,0,4.571428571428571,2.657142857142857,0.6803659304152259,0.4444444444444444,36,False,False,,,OK,5,1,4,0,0.2,0.8,0.2,0.8,1,4,1,4,0,10,2,8,0,0.2,0.8,0.2,0.8,,0,85,38.0,47,ATP,NEUTRAL,FIELD,LOW,198,41,4,92,2026-05-25,198,1,,0.2,0.4,11.2,-2.3000000000000007,0.58,0.4889,1.49193291152815,0.2,-0.003000000000000003,1.417336265951743,?,0.95,0.314,OVER,ml_prob_fallback,ml_prob_fallback,C,,3716,2.3000000000000007,UNDER,OVER,FORCED_OVER_ONLY_GOB_DEM,OVER,ml_prob_unified,10,4.2635
14083857,Raphael Collignon,RAPHAEL COLLIGNON,Total Games Won,11.5,2026-08-25T16:35:00.000-04:00,Tennis,ATP / HARD,Goblin,13,,,14083857,217801,182293,Raphael Collignon,11.5,Player,RINKY HIJIKATA,,,https://static.flashscore.com/res/image/data/UyXKjhhl-djmEyg8B.png,,2026-08-25T16:28:30.425-04:00,2026-08-25T16:30:42-04:00,games_won,0,,0,11222,ATP,offset_estimate,1,,N/A,,OK,,,0.6566425169701697,,,,,9,7,5,14,15,18,14,16,9,16,10,12.3,12.3,,hard,0,7.142857142857143,6.142857142857143,0.7511670619510276,0.48,25,False,False,,,OK,5,2,3,0,0.4,0.6,0.4,0.6,2,3,2,3,0,10,6,4,0,0.6,0.4,0.6,0.4,,0,38,85.0,-47,ATP,NEUTRAL,FIELD,LOW,298,58,5,92,2026-05-25,298,1,,0.5,1,10,-1.5,0.58,0.3976,4.022563431635389,0.5,0.008000000000000007,3.821435260053619,?,0.95,0.524,OVER,distance,distance,C,,11222,1.5,UNDER,OVER,FORCED_OVER_ONLY_GOB_DEM,OVER,ml_prob_unified,10,4.4234
14088618,Raphael Collignon,RAPHAEL COLLIGNON,Aces,11.5,2026-08-25T16:35:00.000-04:00,Tennis,ATP / HARD,Demon,,,,14088618,217801,182293,Raphael Collignon,11.5,Player,RINKY HIJIKATA,,,https://static.flashscore.com/res/image/data/UyXKjhhl-djmEyg8B.png,,2026-08-25T16:28:30.425-04:00,2026-08-25T16:30:42-04:00,aces,0,,0,11222,ATP,,3,,N/A,,OK,,,0.6566425169701697,,,,,7,7,2,14,4,17,2,7,8,12,6.8,8,8,,hard,0,7.142857142857143,6.142857142857143,0.7511670619510276,0.48,25,False,False,,,OK,5,1,4,0,0.2,0.8,0.2,0.8,1,4,1,4,0,10,3,7,0,0.3,0.7,0.3,0.7,,0,38,85.0,-47,ATP,SERVE_HEAVY,FIELD,LOW,298,58,5,92,2026-05-25,298,1,,0.25,0.5,6.8,-4.7,0.0127,0.0037,1.889257962466488,0.25,-0.003000000000000003,1.794795064343164,?,0.95,0.1788,OVER,ml_prob_fallback,ml_prob_fallback,C,,11222,4.7,UNDER,OVER,FORCED_OVER_ONLY_GOB_DEM,OVER,ml_prob_unified,10,4.9889
14083858,Raphael Collignon,RAPHAEL COLLIGNON,Total Games Won,10.5,2026-08-25T16:35:00.000-04:00,Tennis,ATP / HARD,Goblin,12.5,,,14083858,217801,182293,Raphael Collignon,10.5,Player,RINKY HIJIKATA,,,https://static.flashscore.com/res/image/data/UyXKjhhl-djmEyg8B.png,,2026-08-25T16:28:30.425-04:00,2026-08-25T16:30:42-04:00,games_won,0,,0,11222,ATP,offset_estimate,2,,N/A,,OK,,,0.6566425169701697,,,,,9,7,5,14,15,18,14,16,9,16,10,12.3,12.3,,hard,0,7.142857142857143,6.142857142857143,0.7511670619510276,0.48,25,False,False,,,OK,5,2,3,0,0.4,0.6,0.4,0.6,2,3,2,3,0,10,6,4,0,0.6,0.4,0.6,0.4,,0,38,85.0,-47,ATP,NEUTRAL,FIELD,LOW,298,58,5,92,2026-05-25,298,1,,0.5,1,10,-0.5,0.58,0.2025,4.022563431635389,0.5,0.008000000000000007,3.821435260053619,?,0.95,0.524,OVER,distance,distance,B,,11222,0.5,UNDER,OVER,FORCED_OVER_ONLY_GOB_DEM,OVER,ml_prob_unified,10,4.4234
14083864,Rinky Hijikata,RINKY HIJIKATA,Total Games Won,10.5,2026-08-25T16:35:00.000-04:00,Tennis,ATP / HARD,Goblin,12,,,14083864,205610,182293,Rinky Hijikata,10.5,Player,RAPHAEL COLLIGNON,,,https://static.prizepicks.com/images/manual/rinky.webp,,2026-08-25T16:28:30.425-04:00,2026-08-25T16:30:42-04:00,games_won,0,,0,3716,ATP,offset_estimate,1,,N/A,,OK,,,0.6076902540990273,,,,,13,7,12,15,9,11,3,18,12,8,11.2,10.8,10.8,,hard,0,4.571428571428571,2.657142857142857,0.6803659304152259,0.4444444444444444,36,False,False,,,OK,5,3,2,0,0.6,0.4,0.6,0.4,3,2,3,2,0,10,6,4,0,0.6,0.4,0.6,0.4,,0,85,38.0,47,ATP,NEUTRAL,FIELD,LOW,198,41,4,92,2026-05-25,198,1,,0.6,1.2,11.2,0.6999999999999993,0.6151,-0.0531,4.976052675603216,0.6,0.05200000000000005,4.727250041823055,?,0.95,0.6045,OVER,distance,distance,C,,3716,0.6999999999999993,OVER,OVER,FORCED_OVER_ONLY_GOB_DEM,OVER,ml_prob_unified,10,4.2635
14088617,Raphael Collignon,RAPHAEL COLLIGNON,Aces,10.5,2026-08-25T16:35:00.000-04:00,Tennis,ATP / HARD,Demon,,,,14088617,217801,182293,Raphael Collignon,10.5,Player,RINKY HIJIKATA,,,https://static.flashscore.com/res/image/data/UyXKjhhl-djmEyg8B.png,,2026-08-25T16:28:30.425-04:00,2026-08-25T16:30:42-04:00,aces,0,,0,11222,ATP,,2,,N/A,,OK,,,0.6566425169701697,,,,,7,7,2,14,4,17,2,7,8,12,6.8,8,8,,hard,0,7.142857142857143,6.142857142857143,0.7511670619510276,0.48,25,False,False,,,OK,5,1,4,0,0.2,0.8,0.2,0.8,1,4,1,4,0,10,3,7,0,0.3,0.7,0.3,0.7,,0,38,85.0,-47,ATP,SERVE_HEAVY,FIELD,LOW,298,58,5,92,2026-05-25,298,1,,0.25,0.5,6.8,-3.7,0.0172,-0.0069,1.889257962466488,0.25,-0.003000000000000003,1.794795064343164,?,0.95,0.1802,OVER,ml_prob_fallback,ml_prob_fallback,C,,11222,3.7,UNDER,OVER,FORCED_OVER_ONLY_GOB_DEM,OVER,ml_prob_unified,10,4.9889
14083862,Rinky Hijikata,RINKY HIJIKATA,Total Games Won,9.5,2026-08-25T16:35:00.000-04:00,Tennis,ATP / HARD,Goblin,11.5,,,14083862,205610,182293,Rinky Hijikata,9.5,Player,RAPHAEL COLLIGNON,,,https://static.prizepicks.com/images/manual/rinky.webp,,2026-08-25T16:28:30.425-04:00,2026-08-25T16:30:42-04:00,games_won,0,,0,3716,ATP,offset_estimate,2,,N/A,,OK,,,0.6076902540990273,,,,,13,7,12,15,9,11,3,18,12,8,11.2,10.8,10.8,,hard,0,4.571428571428571,2.657142857142857,0.6803659304152259,0.4444444444444444,36,False,False,,,OK,5,3,2,0,0.6,0.4,0.6,0.4,3,2,3,2,0,10,6,4,0,0.6,0.4,0.6,0.4,,0,85,38.0,47,ATP,NEUTRAL,FIELD,LOW,198,41,4,92,2026-05-25,198,1,,0.6,1.2,11.2,1.6999999999999993,0.58,-0.2655,4.976052675603216,0.6,0.05200000000000005,4.727250041823055,?,0.95,0.594,OVER,distance,distance,B,,3716,1.6999999999999993,OVER,OVER,FORCED_OVER_ONLY_GOB_DEM,OVER,ml_prob_unified,10,4.2635
14088619,Raphael Collignon,RAPHAEL COLLIGNON,Aces,9.5,2026-08-25T16:35:00.000-04:00,Tennis,ATP / HARD,Demon,,,,14088619,217801,182293,Raphael Collignon,9.5,Player,RINKY HIJIKATA,,,https://static.flashscore.com/res/image/data/UyXKjhhl-djmEyg8B.png,,2026-08-25T16:28:30.425-04:00,2026-08-25T16:30:42-04:00,aces,0,,0,11222,ATP,,1,,N/A,,OK,,,0.6566425169701697,,,,,7,7,2,14,4,17,2,7,8,12,6.8,8,8,,hard,0,7.142857142857143,6.142857142857143,0.7511670619510276,0.48,25,False,False,,,OK,5,1,4,0,0.2,0.8,0.2,0.8,1,4,1,4,0,10,3,7,0,0.3,0.7,0.3,0.7,,0,38,85.0,-47,ATP,SERVE_HEAVY,FIELD,LOW,298,58,5,92,2026-05-25,298,1,,0.25,0.5,6.8,-2.7,0.0117,-0.0513,1.889257962466488,0.25,-0.003000000000000003,1.794795064343164,?,0.95,0.1785,OVER,ml_prob_fallback,ml_prob_fallback,C,,11222,2.7,UNDER,OVER,FORCED_OVER_ONLY_GOB_DEM,OVER,ml_prob_unified,10,4.9889
14093843,Raphael Collignon,RAPHAEL COLLIGNON,Total Games Won,9.5,2026-08-25T16:35:00.000-04:00,Tennis,ATP / HARD,Goblin,12.5,,,14093843,217801,182293,Raphael Collignon,9.5,Player,RINKY HIJIKATA,,,https://static.flashscore.com/res/image/data/UyXKjhhl-djmEyg8B.png,,2026-08-25T16:28:30.425-04:00,2026-08-25T16:30:42-04:00,games_won,0,,0,11222,ATP,offset_estimate,3,,N/A,,OK,,,0.6566425169701697,,,,,9,7,5,14,15,18,14,16,9,16,10,12.3,12.3,,hard,0,7.142857142857143,6.142857142857143,0.7511670619510276,0.48,25,False,False,,,OK,5,2,3,0,0.4,0.6,0.4,0.6,2,3,2,3,0,10,6,4,0,0.6,0.4,0.6,0.4,,0,38,85.0,-47,ATP,NEUTRAL,FIELD,LOW,298,58,5,92,2026-05-25,298,1,,0.5,1,10,0.5,0.58,-0.0425,4.022563431635389,0.5,0.008000000000000007,3.821435260053619,?,0.95,0.524,OVER,distance,distance,B,,11222,0.5,OVER,OVER,FORCED_OVER_ONLY_GOB_DEM,OVER,ml_prob_unified,10,4.4234
14083863,Rinky Hijikata,RINKY HIJIKATA,Total Games Won,8.5,2026-08-25T16:35:00.000-04:00,Tennis,ATP / HARD,Goblin,11.5,,,14083863,205610,182293,Rinky Hijikata,8.5,Player,RAPHAEL COLLIGNON,,,https://static.prizepicks.com/images/manual/rinky.webp,,2026-08-25T16:28:30.425-04:00,2026-08-25T16:30:42-04:00,games_won,0,,0,3716,ATP,offset_estimate,3,,N/A,,OK,,,0.6076902540990273,,,,,13,7,12,15,9,11,3,18,12,8,11.2,10.8,10.8,,hard,0,4.571428571428571,2.657142857142857,0.6803659304152259,0.4444444444444444,36,False,False,,,OK,5,4,1,0,0.8,0.2,0.8,0.2,4,1,4,1,0,10,7,3,0,0.7,0.3,0.7,0.3,,0,85,38.0,47,ATP,NEUTRAL,FIELD,LOW,198,41,4,92,2026-05-25,198,1,,0.75,1.5,11.2,2.6999999999999993,0.58,-0.357,6.43577761930295,0.75,0.07840000000000003,6.113988738337802,?,0.95,0.699,OVER,distance,distance,B,,3716,2.6999999999999993,OVER,OVER,FORCED_OVER_ONLY_GOB_DEM,OVER,ml_prob_unified,10,4.2635
14088623,Raphael Collignon,RAPHAEL COLLIGNON,Double Faults,8.5,2026-08-25T16:35:00.000-04:00,Tennis,ATP / HARD,Demon,,,,14088623,217801,182293,Raphael Collignon,8.5,Player,RINKY HIJIKATA,,,https://static.flashscore.com/res/image/data/UyXKjhhl-djmEyg8B.png,,2026-08-25T16:28:30.425-04:00,2026-08-25T16:30:42-04:00,double_faults,0,,0,11222,ATP,,3,,N/A,,OK,,,0.6566425169701697,,,,,8,2,3,8,5,10,4,4,4,8,5.2,5.6,5.6,,hard,0,7.142857142857143,6.142857142857143,0.7511670619510276,0.48,25,False,False,,,OK,5,0,5,0,0,1,0,1,0,5,0,5,0,10,1,9,0,0.1,0.9,0.1,0.9,,0,38,85.0,-47,ATP,NEUTRAL,FIELD,LOW,298,58,5,92,2026-05-25,298,1,,0.05,0.1,5.2,-3.3,0.0138,-0.0218,0.3596515924932976,0.05,-0.003000000000000003,0.3416690128686327,?,0.95,0.0391,OVER,ml_prob_fallback,ml_prob_fallback,C,,11222,3.3,UNDER,OVER,FORCED_OVER_ONLY_GOB_DEM,OVER,ml_prob_unified,10,2.675
14088616,Raphael Collignon,RAPHAEL COLLIGNON,Aces,7.5,2026-08-25T16:35:00.000-04:00,Tennis,ATP / HARD,Goblin,9,,,14088616,217801,182293,Raphael Collignon,7.5,Player,RINKY HIJIKATA,,,https://static.flashscore.com/res/image/data/UyXKjhhl-djmEyg8B.png,,2026-08-25T16:28:30.425-04:00,2026-08-25T16:30:42-04:00,aces,0,,0,11222,ATP,offset_estimate,1,,N/A,,OK,,,0.6566425169701697,,,,,7,7,2,14,4,17,2,7,8,12,6.8,8,8,,hard,0,7.142857142857143,6.142857142857143,0.7511670619510276,0.48,25,False,False,,,OK,5,1,4,0,0.2,0.8,0.2,0.8,1,4,1,4,0,10,4,6,0,0.4,0.6,0.4,0.6,,0,38,85.0,-47,ATP,SERVE_HEAVY,FIELD,LOW,298,58,5,92,2026-05-25,298,1,,0.30000000000000004,0.6000000000000001,6.8,-0.7000000000000002,0.08,-0.2518,2.295595882037533,0.3,-0.003000000000000003,2.180816087935657,?,0.95,0.234,OVER,distance,distance,C,,11222,0.7000000000000002,UNDER,OVER,FORCED_OVER_ONLY_GOB_DEM,OVER,ml_prob_unified,10,4.9889
14088621,Raphael Collignon,RAPHAEL COLLIGNON,Double Faults,7.5,2026-08-25T16:35:00.000-04:00,Tennis,ATP / HARD,Demon,,,,14088621,217801,182293,Raphael Collignon,7.5,Player,RINKY HIJIKATA,,,https://static.flashscore.com/res/image/data/UyXKjhhl-djmEyg8B.png,,2026-08-25T16:28:30.425-04:00,2026-08-25T16:30:42-04:00,double_faults,0,,0,11222,ATP,,2,,N/A,,OK,,,0.6566425169701697,,,,,8,2,3,8,5,10,4,4,4,8,5.2,5.6,5.6,,hard,0,7.142857142857143,6.142857142857143,0.7511670619510276,0.48,25,False,False,,,OK,5,2,3,0,0.4,0.6,0.4,0.6,2,3,2,3,0,10,4,6,0,0.4,0.6,0.4,0.6,,0,38,85.0,-47,ATP,NEUTRAL,FIELD,LOW,298,58,5,92,2026-05-25,298,1,,0.4,0.8,5.2,-2.3,0.08,-0.0111,3.138762809651475,0.4,0.008000000000000007,2.981824669168901,?,0.95,0.304,OVER,ml_prob_fallback,ml_prob_fallback,C,,11222,2.3,UNDER,OVER,FORCED_OVER_ONLY_GOB_DEM,OVER,ml_prob_unified,10,2.675
14088625,Rinky Hijikata,RINKY HIJIKATA,Aces,7.5,2026-08-25T16:35:00.000-04:00,Tennis,ATP / HARD,Demon,,,,14088625,205610,182293,Rinky Hijikata,7.5,Player,RAPHAEL COLLIGNON,,,https://static.prizepicks.com/images/manual/rinky.webp,,2026-08-25T16:28:30.425-04:00,2026-08-25T16:30:42-04:00,aces,0,,0,3716,ATP,,2,,N/A,,OK,,,0.6076902540990273,,,,,5,0,10,3,2,1,9,1,9,8,4,4.8,4.8,,hard,0,4.571428571428571,2.657142857142857,0.6803659304152259,0.4444444444444444,36,False,False,,,OK,5,1,4,0,0.2,0.8,0.2,0.8,1,4,1,4,0,10,4,6,0,0.4,0.6,0.4,0.6,,0,85,38.0,47,ATP,SERVE_HEAVY,FIELD,LOW,198,41,4,92,2026-05-25,198,1,,0.30000000000000004,0.6000000000000001,4,-3.5,0.08,0.0507,2.295595882037533,0.3,-0.003000000000000003,2.180816087935657,?,0.95,0.234,OVER,ml_prob_fallback,ml_prob_fallback,C,,3716,3.5,UNDER,OVER,FORCED_OVER_ONLY_GOB_DEM,OVER,ml_prob_unified,10,3.8816
14088622,Raphael Collignon,RAPHAEL COLLIGNON,Double Faults,6.5,2026-08-25T16:35:00.000-04:00,Tennis,ATP / HARD,Demon,,,,14088622,217801,182293,Raphael Collignon,6.5,Player,RINKY HIJIKATA,,,https://static.flashscore.com/res/image/data/UyXKjhhl-djmEyg8B.png,,2026-08-25T16:28:30.425-04:00,2026-08-25T16:30:42-04:00,double_faults,0,,0,11222,ATP,,1,,N/A,,OK,,,0.6566425169701697,,,,,8,2,3,8,5,10,4,4,4,8,5.2,5.6,5.6,,hard,0,7.142857142857143,6.142857142857143,0.7511670619510276,0.48,25,False,False,,,OK,5,2,3,0,0.4,0.6,0.4,0.6,2,3,2,3,0,10,4,6,0,0.4,0.6,0.4,0.6,,0,38,85.0,-47,ATP,NEUTRAL,FIELD,LOW,298,58,5,92,2026-05-25,298,1,,0.4,0.8,5.2,-1.2999999999999998,0.08,-0.1342,3.138762809651475,0.4,0.008000000000000007,2.981824669168901,?,0.95,0.304,OVER,ml_prob_fallback,ml_prob_fallback,C,,11222,1.2999999999999998,UNDER,OVER,FORCED_OVER_ONLY_GOB_DEM,OVER,ml_prob_unified,10,2.675
14088626,Rinky Hijikata,RINKY HIJIKATA,Aces,6.5,2026-08-25T16:35:00.000-04:00,Tennis,ATP / HARD,Demon,,,,14088626,205610,182293,Rinky Hijikata,6.5,Player,RAPHAEL COLLIGNON,,,https://static.prizepicks.com/images/manual/rinky.webp,,2026-08-25T16:28:30.425-04:00,2026-08-25T16:30:42-04:00,aces,0,,0,3716,ATP,,1,,N/A,,OK,,,0.6076902540990273,,,,,5,0,10,3,2,1,9,1,9,8,4,4.8,4.8,,hard,0,4.571428571428571,2.657142857142857,0.6803659304152259,0.4444444444444444,36,False,False,,,OK,5,1,4,0,0.2,0.8,0.2,0.8,1,4,1,4,0,10,4,6,0,0.4,0.6,0.4,0.6,,0,85,38.0,47,ATP,SERVE_HEAVY,FIELD,LOW,198,41,4,92,2026-05-25,198,1,,0.30000000000000004,0.6000000000000001,4,-2.5,0.08,0.0041,2.295595882037533,0.3,-0.003000000000000003,2.180816087935657,?,0.95,0.234,OVER,ml_prob_fallback,ml_prob_fallback,C,,3716,2.5,UNDER,OVER,FORCED_OVER_ONLY_GOB_DEM,OVER,ml_prob_unified,10,3.8816
14088631,Rinky Hijikata,RINKY HIJIKATA,Double Faults,5.5,2026-08-25T16:35:00.000-04:00,Tennis,ATP / HARD,Demon,,,,14088631,205610,182293,Rinky Hijikata,5.5,Player,RAPHAEL COLLIGNON,,,https://static.prizepicks.com/images/manual/rinky.webp,,2026-08-25T16:28:30.425-04:00,2026-08-25T16:30:42-04:00,double_faults,0,,0,3716,ATP,,3,,N/A,,OK,,,0.6076902540990273,,,,,3,0,2,4,2,8,5,1,1,0,2.2,2.6,2.6,,hard,0,4.571428571428571,2.657142857142857,0.6803659304152259,0.4444444444444444,36,False,False,,,OK,5,0,5,0,0,1,0,1,0,5,0,5,0,10,1,9,0,0.1,0.9,0.1,0.9,,0,85,38.0,47,ATP,NEUTRAL,FIELD,LOW,198,41,4,92,2026-05-25,198,1,,0.05,0.1,2.2,-3.3,0.028,-0.0076,0.3596515924932976,0.05,-0.003000000000000003,0.3416690128686327,?,0.95,0.0434,OVER,ml_prob_fallback,ml_prob_fallback,C,,3716,3.3,UNDER,OVER,FORCED_OVER_ONLY_GOB_DEM,OVER,ml_prob_unified,10,2.5033
14088620,Raphael Collignon,RAPHAEL COLLIGNON,Double Faults,4.5,2026-08-25T16:35:00.000-04:00,Tennis,ATP / HARD,Goblin,6,,,14088620,217801,182293,Raphael Collignon,4.5,Player,RINKY HIJIKATA,,,https://static.flashscore.com/res/image/data/UyXKjhhl-djmEyg8B.png,,2026-08-25T16:28:30.425-04:00,2026-08-25T16:30:42-04:00,double_faults,0,,0,11222,ATP,offset_estimate,1,,N/A,,OK,,,0.6566425169701697,,,,,8,2,3,8,5,10,4,4,4,8,5.2,5.6,5.6,,hard,0,7.142857142857143,6.142857142857143,0.7511670619510276,0.48,25,False,False,,,OK,5,3,2,0,0.6,0.4,0.6,0.4,3,2,3,2,0,10,5,5,0,0.5,0.5,0.5,0.5,,0,38,85.0,-47,ATP,NEUTRAL,FIELD,LOW,298,58,5,92,2026-05-25,298,1,,0.55,1.1,5.2,0.7000000000000002,0.08,-0.5882,4.514759903485255,0.55,0.05200000000000005,4.289021908310993,?,0.95,0.409,OVER,distance,distance,C,,11222,0.7000000000000002,OVER,OVER,FORCED_OVER_ONLY_GOB_DEM,OVER,ml_prob_unified,10,2.675
14088624,Rinky Hijikata,RINKY HIJIKATA,Aces,4.5,2026-08-25T16:35:00.000-04:00,Tennis,ATP / HARD,Goblin,6,,,14088624,205610,182293,Rinky Hijikata,4.5,Player,RAPHAEL COLLIGNON,,,https://static.prizepicks.com/images/manual/rinky.webp,,2026-08-25T16:28:30.425-04:00,2026-08-25T16:30:42-04:00,aces,0,,0,3716,ATP,offset_estimate,1,,N/A,,OK,,,0.6076902540990273,,,,,5,0,10,3,2,1,9,1,9,8,4,4.8,4.8,,hard,0,4.571428571428571,2.657142857142857,0.6803659304152259,0.4444444444444444,36,False,False,,,OK,5,2,3,0,0.4,0.6,0.4,0.6,2,3,2,3,0,10,5,5,0,0.5,0.5,0.5,0.5,,0,85,38.0,47,ATP,SERVE_HEAVY,FIELD,LOW,198,41,4,92,2026-05-25,198,1,,0.45,0.9,4,-0.5,0.08,-0.2975,3.570580278820376,0.45,0.008000000000000007,3.392051264879357,?,0.95,0.339,OVER,distance,distance,C,,3716,0.5,UNDER,OVER,FORCED_OVER_ONLY_GOB_DEM,OVER,ml_prob_unified,10,3.8816
14088630,Rinky Hijikata,RINKY HIJIKATA,Double Faults,4.5,2026-08-25T16:35:00.000-04:00,Tennis,ATP / HARD,Demon,,,,14088630,205610,182293,Rinky Hijikata,4.5,Player,RAPHAEL COLLIGNON,,,https://static.prizepicks.com/images/manual/rinky.webp,,2026-08-25T16:28:30.425-04:00,2026-08-25T16:30:42-04:00,double_faults,0,,0,3716,ATP,,2,,N/A,,OK,,,0.6076902540990273,,,,,3,0,2,4,2,8,5,1,1,0,2.2,2.6,2.6,,hard,0,4.571428571428571,2.657142857142857,0.6803659304152259,0.4444444444444444,36,False,False,,,OK,5,0,5,0,0,1,0,1,0,5,0,5,0,10,2,8,0,0.2,0.8,0.2,0.8,,0,85,38.0,47,ATP,NEUTRAL,FIELD,LOW,198,41,4,92,2026-05-25,198,1,,0.1,0.2,2.2,-2.3,0.0461,-0.045,0.727511764075067,0.1,-0.003000000000000003,0.6911361758713136,?,0.95,0.0838,OVER,ml_prob_fallback,ml_prob_fallback,C,,3716,2.3,UNDER,OVER,FORCED_OVER_ONLY_GOB_DEM,OVER,ml_prob_unified,10,2.5033
14129895,Raphael Collignon,RAPHAEL COLLIGNON,Aces,4.5,2026-08-25T16:35:00.000-04:00,Tennis,ATP / HARD,Goblin,6.5,,,14129895,217801,182293,Raphael Collignon,4.5,Player,RINKY HIJIKATA,,,https://static.flashscore.com/res/image/data/UyXKjhhl-djmEyg8B.png,,2026-08-25T16:28:30.425-04:00,2026-08-25T16:30:42-04:00,aces,0,,0,11222,ATP,offset_estimate,2,,N/A,,OK,,,0.6566425169701697,,,,,7,7,2,14,4,17,2,7,8,12,6.8,8,8,,hard,0,7.142857142857143,6.142857142857143,0.7511670619510276,0.48,25,False,False,,,OK,5,3,2,0,0.6,0.4,0.6,0.4,3,2,3,2,0,10,7,3,0,0.7,0.3,0.7,0.3,,0,38,85.0,-47,ATP,SERVE_HEAVY,FIELD,LOW,298,58,5,92,2026-05-25,298,1,,0.6499999999999999,1.3,6.8,2.3,0.08,-0.8289,5.452966895442359,0.6499999999999999,0.05200000000000005,5.180318550670241,?,0.95,0.479,OVER,distance,distance,B,,11222,2.3,OVER,OVER,FORCED_OVER_ONLY_GOB_DEM,OVER,ml_prob_unified,10,4.9889
14088629,Rinky Hijikata,RINKY HIJIKATA,Double Faults,3.5,2026-08-25T16:35:00.000-04:00,Tennis,ATP / HARD,Demon,,,,14088629,205610,182293,Rinky Hijikata,3.5,Player,RAPHAEL COLLIGNON,,,https://static.prizepicks.com/images/manual/rinky.webp,,2026-08-25T16:28:30.425-04:00,2026-08-25T16:30:42-04:00,double_faults,0,,0,3716,ATP,,1,,N/A,,OK,,,0.6076902540990273,,,,,3,0,2,4,2,8,5,1,1,0,2.2,2.6,2.6,,hard,0,4.571428571428571,2.657142857142857,0.6803659304152259,0.4444444444444444,36,False,False,,,OK,5,1,4,0,0.2,0.8,0.2,0.8,1,4,1,4,0,10,3,7,0,0.3,0.7,0.3,0.7,,0,85,38.0,47,ATP,NEUTRAL,FIELD,LOW,198,41,4,92,2026-05-25,198,1,,0.25,0.5,2.2,-1.2999999999999998,0.08,-0.1342,1.889257962466488,0.25,-0.003000000000000003,1.794795064343164,?,0.95,0.199,OVER,ml_prob_fallback,ml_prob_fallback,C,,3716,1.2999999999999998,UNDER,OVER,FORCED_OVER_ONLY_GOB_DEM,OVER,ml_prob_unified,10,2.5033
14080618,Raphael Collignon,RAPHAEL COLLIGNON,Total Sets,2.5,2026-08-25T16:35:00.000-04:00,Tennis,ATP / HARD,Demon,,,,14080618,217801,182293,Raphael Collignon,2.5,Player,RINKY HIJIKATA,,,https://static.flashscore.com/res/image/data/UyXKjhhl-djmEyg8B.png,,2026-08-25T16:28:30.425-04:00,2026-08-25T16:30:42-04:00,total_sets,0,,0,11222,ATP,,1,,N/A,,OK,,,0.6566425169701697,,,,,2,2,2,3,3,3,2,3,3,3,2.4,2.6,2.6,,hard,0,7.142857142857143,6.142857142857143,0.7511670619510276,0.48,25,False,False,,,OK,5,2,3,0,0.4,0.6,0.4,0.6,2,3,2,3,0,10,6,4,0,0.6,0.4,0.6,0.4,,0,38,85.0,-47,ATP,NEUTRAL,FIELD,LOW,298,58,5,92,2026-05-25,298,1,,0.5,1,2.4,-0.10000000000000009,0.195,-0.28,4.022563431635389,0.5,0.008000000000000007,3.821435260053619,?,0.95,0.4085,OVER,ml_prob_fallback,ml_prob_fallback,C,,11222,0.10000000000000009,UNDER,OVER,FORCED_OVER_ONLY_GOB_DEM,OVER,ml_prob_unified,10,0.5164
14088628,Rinky Hijikata,RINKY HIJIKATA,Double Faults,2.5,2026-08-25T16:35:00.000-04:00,Tennis,ATP / HARD,Goblin,4,,,14088628,205610,182293,Rinky Hijikata,2.5,Player,RAPHAEL COLLIGNON,,,https://static.prizepicks.com/images/manual/rinky.webp,,2026-08-25T16:28:30.425-04:00,2026-08-25T16:30:42-04:00,double_faults,0,,0,3716,ATP,offset_estimate,1,,N/A,,OK,,,0.6076902540990273,,,,,3,0,2,4,2,8,5,1,1,0,2.2,2.6,2.6,,hard,0,4.571428571428571,2.657142857142857,0.6803659304152259,0.4444444444444444,36,False,False,,,OK,5,2,3,0,0.4,0.6,0.4,0.6,2,3,2,3,0,10,4,6,0,0.4,0.6,0.4,0.6,,0,85,38.0,47,ATP,NEUTRAL,FIELD,LOW,198,41,4,92,2026-05-25,198,1,,0.4,0.8,2.2,-0.2999999999999998,0.08,-0.3456,3.138762809651475,0.4,0.008000000000000007,2.981824669168901,?,0.95,0.304,OVER,distance,distance,C,,3716,0.2999999999999998,UNDER,OVER,FORCED_OVER_ONLY_GOB_DEM,OVER,ml_prob_unified,10,2.5033
14090162,Raphael Collignon,RAPHAEL COLLIGNON,Break Points Won,2.5,2026-08-25T16:35:00.000-04:00,Tennis,ATP / HARD,Standard,2.5,,,14090162,217801,182293,Raphael Collignon,2.5,Player,RINKY HIJIKATA,,,https://static.flashscore.com/res/image/data/UyXKjhhl-djmEyg8B.png,,2026-08-25T16:28:30.425-04:00,2026-08-25T16:30:42-04:00,break_points_won,0,,0,11222,ATP,pp_or_step1,0,,N/A,,OK,,,0.6566425169701697,,,,,1,0,0,2,1,2,2,3,1,1,0.8,1.3,1.3,,hard,0,7.142857142857143,6.142857142857143,0.7511670619510276,0.48,25,False,False,,,OK,5,0,5,0,0,1,0,1,0,5,0,5,0,10,1,9,0,0.1,0.9,0.1,0.9,,0,38,85.0,-47,ATP,NEUTRAL,FIELD,LOW,298,58,5,92,2026-05-25,298,1,,0.05,0.1,0.8,-1.7,0.8912,0.0457,0.3596515924932976,0.05,-0.003000000000000003,0.3416690128686327,?,0.95,0.3024,UNDER,ml_prob,ml_prob,C,,11222,1.7,UNDER,UNDER,STANDARD_L5AVG_UNDER,UNDER,ml_prob_unified,10,0.9487
14090163,Rinky Hijikata,RINKY HIJIKATA,Break Points Won,2.5,2026-08-25T16:35:00.000-04:00,Tennis,ATP / HARD,Demon,,,,14090163,205610,182293,Rinky Hijikata,2.5,Player,RAPHAEL COLLIGNON,,,https://static.prizepicks.com/images/manual/rinky.webp,,2026-08-25T16:28:30.425-04:00,2026-08-25T16:30:42-04:00,break_points_won,0,,0,3716,ATP,,1,,N/A,,OK,,,0.6076902540990273,,,,,3,0,3,3,3,3,4,0,3,3,2.4,2.5,2.5,,hard,0,4.571428571428571,2.657142857142857,0.6803659304152259,0.4444444444444444,36,False,False,,,OK,5,4,1,0,0.8,0.2,0.8,0.2,4,1,4,1,0,10,8,2,0,0.8,0.2,0.8,0.2,,0,85,38.0,47,ATP,NEUTRAL,FIELD,LOW,198,41,4,92,2026-05-25,198,1,,0.8,1.6,2.4,-0.10000000000000009,0.3659,-0.1092,6.928782275603218,0.8,0.07840000000000003,6.582343161823056,?,0.95,0.6698,OVER,ml_prob_fallback,ml_prob_fallback,B,,3716,0.10000000000000009,UNDER,OVER,FORCED_OVER_ONLY_GOB_DEM,OVER,ml_prob_unified,10,1.354
14083861,Raphael Collignon,RAPHAEL COLLIGNON,Total Tie Breaks,1.5,2026-08-25T16:35:00.000-04:00,Tennis,ATP / HARD,Demon,,,,14083861,217801,182293,Raphael Collignon,1.5,Player,RINKY HIJIKATA,,,https://static.flashscore.com/res/image/data/UyXKjhhl-djmEyg8B.png,,2026-08-25T16:28:30.425-04:00,2026-08-25T16:30:42-04:00,total_tie_breaks,0,,0,11222,ATP,,1,,N/A,,OK,,,0.6566425169701697,,,,,1,0,0,1,1,1,2,1,0,1,0.6,0.8,0.8,,hard,0,7.142857142857143,6.142857142857143,0.7511670619510276,0.48,25,False,False,,,OK,5,0,5,0,0,1,0,1,0,5,0,5,0,10,1,9,0,0.1,0.9,0.1,0.9,,0,38,85.0,-47,ATP,NEUTRAL,FIELD,LOW,298,58,5,92,2026-05-25,298,1,,0.05,0.1,0.6,-0.9,0.1692,-0.1198,0.3596515924932976,0.05,-0.003000000000000003,0.3416690128686327,?,0.95,0.0858,OVER,ml_prob_fallback,ml_prob_fallback,C,,11222,0.9,UNDER,OVER,FORCED_OVER_ONLY_GOB_DEM,OVER,ml_prob_unified,10,0.6325
14088627,Rinky Hijikata,RINKY HIJIKATA,Double Faults,1.5,2026-08-25T16:35:00.000-04:00,Tennis,ATP / HARD,Goblin,3.5,,,14088627,205610,182293,Rinky Hijikata,1.5,Player,RAPHAEL COLLIGNON,,,https://static.prizepicks.com/images/manual/rinky.webp,,2026-08-25T16:28:30.425-04:00,2026-08-25T16:30:42-04:00,double_faults,0,,0,3716,ATP,offset_estimate,2,,N/A,,OK,,,0.6076902540990273,,,,,3,0,2,4,2,8,5,1,1,0,2.2,2.6,2.6,,hard,0,4.571428571428571,2.657142857142857,0.6803659304152259,0.4444444444444444,36,False,False,,,OK,5,4,1,0,0.8,0.2,0.8,0.2,4,1,4,1,0,10,6,4,0,0.6,0.4,0.6,0.4,,0,85,38.0,47,ATP,NEUTRAL,FIELD,LOW,198,41,4,92,2026-05-25,198,1,,0.7,1.4,2.2,0.7000000000000002,0.08,-0.5882,5.948515054155497,0.7,0.07840000000000003,5.651089301447722,?,0.95,0.514,OVER,distance,distance,B,,3716,0.7000000000000002,OVER,OVER,FORCED_OVER_ONLY_GOB_DEM,OVER,ml_prob_unified,10,2.5033
14080242,Storm Hunter,STORM HUNTER,Total Games,26.5,2026-08-25T16:15:00.000-04:00,Tennis,WTA / HARD,Demon,21.5,,,14080242,236582,182171,Storm Hunter,26.5,Player,MADDISON INGLIS,,,https://static.flashscore.com/res/image/data/pQanuueM-I7xw1AtD.png,,2026-08-25T14:59:48.423-04:00,2026-08-25T16:30:42-04:00,match_total_games,0,,0,2140,WTA,sibling_or_pp,3,,N/A,,OK,,,0.626973363366148,,,,,24,,,,,,,,,,24,24,24,,hard,0,1.375,6.25,0.5706009078459315,0.5555555555555556,9,False,False,,,OK,1,0,1,0,0,1,0,1,0,1,0,1,0,1,0,1,0,0,1,0,1,,0,250,134.0,116,WTA,NEUTRAL,FIELD,HIGH,75,17,2,174,2026-03-04,75,1,,0.0,0.05,24,-2.5,0.58,0.5041,0.1777932466487936,0,-0.003000000000000003,0.1689035843163539,?,0.95,0.174,OVER,distance,distance,C,,2140,2.5,UNDER,OVER,FORCED_OVER_ONLY_GOB_DEM,OVER,ml_prob_unified,1,
14080243,Storm Hunter,STORM HUNTER,Total Games,25.5,2026-08-25T16:15:00.000-04:00,Tennis,WTA / HARD,Demon,21.5,,,14080243,236582,182171,Storm Hunter,25.5,Player,MADDISON INGLIS,,,https://static.flashscore.com/res/image/data/pQanuueM-I7xw1AtD.png,,2026-08-25T14:43:51.759-04:00,2026-08-25T16:30:42-04:00,match_total_games,0,,0,2140,WTA,sibling_or_pp,2,,N/A,,OK,,,0.626973363366148,,,,,24,,,,,,,,,,24,24,24,,hard,0,1.375,6.25,0.5706009078459315,0.5555555555555556,9,False,False,,,OK,1,0,1,0,0,1,0,1,0,1,0,1,0,1,0,1,0,0,1,0,1,,0,250,134.0,116,WTA,NEUTRAL,FIELD,HIGH,75,17,2,174,2026-03-04,75,1,,0.0,0.05,24,-1.5,0.58,0.3976,0.1777932466487936,0,-0.003000000000000003,0.1689035843163539,?,0.95,0.174,OVER,distance,distance,C,,2140,1.5,UNDER,OVER,FORCED_OVER_ONLY_GOB_DEM,OVER,ml_prob_unified,1,
14080384,Storm Hunter,STORM HUNTER,Total Games,24.5,2026-08-25T16:15:00.000-04:00,Tennis,WTA / HARD,Demon,21.5,,,14080384,236582,182171,Storm Hunter,24.5,Player,MADDISON INGLIS,,,https://static.flashscore.com/res/image/data/pQanuueM-I7xw1AtD.png,,2026-08-25T14:43:51.759-04:00,2026-08-25T16:30:42-04:00,match_total_games,0,,0,2140,WTA,sibling_or_pp,1,,N/A,,OK,,,0.626973363366148,,,,,24,,,,,,,,,,24,24,24,,hard,0,1.375,6.25,0.5706009078459315,0.5555555555555556,9,False,False,,,OK,1,0,1,0,0,1,0,1,0,1,0,1,0,1,0,1,0,0,1,0,1,,0,250,134.0,116,WTA,NEUTRAL,FIELD,HIGH,75,17,2,174,2026-03-04,75,1,,0.0,0.05,24,-0.5,0.58,0.2025,0.1777932466487936,0,-0.003000000000000003,0.1689035843163539,?,0.95,0.174,OVER,distance,distance,B,,2140,0.5,UNDER,OVER,FORCED_OVER_ONLY_GOB_DEM,OVER,ml_prob_unified,1,
14080241,Storm Hunter,STORM HUNTER,Total Games,21.5,2026-08-25T16:15:00.000-04:00,Tennis,WTA / HARD,Standard,21.5,,,14080241,236582,182171,Storm Hunter,21.5,Player,MADDISON INGLIS,,,https://static.flashscore.com/res/image/data/pQanuueM-I7xw1AtD.png,,2026-08-25T14:43:51.759-04:00,2026-08-25T16:30:42-04:00,match_total_games,0,,0,2140,WTA,pp_or_step1,0,,N/A,,OK,,,0.626973363366148,,,,,24,,,,,,,,,,24,24,24,,hard,0,1.375,6.25,0.5706009078459315,0.5555555555555556,9,False,False,,,OK,1,1,0,0,1,0,1,0,1,0,1,0,0,1,1,0,0,1,0,1,0,,0,250,134.0,116,WTA,NEUTRAL,FIELD,HIGH,75,17,2,174,2026-03-04,75,1,,1.0,2.05,24,2.5,0.58,-0.3441,9.215174223592493,1,0.07840000000000003,8.754415512412868,?,0.95,0.874,OVER,ml_prob,ml_prob,B,,2140,2.5,OVER,OVER,STANDARD_L5AVG_OVER,OVER,ml_prob_unified,1,
14080244,Storm Hunter,STORM HUNTER,Total Games,20.5,2026-08-25T16:15:00.000-04:00,Tennis,WTA / HARD,Goblin,21.5,,,14080244,236582,182171,Storm Hunter,20.5,Player,MADDISON INGLIS,,,https://static.flashscore.com/res/image/data/pQanuueM-I7xw1AtD.png,,2026-08-25T14:43:51.759-04:00,2026-08-25T16:30:42-04:00,match_total_games,0,,0,2140,WTA,sibling_or_pp,1,,N/A,,OK,,,0.626973363366148,,,,,24,,,,,,,,,,24,24,24,,hard,0,1.375,6.25,0.5706009078459315,0.5555555555555556,9,False,False,,,OK,1,1,0,0,1,0,1,0,1,0,1,0,0,1,1,0,0,1,0,1,0,,0,250,134.0,116,WTA,NEUTRAL,FIELD,HIGH,75,17,2,174,2026-03-04,75,1,,1.0,2.05,24,3.5,0.596,-0.3746,9.215174223592493,1,0.07840000000000003,8.754415512412868,?,0.95,0.8788,OVER,distance,distance,C,,2140,3.5,OVER,OVER,FORCED_OVER_ONLY_GOB_DEM,OVER,ml_prob_unified,1,
14081894,Storm Hunter,STORM HUNTER,Total Games,19.5,2026-08-25T16:15:00.000-04:00,Tennis,WTA / HARD,Goblin,21.5,,,14081894,236582,182171,Storm Hunter,19.5,Player,MADDISON INGLIS,,,https://static.flashscore.com/res/image/data/pQanuueM-I7xw1AtD.png,,2026-08-25T14:43:51.759-04:00,2026-08-25T16:30:42-04:00,match_total_games,0,,0,2140,WTA,sibling_or_pp,2,,N/A,,OK,,,0.626973363366148,,,,,24,,,,,,,,,,24,24,24,,hard,0,1.375,6.25,0.5706009078459315,0.5555555555555556,9,False,False,,,OK,1,1,0,0,1,0,1,0,1,0,1,0,0,1,1,0,0,1,0,1,0,,0,250,134.0,116,WTA,NEUTRAL,FIELD,HIGH,75,17,2,174,2026-03-04,75,1,,1.0,2.05,24,4.5,0.58,-0.409,9.215174223592493,1,0.07840000000000003,8.754415512412868,?,0.95,0.874,OVER,distance,distance,B,,2140,4.5,OVER,OVER,FORCED_OVER_ONLY_GOB_DEM,OVER,ml_prob_unified,1,
14080246,Storm Hunter,STORM HUNTER,Total Games Won,12.5,2026-08-25T16:15:00.000-04:00,Tennis,WTA / HARD,Demon,,,,14080246,236582,182171,Storm Hunter,12.5,Player,MADDISON INGLIS,,,https://static.flashscore.com/res/image/data/pQanuueM-I7xw1AtD.png,,2026-08-25T14:43:51.759-04:00,2026-08-25T16:30:42-04:00,games_won,0,,0,2140,WTA,,1,,N/A,,OK,,,0.626973363366148,,,,,10,,,,,,,,,,10,10,10,,hard,0,1.375,6.25,0.5706009078459315,0.5555555555555556,9,False,False,,,OK,1,0,1,0,0,1,0,1,0,1,0,1,0,1,0,1,0,0,1,0,1,,0,250,134.0,116,WTA,NEUTRAL,FIELD,HIGH,75,17,2,174,2026-03-04,75,1,,0.0,0.05,10,-2.5,0.58,0.5041,0.1777932466487936,0,-0.003000000000000003,0.1689035843163539,?,0.95,0.174,OVER,ml_prob_fallback,ml_prob_fallback,C,,2140,2.5,UNDER,OVER,FORCED_OVER_ONLY_GOB_DEM,OVER,ml_prob_unified,1,
14080383,Maddison Inglis,MADDISON INGLIS,Total Games Won,12.5,2026-08-25T16:15:00.000-04:00,Tennis,WTA / HARD,Demon,,,,14080383,223734,182171,Maddison Inglis,12.5,Player,STORM HUNTER,,,https://static.flashscore.com/res/image/data/EgVSxWYg-QHqtum7I.png,,2026-08-25T14:43:51.759-04:00,2026-08-25T16:30:42-04:00,games_won,0,,0,2584,WTA,,1,,N/A,,OK,,,0.6059128633657604,,,,,9,12,18,12,12,13,5,,,,12.6,11.57142857142857,11.57142857142857,,hard,0,2.25,2.625,0.5542832767718491,0.3333333333333333,9,False,False,,,OK,5,1,4,0,0.2,0.8,0.2,0.8,1,4,1,4,0,7,2,5,0,0.2857142857142857,0.7142857142857143,0.2857142857142857,0.7142857142857143,,0,134,250.0,-116,WTA,NEUTRAL,FIELD,HIGH,73,15,2,218,2026-01-19,73,1,,0.24285714285714285,0.4357142857142857,12.6,0.09999999999999964,0.58,0.055,1.63955024873918,0.2428571428571429,-0.003000000000000003,1.557572736302221,?,0.95,0.344,OVER,ml_prob_fallback,ml_prob_fallback,C,,2584,0.09999999999999964,OVER,OVER,FORCED_OVER_ONLY_GOB_DEM,OVER,ml_prob_unified,7,3.9521
14123996,Storm Hunter,STORM HUNTER,Total Games Won,11.5,2026-08-25T16:15:00.000-04:00,Tennis,WTA / HARD,Goblin,13,,,14123996,236582,182171,Storm Hunter,11.5,Player,MADDISON INGLIS,,,https://static.flashscore.com/res/image/data/pQanuueM-I7xw1AtD.png,,2026-08-25T14:43:51.759-04:00,2026-08-25T16:30:42-04:00,games_won,0,,0,2140,WTA,offset_estimate,1,,N/A,,OK,,,0.626973363366148,,,,,10,,,,,,,,,,10,10,10,,hard,0,1.375,6.25,0.5706009078459315,0.5555555555555556,9,False,False,,,OK,1,0,1,0,0,1,0,1,0,1,0,1,0,1,0,1,0,0,1,0,1,,0,250,134.0,116,WTA,NEUTRAL,FIELD,HIGH,75,17,2,174,2026-03-04,75,1,,0.0,0.05,10,-1.5,0.58,0.3976,0.1777932466487936,0,-0.003000000000000003,0.1689035843163539,?,0.95,0.174,OVER,distance,distance,C,,2140,1.5,UNDER,OVER,FORCED_OVER_ONLY_GOB_DEM,OVER,ml_prob_unified,1,
14073798,Storm Hunter,STORM HUNTER,Total Sets,2.5,2026-08-25T16:15:00.000-04:00,Tennis,WTA / HARD,Demon,,,,14073798,236582,182171,Storm Hunter,2.5,Player,MADDISON INGLIS,,,https://static.flashscore.com/res/image/data/pQanuueM-I7xw1AtD.png,,2026-08-25T14:43:51.759-04:00,2026-08-25T16:30:42-04:00,total_sets,0,,0,2140,WTA,,1,,N/A,,OK,,,0.626973363366148,,,,,2,,,,,,,,,,2,2,2,,hard,0,1.375,6.25,0.5706009078459315,0.5555555555555556,9,False,False,,,OK,1,0,1,0,0,1,0,1,0,1,0,1,0,1,0,1,0,0,1,0,1,,0,250,134.0,116,WTA,NEUTRAL,FIELD,HIGH,75,17,2,174,2026-03-04,75,1,,0.0,0.05,2,-0.5,0.1576,-0.22,0.1777932466487936,0,-0.003000000000000003,0.1689035843163539,?,0.95,0.0473,OVER,ml_prob_fallback,ml_prob_fallback,C,,2140,0.5,UNDER,OVER,FORCED_OVER_ONLY_GOB_DEM,OVER,ml_prob_unified,1,
14096415,Storm Hunter,STORM HUNTER,Total Tie Breaks,0.5,2026-08-25T16:15:00.000-04:00,Tennis,WTA / HARD,Demon,,,,14096415,236582,182171,Storm Hunter,0.5,Player,MADDISON INGLIS,,,https://static.flashscore.com/res/image/data/pQanuueM-I7xw1AtD.png,,2026-08-25T14:43:51.759-04:00,2026-08-25T16:30:42-04:00,total_tie_breaks,0,,0,2140,WTA,,1,,N/A,,OK,,,0.626973363366148,,,,,0,,,,,,,,,,0,0,0,,hard,0,1.375,6.25,0.5706009078459315,0.5555555555555556,9,False,False,,,OK,1,0,1,0,0,1,0,1,0,1,0,1,0,1,0,1,0,0,1,0,1,,0,250,134.0,116,WTA,NEUTRAL,FIELD,HIGH,75,17,2,174,2026-03-04,75,1,,0.0,0.05,0,-0.5,0.3659,-0.0117,0.1777932466487936,0,-0.003000000000000003,0.1689035843163539,?,0.95,0.1098,OVER,ml_prob_fallback,ml_prob_fallback,C,,2140,0.5,UNDER,OVER,FORCED_OVER_ONLY_GOB_DEM,OVER,ml_prob_unified,1,
14083350,Moez Echargui,MOEZ ECHARGUI,Total Games,28.5,2026-08-25T16:20:00.000-04:00,Tennis,ATP / HARD,Demon,22,,,14083350,264438,182185,Moez Echargui,28.5,Player,UNKNOWN_OPP,,,https://static.flashscore.com/res/image/data/jmT7IdWg-f936JERo.png,,2026-08-25T15:56:40.633-04:00,2026-08-25T16:30:42-04:00,match_total_games,0,,0,3696,ATP,sibling_or_pp,3,,N/A,,STALE_HISTORY,,,0.6444496444496445,,,,,,,,,,,,,,,,,,,hard,0,9,1.333333333333333,0.7148484848484848,0.5,8,False,False,,,MISSING_STAT_VALUES,,,,,,,,,,,,,,,,,,,,,,,0,250,,,ATP,NEUTRAL,FIELD,LOW,155,39,3,183,2026-02-23,155,1,,0.5,1,28.5,0.0,0.58,0.08,4.027843431635389,0.5,0.03000000000000003,3.826451260053619,?,0.95,0.524,OVER,distance,distance,D,WEAK_MATCH_HISTORY,3696,0.0,OVER,OVER,FORCED_OVER_ONLY_GOB_DEM,OVER,ml_prob_unified,0,
14083351,Moez Echargui,MOEZ ECHARGUI,Total Games,27.5,2026-08-25T16:20:00.000-04:00,Tennis,ATP / HARD,Demon,22,,,14083351,264438,182185,Moez Echargui,27.5,Player,UNKNOWN_OPP,,,https://static.flashscore.com/res/image/data/jmT7IdWg-f936JERo.png,,2026-08-25T15:56:40.633-04:00,2026-08-25T16:30:42-04:00,match_total_games,0,,0,3696,ATP,sibling_or_pp,2,,N/A,,STALE_HISTORY,,,0.6444496444496445,,,,,,,,,,,,,,,,,,,hard,0,9,1.333333333333333,0.7148484848484848,0.5,8,False,False,,,MISSING_STAT_VALUES,,,,,,,,,,,,,,,,,,,,,,,0,250,,,ATP,NEUTRAL,FIELD,LOW,155,39,3,183,2026-02-23,155,1,,0.5,1,27.5,0.0,0.58,0.08,4.027843431635389,0.5,0.03000000000000003,3.826451260053619,?,0.95,0.524,OVER,distance,distance,C,WEAK_MATCH_HISTORY,3696,0.0,OVER,OVER,FORCED_OVER_ONLY_GOB_DEM,OVER,ml_prob_unified,0,
14083352,Moez Echargui,MOEZ ECHARGUI,Total Games,26.5,2026-08-25T16:20:00.000-04:00,Tennis,ATP / HARD,Demon,22,,,14083352,264438,182185,Moez Echargui,26.5,Player,UNKNOWN_OPP,,,https://static.flashscore.com/res/image/data/jmT7IdWg-f936JERo.png,,2026-08-25T15:56:40.633-04:00,2026-08-25T16:30:42-04:00,match_total_games,0,,0,3696,ATP,sibling_or_pp,1,,N/A,,STALE_HISTORY,,,0.6444496444496445,,,,,,,,,,,,,,,,,,,hard,0,9,1.333333333333333,0.7148484848484848,0.5,8,False,False,,,MISSING_STAT_VALUES,,,,,,,,,,,,,,,,,,,,,,,0,250,,,ATP,NEUTRAL,FIELD,LOW,155,39,3,183,2026-02-23,155,1,,0.5,1,26.5,0.0,0.58,0.08,4.027843431635389,0.5,0.03000000000000003,3.826451260053619,?,0.95,0.524,OVER,distance,distance,C,WEAK_MATCH_HISTORY,3696,0.0,OVER,OVER,FORCED_OVER_ONLY_GOB_DEM,OVER,ml_prob_unified,0,
14080454,Moez Echargui,MOEZ ECHARGUI,Total Games,22,2026-08-25T16:20:00.000-04:00,Tennis,ATP / HARD,Standard,22,,,14080454,264438,182185,Moez Echargui,22,Player,UNKNOWN_OPP,,,https://static.flashscore.com/res/image/data/jmT7IdWg-f936JERo.png,,2026-08-25T15:56:40.633-04:00,2026-08-25T16:30:42-04:00,match_total_games,0,,0,3696,ATP,pp_or_step1,0,,N/A,,STALE_HISTORY,,,0.6444496444496445,,,,,,,,,,,,,,,,,,,hard,0,9,1.333333333333333,0.7148484848484848,0.5,8,False,False,,,MISSING_STAT_VALUES,,,,,,,,,,,,,,,,,,,,,,,0,250,,,ATP,NEUTRAL,FIELD,LOW,155,39,3,183,2026-02-23,155,1,,0.5,1,22,0.0,0.58,0.08,4.027843431635389,0.5,0.03000000000000003,3.826451260053619,?,0.95,0.524,OVER,ml_prob,ml_prob,C,WEAK_MATCH_HISTORY,3696,0.0,OVER,OVER,STANDARD_TIEBREAK_HR5_OVER,OVER,ml_prob_unified,0,
14094288,Moez Echargui,MOEZ ECHARGUI,Total Games,20.5,2026-08-25T16:20:00.000-04:00,Tennis,ATP / HARD,Goblin,22,,,14094288,264438,182185,Moez Echargui,20.5,Player,UNKNOWN_OPP,,,https://static.flashscore.com/res/image/data/jmT7IdWg-f936JERo.png,,2026-08-25T15:56:40.633-04:00,2026-08-25T16:30:42-04:00,match_total_games,0,,0,3696,ATP,sibling_or_pp,1,,N/A,,STALE_HISTORY,,,0.6444496444496445,,,,,,,,,,,,,,,,,,,hard,0,9,1.333333333333333,0.7148484848484848,0.5,8,False,False,,,MISSING_STAT_VALUES,,,,,,,,,,,,,,,,,,,,,,,0,250,,,ATP,NEUTRAL,FIELD,LOW,155,39,3,183,2026-02-23,155,1,,0.5,1,20.5,0.0,0.58,0.08,4.027843431635389,0.5,0.03000000000000003,3.826451260053619,?,0.95,0.524,OVER,distance,distance,C,WEAK_MATCH_HISTORY,3696,0.0,OVER,OVER,FORCED_OVER_ONLY_GOB_DEM,OVER,ml_prob_unified,0,
14072504,Moez Echargui,MOEZ ECHARGUI,Total Sets,2.5,2026-08-25T16:20:00.000-04:00,Tennis,ATP / HARD,Demon,,,,14072504,264438,182185,Moez Echargui,2.5,Player,UNKNOWN_OPP,,,https://static.flashscore.com/res/image/data/jmT7IdWg-f936JERo.png,,2026-08-25T15:56:40.633-04:00,2026-08-25T16:30:42-04:00,total_sets,0,,0,3696,ATP,,1,,N/A,,STALE_HISTORY,,,0.6444496444496445,,,,,,,,,,,,,,,,,,,hard,0,9,1.333333333333333,0.7148484848484848,0.5,8,False,False,,,MISSING_STAT_VALUES,,,,,,,,,,,,,,,,,,,,,,,0,250,,,ATP,NEUTRAL,FIELD,LOW,155,39,3,183,2026-02-23,155,1,,0.5,1,2.5,0.0,0.2024,-0.2976,4.027843431635389,0.5,0.03000000000000003,3.826451260053619,?,0.95,0.4107,OVER,ml_prob_fallback,ml_prob_fallback,B,WEAK_MATCH_HISTORY,3696,0.0,OVER,OVER,FORCED_OVER_ONLY_GOB_DEM,OVER,ml_prob_unified,0,
14083786,Moez Echargui,MOEZ ECHARGUI,Total Tie Breaks,1.5,2026-08-25T16:20:00.000-04:00,Tennis,ATP / HARD,Demon,,,,14083786,264438,182185,Moez Echargui,1.5,Player,UNKNOWN_OPP,,,https://static.flashscore.com/res/image/data/jmT7IdWg-f936JERo.png,,2026-08-25T15:56:40.633-04:00,2026-08-25T16:30:42-04:00,total_tie_breaks,0,,0,3696,ATP,,1,,N/A,,STALE_HISTORY,,,0.6444496444496445,,,,,,,,,,,,,,,,,,,hard,0,9,1.333333333333333,0.7148484848484848,0.5,8,False,False,,,MISSING_STAT_VALUES,,,,,,,,,,,,,,,,,,,,,,,0,250,,,ATP,NEUTRAL,FIELD,LOW,155,39,3,183,2026-02-23,155,1,,0.5,1,1.5,0.0,0.3659,-0.1341,4.027843431635389,0.5,0.03000000000000003,3.826451260053619,?,0.95,0.4598,OVER,ml_prob_fallback,ml_prob_fallback,B,WEAK_MATCH_HISTORY,3696,0.0,OVER,OVER,FORCED_OVER_ONLY_GOB_DEM,OVER,ml_prob_unified,0,
14080105,Yeon Woo Ku,YEON WOO KU,Total Games Won,12.5,2026-08-25T16:15:00.000-04:00,Tennis,ATP / HARD,Demon,,,,14080105,263108,182143,Yeon Woo Ku,12.5,Player,ASTRA SHARMA,,,https://static.flashscore.com/res/image/data/M7946qGG-lU5TOoaf.png,,2026-08-25T14:41:14.798-04:00,2026-08-25T16:30:42-04:00,games_won,0,,0,,ATP,,1,,N/A,,NO_ID,,,,,,,,,,,,,,,,,,,,,,hard,0,,,,,,,,,,MISSING_STAT_VALUES,,,,,,,,,,,,,,,,,,,,,,,0,999,250.0,749,ATP,NEUTRAL,FIELD,HIGH,83,15,2,344,2025-09-15,83,1,,0.5,1.05,12.5,0.0,0.58,0.08,4.254852225201073,0.5,0.03000000000000003,4.04210961394102,?,0.95,0.524,OVER,ml_prob_fallback,ml_prob_fallback,B,WEAK_MATCH_HISTORY,,0.0,OVER,OVER,FORCED_OVER_ONLY_GOB_DEM,OVER,ml_prob_unified,0,
14123995,Astra Sharma,ASTRA SHARMA,Total Games Won,10.5,2026-08-25T16:15:00.000-04:00,Tennis,WTA / HARD,Demon,8.5,,,14123995,217451,182143,Astra Sharma,10.5,Player,YEON WOO KU,,,https://static.prizepicks.com/images/manual/astarsh.png,,2026-08-25T14:41:14.798-04:00,2026-08-25T16:30:42-04:00,games_won,0,,0,3476,WTA,sibling_or_pp,2,,N/A,,STALE_HISTORY,,,,,,,,,,,,,,,,,,,,,,hard,0,,,,,,,,,,MISSING_STAT_VALUES,,,,,,,,,,,,,,,,,,,,,,,0,250,,,WTA,NEUTRAL,FIELD,HIGH,94,22,2,400,2025-07-21,94,1,,0.5,1,10.5,0.0,0.58,0.08,4.027843431635389,0.5,0.03000000000000003,3.826451260053619,?,0.95,0.524,OVER,distance,distance,B,WEAK_MATCH_HISTORY,3476,0.0,OVER,OVER,FORCED_OVER_ONLY_GOB_DEM,OVER,ml_prob_unified,0,
14099360,Astra Sharma,ASTRA SHARMA,Total Games Won,9.5,2026-08-25T16:15:00.000-04:00,Tennis,WTA / HARD,Demon,8.5,,,14099360,217451,182143,Astra Sharma,9.5,Player,YEON WOO KU,,,https://static.prizepicks.com/images/manual/astarsh.png,,2026-08-25T14:41:14.798-04:00,2026-08-25T16:30:42-04:00,games_won,0,,0,3476,WTA,sibling_or_pp,1,,N/A,,STALE_HISTORY,,,,,,,,,,,,,,,,,,,,,,hard,0,,,,,,,,,,MISSING_STAT_VALUES,,,,,,,,,,,,,,,,,,,,,,,0,250,,,WTA,NEUTRAL,FIELD,HIGH,94,22,2,400,2025-07-21,94,1,,0.5,1,9.5,0.0,0.58,0.08,4.027843431635389,0.5,0.03000000000000003,3.826451260053619,?,0.95,0.524,OVER,distance,distance,A,WEAK_MATCH_HISTORY,3476,0.0,OVER,OVER,FORCED_OVER_ONLY_GOB_DEM,OVER,ml_prob_unified,0,
14073531,Astra Sharma,ASTRA SHARMA,Total Games Won,8.5,2026-08-25T16:15:00.000-04:00,Tennis,WTA / HARD,Standard,8.5,,,14073531,217451,182143,Astra Sharma,8.5,Player,YEON WOO KU,,,https://static.prizepicks.com/images/manual/astarsh.png,,2026-08-25T14:41:14.798-04:00,2026-08-25T16:30:42-04:00,games_won,0,,0,3476,WTA,pp_or_step1,0,,N/A,,STALE_HISTORY,,,,,,,,,,,,,,,,,,,,,,hard,0,,,,,,,,,,MISSING_STAT_VALUES,,,,,,,,,,,,,,,,,,,,,,,0,250,,,WTA,NEUTRAL,FIELD,HIGH,94,22,2,400,2025-07-21,94,1,,0.5,1,8.5,0.0,0.58,0.08,4.027843431635389,0.5,0.03000000000000003,3.826451260053619,?,0.95,0.524,OVER,ml_prob,ml_prob,C,WEAK_MATCH_HISTORY,3476,0.0,OVER,OVER,STANDARD_TIEBREAK_HR5_OVER,OVER,ml_prob_unified,0,
14115512,Arthur Fery,ARTHUR FERY,Total Games,24.5,2026-08-25T16:50:00.000-04:00,Tennis,ATP / HARD,Demon,21,,,14115512,243642,182438,Arthur Fery,24.5,Player,CRUZ HEWITT,,,https://www.atptour.com/-/media/alias/player-headshot/F0DM,,2026-08-25T16:28:10.875-04:00,2026-08-25T16:30:42-04:00,match_total_games,0,,0,8621,ATP,sibling_or_pp,3,,N/A,,OK,,,0.6175726138587707,,,,,25,31,31,29,21,30,32,23,14,,27.4,26.22222222222222,26.22222222222222,,hard,0,4,0.75,0.6207422586520946,0.4,5,False,False,,,OK,5,4,1,0,0.8,0.2,0.8,0.2,4,1,4,1,0,9,6,3,0,0.6666666666666666,0.3333333333333333,0.6666666666666666,0.3333333333333333,,0,37,250.0,-213,ATP,NEUTRAL,FIELD,HIGH,93,20,2,160,2026-03-18,93,1,,0.7333333333333334,1.416666666666667,27.4,2.8999999999999986,0.58,-0.3678,6.055090634950133,0.7333333333333334,0.07840000000000003,5.752336103202627,?,0.95,0.6873,OVER,distance,distance,C,,8621,2.8999999999999986,OVER,OVER,FORCED_OVER_ONLY_GOB_DEM,OVER,ml_prob_unified,9,6.0162
14115513,Arthur Fery,ARTHUR FERY,Total Games,23.5,2026-08-25T16:50:00.000-04:00,Tennis,ATP / HARD,Demon,21,,,14115513,243642,182438,Arthur Fery,23.5,Player,CRUZ HEWITT,,,https://www.atptour.com/-/media/alias/player-headshot/F0DM,,2026-08-25T16:28:10.875-04:00,2026-08-25T16:30:42-04:00,match_total_games,0,,0,8621,ATP,sibling_or_pp,2,,N/A,,OK,,,0.6175726138587707,,,,,25,31,31,29,21,30,32,23,14,,27.4,26.22222222222222,26.22222222222222,,hard,0,4,0.75,0.6207422586520946,0.4,5,False,False,,,OK,5,4,1,0,0.8,0.2,0.8,0.2,4,1,4,1,0,9,6,3,0,0.6666666666666666,0.3333333333333333,0.6666666666666666,0.3333333333333333,,0,37,250.0,-213,ATP,NEUTRAL,FIELD,HIGH,93,20,2,160,2026-03-18,93,1,,0.7333333333333334,1.416666666666667,27.4,3.8999999999999986,0.58,-0.4002,6.055090634950133,0.7333333333333334,0.07840000000000003,5.752336103202627,?,0.95,0.6873,OVER,distance,distance,B,,8621,3.8999999999999986,OVER,OVER,FORCED_OVER_ONLY_GOB_DEM,OVER,ml_prob_unified,9,6.0162
14115514,Arthur Fery,ARTHUR FERY,Total Games,22.5,2026-08-25T16:50:00.000-04:00,Tennis,ATP / HARD,Demon,21,,,14115514,243642,182438,Arthur Fery,22.5,Player,CRUZ HEWITT,,,https://www.atptour.com/-/media/alias/player-headshot/F0DM,,2026-08-25T16:28:10.875-04:00,2026-08-25T16:30:42-04:00,match_total_games,0,,0,8621,ATP,sibling_or_pp,1,,N/A,,OK,,,0.6175726138587707,,,,,25,31,31,29,21,30,32,23,14,,27.4,26.22222222222222,26.22222222222222,,hard,0,4,0.75,0.6207422586520946,0.4,5,False,False,,,OK,5,4,1,0,0.8,0.2,0.8,0.2,4,1,4,1,0,9,7,2,0,0.7777777777777778,0.2222222222222222,0.7777777777777778,0.2222222222222222,,0,37,250.0,-213,ATP,NEUTRAL,FIELD,HIGH,93,20,2,160,2026-03-18,93,1,,0.788888888888889,1.527777777777778,27.4,4.899999999999999,0.58,-0.4126,6.59682200238034,0.788888888888889,0.07840000000000003,6.266980902261323,?,0.95,0.7262,OVER,distance,distance,B,,8621,4.899999999999999,OVER,OVER,FORCED_OVER_ONLY_GOB_DEM,OVER,ml_prob_unified,9,6.0162
14115159,Arthur Fery,ARTHUR FERY,Total Games,21,2026-08-25T16:50:00.000-04:00,Tennis,ATP / HARD,Standard,21,,,14115159,243642,182438,Arthur Fery,21,Player,CRUZ HEWITT,,,https://www.atptour.com/-/media/alias/player-headshot/F0DM,,2026-08-25T16:28:10.875-04:00,2026-08-25T16:30:42-04:00,match_total_games,0,,0,8621,ATP,pp_or_step1,0,,N/A,,OK,,,0.6175726138587707,,,,,25,31,31,29,21,30,32,23,14,,27.4,26.22222222222222,26.22222222222222,,hard,0,4,0.75,0.6207422586520946,0.4,5,False,False,,,OK,5,4,0,1,0.8,0,1,0,4,0,4,0,1,9,7,1,1,0.7777777777777778,0.1111111111111111,0.875,0.125,,0,37,250.0,-213,ATP,NEUTRAL,FIELD,HIGH,93,20,2,160,2026-03-18,93,1,,0.9375,1.825,27.4,6.399999999999999,0.58,-0.4183,8.086374974128686,0.9375,0.07840000000000003,7.682056225422252,?,0.95,0.8302,OVER,ml_prob,ml_prob,B,,8621,6.399999999999999,OVER,OVER,STANDARD_L5AVG_OVER,OVER,ml_prob_unified,9,6.0162
14121043,Arthur Fery,ARTHUR FERY,Total Games,19.5,2026-08-25T16:50:00.000-04:00,Tennis,ATP / HARD,Goblin,21,,,14121043,243642,182438,Arthur Fery,19.5,Player,CRUZ HEWITT,,,https://www.atptour.com/-/media/alias/player-headshot/F0DM,,2026-08-25T16:28:10.875-04:00,2026-08-25T16:30:42-04:00,match_total_games,0,,0,8621,ATP,sibling_or_pp,1,,N/A,,OK,,,0.6175726138587707,,,,,25,31,31,29,21,30,32,23,14,,27.4,26.22222222222222,26.22222222222222,,hard,0,4,0.75,0.6207422586520946,0.4,5,False,False,,,OK,5,5,0,0,1,0,1,0,5,0,5,0,0,9,8,1,0,0.8888888888888888,0.1111111111111111,0.8888888888888888,0.1111111111111111,,0,37,250.0,-213,ATP,NEUTRAL,FIELD,HIGH,93,20,2,160,2026-03-18,93,1,,0.9444444444444444,1.838888888888889,27.4,7.899999999999999,0.6297,-0.37,8.158611154374977,0.9444444444444444,0.07840000000000003,7.750680596656228,?,0.95,0.85,OVER,distance,distance,C,,8621,7.899999999999999,OVER,OVER,FORCED_OVER_ONLY_GOB_DEM,OVER,ml_prob_unified,9,6.0162
14115515,Arthur Fery,ARTHUR FERY,Total Games,18.5,2026-08-25T16:50:00.000-04:00,Tennis,ATP / HARD,Goblin,21,,,14115515,243642,182438,Arthur Fery,18.5,Player,CRUZ HEWITT,,,https://www.atptour.com/-/media/alias/player-headshot/F0DM,,2026-08-25T16:28:10.875-04:00,2026-08-25T16:30:42-04:00,match_total_games,0,,0,8621,ATP,sibling_or_pp,2,,N/A,,OK,,,0.6175726138587707,,,,,25,31,31,29,21,30,32,23,14,,27.4,26.22222222222222,26.22222222222222,,hard,0,4,0.75,0.6207422586520946,0.4,5,False,False,,,OK,5,5,0,0,1,0,1,0,5,0,5,0,0,9,8,1,0,0.8888888888888888,0.1111111111111111,0.8888888888888888,0.1111111111111111,,0,37,250.0,-213,ATP,NEUTRAL,FIELD,HIGH,93,20,2,160,2026-03-18,93,1,,0.9444444444444444,1.838888888888889,27.4,8.899999999999999,0.6024,-0.3975,8.158611154374977,0.9444444444444444,0.07840000000000003,7.750680596656228,?,0.95,0.8418,OVER,distance,distance,B,,8621,8.899999999999999,OVER,OVER,FORCED_OVER_ONLY_GOB_DEM,OVER,ml_prob_unified,9,6.0162
14119263,Arthur Fery,ARTHUR FERY,Total Games,17.5,2026-08-25T16:50:00.000-04:00,Tennis,ATP / HARD,Goblin,21,,,14119263,243642,182438,Arthur Fery,17.5,Player,CRUZ HEWITT,,,https://www.atptour.com/-/media/alias/player-headshot/F0DM,,2026-08-25T16:28:10.875-04:00,2026-08-25T16:30:42-04:00,match_total_games,0,,0,8621,ATP,sibling_or_pp,3,,N/A,,OK,,,0.6175726138587707,,,,,25,31,31,29,21,30,32,23,14,,27.4,26.22222222222222,26.22222222222222,,hard,0,4,0.75,0.6207422586520946,0.4,5,False,False,,,OK,5,5,0,0,1,0,1,0,5,0,5,0,0,9,8,1,0,0.8888888888888888,0.1111111111111111,0.8888888888888888,0.1111111111111111,,0,37,250.0,-213,ATP,NEUTRAL,FIELD,HIGH,93,20,2,160,2026-03-18,93,1,,0.9444444444444444,1.838888888888889,27.4,9.899999999999999,0.58,-0.4199,8.158611154374977,0.9444444444444444,0.07840000000000003,7.750680596656228,?,0.95,0.8351,OVER,distance,distance,A,,8621,9.899999999999999,OVER,OVER,FORCED_OVER_ONLY_GOB_DEM,OVER,ml_prob_unified,9,6.0162
14119266,Arthur Fery,ARTHUR FERY,Total Games Won,15.5,2026-08-25T16:50:00.000-04:00,Tennis,ATP / HARD,Demon,12.5,,,14119266,243642,182438,Arthur Fery,15.5,Player,CRUZ HEWITT,,,https://www.atptour.com/-/media/alias/player-headshot/F0DM,,2026-08-25T16:28:10.875-04:00,2026-08-25T16:30:42-04:00,games_won,0,,0,8621,ATP,sibling_or_pp,3,,N/A,,OK,,,0.6175726138587707,,,,,11,15,12,19,8,17,16,13,12,,13,13.66666666666667,13.66666666666667,,hard,0,4,0.75,0.6207422586520946,0.4,5,False,False,,,OK,5,1,4,0,0.2,0.8,0.2,0.8,1,4,1,4,0,9,3,6,0,0.3333333333333333,0.6666666666666666,0.3333333333333333,0.6666666666666666,,0,37,250.0,-213,ATP,NEUTRAL,FIELD,HIGH,93,20,2,160,2026-03-18,93,1,,0.26666666666666666,0.4833333333333333,13,-2.5,0.58,0.5041,1.829688907072386,0.2666666666666667,-0.003000000000000003,1.738204461718767,?,0.95,0.3607,OVER,distance,distance,B,,8621,2.5,UNDER,OVER,FORCED_OVER_ONLY_GOB_DEM,OVER,ml_prob_unified,9,3.3912
14119265,Arthur Fery,ARTHUR FERY,Total Games Won,14.5,2026-08-25T16:50:00.000-04:00,Tennis,ATP / HARD,Demon,12.5,,,14119265,243642,182438,Arthur Fery,14.5,Player,CRUZ HEWITT,,,https://www.atptour.com/-/media/alias/player-headshot/F0DM,,2026-08-25T16:28:10.875-04:00,2026-08-25T16:30:42-04:00,games_won,0,,0,8621,ATP,sibling_or_pp,2,,N/A,,OK,,,0.6175726138587707,,,,,11,15,12,19,8,17,16,13,12,,13,13.66666666666667,13.66666666666667,,hard,0,4,0.75,0.6207422586520946,0.4,5,False,False,,,OK,5,2,3,0,0.4,0.6,0.4,0.6,2,3,2,3,0,9,4,5,0,0.4444444444444444,0.5555555555555556,0.4444444444444444,0.5555555555555556,,0,37,250.0,-213,ATP,NEUTRAL,FIELD,HIGH,93,20,2,160,2026-03-18,93,1,,0.4222222222222222,0.7944444444444444,13,-1.5,0.58,0.3976,3.126190199317247,0.4222222222222222,0.008000000000000007,2.969880689351385,?,0.95,0.4696,OVER,distance,distance,B,,8621,1.5,UNDER,OVER,FORCED_OVER_ONLY_GOB_DEM,OVER,ml_prob_unified,9,3.3912
14119264,Arthur Fery,ARTHUR FERY,Total Games Won,13.5,2026-08-25T16:50:00.000-04:00,Tennis,ATP / HARD,Demon,12.5,,,14119264,243642,182438,Arthur Fery,13.5,Player,CRUZ HEWITT,,,https://www.atptour.com/-/media/alias/player-headshot/F0DM,,2026-08-25T16:28:10.875-04:00,2026-08-25T16:30:42-04:00,games_won,0,,0,8621,ATP,sibling_or_pp,1,,N/A,,OK,,,0.6175726138587707,,,,,11,15,12,19,8,17,16,13,12,,13,13.66666666666667,13.66666666666667,,hard,0,4,0.75,0.6207422586520946,0.4,5,False,False,,,OK,5,2,3,0,0.4,0.6,0.4,0.6,2,3,2,3,0,9,4,5,0,0.4444444444444444,0.5555555555555556,0.4444444444444444,0.5555555555555556,,0,37,250.0,-213,ATP,NEUTRAL,FIELD,HIGH,93,20,2,160,2026-03-18,93,1,,0.4222222222222222,0.7944444444444444,13,-0.5,0.58,0.2025,3.126190199317247,0.4222222222222222,0.008000000000000007,2.969880689351385,?,0.95,0.4696,OVER,distance,distance,A,,8621,0.5,UNDER,OVER,FORCED_OVER_ONLY_GOB_DEM,OVER,ml_prob_unified,9,3.3912
14115516,Arthur Fery,ARTHUR FERY,Total Games Won,12.5,2026-08-25T16:50:00.000-04:00,Tennis,ATP / HARD,Standard,12.5,,,14115516,243642,182438,Arthur Fery,12.5,Player,CRUZ HEWITT,,,https://www.atptour.com/-/media/alias/player-headshot/F0DM,,2026-08-25T16:28:10.875-04:00,2026-08-25T16:30:42-04:00,games_won,0,,0,8621,ATP,pp_or_step1,0,,N/A,,OK,,,0.6175726138587707,,,,,11,15,12,19,8,17,16,13,12,,13,13.66666666666667,13.66666666666667,,hard,0,4,0.75,0.6207422586520946,0.4,5,False,False,,,OK,5,2,3,0,0.4,0.6,0.4,0.6,2,3,2,3,0,9,5,4,0,0.5555555555555556,0.4444444444444444,0.5555555555555556,0.4444444444444444,,0,37,250.0,-213,ATP,NEUTRAL,FIELD,HIGH,93,20,2,160,2026-03-18,93,1,,0.4777777777777778,0.9055555555555556,13,0.5,0.58,-0.0425,3.611749742595174,0.4777777777777778,0.008000000000000007,3.431162255465415,?,0.95,0.5084,OVER,ml_prob,ml_prob,C,,8621,0.5,OVER,OVER,STANDARD_L5AVG_OVER,OVER,ml_prob_unified,9,3.3912
14119270,Cruz Hewitt,CRUZ HEWITT,Total Games Won,12.5,2026-08-25T16:50:00.000-04:00,Tennis,ATP / HARD,Demon,8.5,,,14119270,280706,182438,Cruz Hewitt,12.5,Player,ARTHUR FERY,,,https://img0.aiscore.com/v2/team/5c6fc0fca8f74139e8eb604ff58aa0af.png!w80,,2026-08-25T16:28:10.875-04:00,2026-08-25T16:30:42-04:00,games_won,0,,0,15548,ATP,sibling_or_pp,3,,N/A,,OK,,,,,,,,14,5,12,,,,,,,,10.33333333333333,10.33333333333333,10.33333333333333,,hard,0,,,,,,,,,,OK,3,1,2,0,0.3333333333333333,0.6666666666666666,0.3333333333333333,0.6666666666666666,1,2,1,2,0,3,1,2,0,0.3333333333333333,0.6666666666666666,0.3333333333333333,0.6666666666666666,,0,250,37.0,213,ATP,NEUTRAL,FIELD,UNKNOWN,,,,,,,1,,0.3333333333333333,0.7166666666666667,10.33333333333333,-2.1666666666666696,0.58,0.4772,2.770825870005361,0.3333333333333333,-0.003000000000000003,2.632284576505093,?,0.95,0.4073,OVER,distance,distance,C,,15548,2.1666666666666696,UNDER,OVER,FORCED_OVER_ONLY_GOB_DEM,OVER,ml_prob_unified,3,4.7258
14119271,Cruz Hewitt,CRUZ HEWITT,Total Games Won,11.5,2026-08-25T16:50:00.000-04:00,Tennis,ATP / HARD,Demon,8.5,,,14119271,280706,182438,Cruz Hewitt,11.5,Player,ARTHUR FERY,,,https://img0.aiscore.com/v2/team/5c6fc0fca8f74139e8eb604ff58aa0af.png!w80,,2026-08-25T16:28:10.875-04:00,2026-08-25T16:30:42-04:00,games_won,0,,0,15548,ATP,sibling_or_pp,2,,N/A,,OK,,,,,,,,14,5,12,,,,,,,,10.33333333333333,10.33333333333333,10.33333333333333,,hard,0,,,,,,,,,,OK,3,2,1,0,0.6666666666666666,0.3333333333333333,0.6666666666666666,0.3333333333333333,2,1,2,1,0,3,2,1,0,0.6666666666666666,0.3333333333333333,0.6666666666666666,0.3333333333333333,,0,250,37.0,213,ATP,NEUTRAL,FIELD,UNKNOWN,,,,,,,1,,0.6666666666666666,1.383333333333333,10.33333333333333,-1.1666666666666696,0.58,0.3425,5.837401563941019,0.6666666666666666,0.06666666666666665,5.545531485743968,?,0.95,0.6407,OVER,distance,distance,B,,15548,1.1666666666666696,UNDER,OVER,FORCED_OVER_ONLY_GOB_DEM,OVER,ml_prob_unified,3,4.7258
14119272,Cruz Hewitt,CRUZ HEWITT,Total Games Won,10.5,2026-08-25T16:50:00.000-04:00,Tennis,ATP / HARD,Demon,8.5,,,14119272,280706,182438,Cruz Hewitt,10.5,Player,ARTHUR FERY,,,https://img0.aiscore.com/v2/team/5c6fc0fca8f74139e8eb604ff58aa0af.png!w80,,2026-08-25T16:28:10.875-04:00,2026-08-25T16:30:42-04:00,games_won,0,,0,15548,ATP,sibling_or_pp,1,,N/A,,OK,,,,,,,,14,5,12,,,,,,,,10.33333333333333,10.33333333333333,10.33333333333333,,hard,0,,,,,,,,,,OK,3,2,1,0,0.6666666666666666,0.3333333333333333,0.6666666666666666,0.3333333333333333,2,1,2,1,0,3,2,1,0,0.6666666666666666,0.3333333333333333,0.6666666666666666,0.3333333333333333,,0,250,37.0,213,ATP,NEUTRAL,FIELD,UNKNOWN,,,,,,,1,,0.6666666666666666,1.383333333333333,10.33333333333333,-0.16666666666666963,0.58,0.1216,5.837401563941019,0.6666666666666666,0.06666666666666665,5.545531485743968,?,0.95,0.6407,OVER,distance,distance,B,,15548,0.16666666666666963,UNDER,OVER,FORCED_OVER_ONLY_GOB_DEM,OVER,ml_prob_unified,3,4.7258
14115886,Cruz Hewitt,CRUZ HEWITT,Total Games Won,8.5,2026-08-25T16:50:00.000-04:00,Tennis,ATP / HARD,Standard,8.5,,,14115886,280706,182438,Cruz Hewitt,8.5,Player,ARTHUR FERY,,,https://img0.aiscore.com/v2/team/5c6fc0fca8f74139e8eb604ff58aa0af.png!w80,,2026-08-25T16:28:10.875-04:00,2026-08-25T16:30:42-04:00,games_won,0,,0,15548,ATP,pp_or_step1,0,,N/A,,OK,,,,,,,,14,5,12,,,,,,,,10.33333333333333,10.33333333333333,10.33333333333333,,hard,0,,,,,,,,,,OK,3,2,1,0,0.6666666666666666,0.3333333333333333,0.6666666666666666,0.3333333333333333,2,1,2,1,0,3,2,1,0,0.6666666666666666,0.3333333333333333,0.6666666666666666,0.3333333333333333,,0,250,37.0,213,ATP,NEUTRAL,FIELD,UNKNOWN,,,,,,,1,,0.6666666666666666,1.383333333333333,10.33333333333333,1.8333333333333304,0.58,-0.2822,5.837401563941019,0.6666666666666666,0.06666666666666665,5.545531485743968,?,0.95,0.6407,OVER,ml_prob,ml_prob,B,,15548,1.8333333333333304,OVER,OVER,STANDARD_L5AVG_OVER,OVER,ml_prob_unified,3,4.7258
14122417,Cruz Hewitt,CRUZ HEWITT,Double Faults,8.5,2026-08-25T16:50:00.000-04:00,Tennis,ATP / HARD,Demon,,,,14122417,280706,182438,Cruz Hewitt,8.5,Player,ARTHUR FERY,,,https://img0.aiscore.com/v2/team/5c6fc0fca8f74139e8eb604ff58aa0af.png!w80,,2026-08-25T16:28:10.875-04:00,2026-08-25T16:30:42-04:00,double_faults,0,,0,15548,ATP,,3,,N/A,,OK,,,,,,,,7,5,1,3,5,1,3,2,1,5,4.2,3.3,3.3,,hard,0,,,,,,,,,,OK,5,0,5,0,0,1,0,1,0,5,0,5,0,10,0,10,0,0,1,0,1,,0,250,37.0,213,ATP,NEUTRAL,FIELD,UNKNOWN,,,,,,,1,,0.0,0.05,4.2,-4.3,0.0232,0.0098,0.1777932466487936,0,-0.003000000000000003,0.1689035843163539,?,0.95,0.007,OVER,ml_prob_fallback,ml_prob_fallback,C,,15548,4.3,UNDER,OVER,FORCED_OVER_ONLY_GOB_DEM,OVER,ml_prob_unified,10,2.1108
14121275,Cruz Hewitt,CRUZ HEWITT,Total Games Won,7.5,2026-08-25T16:50:00.000-04:00,Tennis,ATP / HARD,Goblin,8.5,,,14121275,280706,182438,Cruz Hewitt,7.5,Player,ARTHUR FERY,,,https://img0.aiscore.com/v2/team/5c6fc0fca8f74139e8eb604ff58aa0af.png!w80,,2026-08-25T16:28:10.875-04:00,2026-08-25T16:30:42-04:00,games_won,0,,0,15548,ATP,sibling_or_pp,1,,N/A,,OK,,,,,,,,14,5,12,,,,,,,,10.33333333333333,10.33333333333333,10.33333333333333,,hard,0,,,,,,,,,,OK,3,2,1,0,0.6666666666666666,0.3333333333333333,0.6666666666666666,0.3333333333333333,2,1,2,1,0,3,2,1,0,0.6666666666666666,0.3333333333333333,0.6666666666666666,0.3333333333333333,,0,250,37.0,213,ATP,NEUTRAL,FIELD,UNKNOWN,,,,,,,1,,0.6666666666666666,1.383333333333333,10.33333333333333,2.8333333333333304,0.6156,-0.3289,5.837401563941019,0.6666666666666666,0.06666666666666665,5.545531485743968,?,0.95,0.6513,OVER,distance,distance,C,,15548,2.8333333333333304,OVER,OVER,FORCED_OVER_ONLY_GOB_DEM,OVER,ml_prob_unified,3,4.7258
14122407,Arthur Fery,ARTHUR FERY,Aces,7.5,2026-08-25T16:50:00.000-04:00,Tennis,ATP / HARD,Demon,,,,14122407,243642,182438,Arthur Fery,7.5,Player,CRUZ HEWITT,,,https://www.atptour.com/-/media/alias/player-headshot/F0DM,,2026-08-25T16:28:10.875-04:00,2026-08-25T16:30:42-04:00,aces,0,,0,8621,ATP,,2,,N/A,,OK,,,0.6175726138587707,,,,,5,9,5,6,6,5,8,7,1,6,6.2,5.8,5.8,,hard,0,4,0.75,0.6207422586520946,0.4,5,False,False,,,OK,5,1,4,0,0.2,0.8,0.2,0.8,1,4,1,4,0,10,2,8,0,0.2,0.8,0.2,0.8,,0,37,250.0,-213,ATP,SERVE_HEAVY,FIELD,HIGH,93,20,2,160,2026-03-18,93,1,,0.2,0.35,6.2,-1.2999999999999998,0.08,-0.1342,1.302907785522788,0.2,-0.003000000000000003,1.237762396246649,?,0.95,0.164,OVER,ml_prob_fallback,ml_prob_fallback,C,,8621,1.2999999999999998,UNDER,OVER,FORCED_OVER_ONLY_GOB_DEM,OVER,ml_prob_unified,10,2.1499
14122416,Cruz Hewitt,CRUZ HEWITT,Double Faults,7.5,2026-08-25T16:50:00.000-04:00,Tennis,ATP / HARD,Demon,,,,14122416,280706,182438,Cruz Hewitt,7.5,Player,ARTHUR FERY,,,https://img0.aiscore.com/v2/team/5c6fc0fca8f74139e8eb604ff58aa0af.png!w80,,2026-08-25T16:28:10.875-04:00,2026-08-25T16:30:42-04:00,double_faults,0,,0,15548,ATP,,2,,N/A,,OK,,,,,,,,7,5,1,3,5,1,3,2,1,5,4.2,3.3,3.3,,hard,0,,,,,,,,,,OK,5,0,5,0,0,1,0,1,0,5,0,5,0,10,0,10,0,0,1,0,1,,0,250,37.0,213,ATP,NEUTRAL,FIELD,UNKNOWN,,,,,,,1,,0.0,0.05,4.2,-3.3,0.042,0.0064,0.1777932466487936,0,-0.003000000000000003,0.1689035843163539,?,0.95,0.0126,OVER,ml_prob_fallback,ml_prob_fallback,C,,15548,3.3,UNDER,OVER,FORCED_OVER_ONLY_GOB_DEM,OVER,ml_prob_unified,10,2.1108
14119269,Cruz Hewitt,CRUZ HEWITT,Total Games Won,6.5,2026-08-25T16:50:00.000-04:00,Tennis,ATP / HARD,Goblin,8.5,,,14119269,280706,182438,Cruz Hewitt,6.5,Player,ARTHUR FERY,,,https://img0.aiscore.com/v2/team/5c6fc0fca8f74139e8eb604ff58aa0af.png!w80,,2026-08-25T16:28:10.875-04:00,2026-08-25T16:30:42-04:00,games_won,0,,0,15548,ATP,sibling_or_pp,2,,N/A,,OK,,,,,,,,14,5,12,,,,,,,,10.33333333333333,10.33333333333333,10.33333333333333,,hard,0,,,,,,,,,,OK,3,2,1,0,0.6666666666666666,0.3333333333333333,0.6666666666666666,0.3333333333333333,2,1,2,1,0,3,2,1,0,0.6666666666666666,0.3333333333333333,0.6666666666666666,0.3333333333333333,,0,250,37.0,213,ATP,NEUTRAL,FIELD,UNKNOWN,,,,,,,1,,0.6666666666666666,1.383333333333333,10.33333333333333,3.8333333333333304,0.5998,-0.3791,5.837401563941019,0.6666666666666666,0.06666666666666665,5.545531485743968,?,0.95,0.6466,OVER,distance,distance,B,,15548,3.8333333333333304,OVER,OVER,FORCED_OVER_ONLY_GOB_DEM,OVER,ml_prob_unified,3,4.7258
14122408,Arthur Fery,ARTHUR FERY,Aces,6.5,2026-08-25T16:50:00.000-04:00,Tennis,ATP / HARD,Demon,,,,14122408,243642,182438,Arthur Fery,6.5,Player,CRUZ HEWITT,,,https://www.atptour.com/-/media/alias/player-headshot/F0DM,,2026-08-25T16:28:10.875-04:00,2026-08-25T16:30:42-04:00,aces,0,,0,8621,ATP,,1,,N/A,,OK,,,0.6175726138587707,,,,,5,9,5,6,6,5,8,7,1,6,6.2,5.8,5.8,,hard,0,4,0.75,0.6207422586520946,0.4,5,False,False,,,OK,5,1,4,0,0.2,0.8,0.2,0.8,1,4,1,4,0,10,3,7,0,0.3,0.7,0.3,0.7,,0,37,250.0,-213,ATP,SERVE_HEAVY,FIELD,HIGH,93,20,2,160,2026-03-18,93,1,,0.25,0.45,6.2,-0.2999999999999998,0.0616,-0.364,1.696712863270778,0.25,-0.003000000000000003,1.611877220107239,?,0.95,0.1935,OVER,ml_prob_fallback,ml_prob_fallback,C,,8621,0.2999999999999998,UNDER,OVER,FORCED_OVER_ONLY_GOB_DEM,OVER,ml_prob_unified,10,2.1499
14122414,Cruz Hewitt,CRUZ HEWITT,Aces,6.5,2026-08-25T16:50:00.000-04:00,Tennis,ATP / HARD,Demon,,,,14122414,280706,182438,Cruz Hewitt,6.5,Player,ARTHUR FERY,,,https://img0.aiscore.com/v2/team/5c6fc0fca8f74139e8eb604ff58aa0af.png!w80,,2026-08-25T16:28:10.875-04:00,2026-08-25T16:30:42-04:00,aces,0,,0,15548,ATP,,2,,N/A,,OK,,,,,,,,5,3,2,1,5,1,1,4,2,2,3.2,2.6,2.6,,hard,0,,,,,,,,,,OK,5,0,5,0,0,1,0,1,0,5,0,5,0,10,0,10,0,0,1,0,1,,0,250,37.0,213,ATP,SERVE_HEAVY,FIELD,UNKNOWN,,,,,,,1,,0.0,0.05,3.2,-3.3,0.0305,-0.0051,0.1777932466487936,0,-0.003000000000000003,0.1689035843163539,?,0.95,0.0092,OVER,ml_prob_fallback,ml_prob_fallback,C,,15548,3.3,UNDER,OVER,FORCED_OVER_ONLY_GOB_DEM,OVER,ml_prob_unified,10,1.5776
14122418,Cruz Hewitt,CRUZ HEWITT,Double Faults,6.5,2026-08-25T16:50:00.000-04:00,Tennis,ATP / HARD,Demon,,,,14122418,280706,182438,Cruz Hewitt,6.5,Player,ARTHUR FERY,,,https://img0.aiscore.com/v2/team/5c6fc0fca8f74139e8eb604ff58aa0af.png!w80,,2026-08-25T16:28:10.875-04:00,2026-08-25T16:30:42-04:00,double_faults,0,,0,15548,ATP,,1,,N/A,,OK,,,,,,,,7,5,1,3,5,1,3,2,1,5,4.2,3.3,3.3,,hard,0,,,,,,,,,,OK,5,1,4,0,0.2,0.8,0.2,0.8,1,4,1,4,0,10,1,9,0,0.1,0.9,0.1,0.9,,0,250,37.0,213,ATP,NEUTRAL,FIELD,UNKNOWN,,,,,,,1,,0.15000000000000002,0.35,4.2,-2.3,0.0313,-0.0598,1.291357785522788,0.15,-0.003000000000000003,1.226789896246649,?,0.95,0.1144,OVER,ml_prob_fallback,ml_prob_fallback,C,,15548,2.3,UNDER,OVER,FORCED_OVER_ONLY_GOB_DEM,OVER,ml_prob_unified,10,2.1108
14119268,Cruz Hewitt,CRUZ HEWITT,Total Games Won,5.5,2026-08-25T16:50:00.000-04:00,Tennis,ATP / HARD,Goblin,8.5,,,14119268,280706,182438,Cruz Hewitt,5.5,Player,ARTHUR FERY,,,https://img0.aiscore.com/v2/team/5c6fc0fca8f74139e8eb604ff58aa0af.png!w80,,2026-08-25T16:28:10.875-04:00,2026-08-25T16:30:42-04:00,games_won,0,,0,15548,ATP,sibling_or_pp,3,,N/A,,OK,,,,,,,,14,5,12,,,,,,,,10.33333333333333,10.33333333333333,10.33333333333333,,hard,0,,,,,,,,,,OK,3,2,1,0,0.6666666666666666,0.3333333333333333,0.6666666666666666,0.3333333333333333,2,1,2,1,0,3,2,1,0,0.6666666666666666,0.3333333333333333,0.6666666666666666,0.3333333333333333,,0,250,37.0,213,ATP,NEUTRAL,FIELD,UNKNOWN,,,,,,,1,,0.6666666666666666,1.383333333333333,10.33333333333333,4.83333333333333,0.616,-0.3761,5.837401563941019,0.6666666666666666,0.06666666666666665,5.545531485743968,?,0.95,0.6515,OVER,distance,distance,B,,15548,4.83333333333333,OVER,OVER,FORCED_OVER_ONLY_GOB_DEM,OVER,ml_prob_unified,3,4.7258
14122413,Cruz Hewitt,CRUZ HEWITT,Aces,5.5,2026-08-25T16:50:00.000-04:00,Tennis,ATP / HARD,Demon,,,,14122413,280706,182438,Cruz Hewitt,5.5,Player,ARTHUR FERY,,,https://img0.aiscore.com/v2/team/5c6fc0fca8f74139e8eb604ff58aa0af.png!w80,,2026-08-25T16:28:10.875-04:00,2026-08-25T16:30:42-04:00,aces,0,,0,15548,ATP,,1,,N/A,,OK,,,,,,,,5,3,2,1,5,1,1,4,2,2,3.2,2.6,2.6,,hard,0,,,,,,,,,,OK,5,0,5,0,0,1,0,1,0,5,0,5,0,10,0,10,0,0,1,0,1,,0,250,37.0,213,ATP,SERVE_HEAVY,FIELD,UNKNOWN,,,,,,,1,,0.0,0.05,3.2,-2.3,0.0383,-0.0528,0.1777932466487936,0,-0.003000000000000003,0.1689035843163539,?,0.95,0.0115,OVER,ml_prob_fallback,ml_prob_fallback,C,,15548,2.3,UNDER,OVER,FORCED_OVER_ONLY_GOB_DEM,OVER,ml_prob_unified,10,1.5776
14122420,Cruz Hewitt,CRUZ HEWITT,Double Faults,5.5,2026-08-25T16:50:00.000-04:00,Tennis,ATP / HARD,Goblin,7,,,14122420,280706,182438,Cruz Hewitt,5.5,Player,ARTHUR FERY,,,https://img0.aiscore.com/v2/team/5c6fc0fca8f74139e8eb604ff58aa0af.png!w80,,2026-08-25T16:28:10.875-04:00,2026-08-25T16:30:42-04:00,double_faults,0,,0,15548,ATP,offset_estimate,1,,N/A,,OK,,,,,,,,7,5,1,3,5,1,3,2,1,5,4.2,3.3,3.3,,hard,0,,,,,,,,,,OK,5,1,4,0,0.2,0.8,0.2,0.8,1,4,1,4,0,10,1,9,0,0.1,0.9,0.1,0.9,,0,250,37.0,213,ATP,NEUTRAL,FIELD,UNKNOWN,,,,,,,1,,0.15000000000000002,0.35,4.2,-1.2999999999999998,0.08,-0.1342,1.291357785522788,0.15,-0.003000000000000003,1.226789896246649,?,0.95,0.129,OVER,distance,distance,C,,15548,1.2999999999999998,UNDER,OVER,FORCED_OVER_ONLY_GOB_DEM,OVER,ml_prob_unified,10,2.1108
14122409,Arthur Fery,ARTHUR FERY,Aces,4.5,2026-08-25T16:50:00.000-04:00,Tennis,ATP / HARD,Goblin,6,,,14122409,243642,182438,Arthur Fery,4.5,Player,CRUZ HEWITT,,,https://www.atptour.com/-/media/alias/player-headshot/F0DM,,2026-08-25T16:28:10.875-04:00,2026-08-25T16:30:42-04:00,aces,0,,0,8621,ATP,offset_estimate,1,,N/A,,OK,,,0.6175726138587707,,,,,5,9,5,6,6,5,8,7,1,6,6.2,5.8,5.8,,hard,0,4,0.75,0.6207422586520946,0.4,5,False,False,,,OK,5,5,0,0,1,0,1,0,5,0,5,0,0,10,9,1,0,0.9,0.1,0.9,0.1,,0,37,250.0,-213,ATP,SERVE_HEAVY,FIELD,HIGH,93,20,2,160,2026-03-18,93,1,,0.95,1.85,6.2,1.7000000000000002,0.08,-0.7655,8.215881583914209,0.95,0.07840000000000003,7.805087504718498,?,0.95,0.689,OVER,distance,distance,C,,8621,1.7000000000000002,OVER,OVER,FORCED_OVER_ONLY_GOB_DEM,OVER,ml_prob_unified,10,2.1499
14122419,Cruz Hewitt,CRUZ HEWITT,Double Faults,4.5,2026-08-25T16:50:00.000-04:00,Tennis,ATP / HARD,Goblin,6.5,,,14122419,280706,182438,Cruz Hewitt,4.5,Player,ARTHUR FERY,,,https://img0.aiscore.com/v2/team/5c6fc0fca8f74139e8eb604ff58aa0af.png!w80,,2026-08-25T16:28:10.875-04:00,2026-08-25T16:30:42-04:00,double_faults,0,,0,15548,ATP,offset_estimate,2,,N/A,,OK,,,,,,,,7,5,1,3,5,1,3,2,1,5,4.2,3.3,3.3,,hard,0,,,,,,,,,,OK,5,3,2,0,0.6,0.4,0.6,0.4,3,2,3,2,0,10,4,6,0,0.4,0.6,0.4,0.6,,0,250,37.0,213,ATP,NEUTRAL,FIELD,UNKNOWN,,,,,,,1,,0.5,1.05,4.2,-0.2999999999999998,0.08,-0.3456,4.260396225201072,0.5,0.05200000000000005,4.047376413941018,?,0.95,0.374,OVER,distance,distance,B,,15548,0.2999999999999998,UNDER,OVER,FORCED_OVER_ONLY_GOB_DEM,OVER,ml_prob_unified,10,2.1108
14122411,Arthur Fery,ARTHUR FERY,Double Faults,3.5,2026-08-25T16:50:00.000-04:00,Tennis,ATP / HARD,Demon,,,,14122411,243642,182438,Arthur Fery,3.5,Player,CRUZ HEWITT,,,https://www.atptour.com/-/media/alias/player-headshot/F0DM,,2026-08-25T16:28:10.875-04:00,2026-08-25T16:30:42-04:00,double_faults,0,,0,8621,ATP,,2,,N/A,,OK,,,0.6175726138587707,,,,,3,3,4,3,2,4,1,0,2,4,3,2.6,2.6,,hard,0,4,0.75,0.6207422586520946,0.4,5,False,False,,,OK,5,1,4,0,0.2,0.8,0.2,0.8,1,4,1,4,0,10,3,7,0,0.3,0.7,0.3,0.7,,0,37,250.0,-213,ATP,NEUTRAL,FIELD,HIGH,93,20,2,160,2026-03-18,93,1,,0.25,0.45,3,-0.5,0.08,-0.2975,1.696712863270778,0.25,-0.003000000000000003,1.611877220107239,?,0.95,0.199,OVER,ml_prob_fallback,ml_prob_fallback,C,,8621,0.5,UNDER,OVER,FORCED_OVER_ONLY_GOB_DEM,OVER,ml_prob_unified,10,1.3499
14122415,Cruz Hewitt,CRUZ HEWITT,Aces,3.5,2026-08-25T16:50:00.000-04:00,Tennis,ATP / HARD,Goblin,5,,,14122415,280706,182438,Cruz Hewitt,3.5,Player,ARTHUR FERY,,,https://img0.aiscore.com/v2/team/5c6fc0fca8f74139e8eb604ff58aa0af.png!w80,,2026-08-25T16:28:10.875-04:00,2026-08-25T16:30:42-04:00,aces,0,,0,15548,ATP,offset_estimate,1,,N/A,,OK,,,,,,,,5,3,2,1,5,1,1,4,2,2,3.2,2.6,2.6,,hard,0,,,,,,,,,,OK,5,2,3,0,0.4,0.6,0.4,0.6,2,3,2,3,0,10,3,7,0,0.3,0.7,0.3,0.7,,0,250,37.0,213,ATP,SERVE_HEAVY,FIELD,UNKNOWN,,,,,,,1,,0.35,0.75,3.2,-0.2999999999999998,0.08,-0.3456,2.912612252010724,0.35,0.008000000000000007,2.766981639410188,?,0.95,0.269,OVER,distance,distance,C,,15548,0.2999999999999998,UNDER,OVER,FORCED_OVER_ONLY_GOB_DEM,OVER,ml_prob_unified,10,1.5776
14127527,Arthur Fery,ARTHUR FERY,Break Points Won,3.5,2026-08-25T16:50:00.000-04:00,Tennis,ATP / HARD,Standard,3.5,,,14127527,243642,182438,Arthur Fery,3.5,Player,CRUZ HEWITT,,,https://www.atptour.com/-/media/alias/player-headshot/F0DM,,2026-08-25T16:28:10.875-04:00,2026-08-25T16:30:42-04:00,break_points_won,0,,0,8621,ATP,pp_or_step1,0,,N/A,,OK,,,0.6175726138587707,,,,,2,2,5,3,8,1,5,4,1,4,4,3.5,3.5,,hard,0,4,0.75,0.6207422586520946,0.4,5,False,False,,,OK,5,2,3,0,0.4,0.6,0.4,0.6,2,3,2,3,0,10,5,5,0,0.5,0.5,0.5,0.5,,0,37,250.0,-213,ATP,NEUTRAL,FIELD,HIGH,93,20,2,160,2026-03-18,93,1,,0.45,0.85,4,0.5,0.3771,-0.2453,3.367771008042895,0.45,0.008000000000000007,3.19938245764075,?,0.95,0.4281,OVER,ml_prob,ml_prob,C,,8621,0.5,OVER,OVER,STANDARD_L5AVG_OVER,OVER,ml_prob_unified,10,2.1731
14115160,Arthur Fery,ARTHUR FERY,Total Sets,2.5,2026-08-25T16:50:00.000-04:00,Tennis,ATP / HARD,Demon,,,,14115160,243642,182438,Arthur Fery,2.5,Player,CRUZ HEWITT,,,https://www.atptour.com/-/media/alias/player-headshot/F0DM,,2026-08-25T16:28:10.875-04:00,2026-08-25T16:30:42-04:00,total_sets,0,,0,8621,ATP,,1,,N/A,,OK,,,0.6175726138587707,,,,,2,3,3,3,2,3,3,2,2,,2.6,2.555555555555556,2.555555555555556,,hard,0,4,0.75,0.6207422586520946,0.4,5,False,False,,,OK,5,3,2,0,0.6,0.4,0.6,0.4,3,2,3,2,0,9,5,4,0,0.5555555555555556,0.4444444444444444,0.5555555555555556,0.4444444444444444,,0,37,250.0,-213,ATP,NEUTRAL,FIELD,HIGH,93,20,2,160,2026-03-18,93,1,,0.5777777777777777,1.105555555555555,2.6,0.10000000000000009,0.3659,-0.1591,4.561956853454871,0.5777777777777777,0.05200000000000005,4.333859010782127,?,0.95,0.5142,OVER,ml_prob_fallback,ml_prob_fallback,B,,8621,0.10000000000000009,OVER,OVER,FORCED_OVER_ONLY_GOB_DEM,OVER,ml_prob_unified,9,0.527
14122410,Arthur Fery,ARTHUR FERY,Double Faults,2.5,2026-08-25T16:50:00.000-04:00,Tennis,ATP / HARD,Demon,,,,14122410,243642,182438,Arthur Fery,2.5,Player,CRUZ HEWITT,,,https://www.atptour.com/-/media/alias/player-headshot/F0DM,,2026-08-25T16:28:10.875-04:00,2026-08-25T16:30:42-04:00,double_faults,0,,0,8621,ATP,,1,,N/A,,OK,,,0.6175726138587707,,,,,3,3,4,3,2,4,1,0,2,4,3,2.6,2.6,,hard,0,4,0.75,0.6207422586520946,0.4,5,False,False,,,OK,5,4,1,0,0.8,0.2,0.8,0.2,4,1,4,1,0,10,6,4,0,0.6,0.4,0.6,0.4,,0,37,250.0,-213,ATP,NEUTRAL,FIELD,HIGH,93,20,2,160,2026-03-18,93,1,,0.7,1.35,3,0.5,0.08,-0.5425,5.726115004825738,0.7,0.07840000000000003,5.439809254584451,?,0.95,0.514,OVER,ml_prob_fallback,ml_prob_fallback,B,,8621,0.5,OVER,OVER,FORCED_OVER_ONLY_GOB_DEM,OVER,ml_prob_unified,10,1.3499
14128290,Cruz Hewitt,CRUZ HEWITT,Aces,2.5,2026-08-25T16:50:00.000-04:00,Tennis,ATP / HARD,Goblin,4.5,,,14128290,280706,182438,Cruz Hewitt,2.5,Player,ARTHUR FERY,,,https://img0.aiscore.com/v2/team/5c6fc0fca8f74139e8eb604ff58aa0af.png!w80,,2026-08-25T16:28:10.875-04:00,2026-08-25T16:30:42-04:00,aces,0,,0,15548,ATP,offset_estimate,2,,N/A,,OK,,,,,,,,5,3,2,1,5,1,1,4,2,2,3.2,2.6,2.6,,hard,0,,,,,,,,,,OK,5,3,2,0,0.6,0.4,0.6,0.4,3,2,3,2,0,10,4,6,0,0.4,0.6,0.4,0.6,,0,250,37.0,213,ATP,SERVE_HEAVY,FIELD,UNKNOWN,,,,,,,1,,0.5,1.05,3.2,0.7000000000000002,0.08,-0.5882,4.260396225201072,0.5,0.05200000000000005,4.047376413941018,?,0.95,0.374,OVER,distance,distance,B,,15548,0.7000000000000002,OVER,OVER,FORCED_OVER_ONLY_GOB_DEM,OVER,ml_prob_unified,10,1.5776
14122412,Arthur Fery,ARTHUR FERY,Double Faults,1.5,2026-08-25T16:50:00.000-04:00,Tennis,ATP / HARD,Goblin,3,,,14122412,243642,182438,Arthur Fery,1.5,Player,CRUZ HEWITT,,,https://www.atptour.com/-/media/alias/player-headshot/F0DM,,2026-08-25T16:28:10.875-04:00,2026-08-25T16:30:42-04:00,double_faults,0,,0,8621,ATP,offset_estimate,1,,N/A,,OK,,,0.6175726138587707,,,,,3,3,4,3,2,4,1,0,2,4,3,2.6,2.6,,hard,0,4,0.75,0.6207422586520946,0.4,5,False,False,,,OK,5,5,0,0,1,0,1,0,5,0,5,0,0,10,8,2,0,0.8,0.2,0.8,0.2,,0,37,250.0,-213,ATP,NEUTRAL,FIELD,HIGH,93,20,2,160,2026-03-18,93,1,,0.9,1.75,3,1.5,0.08,-0.7376,7.707930680965148,0.9,0.07840000000000003,7.32253414691689,?,0.95,0.654,OVER,distance,distance,C,,8621,1.5,OVER,OVER,FORCED_OVER_ONLY_GOB_DEM,OVER,ml_prob_unified,10,1.3499
14127528,Cruz Hewitt,CRUZ HEWITT,Break Points Won,1.5,2026-08-25T16:50:00.000-04:00,Tennis,ATP / HARD,Demon,,,,14127528,280706,182438,Cruz Hewitt,1.5,Player,ARTHUR FERY,,,https://img0.aiscore.com/v2/team/5c6fc0fca8f74139e8eb604ff58aa0af.png!w80,,2026-08-25T16:28:10.875-04:00,2026-08-25T16:30:42-04:00,break_points_won,0,,0,15548,ATP,,1,,N/A,,OK,,,,,,,,3,3,3,1,2,1,5,3,4,1,2.4,2.6,2.6,,hard,0,,,,,,,,,,OK,5,4,1,0,0.8,0.2,0.8,0.2,4,1,4,1,0,10,7,3,0,0.7,0.3,0.7,0.3,,0,250,37.0,213,ATP,NEUTRAL,FIELD,UNKNOWN,,,,,,,1,,0.75,1.55,2.4,0.8999999999999999,0.3659,-0.3451,6.655497909919571,0.75,0.07840000000000003,6.322723014423592,?,0.95,0.6348,OVER,ml_prob_fallback,ml_prob_fallback,B,,15548,0.8999999999999999,OVER,OVER,FORCED_OVER_ONLY_GOB_DEM,OVER,ml_prob_unified,10,1.3499
14119267,Arthur Fery,ARTHUR FERY,Total Tie Breaks,0.5,2026-08-25T16:50:00.000-04:00,Tennis,ATP / HARD,Demon,,,,14119267,243642,182438,Arthur Fery,0.5,Player,CRUZ HEWITT,,,https://www.atptour.com/-/media/alias/player-headshot/F0DM,,2026-08-25T16:28:10.875-04:00,2026-08-25T16:30:42-04:00,total_tie_breaks,0,,0,8621,ATP,,1,,N/A,,OK,,,0.6175726138587707,,,,,1,1,1,1,1,2,1,0,1,0,1,0.9,0.9,,hard,0,4,0.75,0.6207422586520946,0.4,5,False,False,,,OK,5,5,0,0,1,0,1,0,5,0,5,0,0,10,8,2,0,0.8,0.2,0.8,0.2,,0,37,250.0,-213,ATP,NEUTRAL,FIELD,HIGH,93,20,2,160,2026-03-18,93,1,,0.9,1.75,1,0.5,0.3659,-0.2566,7.707930680965148,0.9,0.07840000000000003,7.32253414691689,?,0.95,0.7398,OVER,ml_prob_fallback,ml_prob_fallback,B,,8621,0.5,OVER,OVER,FORCED_OVER_ONLY_GOB_DEM,OVER,ml_prob_unified,10,0.5676
14079879,Yunchaokete Bu,YUNCHAOKETE BU,Total Games,24.5,2026-08-25T16:15:00.000-04:00,Tennis,ATP / HARD,Demon,21.5,,,14079879,215943,182139,Yunchaokete Bu,24.5,Player,RIO NOGUCHI,,,https://www.atptour.com/-/media/alias/player-headshot/Y09V,,2026-08-25T14:43:12.435-04:00,2026-08-25T16:30:42-04:00,match_total_games,0,,0,11382,ATP,sibling_or_pp,3,,N/A,,STALE_HISTORY,,,,,,,,,,,,,,,,,,,,,,hard,0,,,,,,,,,,MISSING_STAT_VALUES,,,,,,,,,,,,,,,,,,,,,,,0,999,250.0,749,ATP,NEUTRAL,FIELD,UNKNOWN,,,,,,,1,,0.5,1.05,24.5,0.0,0.58,0.08,4.254852225201073,0.5,0.03000000000000003,4.04210961394102,?,0.95,0.524,OVER,distance,distance,B,WEAK_MATCH_HISTORY,11382,0.0,OVER,OVER,FORCED_OVER_ONLY_GOB_DEM,OVER,ml_prob_unified,0,
14079880,Yunchaokete Bu,YUNCHAOKETE BU,Total Games,23.5,2026-08-25T16:15:00.000-04:00,Tennis,ATP / HARD,Demon,21.5,,,14079880,215943,182139,Yunchaokete Bu,23.5,Player,RIO NOGUCHI,,,https://www.atptour.com/-/media/alias/player-headshot/Y09V,,2026-08-25T14:43:12.435-04:00,2026-08-25T16:30:42-04:00,match_total_games,0,,0,11382,ATP,sibling_or_pp,2,,N/A,,STALE_HISTORY,,,,,,,,,,,,,,,,,,,,,,hard,0,,,,,,,,,,MISSING_STAT_VALUES,,,,,,,,,,,,,,,,,,,,,,,0,999,250.0,749,ATP,NEUTRAL,FIELD,UNKNOWN,,,,,,,1,,0.5,1.05,23.5,0.0,0.58,0.08,4.254852225201073,0.5,0.03000000000000003,4.04210961394102,?,0.95,0.524,OVER,distance,distance,B,WEAK_MATCH_HISTORY,11382,0.0,OVER,OVER,FORCED_OVER_ONLY_GOB_DEM,OVER,ml_prob_unified,0,
14079881,Yunchaokete Bu,YUNCHAOKETE BU,Total Games,22.5,2026-08-25T16:15:00.000-04:00,Tennis,ATP / HARD,Demon,21.5,,,14079881,215943,182139,Yunchaokete Bu,22.5,Player,RIO NOGUCHI,,,https://www.atptour.com/-/media/alias/player-headshot/Y09V,,2026-08-25T14:43:12.435-04:00,2026-08-25T16:30:42-04:00,match_total_games,0,,0,11382,ATP,sibling_or_pp,1,,N/A,,STALE_HISTORY,,,,,,,,,,,,,,,,,,,,,,hard,0,,,,,,,,,,MISSING_STAT_VALUES,,,,,,,,,,,,,,,,,,,,,,,0,999,250.0,749,ATP,NEUTRAL,FIELD,UNKNOWN,,,,,,,1,,0.5,1.05,22.5,0.0,0.58,0.08,4.254852225201073,0.5,0.03000000000000003,4.04210961394102,?,0.95,0.524,OVER,distance,distance,A,WEAK_MATCH_HISTORY,11382,0.0,OVER,OVER,FORCED_OVER_ONLY_GOB_DEM,OVER,ml_prob_unified,0,
14079877,Yunchaokete Bu,YUNCHAOKETE BU,Total Games,21.5,2026-08-25T16:15:00.000-04:00,Tennis,ATP / HARD,Standard,21.5,,,14079877,215943,182139,Yunchaokete Bu,21.5,Player,RIO NOGUCHI,,,https://www.atptour.com/-/media/alias/player-headshot/Y09V,,2026-08-25T14:43:12.435-04:00,2026-08-25T16:30:42-04:00,match_total_games,0,,0,11382,ATP,pp_or_step1,0,,N/A,,STALE_HISTORY,,,,,,,,,,,,,,,,,,,,,,hard,0,,,,,,,,,,MISSING_STAT_VALUES,,,,,,,,,,,,,,,,,,,,,,,0,999,250.0,749,ATP,NEUTRAL,FIELD,UNKNOWN,,,,,,,1,,0.5,1.05,21.5,0.0,0.58,0.08,4.254852225201073,0.5,0.03000000000000003,4.04210961394102,?,0.95,0.524,OVER,ml_prob,ml_prob,C,WEAK_MATCH_HISTORY,11382,0.0,OVER,OVER,STANDARD_TIEBREAK_HR5_OVER,OVER,ml_prob_unified,0,
14094317,Yunchaokete Bu,YUNCHAOKETE BU,Total Games,20.5,2026-08-25T16:15:00.000-04:00,Tennis,ATP / HARD,Goblin,21.5,,,14094317,215943,182139,Yunchaokete Bu,20.5,Player,RIO NOGUCHI,,,https://www.atptour.com/-/media/alias/player-headshot/Y09V,,2026-08-25T14:43:12.435-04:00,2026-08-25T16:30:42-04:00,match_total_games,0,,0,11382,ATP,sibling_or_pp,1,,N/A,,STALE_HISTORY,,,,,,,,,,,,,,,,,,,,,,hard,0,,,,,,,,,,MISSING_STAT_VALUES,,,,,,,,,,,,,,,,,,,,,,,0,999,250.0,749,ATP,NEUTRAL,FIELD,UNKNOWN,,,,,,,1,,0.5,1.05,20.5,0.0,0.58,0.08,4.254852225201073,0.5,0.03000000000000003,4.04210961394102,?,0.95,0.524,OVER,distance,distance,C,WEAK_MATCH_HISTORY,11382,0.0,OVER,OVER,FORCED_OVER_ONLY_GOB_DEM,OVER,ml_prob_unified,0,
14090060,Yunchaokete Bu,YUNCHAOKETE BU,Total Games,19.5,2026-08-25T16:15:00.000-04:00,Tennis,ATP / HARD,Goblin,21.5,,,14090060,215943,182139,Yunchaokete Bu,19.5,Player,RIO NOGUCHI,,,https://www.atptour.com/-/media/alias/player-headshot/Y09V,,2026-08-25T14:43:12.435-04:00,2026-08-25T16:30:42-04:00,match_total_games,0,,0,11382,ATP,sibling_or_pp,2,,N/A,,STALE_HISTORY,,,,,,,,,,,,,,,,,,,,,,hard,0,,,,,,,,,,MISSING_STAT_VALUES,,,,,,,,,,,,,,,,,,,,,,,0,999,250.0,749,ATP,NEUTRAL,FIELD,UNKNOWN,,,,,,,1,,0.5,1.05,19.5,0.0,0.58,0.08,4.254852225201073,0.5,0.03000000000000003,4.04210961394102,?,0.95,0.524,OVER,distance,distance,B,WEAK_MATCH_HISTORY,11382,0.0,OVER,OVER,FORCED_OVER_ONLY_GOB_DEM,OVER,ml_prob_unified,0,
14079878,Yunchaokete Bu,YUNCHAOKETE BU,Total Games,18.5,2026-08-25T16:15:00.000-04:00,Tennis,ATP / HARD,Goblin,21.5,,,14079878,215943,182139,Yunchaokete Bu,18.5,Player,RIO NOGUCHI,,,https://www.atptour.com/-/media/alias/player-headshot/Y09V,,2026-08-25T14:43:12.435-04:00,2026-08-25T16:30:42-04:00,match_total_games,0,,0,11382,ATP,sibling_or_pp,3,,N/A,,STALE_HISTORY,,,,,,,,,,,,,,,,,,,,,,hard,0,,,,,,,,,,MISSING_STAT_VALUES,,,,,,,,,,,,,,,,,,,,,,,0,999,250.0,749,ATP,NEUTRAL,FIELD,UNKNOWN,,,,,,,1,,0.5,1.05,18.5,0.0,0.58,0.08,4.254852225201073,0.5,0.03000000000000003,4.04210961394102,?,0.95,0.524,OVER,distance,distance,B,WEAK_MATCH_HISTORY,11382,0.0,OVER,OVER,FORCED_OVER_ONLY_GOB_DEM,OVER,ml_prob_unified,0,
14079882,Yunchaokete Bu,YUNCHAOKETE BU,Total Games Won,12.5,2026-08-25T16:15:00.000-04:00,Tennis,ATP / HARD,Standard,12.5,,,14079882,215943,182139,Yunchaokete Bu,12.5,Player,RIO NOGUCHI,,,https://www.atptour.com/-/media/alias/player-headshot/Y09V,,2026-08-25T14:43:12.435-04:00,2026-08-25T16:30:42-04:00,games_won,0,,0,11382,ATP,pp_or_step1,0,,N/A,,STALE_HISTORY,,,,,,,,,,,,,,,,,,,,,,hard,0,,,,,,,,,,MISSING_STAT_VALUES,,,,,,,,,,,,,,,,,,,,,,,0,999,250.0,749,ATP,NEUTRAL,FIELD,UNKNOWN,,,,,,,1,,0.5,1.05,12.5,0.0,0.58,0.08,4.254852225201073,0.5,0.03000000000000003,4.04210961394102,?,0.95,0.524,OVER,ml_prob,ml_prob,C,WEAK_MATCH_HISTORY,11382,0.0,OVER,OVER,STANDARD_TIEBREAK_HR5_OVER,OVER,ml_prob_unified,0,
14090080,Rio Noguchi,RIO NOGUCHI,Total Games Won,10.5,2026-08-25T16:15:00.000-04:00,Tennis,ATP / HARD,Standard,10.5,,,14090080,211184,182139,Rio Noguchi,10.5,Player,YUNCHAOKETE BU,,,https://static.flashscore.com/res/image/data/fLqE7yXg-Qyv94emA.png,,2026-08-25T16:30:37.975-04:00,2026-08-25T16:30:42-04:00,games_won,0,,0,3107,ATP,pp_or_step1,0,,N/A,,STALE_HISTORY,,,,,,,,,,,,,,,,,,,,,,hard,0,,,,,,,,,,MISSING_STAT_VALUES,,,,,,,,,,,,,,,,,,,,,,,0,250,,,ATP,NEUTRAL,FIELD,UNKNOWN,,,,,,,1,,0.5,1,10.5,0.0,0.58,0.08,4.027843431635389,0.5,0.03000000000000003,3.826451260053619,?,0.95,0.524,OVER,ml_prob,ml_prob,C,WEAK_MATCH_HISTORY,3107,0.0,OVER,OVER,STANDARD_TIEBREAK_HR5_OVER,OVER,ml_prob_unified,0,
14094316,Rio Noguchi,RIO NOGUCHI,Total Games Won,8.5,2026-08-25T16:15:00.000-04:00,Tennis,ATP / HARD,Goblin,10.5,,,14094316,211184,182139,Rio Noguchi,8.5,Player,YUNCHAOKETE BU,,,https://static.flashscore.com/res/image/data/fLqE7yXg-Qyv94emA.png,,2026-08-25T14:43:12.435-04:00,2026-08-25T16:30:42-04:00,games_won,0,,0,3107,ATP,sibling_or_pp,1,,N/A,,STALE_HISTORY,,,,,,,,,,,,,,,,,,,,,,hard,0,,,,,,,,,,MISSING_STAT_VALUES,,,,,,,,,,,,,,,,,,,,,,,0,250,,,ATP,NEUTRAL,FIELD,UNKNOWN,,,,,,,1,,0.5,1,8.5,0.0,0.58,0.08,4.027843431635389,0.5,0.03000000000000003,3.826451260053619,?,0.95,0.524,OVER,distance,distance,B,WEAK_MATCH_HISTORY,3107,0.0,OVER,OVER,FORCED_OVER_ONLY_GOB_DEM,OVER,ml_prob_unified,0,
14073530,Yunchaokete Bu,YUNCHAOKETE BU,Total Sets,2.5,2026-08-25T16:15:00.000-04:00,Tennis,ATP / HARD,Demon,,,,14073530,215943,182139,Yunchaokete Bu,2.5,Player,RIO NOGUCHI,,,https://www.atptour.com/-/media/alias/player-headshot/Y09V,,2026-08-25T14:43:12.435-04:00,2026-08-25T16:30:42-04:00,total_sets,0,,0,11382,ATP,,1,,N/A,,STALE_HISTORY,,,,,,,,,,,,,,,,,,,,,,hard,0,,,,,,,,,,MISSING_STAT_VALUES,,,,,,,,,,,,,,,,,,,,,,,0,999,250.0,749,ATP,NEUTRAL,FIELD,UNKNOWN,,,,,,,1,,0.5,1.05,2.5,0.0,0.182,-0.318,4.254852225201073,0.5,0.03000000000000003,4.04210961394102,?,0.95,0.4046,OVER,ml_prob_fallback,ml_prob_fallback,B,WEAK_MATCH_HISTORY,11382,0.0,OVER,OVER,FORCED_OVER_ONLY_GOB_DEM,OVER,ml_prob_unified,0,
14094297,Anna Bondar,ANNA BONDAR,Break Points Won,4.5,2026-08-25T17:00:00.000-04:00,Tennis,WTA / HARD,Standard,4.5,,,14094297,202896,182299,Anna Bondar,4.5,Player,CRISTINA BUCSA,,,https://www.flashscore.com/res/image/data/C00XoKfM-4hhxqfni.png,,2026-08-25T01:35:16.221-04:00,2026-08-25T16:30:42-04:00,break_points_won,0,,0,2734,WTA,pp_or_step1,0,,N/A,,OK,,,0.5891836203076924,,,,,3,5,6,1,5,4,8,5,5,6,4,4.8,4.8,,hard,0,4.918918918918919,2.72972972972973,0.6589372573458907,0.3243243243243243,37,False,True,,,OK,5,3,2,0,0.6,0.4,0.6,0.4,3,2,3,2,0,10,7,3,0,0.7,0.3,0.7,0.3,,0,70,40.0,30,WTA,NEUTRAL,FIELD,HIGH,146,29,3,92,2026-05-25,146,1,,0.6499999999999999,1.3,4,-0.5,0.5968,-0.0256,5.452966895442359,0.6499999999999999,0.05200000000000005,5.180318550670241,?,0.95,0.634,UNDER,ml_prob,ml_prob,B,,2734,0.5,UNDER,UNDER,STANDARD_L5AVG_UNDER,UNDER,ml_prob_unified,10,1.8738
14083706,Anna Bondar,ANNA BONDAR,Total Games,25.5,2026-08-25T17:00:00.000-04:00,Tennis,WTA / HARD,Demon,22,,,14083706,202896,182299,Anna Bondar,25.5,Player,CRISTINA BUCSA,,,https://www.flashscore.com/res/image/data/C00XoKfM-4hhxqfni.png,,2026-08-25T01:35:16.221-04:00,2026-08-25T16:30:42-04:00,match_total_games,0,,0,2734,WTA,sibling_or_pp,3,,N/A,,OK,,,0.5891836203076924,,,,,22,29,22,18,36,20,28,22,38,22,25.4,25.7,25.7,,hard,0,4.918918918918919,2.72972972972973,0.6589372573458907,0.3243243243243243,37,False,True,,,OK,5,2,3,0,0.4,0.6,0.4,0.6,2,3,2,3,0,10,4,6,0,0.4,0.6,0.4,0.6,,0,70,40.0,30,WTA,NEUTRAL,FIELD,HIGH,146,29,3,92,2026-05-25,146,1,,0.4,0.8,25.4,-0.10000000000000142,0.58,0.105,3.138762809651475,0.4,0.008000000000000007,2.981824669168901,?,0.95,0.454,OVER,distance,distance,C,,2734,0.10000000000000142,UNDER,OVER,FORCED_OVER_ONLY_GOB_DEM,OVER,ml_prob_unified,10,6.8321
14083707,Anna Bondar,ANNA BONDAR,Total Games,24.5,2026-08-25T17:00:00.000-04:00,Tennis,WTA / HARD,Demon,22,,,14083707,202896,182299,Anna Bondar,24.5,Player,CRISTINA BUCSA,,,https://www.flashscore.com/res/image/data/C00XoKfM-4hhxqfni.png,,2026-08-25T01:35:16.221-04:00,2026-08-25T16:30:42-04:00,match_total_games,0,,0,2734,WTA,sibling_or_pp,2,,N/A,,OK,,,0.5891836203076924,,,,,22,29,22,18,36,20,28,22,38,22,25.4,25.7,25.7,,hard,0,4.918918918918919,2.72972972972973,0.6589372573458907,0.3243243243243243,37,False,True,,,OK,5,2,3,0,0.4,0.6,0.4,0.6,2,3,2,3,0,10,4,6,0,0.4,0.6,0.4,0.6,,0,70,40.0,30,WTA,NEUTRAL,FIELD,HIGH,146,29,3,92,2026-05-25,146,1,,0.4,0.8,25.4,0.8999999999999986,0.58,-0.1309,3.138762809651475,0.4,0.008000000000000007,2.981824669168901,?,0.95,0.454,OVER,distance,distance,B,,2734,0.8999999999999986,OVER,OVER,FORCED_OVER_ONLY_GOB_DEM,OVER,ml_prob_unified,10,6.8321
14083708,Anna Bondar,ANNA BONDAR,Total Games,23.5,2026-08-25T17:00:00.000-04:00,Tennis,WTA / HARD,Demon,22,,,14083708,202896,182299,Anna Bondar,23.5,Player,CRISTINA BUCSA,,,https://www.flashscore.com/res/image/data/C00XoKfM-4hhxqfni.png,,2026-08-25T01:35:16.221-04:00,2026-08-25T16:30:42-04:00,match_total_games,0,,0,2734,WTA,sibling_or_pp,1,,N/A,,OK,,,0.5891836203076924,,,,,22,29,22,18,36,20,28,22,38,22,25.4,25.7,25.7,,hard,0,4.918918918918919,2.72972972972973,0.6589372573458907,0.3243243243243243,37,False,True,,,OK,5,2,3,0,0.4,0.6,0.4,0.6,2,3,2,3,0,10,4,6,0,0.4,0.6,0.4,0.6,,0,70,40.0,30,WTA,NEUTRAL,FIELD,HIGH,146,29,3,92,2026-05-25,146,1,,0.4,0.8,25.4,1.8999999999999986,0.58,-0.2899,3.138762809651475,0.4,0.008000000000000007,2.981824669168901,?,0.95,0.454,OVER,distance,distance,B,,2734,1.8999999999999986,OVER,OVER,FORCED_OVER_ONLY_GOB_DEM,OVER,ml_prob_unified,10,6.8321
14083356,Anna Bondar,ANNA BONDAR,Total Games,22,2026-08-25T17:00:00.000-04:00,Tennis,WTA / HARD,Standard,22,,,14083356,202896,182299,Anna Bondar,22,Player,CRISTINA BUCSA,,,https://www.flashscore.com/res/image/data/C00XoKfM-4hhxqfni.png,,2026-08-25T01:35:16.221-04:00,2026-08-25T16:30:42-04:00,match_total_games,0,,0,2734,WTA,pp_or_step1,0,,N/A,,OK,,,0.5891836203076924,,,,,22,29,22,18,36,20,28,22,38,22,25.4,25.7,25.7,,hard,0,4.918918918918919,2.72972972972973,0.6589372573458907,0.3243243243243243,37,False,True,,,OK,5,2,1,2,0.4,0.2,0.6666666666666666,0.3333333333333333,2,1,2,1,2,10,4,2,4,0.4,0.2,0.6666666666666666,0.3333333333333333,,0,70,40.0,30,WTA,NEUTRAL,FIELD,HIGH,146,29,3,92,2026-05-25,146,1,,0.6666666666666666,1.333333333333333,25.4,3.3999999999999986,0.58,-0.3877,5.619618139008043,0.6666666666666666,0.06666666666666665,5.338637232057641,?,0.95,0.6407,OVER,ml_prob,ml_prob,B,,2734,3.3999999999999986,OVER,OVER,STANDARD_L5AVG_OVER,OVER,ml_prob_unified,10,6.8321
14083710,Anna Bondar,ANNA BONDAR,Total Games,20.5,2026-08-25T17:00:00.000-04:00,Tennis,WTA / HARD,Goblin,22,,,14083710,202896,182299,Anna Bondar,20.5,Player,CRISTINA BUCSA,,,https://www.flashscore.com/res/image/data/C00XoKfM-4hhxqfni.png,,2026-08-25T01:35:16.221-04:00,2026-08-25T16:30:42-04:00,match_total_games,0,,0,2734,WTA,sibling_or_pp,1,,N/A,,OK,,,0.5891836203076924,,,,,22,29,22,18,36,20,28,22,38,22,25.4,25.7,25.7,,hard,0,4.918918918918919,2.72972972972973,0.6589372573458907,0.3243243243243243,37,False,True,,,OK,5,4,1,0,0.8,0.2,0.8,0.2,4,1,4,1,0,10,8,2,0,0.8,0.2,0.8,0.2,,0,70,40.0,30,WTA,NEUTRAL,FIELD,HIGH,146,29,3,92,2026-05-25,146,1,,0.8,1.6,25.4,4.899999999999999,0.5857,-0.4069,6.928782275603218,0.8,0.07840000000000003,6.582343161823056,?,0.95,0.7357,OVER,distance,distance,C,,2734,4.899999999999999,OVER,OVER,FORCED_OVER_ONLY_GOB_DEM,OVER,ml_prob_unified,10,6.8321
14083709,Anna Bondar,ANNA BONDAR,Total Games,19.5,2026-08-25T17:00:00.000-04:00,Tennis,WTA / HARD,Goblin,22,,,14083709,202896,182299,Anna Bondar,19.5,Player,CRISTINA BUCSA,,,https://www.flashscore.com/res/image/data/C00XoKfM-4hhxqfni.png,,2026-08-25T01:35:16.221-04:00,2026-08-25T16:30:42-04:00,match_total_games,0,,0,2734,WTA,sibling_or_pp,2,,N/A,,OK,,,0.5891836203076924,,,,,22,29,22,18,36,20,28,22,38,22,25.4,25.7,25.7,,hard,0,4.918918918918919,2.72972972972973,0.6589372573458907,0.3243243243243243,37,False,True,,,OK,5,4,1,0,0.8,0.2,0.8,0.2,4,1,4,1,0,10,9,1,0,0.9,0.1,0.9,0.1,,0,70,40.0,30,WTA,NEUTRAL,FIELD,HIGH,146,29,3,92,2026-05-25,146,1,,0.8500000000000001,1.7,25.4,5.899999999999999,0.6297,-0.3676,7.427730095442359,0.8500000000000001,0.07840000000000003,7.056343590670241,?,0.95,0.7839,OVER,distance,distance,B,,2734,5.899999999999999,OVER,OVER,FORCED_OVER_ONLY_GOB_DEM,OVER,ml_prob_unified,10,6.8321
14083897,Anna Bondar,ANNA BONDAR,Total Games,18.5,2026-08-25T17:00:00.000-04:00,Tennis,WTA / HARD,Goblin,22,,,14083897,202896,182299,Anna Bondar,18.5,Player,CRISTINA BUCSA,,,https://www.flashscore.com/res/image/data/C00XoKfM-4hhxqfni.png,,2026-08-25T01:35:16.221-04:00,2026-08-25T16:30:42-04:00,match_total_games,0,,0,2734,WTA,sibling_or_pp,3,,N/A,,OK,,,0.5891836203076924,,,,,22,29,22,18,36,20,28,22,38,22,25.4,25.7,25.7,,hard,0,4.918918918918919,2.72972972972973,0.6589372573458907,0.3243243243243243,37,False,True,,,OK,5,4,1,0,0.8,0.2,0.8,0.2,4,1,4,1,0,10,9,1,0,0.9,0.1,0.9,0.1,,0,70,40.0,30,WTA,NEUTRAL,FIELD,HIGH,146,29,3,92,2026-05-25,146,1,,0.8500000000000001,1.7,25.4,6.899999999999999,0.619,-0.38,7.427730095442359,0.8500000000000001,0.07840000000000003,7.056343590670241,?,0.95,0.7807,OVER,distance,distance,A,,2734,6.899999999999999,OVER,OVER,FORCED_OVER_ONLY_GOB_DEM,OVER,ml_prob_unified,10,6.8321
14083900,Anna Bondar,ANNA BONDAR,Total Games Won,15.5,2026-08-25T17:00:00.000-04:00,Tennis,WTA / HARD,Demon,,,,14083900,202896,182299,Anna Bondar,15.5,Player,CRISTINA BUCSA,,,https://www.flashscore.com/res/image/data/C00XoKfM-4hhxqfni.png,,2026-08-25T01:35:16.221-04:00,2026-08-25T16:30:42-04:00,games_won,0,,0,2734,WTA,,3,,N/A,,OK,,,0.5891836203076924,,,,,9,14,13,6,18,13,16,13,18,13,12,13.3,13.3,,hard,0,4.918918918918919,2.72972972972973,0.6589372573458907,0.3243243243243243,37,False,True,,,OK,5,1,4,0,0.2,0.8,0.2,0.8,1,4,1,4,0,10,3,7,0,0.3,0.7,0.3,0.7,,0,70,40.0,30,WTA,NEUTRAL,FIELD,HIGH,146,29,3,92,2026-05-25,146,1,,0.25,0.5,12,-3.5,0.58,0.5507,1.889257962466488,0.25,-0.003000000000000003,1.794795064343164,?,0.95,0.349,OVER,ml_prob_fallback,ml_prob_fallback,C,,2734,3.5,UNDER,OVER,FORCED_OVER_ONLY_GOB_DEM,OVER,ml_prob_unified,10,3.7133
14083899,Anna Bondar,ANNA BONDAR,Total Games Won,14.5,2026-08-25T17:00:00.000-04:00,Tennis,WTA / HARD,Demon,,,,14083899,202896,182299,Anna Bondar,14.5,Player,CRISTINA BUCSA,,,https://www.flashscore.com/res/image/data/C00XoKfM-4hhxqfni.png,,2026-08-25T01:35:16.221-04:00,2026-08-25T16:30:42-04:00,games_won,0,,0,2734,WTA,,2,,N/A,,OK,,,0.5891836203076924,,,,,9,14,13,6,18,13,16,13,18,13,12,13.3,13.3,,hard,0,4.918918918918919,2.72972972972973,0.6589372573458907,0.3243243243243243,37,False,True,,,OK,5,1,4,0,0.2,0.8,0.2,0.8,1,4,1,4,0,10,3,7,0,0.3,0.7,0.3,0.7,,0,70,40.0,30,WTA,NEUTRAL,FIELD,HIGH,146,29,3,92,2026-05-25,146,1,,0.25,0.5,12,-2.5,0.58,0.5041,1.889257962466488,0.25,-0.003000000000000003,1.794795064343164,?,0.95,0.349,OVER,ml_prob_fallback,ml_prob_fallback,C,,2734,2.5,UNDER,OVER,FORCED_OVER_ONLY_GOB_DEM,OVER,ml_prob_unified,10,3.7133
14083906,Cristina Bucsa,CRISTINA BUCSA,Total Games Won,14.5,2026-08-25T17:00:00.000-04:00,Tennis,WTA / HARD,Demon,,,,14083906,206198,182299,Cristina Bucsa,14.5,Player,ANNA BONDAR,,,https://www.flashscore.com/res/image/data/8YCMaEYA-tn3cPbyh.png,,2026-08-25T01:35:16.221-04:00,2026-08-25T16:30:42-04:00,games_won,0,,0,3157,WTA,,3,,N/A,,OK,,,0.6408666154878724,,,,,4,14,7,13,14,,,,,,10.4,10.4,10.4,,hard,0,1.130434782608696,3.304347826086957,0.6282616760690299,0.4791666666666667,48,False,False,,,OK,5,0,5,0,0,1,0,1,0,5,0,5,0,5,0,5,0,0,1,0,1,,0,40,70.0,-30,WTA,NEUTRAL,FIELD,HIGH,128,28,3,92,2026-05-25,128,1,,0.0,0,10.4,-4.1,0.58,0.5637,0,0,-0.003000000000000003,0,?,0.95,0.174,OVER,ml_prob_fallback,ml_prob_fallback,C,,3157,4.1,UNDER,OVER,FORCED_OVER_ONLY_GOB_DEM,OVER,ml_prob_unified,5,4.6152
14083898,Anna Bondar,ANNA BONDAR,Total Games Won,13.5,2026-08-25T17:00:00.000-04:00,Tennis,WTA / HARD,Demon,,,,14083898,202896,182299,Anna Bondar,13.5,Player,CRISTINA BUCSA,,,https://www.flashscore.com/res/image/data/C00XoKfM-4hhxqfni.png,,2026-08-25T01:35:16.221-04:00,2026-08-25T16:30:42-04:00,games_won,0,,0,2734,WTA,,1,,N/A,,OK,,,0.5891836203076924,,,,,9,14,13,6,18,13,16,13,18,13,12,13.3,13.3,,hard,0,4.918918918918919,2.72972972972973,0.6589372573458907,0.3243243243243243,37,False,True,,,OK,5,2,3,0,0.4,0.6,0.4,0.6,2,3,2,3,0,10,4,6,0,0.4,0.6,0.4,0.6,,0,70,40.0,30,WTA,NEUTRAL,FIELD,HIGH,146,29,3,92,2026-05-25,146,1,,0.4,0.8,12,-1.5,0.58,0.3976,3.138762809651475,0.4,0.008000000000000007,2.981824669168901,?,0.95,0.454,OVER,ml_prob_fallback,ml_prob_fallback,C,,2734,1.5,UNDER,OVER,FORCED_OVER_ONLY_GOB_DEM,OVER,ml_prob_unified,10,3.7133
14083905,Cristina Bucsa,CRISTINA BUCSA,Total Games Won,13.5,2026-08-25T17:00:00.000-04:00,Tennis,WTA / HARD,Demon,,,,14083905,206198,182299,Cristina Bucsa,13.5,Player,ANNA BONDAR,,,https://www.flashscore.com/res/image/data/8YCMaEYA-tn3cPbyh.png,,2026-08-25T01:35:16.221-04:00,2026-08-25T16:30:42-04:00,games_won,0,,0,3157,WTA,,2,,N/A,,OK,,,0.6408666154878724,,,,,4,14,7,13,14,,,,,,10.4,10.4,10.4,,hard,0,1.130434782608696,3.304347826086957,0.6282616760690299,0.4791666666666667,48,False,False,,,OK,5,2,3,0,0.4,0.6,0.4,0.6,2,3,2,3,0,5,2,3,0,0.4,0.6,0.4,0.6,,0,40,70.0,-30,WTA,NEUTRAL,FIELD,HIGH,128,28,3,92,2026-05-25,128,1,,0.4,0.8,10.4,-3.0999999999999996,0.58,0.5369,3.138762809651475,0.4,0.008000000000000007,2.981824669168901,?,0.95,0.454,OVER,ml_prob_fallback,ml_prob_fallback,C,,3157,3.0999999999999996,UNDER,OVER,FORCED_OVER_ONLY_GOB_DEM,OVER,ml_prob_unified,5,4.6152
14083725,Cristina Bucsa,CRISTINA BUCSA,Total Games Won,12.5,2026-08-25T17:00:00.000-04:00,Tennis,WTA / HARD,Demon,,,,14083725,206198,182299,Cristina Bucsa,12.5,Player,ANNA BONDAR,,,https://www.flashscore.com/res/image/data/8YCMaEYA-tn3cPbyh.png,,2026-08-25T01:35:16.221-04:00,2026-08-25T16:30:42-04:00,games_won,0,,0,3157,WTA,,1,,N/A,,OK,,,0.6408666154878724,,,,,4,14,7,13,14,,,,,,10.4,10.4,10.4,,hard,0,1.130434782608696,3.304347826086957,0.6282616760690299,0.4791666666666667,48,False,False,,,OK,5,3,2,0,0.6,0.4,0.6,0.4,3,2,3,2,0,5,3,2,0,0.6,0.4,0.6,0.4,,0,40,70.0,-30,WTA,NEUTRAL,FIELD,HIGH,128,28,3,92,2026-05-25,128,1,,0.6,1.2,10.4,-2.0999999999999996,0.58,0.4709,4.976052675603216,0.6,0.05200000000000005,4.727250041823055,?,0.95,0.594,OVER,ml_prob_fallback,ml_prob_fallback,B,,3157,2.0999999999999996,UNDER,OVER,FORCED_OVER_ONLY_GOB_DEM,OVER,ml_prob_unified,5,4.6152
14083902,Anna Bondar,ANNA BONDAR,Total Games Won,11.5,2026-08-25T17:00:00.000-04:00,Tennis,WTA / HARD,Goblin,13,,,14083902,202896,182299,Anna Bondar,11.5,Player,CRISTINA BUCSA,,,https://www.flashscore.com/res/image/data/C00XoKfM-4hhxqfni.png,,2026-08-25T01:35:16.221-04:00,2026-08-25T16:30:42-04:00,games_won,0,,0,2734,WTA,offset_estimate,1,,N/A,,OK,,,0.5891836203076924,,,,,9,14,13,6,18,13,16,13,18,13,12,13.3,13.3,,hard,0,4.918918918918919,2.72972972972973,0.6589372573458907,0.3243243243243243,37,False,True,,,OK,5,3,2,0,0.6,0.4,0.6,0.4,3,2,3,2,0,10,8,2,0,0.8,0.2,0.8,0.2,,0,70,40.0,30,WTA,NEUTRAL,FIELD,HIGH,146,29,3,92,2026-05-25,146,1,,0.7,1.4,12,0.5,0.5891,-0.0334,5.939644654155496,0.7,0.05200000000000005,5.642662421447722,?,0.95,0.6667,OVER,distance,distance,C,,2734,0.5,OVER,OVER,FORCED_OVER_ONLY_GOB_DEM,OVER,ml_prob_unified,10,3.7133
14083901,Anna Bondar,ANNA BONDAR,Total Games Won,10.5,2026-08-25T17:00:00.000-04:00,Tennis,WTA / HARD,Goblin,12.5,,,14083901,202896,182299,Anna Bondar,10.5,Player,CRISTINA BUCSA,,,https://www.flashscore.com/res/image/data/C00XoKfM-4hhxqfni.png,,2026-08-25T01:35:16.221-04:00,2026-08-25T16:30:42-04:00,games_won,0,,0,2734,WTA,offset_estimate,2,,N/A,,OK,,,0.5891836203076924,,,,,9,14,13,6,18,13,16,13,18,13,12,13.3,13.3,,hard,0,4.918918918918919,2.72972972972973,0.6589372573458907,0.3243243243243243,37,False,True,,,OK,5,3,2,0,0.6,0.4,0.6,0.4,3,2,3,2,0,10,8,2,0,0.8,0.2,0.8,0.2,,0,70,40.0,30,WTA,NEUTRAL,FIELD,HIGH,146,29,3,92,2026-05-25,146,1,,0.7,1.4,12,1.5,0.58,-0.2376,5.939644654155496,0.7,0.05200000000000005,5.642662421447722,?,0.95,0.664,OVER,distance,distance,B,,2734,1.5,OVER,OVER,FORCED_OVER_ONLY_GOB_DEM,OVER,ml_prob_unified,10,3.7133
14083909,Cristina Bucsa,CRISTINA BUCSA,Total Games Won,10.5,2026-08-25T17:00:00.000-04:00,Tennis,WTA / HARD,Goblin,12,,,14083909,206198,182299,Cristina Bucsa,10.5,Player,ANNA BONDAR,,,https://www.flashscore.com/res/image/data/8YCMaEYA-tn3cPbyh.png,,2026-08-25T01:35:16.221-04:00,2026-08-25T16:30:42-04:00,games_won,0,,0,3157,WTA,offset_estimate,1,,N/A,,OK,,,0.6408666154878724,,,,,4,14,7,13,14,,,,,,10.4,10.4,10.4,,hard,0,1.130434782608696,3.304347826086957,0.6282616760690299,0.4791666666666667,48,False,False,,,OK,5,3,2,0,0.6,0.4,0.6,0.4,3,2,3,2,0,5,3,2,0,0.6,0.4,0.6,0.4,,0,40,70.0,-30,WTA,NEUTRAL,FIELD,HIGH,128,28,3,92,2026-05-25,128,1,,0.6,1.2,10.4,-0.09999999999999964,0.5999,0.1248,4.976052675603216,0.6,0.05200000000000005,4.727250041823055,?,0.95,0.6,OVER,distance,distance,C,,3157,0.09999999999999964,UNDER,OVER,FORCED_OVER_ONLY_GOB_DEM,OVER,ml_prob_unified,5,4.6152
14083903,Anna Bondar,ANNA BONDAR,Total Games Won,9.5,2026-08-25T17:00:00.000-04:00,Tennis,WTA / HARD,Goblin,12.5,,,14083903,202896,182299,Anna Bondar,9.5,Player,CRISTINA BUCSA,,,https://www.flashscore.com/res/image/data/C00XoKfM-4hhxqfni.png,,2026-08-25T01:35:16.221-04:00,2026-08-25T16:30:42-04:00,games_won,0,,0,2734,WTA,offset_estimate,3,,N/A,,OK,,,0.5891836203076924,,,,,9,14,13,6,18,13,16,13,18,13,12,13.3,13.3,,hard,0,4.918918918918919,2.72972972972973,0.6589372573458907,0.3243243243243243,37,False,True,,,OK,5,3,2,0,0.6,0.4,0.6,0.4,3,2,3,2,0,10,8,2,0,0.8,0.2,0.8,0.2,,0,70,40.0,30,WTA,NEUTRAL,FIELD,HIGH,146,29,3,92,2026-05-25,146,1,,0.7,1.4,12,2.5,0.58,-0.3441,5.939644654155496,0.7,0.05200000000000005,5.642662421447722,?,0.95,0.664,OVER,distance,distance,B,,2734,2.5,OVER,OVER,FORCED_OVER_ONLY_GOB_DEM,OVER,ml_prob_unified,10,3.7133
14083907,Cristina Bucsa,CRISTINA BUCSA,Total Games Won,9.5,2026-08-25T17:00:00.000-04:00,Tennis,WTA / HARD,Goblin,11.5,,,14083907,206198,182299,Cristina Bucsa,9.5,Player,ANNA BONDAR,,,https://www.flashscore.com/res/image/data/8YCMaEYA-tn3cPbyh.png,,2026-08-25T01:35:16.221-04:00,2026-08-25T16:30:42-04:00,games_won,0,,0,3157,WTA,offset_estimate,2,,N/A,,OK,,,0.6408666154878724,,,,,4,14,7,13,14,,,,,,10.4,10.4,10.4,,hard,0,1.130434782608696,3.304347826086957,0.6282616760690299,0.4791666666666667,48,False,False,,,OK,5,3,2,0,0.6,0.4,0.6,0.4,3,2,3,2,0,5,3,2,0,0.6,0.4,0.6,0.4,,0,40,70.0,-30,WTA,NEUTRAL,FIELD,HIGH,128,28,3,92,2026-05-25,128,1,,0.6,1.2,10.4,0.9000000000000004,0.58,-0.1309,4.976052675603216,0.6,0.05200000000000005,4.727250041823055,?,0.95,0.594,OVER,distance,distance,B,,3157,0.9000000000000004,OVER,OVER,FORCED_OVER_ONLY_GOB_DEM,OVER,ml_prob_unified,5,4.6152
14083908,Cristina Bucsa,CRISTINA BUCSA,Total Games Won,8.5,2026-08-25T17:00:00.000-04:00,Tennis,WTA / HARD,Goblin,11.5,,,14083908,206198,182299,Cristina Bucsa,8.5,Player,ANNA BONDAR,,,https://www.flashscore.com/res/image/data/8YCMaEYA-tn3cPbyh.png,,2026-08-25T01:35:16.221-04:00,2026-08-25T16:30:42-04:00,games_won,0,,0,3157,WTA,offset_estimate,3,,N/A,,OK,,,0.6408666154878724,,,,,4,14,7,13,14,,,,,,10.4,10.4,10.4,,hard,0,1.130434782608696,3.304347826086957,0.6282616760690299,0.4791666666666667,48,False,False,,,OK,5,3,2,0,0.6,0.4,0.6,0.4,3,2,3,2,0,5,3,2,0,0.6,0.4,0.6,0.4,,0,40,70.0,-30,WTA,NEUTRAL,FIELD,HIGH,128,28,3,92,2026-05-25,128,1,,0.6,1.2,10.4,1.9000000000000004,0.58,-0.2899,4.976052675603216,0.6,0.05200000000000005,4.727250041823055,?,0.95,0.594,OVER,distance,distance,B,,3157,1.9000000000000004,OVER,OVER,FORCED_OVER_ONLY_GOB_DEM,OVER,ml_prob_unified,5,4.6152
14086009,Anna Bondar,ANNA BONDAR,Aces,8.5,2026-08-25T17:00:00.000-04:00,Tennis,WTA / HARD,Demon,,,,14086009,202896,182299,Anna Bondar,8.5,Player,CRISTINA BUCSA,,,https://www.flashscore.com/res/image/data/C00XoKfM-4hhxqfni.png,,2026-08-25T01:35:16.221-04:00,2026-08-25T16:30:42-04:00,aces,0,,0,2734,WTA,,2,,N/A,,OK,,,0.5891836203076924,,,,,5,2,1,0,5,2,0,3,2,0,2.6,2,2,,hard,0,4.918918918918919,2.72972972972973,0.6589372573458907,0.3243243243243243,37,False,True,,,OK,5,0,5,0,0,1,0,1,0,5,0,5,0,10,0,10,0,0,1,0,1,,0,70,40.0,30,WTA,SERVE_HEAVY,FIELD,HIGH,146,29,3,92,2026-05-25,146,1,,0.0,0,2.6,-5.9,0.0378,0.0351,0,0,-0.003000000000000003,0,?,0.95,0.0113,OVER,ml_prob_fallback,ml_prob_fallback,C,,2734,5.9,UNDER,OVER,FORCED_OVER_ONLY_GOB_DEM,OVER,ml_prob_unified,10,1.8856
14086010,Anna Bondar,ANNA BONDAR,Aces,7.5,2026-08-25T17:00:00.000-04:00,Tennis,WTA / HARD,Demon,,,,14086010,202896,182299,Anna Bondar,7.5,Player,CRISTINA BUCSA,,,https://www.flashscore.com/res/image/data/C00XoKfM-4hhxqfni.png,,2026-08-25T01:35:16.221-04:00,2026-08-25T16:30:42-04:00,aces,0,,0,2734,WTA,,1,,N/A,,OK,,,0.5891836203076924,,,,,5,2,1,0,5,2,0,3,2,0,2.6,2,2,,hard,0,4.918918918918919,2.72972972972973,0.6589372573458907,0.3243243243243243,37,False,True,,,OK,5,0,5,0,0,1,0,1,0,5,0,5,0,10,0,10,0,0,1,0,1,,0,70,40.0,30,WTA,SERVE_HEAVY,FIELD,HIGH,146,29,3,92,2026-05-25,146,1,,0.0,0,2.6,-4.9,0.0586,0.0512,0,0,-0.003000000000000003,0,?,0.95,0.0176,OVER,ml_prob_fallback,ml_prob_fallback,C,,2734,4.9,UNDER,OVER,FORCED_OVER_ONLY_GOB_DEM,OVER,ml_prob_unified,10,1.8856
14086021,Cristina Bucsa,CRISTINA BUCSA,Double Faults,7.5,2026-08-25T17:00:00.000-04:00,Tennis,WTA / HARD,Demon,,,,14086021,206198,182299,Cristina Bucsa,7.5,Player,ANNA BONDAR,,,https://www.flashscore.com/res/image/data/8YCMaEYA-tn3cPbyh.png,,2026-08-25T01:35:16.221-04:00,2026-08-25T16:30:42-04:00,double_faults,0,,0,3157,WTA,,4,,N/A,,OK,,,0.6408666154878724,,,,,3,1,3,10,8,1,0,3,3,0,5,3.2,3.2,,hard,0,1.130434782608696,3.304347826086957,0.6282616760690299,0.4791666666666667,48,False,False,,,OK,5,2,3,0,0.4,0.6,0.4,0.6,2,3,2,3,0,10,2,8,0,0.2,0.8,0.2,0.8,,0,40,70.0,-30,WTA,NEUTRAL,FIELD,HIGH,128,28,3,92,2026-05-25,128,1,,0.30000000000000004,0.6000000000000001,5,-2.5,0.0483,-0.0276,2.297179882037534,0.3,0.008000000000000007,2.182320887935657,?,0.95,0.2245,OVER,ml_prob_fallback,ml_prob_fallback,C,,3157,2.5,UNDER,OVER,FORCED_OVER_ONLY_GOB_DEM,OVER,ml_prob_unified,10,3.3267
14086020,Cristina Bucsa,CRISTINA BUCSA,Double Faults,6.5,2026-08-25T17:00:00.000-04:00,Tennis,WTA / HARD,Demon,,,,14086020,206198,182299,Cristina Bucsa,6.5,Player,ANNA BONDAR,,,https://www.flashscore.com/res/image/data/8YCMaEYA-tn3cPbyh.png,,2026-08-25T01:35:16.221-04:00,2026-08-25T16:30:42-04:00,double_faults,0,,0,3157,WTA,,3,,N/A,,OK,,,0.6408666154878724,,,,,3,1,3,10,8,1,0,3,3,0,5,3.2,3.2,,hard,0,1.130434782608696,3.304347826086957,0.6282616760690299,0.4791666666666667,48,False,False,,,OK,5,2,3,0,0.4,0.6,0.4,0.6,2,3,2,3,0,10,2,8,0,0.2,0.8,0.2,0.8,,0,40,70.0,-30,WTA,NEUTRAL,FIELD,HIGH,128,28,3,92,2026-05-25,128,1,,0.30000000000000004,0.6000000000000001,5,-1.5,0.0656,-0.1168,2.297179882037534,0.3,0.008000000000000007,2.182320887935657,?,0.95,0.2297,OVER,ml_prob_fallback,ml_prob_fallback,C,,3157,1.5,UNDER,OVER,FORCED_OVER_ONLY_GOB_DEM,OVER,ml_prob_unified,10,3.3267
14086008,Anna Bondar,ANNA BONDAR,Aces,5.5,2026-08-25T17:00:00.000-04:00,Tennis,WTA / HARD,Goblin,7,,,14086008,202896,182299,Anna Bondar,5.5,Player,CRISTINA BUCSA,,,https://www.flashscore.com/res/image/data/C00XoKfM-4hhxqfni.png,,2026-08-25T01:35:16.221-04:00,2026-08-25T16:30:42-04:00,aces,0,,0,2734,WTA,offset_estimate,1,,N/A,,OK,,,0.5891836203076924,,,,,5,2,1,0,5,2,0,3,2,0,2.6,2,2,,hard,0,4.918918918918919,2.72972972972973,0.6589372573458907,0.3243243243243243,37,False,True,,,OK,5,0,5,0,0,1,0,1,0,5,0,5,0,10,0,10,0,0,1,0,1,,0,70,40.0,30,WTA,SERVE_HEAVY,FIELD,HIGH,146,29,3,92,2026-05-25,146,1,,0.0,0,2.6,-2.9,0.08,0.0278,0,0,-0.003000000000000003,0,?,0.95,0.024,OVER,distance,distance,C,,2734,2.9,UNDER,OVER,FORCED_OVER_ONLY_GOB_DEM,OVER,ml_prob_unified,10,1.8856
14086013,Anna Bondar,ANNA BONDAR,Double Faults,5.5,2026-08-25T17:00:00.000-04:00,Tennis,WTA / HARD,Demon,,,,14086013,202896,182299,Anna Bondar,5.5,Player,CRISTINA BUCSA,,,https://www.flashscore.com/res/image/data/C00XoKfM-4hhxqfni.png,,2026-08-25T01:35:16.221-04:00,2026-08-25T16:30:42-04:00,double_faults,0,,0,2734,WTA,,3,,N/A,,OK,,,0.5891836203076924,,,,,4,5,3,0,4,0,1,2,4,0,3.2,2.3,2.3,,hard,0,4.918918918918919,2.72972972972973,0.6589372573458907,0.3243243243243243,37,False,True,,,OK,5,0,5,0,0,1,0,1,0,5,0,5,0,10,0,10,0,0,1,0,1,,0,70,40.0,30,WTA,NEUTRAL,FIELD,HIGH,146,29,3,92,2026-05-25,146,1,,0.0,0,3.2,-2.3,0.0547,-0.0364,0,0,-0.003000000000000003,0,?,0.95,0.0164,OVER,ml_prob_fallback,ml_prob_fallback,C,,2734,2.3,UNDER,OVER,FORCED_OVER_ONLY_GOB_DEM,OVER,ml_prob_unified,10,1.9465
14086019,Cristina Bucsa,CRISTINA BUCSA,Double Faults,5.5,2026-08-25T17:00:00.000-04:00,Tennis,WTA / HARD,Demon,,,,14086019,206198,182299,Cristina Bucsa,5.5,Player,ANNA BONDAR,,,https://www.flashscore.com/res/image/data/8YCMaEYA-tn3cPbyh.png,,2026-08-25T01:35:16.221-04:00,2026-08-25T16:30:42-04:00,double_faults,0,,0,3157,WTA,,2,,N/A,,OK,,,0.6408666154878724,,,,,3,1,3,10,8,1,0,3,3,0,5,3.2,3.2,,hard,0,1.130434782608696,3.304347826086957,0.6282616760690299,0.4791666666666667,48,False,False,,,OK,5,2,3,0,0.4,0.6,0.4,0.6,2,3,2,3,0,10,2,8,0,0.2,0.8,0.2,0.8,,0,40,70.0,-30,WTA,NEUTRAL,FIELD,HIGH,128,28,3,92,2026-05-25,128,1,,0.30000000000000004,0.6000000000000001,5,-0.5,0.0705,-0.3071,2.297179882037534,0.3,0.008000000000000007,2.182320887935657,?,0.95,0.2312,OVER,ml_prob_fallback,ml_prob_fallback,C,,3157,0.5,UNDER,OVER,FORCED_OVER_ONLY_GOB_DEM,OVER,ml_prob_unified,10,3.3267
14086012,Anna Bondar,ANNA BONDAR,Double Faults,4.5,2026-08-25T17:00:00.000-04:00,Tennis,WTA / HARD,Demon,,,,14086012,202896,182299,Anna Bondar,4.5,Player,CRISTINA BUCSA,,,https://www.flashscore.com/res/image/data/C00XoKfM-4hhxqfni.png,,2026-08-25T01:35:16.221-04:00,2026-08-25T16:30:42-04:00,double_faults,0,,0,2734,WTA,,2,,N/A,,OK,,,0.5891836203076924,,,,,4,5,3,0,4,0,1,2,4,0,3.2,2.3,2.3,,hard,0,4.918918918918919,2.72972972972973,0.6589372573458907,0.3243243243243243,37,False,True,,,OK,5,1,4,0,0.2,0.8,0.2,0.8,1,4,1,4,0,10,1,9,0,0.1,0.9,0.1,0.9,,0,70,40.0,30,WTA,NEUTRAL,FIELD,HIGH,146,29,3,92,2026-05-25,146,1,,0.15000000000000002,0.3,3.2,-1.2999999999999998,0.0796,-0.1345,1.104585876675603,0.15,-0.003000000000000003,1.049356582841823,?,0.95,0.1289,OVER,ml_prob_fallback,ml_prob_fallback,C,,2734,1.2999999999999998,UNDER,OVER,FORCED_OVER_ONLY_GOB_DEM,OVER,ml_prob_unified,10,1.9465
14124365,Anna Bondar,ANNA BONDAR,Aces,4.5,2026-08-25T17:00:00.000-04:00,Tennis,WTA / HARD,Goblin,6.5,,,14124365,202896,182299,Anna Bondar,4.5,Player,CRISTINA BUCSA,,,https://www.flashscore.com/res/image/data/C00XoKfM-4hhxqfni.png,,2026-08-25T06:18:55.468-04:00,2026-08-25T16:30:42-04:00,aces,0,,0,2734,WTA,offset_estimate,2,,N/A,,OK,,,0.5891836203076924,,,,,5,2,1,0,5,2,0,3,2,0,2.6,2,2,,hard,0,4.918918918918919,2.72972972972973,0.6589372573458907,0.3243243243243243,37,False,True,,,OK,5,2,3,0,0.4,0.6,0.4,0.6,2,3,2,3,0,10,2,8,0,0.2,0.8,0.2,0.8,,0,70,40.0,30,WTA,SERVE_HEAVY,FIELD,HIGH,146,29,3,92,2026-05-25,146,1,,0.30000000000000004,0.6000000000000001,2.6,-1.9,0.08,-0.0501,2.297179882037534,0.3,0.008000000000000007,2.182320887935657,?,0.95,0.234,OVER,distance,distance,B,,2734,1.9,UNDER,OVER,FORCED_OVER_ONLY_GOB_DEM,OVER,ml_prob_unified,10,1.8856
14086014,Anna Bondar,ANNA BONDAR,Double Faults,3.5,2026-08-25T17:00:00.000-04:00,Tennis,WTA / HARD,Demon,,,,14086014,202896,182299,Anna Bondar,3.5,Player,CRISTINA BUCSA,,,https://www.flashscore.com/res/image/data/C00XoKfM-4hhxqfni.png,,2026-08-25T01:35:16.221-04:00,2026-08-25T16:30:42-04:00,double_faults,0,,0,2734,WTA,,1,,N/A,,OK,,,0.5891836203076924,,,,,4,5,3,0,4,0,1,2,4,0,3.2,2.3,2.3,,hard,0,4.918918918918919,2.72972972972973,0.6589372573458907,0.3243243243243243,37,False,True,,,OK,5,3,2,0,0.6,0.4,0.6,0.4,3,2,3,2,0,10,4,6,0,0.4,0.6,0.4,0.6,,0,70,40.0,30,WTA,NEUTRAL,FIELD,HIGH,146,29,3,92,2026-05-25,146,1,,0.5,1,3.2,-0.2999999999999998,0.08,-0.3456,4.033123431635389,0.5,0.05200000000000005,3.831467260053619,?,0.95,0.374,OVER,ml_prob_fallback,ml_prob_fallback,B,,2734,0.2999999999999998,UNDER,OVER,FORCED_OVER_ONLY_GOB_DEM,OVER,ml_prob_unified,10,1.9465
14086017,Cristina Bucsa,CRISTINA BUCSA,Aces,3.5,2026-08-25T17:00:00.000-04:00,Tennis,WTA / HARD,Demon,,,,14086017,206198,182299,Cristina Bucsa,3.5,Player,ANNA BONDAR,,,https://www.flashscore.com/res/image/data/8YCMaEYA-tn3cPbyh.png,,2026-08-25T01:35:16.221-04:00,2026-08-25T16:30:42-04:00,aces,0,,0,3157,WTA,,2,,N/A,,OK,,,0.6408666154878724,,,,,0,2,1,1,2,0,2,0,0,0,1.2,0.8,0.8,,hard,0,1.130434782608696,3.304347826086957,0.6282616760690299,0.4791666666666667,48,False,False,,,OK,5,0,5,0,0,1,0,1,0,5,0,5,0,10,0,10,0,0,1,0,1,,0,40,70.0,-30,WTA,SERVE_HEAVY,FIELD,HIGH,128,28,3,92,2026-05-25,128,1,,0.0,0,1.2,-2.3,0.0662,-0.0249,0,0,-0.003000000000000003,0,?,0.95,0.0199,OVER,ml_prob_fallback,ml_prob_fallback,C,,3157,2.3,UNDER,OVER,FORCED_OVER_ONLY_GOB_DEM,OVER,ml_prob_unified,10,0.9189
14086018,Cristina Bucsa,CRISTINA BUCSA,Double Faults,3.5,2026-08-25T17:00:00.000-04:00,Tennis,WTA / HARD,Demon,,,,14086018,206198,182299,Cristina Bucsa,3.5,Player,ANNA BONDAR,,,https://www.flashscore.com/res/image/data/8YCMaEYA-tn3cPbyh.png,,2026-08-25T01:35:16.221-04:00,2026-08-25T16:30:42-04:00,double_faults,0,,0,3157,WTA,,1,,N/A,,OK,,,0.6408666154878724,,,,,3,1,3,10,8,1,0,3,3,0,5,3.2,3.2,,hard,0,1.130434782608696,3.304347826086957,0.6282616760690299,0.4791666666666667,48,False,False,,,OK,5,2,3,0,0.4,0.6,0.4,0.6,2,3,2,3,0,10,2,8,0,0.2,0.8,0.2,0.8,,0,40,70.0,-30,WTA,NEUTRAL,FIELD,HIGH,128,28,3,92,2026-05-25,128,1,,0.30000000000000004,0.6000000000000001,5,1.5,0.0766,-0.741,2.297179882037534,0.3,0.008000000000000007,2.182320887935657,?,0.95,0.233,OVER,ml_prob_fallback,ml_prob_fallback,C,,3157,1.5,OVER,OVER,FORCED_OVER_ONLY_GOB_DEM,OVER,ml_prob_unified,10,3.3267
14083384,Anna Bondar,ANNA BONDAR,Total Sets,2.5,2026-08-25T17:00:00.000-04:00,Tennis,WTA / HARD,Demon,,,,14083384,202896,182299,Anna Bondar,2.5,Player,CRISTINA BUCSA,,,https://www.flashscore.com/res/image/data/C00XoKfM-4hhxqfni.png,,2026-08-25T01:35:16.221-04:00,2026-08-25T16:30:42-04:00,total_sets,0,,0,2734,WTA,,1,,N/A,,OK,,,0.5891836203076924,,,,,2,3,2,2,3,2,3,2,3,2,2.4,2.4,2.4,,hard,0,4.918918918918919,2.72972972972973,0.6589372573458907,0.3243243243243243,37,False,True,,,OK,5,2,3,0,0.4,0.6,0.4,0.6,2,3,2,3,0,10,4,6,0,0.4,0.6,0.4,0.6,,0,70,40.0,30,WTA,NEUTRAL,FIELD,HIGH,146,29,3,92,2026-05-25,146,1,,0.4,0.8,2.4,-0.10000000000000009,0.3659,-0.1092,3.138762809651475,0.4,0.008000000000000007,2.981824669168901,?,0.95,0.3898,OVER,ml_prob_fallback,ml_prob_fallback,C,,2734,0.10000000000000009,UNDER,OVER,FORCED_OVER_ONLY_GOB_DEM,OVER,ml_prob_unified,10,0.5164
14086016,Cristina Bucsa,CRISTINA BUCSA,Aces,2.5,2026-08-25T17:00:00.000-04:00,Tennis,WTA / HARD,Demon,,,,14086016,206198,182299,Cristina Bucsa,2.5,Player,ANNA BONDAR,,,https://www.flashscore.com/res/image/data/8YCMaEYA-tn3cPbyh.png,,2026-08-25T01:35:16.221-04:00,2026-08-25T16:30:42-04:00,aces,0,,0,3157,WTA,,1,,N/A,,OK,,,0.6408666154878724,,,,,0,2,1,1,2,0,2,0,0,0,1.2,0.8,0.8,,hard,0,1.130434782608696,3.304347826086957,0.6282616760690299,0.4791666666666667,48,False,False,,,OK,5,0,5,0,0,1,0,1,0,5,0,5,0,10,0,10,0,0,1,0,1,,0,40,70.0,-30,WTA,SERVE_HEAVY,FIELD,HIGH,128,28,3,92,2026-05-25,128,1,,0.0,0,1.2,-1.3,0.08,-0.1342,0,0,-0.003000000000000003,0,?,0.95,0.024,OVER,ml_prob_fallback,ml_prob_fallback,C,,3157,1.3,UNDER,OVER,FORCED_OVER_ONLY_GOB_DEM,OVER,ml_prob_unified,10,0.9189
14083904,Anna Bondar,ANNA BONDAR,Total Tie Breaks,0.5,2026-08-25T17:00:00.000-04:00,Tennis,WTA / HARD,Demon,,,,14083904,202896,182299,Anna Bondar,0.5,Player,CRISTINA BUCSA,,,https://www.flashscore.com/res/image/data/C00XoKfM-4hhxqfni.png,,2026-08-25T01:35:16.221-04:00,2026-08-25T16:30:42-04:00,total_tie_breaks,0,,0,2734,WTA,,1,,N/A,,OK,,,0.5891836203076924,,,,,1,0,0,0,2,1,0,0,2,0,0.6,0.6,0.6,,hard,0,4.918918918918919,2.72972972972973,0.6589372573458907,0.3243243243243243,37,False,True,,,OK,5,2,3,0,0.4,0.6,0.4,0.6,2,3,2,3,0,10,4,6,0,0.4,0.6,0.4,0.6,,0,70,40.0,30,WTA,NEUTRAL,FIELD,HIGH,146,29,3,92,2026-05-25,146,1,,0.4,0.8,0.6,0.09999999999999998,0.3659,-0.1591,3.138762809651475,0.4,0.008000000000000007,2.981824669168901,?,0.95,0.3898,OVER,ml_prob_fallback,ml_prob_fallback,C,,2734,0.09999999999999998,OVER,OVER,FORCED_OVER_ONLY_GOB_DEM,OVER,ml_prob_unified,10,0.8433
14124574,Cristina Bucsa,CRISTINA BUCSA,Aces,0.5,2026-08-25T17:00:00.000-04:00,Tennis,WTA / HARD,Goblin,2,,,14124574,206198,182299,Cristina Bucsa,0.5,Player,ANNA BONDAR,,,https://www.flashscore.com/res/image/data/8YCMaEYA-tn3cPbyh.png,,2026-08-25T06:30:47.069-04:00,2026-08-25T16:30:42-04:00,aces,0,,0,3157,WTA,offset_estimate,1,,N/A,,OK,,,0.6408666154878724,,,,,0,2,1,1,2,0,2,0,0,0,1.2,0.8,0.8,,hard,0,1.130434782608696,3.304347826086957,0.6282616760690299,0.4791666666666667,48,False,False,,,OK,5,4,1,0,0.8,0.2,0.8,0.2,4,1,4,1,0,10,5,5,0,0.5,0.5,0.5,0.5,,0,40,70.0,-30,WTA,SERVE_HEAVY,FIELD,HIGH,128,28,3,92,2026-05-25,128,1,,0.65,1.3,1.2,0.7,0.08,-0.5882,5.46120369544236,0.65,0.07840000000000003,5.188143510670241,?,0.95,0.479,OVER,distance,distance,C,,3157,0.7,OVER,OVER,FORCED_OVER_ONLY_GOB_DEM,OVER,ml_prob_unified,10,0.9189
14080081,Katherine Sebov,KATHERINE SEBOV,Total Games,26.5,2026-08-25T15:30:00.000-04:00,Tennis,WTA / HARD,Demon,21.5,,,14080081,233638,182155,Katherine Sebov,26.5,Player,JULIA AVDEEVA,,,https://static.prizepicks.com/images/manual/KatherineSebov.webp,,2026-08-25T15:19:48.673-04:00,2026-08-25T16:30:42-04:00,match_total_games,0,,0,2760,WTA,sibling_or_pp,3,,N/A,,OK,,,,,,,,19,19,20,18,16,,,,,,18.4,18.4,18.4,,hard,0,,,,,,,,,,OK,5,0,5,0,0,1,0,1,0,5,0,5,0,5,0,5,0,0,1,0,1,,0,250,250.0,0,WTA,NEUTRAL,FIELD,HIGH,53,12,2,512,2025-03-31,53,1,,0.0,0,18.4,-8.100000000000001,0.58,0.5797,0,0,-0.003000000000000003,0,?,0.95,0.174,OVER,distance,distance,C,,2760,8.100000000000001,UNDER,OVER,FORCED_OVER_ONLY_GOB_DEM,OVER,ml_prob_unified,5,1.5166
14076591,Katherine Sebov,KATHERINE SEBOV,Total Games,24.5,2026-08-25T15:30:00.000-04:00,Tennis,WTA / HARD,Demon,21.5,,,14076591,233638,182155,Katherine Sebov,24.5,Player,JULIA AVDEEVA,,,https://static.prizepicks.com/images/manual/KatherineSebov.webp,,2026-08-25T15:03:16.455-04:00,2026-08-25T16:30:42-04:00,match_total_games,0,,0,2760,WTA,sibling_or_pp,2,,N/A,,OK,,,,,,,,19,19,20,18,16,,,,,,18.4,18.4,18.4,,hard,0,,,,,,,,,,OK,5,0,5,0,0,1,0,1,0,5,0,5,0,5,0,5,0,0,1,0,1,,0,250,250.0,0,WTA,NEUTRAL,FIELD,HIGH,53,12,2,512,2025-03-31,53,1,,0.0,0,18.4,-6.100000000000001,0.58,0.5778,0,0,-0.003000000000000003,0,?,0.95,0.174,OVER,distance,distance,B,,2760,6.100000000000001,UNDER,OVER,FORCED_OVER_ONLY_GOB_DEM,OVER,ml_prob_unified,5,1.5166
14076592,Katherine Sebov,KATHERINE SEBOV,Total Games,23.5,2026-08-25T15:30:00.000-04:00,Tennis,WTA / HARD,Demon,21.5,,,14076592,233638,182155,Katherine Sebov,23.5,Player,JULIA AVDEEVA,,,https://static.prizepicks.com/images/manual/KatherineSebov.webp,,2026-08-25T15:03:16.455-04:00,2026-08-25T16:30:42-04:00,match_total_games,0,,0,2760,WTA,sibling_or_pp,1,,N/A,,OK,,,,,,,,19,19,20,18,16,,,,,,18.4,18.4,18.4,,hard,0,,,,,,,,,,OK,5,0,5,0,0,1,0,1,0,5,0,5,0,5,0,5,0,0,1,0,1,,0,250,250.0,0,WTA,NEUTRAL,FIELD,HIGH,53,12,2,512,2025-03-31,53,1,,0.0,0,18.4,-5.100000000000001,0.58,0.5739,0,0,-0.003000000000000003,0,?,0.95,0.174,OVER,distance,distance,B,,2760,5.100000000000001,UNDER,OVER,FORCED_OVER_ONLY_GOB_DEM,OVER,ml_prob_unified,5,1.5166
14076589,Katherine Sebov,KATHERINE SEBOV,Total Games,21.5,2026-08-25T15:30:00.000-04:00,Tennis,WTA / HARD,Standard,21.5,,,14076589,233638,182155,Katherine Sebov,21.5,Player,JULIA AVDEEVA,,,https://static.prizepicks.com/images/manual/KatherineSebov.webp,,2026-08-25T15:03:16.455-04:00,2026-08-25T16:30:42-04:00,match_total_games,0,,0,2760,WTA,pp_or_step1,0,,N/A,,OK,,,,,,,,19,19,20,18,16,,,,,,18.4,18.4,18.4,,hard,0,,,,,,,,,,OK,5,0,5,0,0,1,0,1,0,5,0,5,0,5,0,5,0,0,1,0,1,,0,250,250.0,0,WTA,NEUTRAL,FIELD,HIGH,53,12,2,512,2025-03-31,53,1,,0.0,0,18.4,-3.1000000000000014,0.7398,-0.2171,0,0,-0.003000000000000003,0,?,0.95,0.2219,UNDER,ml_prob,ml_prob,C,,2760,3.1000000000000014,UNDER,UNDER,STANDARD_L5AVG_UNDER,UNDER,ml_prob_unified,5,1.5166
14076590,Katherine Sebov,KATHERINE SEBOV,Total Games,20.5,2026-08-25T15:30:00.000-04:00,Tennis,WTA / HARD,Goblin,21.5,,,14076590,233638,182155,Katherine Sebov,20.5,Player,JULIA AVDEEVA,,,https://static.prizepicks.com/images/manual/KatherineSebov.webp,,2026-08-25T15:03:16.455-04:00,2026-08-25T16:30:42-04:00,match_total_games,0,,0,2760,WTA,sibling_or_pp,1,,N/A,,OK,,,,,,,,19,19,20,18,16,,,,,,18.4,18.4,18.4,,hard,0,,,,,,,,,,OK,5,0,5,0,0,1,0,1,0,5,0,5,0,5,0,5,0,0,1,0,1,,0,250,250.0,0,WTA,NEUTRAL,FIELD,HIGH,53,12,2,512,2025-03-31,53,1,,0.0,0,18.4,-2.1000000000000014,0.58,0.4709,0,0,-0.003000000000000003,0,?,0.95,0.174,OVER,distance,distance,C,,2760,2.1000000000000014,UNDER,OVER,FORCED_OVER_ONLY_GOB_DEM,OVER,ml_prob_unified,5,1.5166
14087066,Katherine Sebov,KATHERINE SEBOV,Total Games,19.5,2026-08-25T15:30:00.000-04:00,Tennis,WTA / HARD,Goblin,21.5,,,14087066,233638,182155,Katherine Sebov,19.5,Player,JULIA AVDEEVA,,,https://static.prizepicks.com/images/manual/KatherineSebov.webp,,2026-08-25T15:03:16.455-04:00,2026-08-25T16:30:42-04:00,match_total_games,0,,0,2760,WTA,sibling_or_pp,2,,N/A,,OK,,,,,,,,19,19,20,18,16,,,,,,18.4,18.4,18.4,,hard,0,,,,,,,,,,OK,5,1,4,0,0.2,0.8,0.2,0.8,1,4,1,4,0,5,1,4,0,0.2,0.8,0.2,0.8,,0,250,250.0,0,WTA,NEUTRAL,FIELD,HIGH,53,12,2,512,2025-03-31,53,1,,0.2,0.4,18.4,-1.1000000000000014,0.58,0.3303,1.49193291152815,0.2,-0.003000000000000003,1.417336265951743,?,0.95,0.314,OVER,distance,distance,B,,2760,1.1000000000000014,UNDER,OVER,FORCED_OVER_ONLY_GOB_DEM,OVER,ml_prob_unified,5,1.5166
14076732,Julia Avdeeva,JULIA AVDEEVA,Total Games Won,12.5,2026-08-25T15:30:00.000-04:00,Tennis,WTA / HARD,Demon,,,,14076732,318587,182155,Julia Avdeeva,12.5,Player,KATHERINE SEBOV,,,https://static.prizepicks.com/images/manual/Avdeeva.png,,2026-08-25T15:03:16.455-04:00,2026-08-25T16:30:42-04:00,games_won,0,,0,7390,WTA,,1,,N/A,,OK,,,,,,,,5,4,,,,,,,,,4.5,4.5,4.5,,hard,0,,,,,,,,,,OK,2,0,2,0,0,1,0,1,0,2,0,2,0,2,0,2,0,0,1,0,1,,0,250,250.0,0,WTA,NEUTRAL,FIELD,HIGH,141,33,3,386,2025-08-04,141,1,,0.0,0,4.5,-8.0,0.58,0.5797,0,0,-0.003000000000000003,0,?,0.95,0.174,OVER,ml_prob_fallback,ml_prob_fallback,C,,7390,8.0,UNDER,OVER,FORCED_OVER_ONLY_GOB_DEM,OVER,ml_prob_unified,2,0.7071
14102526,Katherine Sebov,KATHERINE SEBOV,Total Games Won,12.5,2026-08-25T15:30:00.000-04:00,Tennis,WTA / HARD,Demon,,,,14102526,233638,182155,Katherine Sebov,12.5,Player,JULIA AVDEEVA,,,https://static.prizepicks.com/images/manual/KatherineSebov.webp,,2026-08-25T15:03:16.455-04:00,2026-08-25T16:30:42-04:00,games_won,0,,0,2760,WTA,,1,,N/A,,OK,,,,,,,,6,12,7,6,12,,,,,,8.6,8.6,8.6,,hard,0,,,,,,,,,,OK,5,0,5,0,0,1,0,1,0,5,0,5,0,5,0,5,0,0,1,0,1,,0,250,250.0,0,WTA,NEUTRAL,FIELD,HIGH,53,12,2,512,2025-03-31,53,1,,0.0,0,8.6,-3.9000000000000004,0.58,0.5602,0,0,-0.003000000000000003,0,?,0.95,0.174,OVER,ml_prob_fallback,ml_prob_fallback,C,,2760,3.9000000000000004,UNDER,OVER,FORCED_OVER_ONLY_GOB_DEM,OVER,ml_prob_unified,5,3.1305
14075808,Katherine Sebov,KATHERINE SEBOV,Total Sets,2.5,2026-08-25T15:30:00.000-04:00,Tennis,WTA / HARD,Demon,,,,14075808,233638,182155,Katherine Sebov,2.5,Player,JULIA AVDEEVA,,,https://static.prizepicks.com/images/manual/KatherineSebov.webp,,2026-08-25T15:03:16.455-04:00,2026-08-25T16:30:42-04:00,total_sets,0,,0,2760,WTA,,1,,N/A,,OK,,,,,,,,2,2,2,2,2,,,,,,2,2,2,,hard,0,,,,,,,,,,OK,5,0,5,0,0,1,0,1,0,5,0,5,0,5,0,5,0,0,1,0,1,,0,250,250.0,0,WTA,NEUTRAL,FIELD,HIGH,53,12,2,512,2025-03-31,53,1,,0.0,0,2,-0.5,0.1706,-0.2069,0,0,-0.003000000000000003,0,?,0.95,0.0512,OVER,ml_prob_fallback,ml_prob_fallback,C,,2760,0.5,UNDER,OVER,FORCED_OVER_ONLY_GOB_DEM,OVER,ml_prob_unified,5,0.0
14076593,Katherine Sebov,KATHERINE SEBOV,Total Tie Breaks,0.5,2026-08-25T15:30:00.000-04:00,Tennis,WTA / HARD,Demon,,,,14076593,233638,182155,Katherine Sebov,0.5,Player,JULIA AVDEEVA,,,https://static.prizepicks.com/images/manual/KatherineSebov.webp,,2026-08-25T15:03:16.455-04:00,2026-08-25T16:30:42-04:00,total_tie_breaks,0,,0,2760,WTA,,1,,N/A,,OK,,,,,,,,1,0,1,0,0,,,,,,0.4,0.4,0.4,,hard,0,,,,,,,,,,OK,5,2,3,0,0.4,0.6,0.4,0.6,2,3,2,3,0,5,2,3,0,0.4,0.6,0.4,0.6,,0,250,250.0,0,WTA,NEUTRAL,FIELD,HIGH,53,12,2,512,2025-03-31,53,1,,0.4,0.8,0.4,-0.09999999999999998,0.3659,-0.1092,3.138762809651475,0.4,0.008000000000000007,2.981824669168901,?,0.95,0.3898,OVER,ml_prob_fallback,ml_prob_fallback,C,,2760,0.09999999999999998,UNDER,OVER,FORCED_OVER_ONLY_GOB_DEM,OVER,ml_prob_unified,5,0.5477
14080126,Colton Smith,COLTON SMITH,Total Games,26.5,2026-08-25T16:45:00.000-04:00,Tennis,ATP / HARD,Demon,22,,,14080126,212537,182216,Colton Smith,26.5,Player,ANDREA PELLEGRINO,,,https://www.atptour.com/-/media/alias/player-headshot/S0ZE,,2026-08-25T15:16:29.787-04:00,2026-08-25T16:30:42-04:00,match_total_games,0,,0,15157,ATP,sibling_or_pp,3,,N/A,,STALE_HISTORY,,,0.6106643017006151,,,,,,,,,,,,,,,,,,,hard,0,3.666666666666667,3.166666666666667,0.6695225642594064,0.1666666666666666,6,False,False,,,MISSING_STAT_VALUES,,,,,,,,,,,,,,,,,,,,,,,0,250,129.0,121,ATP,NEUTRAL,FIELD,HIGH,71,15,2,148,2026-03-30,71,1,,0.5,1.05,26.5,0.0,0.58,0.08,4.254852225201073,0.5,0.03000000000000003,4.04210961394102,?,0.95,0.524,OVER,distance,distance,C,WEAK_MATCH_HISTORY,15157,0.0,OVER,OVER,FORCED_OVER_ONLY_GOB_DEM,OVER,ml_prob_unified,0,
14077196,Colton Smith,COLTON SMITH,Total Games,25.5,2026-08-25T16:45:00.000-04:00,Tennis,ATP / HARD,Demon,22,,,14077196,212537,182216,Colton Smith,25.5,Player,ANDREA PELLEGRINO,,,https://www.atptour.com/-/media/alias/player-headshot/S0ZE,,2026-08-25T15:16:29.787-04:00,2026-08-25T16:30:42-04:00,match_total_games,0,,0,15157,ATP,sibling_or_pp,2,,N/A,,STALE_HISTORY,,,0.6106643017006151,,,,,,,,,,,,,,,,,,,hard,0,3.666666666666667,3.166666666666667,0.6695225642594064,0.1666666666666666,6,False,False,,,MISSING_STAT_VALUES,,,,,,,,,,,,,,,,,,,,,,,0,250,129.0,121,ATP,NEUTRAL,FIELD,HIGH,71,15,2,148,2026-03-30,71,1,,0.5,1.05,25.5,0.0,0.58,0.08,4.254852225201073,0.5,0.03000000000000003,4.04210961394102,?,0.95,0.524,OVER,distance,distance,C,WEAK_MATCH_HISTORY,15157,0.0,OVER,OVER,FORCED_OVER_ONLY_GOB_DEM,OVER,ml_prob_unified,0,
14077197,Colton Smith,COLTON SMITH,Total Games,24.5,2026-08-25T16:45:00.000-04:00,Tennis,ATP / HARD,Demon,22,,,14077197,212537,182216,Colton Smith,24.5,Player,ANDREA PELLEGRINO,,,https://www.atptour.com/-/media/alias/player-headshot/S0ZE,,2026-08-25T15:16:29.787-04:00,2026-08-25T16:30:42-04:00,match_total_games,0,,0,15157,ATP,sibling_or_pp,1,,N/A,,STALE_HISTORY,,,0.6106643017006151,,,,,,,,,,,,,,,,,,,hard,0,3.666666666666667,3.166666666666667,0.6695225642594064,0.1666666666666666,6,False,False,,,MISSING_STAT_VALUES,,,,,,,,,,,,,,,,,,,,,,,0,250,129.0,121,ATP,NEUTRAL,FIELD,HIGH,71,15,2,148,2026-03-30,71,1,,0.5,1.05,24.5,0.0,0.58,0.08,4.254852225201073,0.5,0.03000000000000003,4.04210961394102,?,0.95,0.524,OVER,distance,distance,B,WEAK_MATCH_HISTORY,15157,0.0,OVER,OVER,FORCED_OVER_ONLY_GOB_DEM,OVER,ml_prob_unified,0,
14074996,Colton Smith,COLTON SMITH,Total Games,22,2026-08-25T16:45:00.000-04:00,Tennis,ATP / HARD,Standard,22,,,14074996,212537,182216,Colton Smith,22,Player,ANDREA PELLEGRINO,,,https://www.atptour.com/-/media/alias/player-headshot/S0ZE,,2026-08-25T15:16:29.787-04:00,2026-08-25T16:30:42-04:00,match_total_games,0,,0,15157,ATP,pp_or_step1,0,,N/A,,STALE_HISTORY,,,0.6106643017006151,,,,,,,,,,,,,,,,,,,hard,0,3.666666666666667,3.166666666666667,0.6695225642594064,0.1666666666666666,6,False,False,,,MISSING_STAT_VALUES,,,,,,,,,,,,,,,,,,,,,,,0,250,129.0,121,ATP,NEUTRAL,FIELD,HIGH,71,15,2,148,2026-03-30,71,1,,0.5,1.05,22,0.0,0.58,0.08,4.254852225201073,0.5,0.03000000000000003,4.04210961394102,?,0.95,0.524,OVER,ml_prob,ml_prob,C,WEAK_MATCH_HISTORY,15157,0.0,OVER,OVER,STANDARD_TIEBREAK_HR5_OVER,OVER,ml_prob_unified,0,
14080125,Colton Smith,COLTON SMITH,Total Games,20.5,2026-08-25T16:45:00.000-04:00,Tennis,ATP / HARD,Goblin,22,,,14080125,212537,182216,Colton Smith,20.5,Player,ANDREA PELLEGRINO,,,https://www.atptour.com/-/media/alias/player-headshot/S0ZE,,2026-08-25T15:16:29.787-04:00,2026-08-25T16:30:42-04:00,match_total_games,0,,0,15157,ATP,sibling_or_pp,1,,N/A,,STALE_HISTORY,,,0.6106643017006151,,,,,,,,,,,,,,,,,,,hard,0,3.666666666666667,3.166666666666667,0.6695225642594064,0.1666666666666666,6,False,False,,,MISSING_STAT_VALUES,,,,,,,,,,,,,,,,,,,,,,,0,250,129.0,121,ATP,NEUTRAL,FIELD,HIGH,71,15,2,148,2026-03-30,71,1,,0.5,1.05,20.5,0.0,0.58,0.08,4.254852225201073,0.5,0.03000000000000003,4.04210961394102,?,0.95,0.524,OVER,distance,distance,C,WEAK_MATCH_HISTORY,15157,0.0,OVER,OVER,FORCED_OVER_ONLY_GOB_DEM,OVER,ml_prob_unified,0,
14127610,Colton Smith,COLTON SMITH,Total Games,19.5,2026-08-25T16:45:00.000-04:00,Tennis,ATP / HARD,Goblin,22,,,14127610,212537,182216,Colton Smith,19.5,Player,ANDREA PELLEGRINO,,,https://www.atptour.com/-/media/alias/player-headshot/S0ZE,,2026-08-25T15:16:29.787-04:00,2026-08-25T16:30:42-04:00,match_total_games,0,,0,15157,ATP,sibling_or_pp,2,,N/A,,STALE_HISTORY,,,0.6106643017006151,,,,,,,,,,,,,,,,,,,hard,0,3.666666666666667,3.166666666666667,0.6695225642594064,0.1666666666666666,6,False,False,,,MISSING_STAT_VALUES,,,,,,,,,,,,,,,,,,,,,,,0,250,129.0,121,ATP,NEUTRAL,FIELD,HIGH,71,15,2,148,2026-03-30,71,1,,0.5,1.05,19.5,0.0,0.58,0.08,4.254852225201073,0.5,0.03000000000000003,4.04210961394102,?,0.95,0.524,OVER,distance,distance,B,WEAK_MATCH_HISTORY,15157,0.0,OVER,OVER,FORCED_OVER_ONLY_GOB_DEM,OVER,ml_prob_unified,0,
14117694,Colton Smith,COLTON SMITH,Total Games Won,12.5,2026-08-25T16:45:00.000-04:00,Tennis,ATP / HARD,Standard,12.5,,,14117694,212537,182216,Colton Smith,12.5,Player,ANDREA PELLEGRINO,,,https://www.atptour.com/-/media/alias/player-headshot/S0ZE,,2026-08-25T15:16:29.787-04:00,2026-08-25T16:30:42-04:00,games_won,0,,0,15157,ATP,pp_or_step1,0,,N/A,,STALE_HISTORY,,,0.6106643017006151,,,,,,,,,,,,,,,,,,,hard,0,3.666666666666667,3.166666666666667,0.6695225642594064,0.1666666666666666,6,False,False,,,MISSING_STAT_VALUES,,,,,,,,,,,,,,,,,,,,,,,0,250,129.0,121,ATP,NEUTRAL,FIELD,HIGH,71,15,2,148,2026-03-30,71,1,,0.5,1.05,12.5,0.0,0.58,0.08,4.254852225201073,0.5,0.03000000000000003,4.04210961394102,?,0.95,0.524,OVER,ml_prob,ml_prob,C,WEAK_MATCH_HISTORY,15157,0.0,OVER,OVER,STANDARD_TIEBREAK_HR5_OVER,OVER,ml_prob_unified,0,
14122918,Andrea Pellegrino,ANDREA PELLEGRINO,Aces,3.5,2026-08-25T16:45:00.000-04:00,Tennis,ATP / HARD,Goblin,5,,,14122918,202472,182216,Andrea Pellegrino,3.5,Player,COLTON SMITH,,,https://static.flashscore.com/res/image/data/EkztqacM-69WazsLd.png,,2026-08-25T15:16:29.787-04:00,2026-08-25T16:30:42-04:00,aces,0,,0,2627,ATP,offset_estimate,1,,N/A,,OK,,,,,,,,1,11,1,4,10,1,3,3,2,3,5.4,3.9,3.9,,hard,0,,,,,,,,,,OK,5,3,2,0,0.6,0.4,0.6,0.4,3,2,3,2,0,10,3,7,0,0.3,0.7,0.3,0.7,,0,129,250.0,-121,ATP,SERVE_HEAVY,FIELD,HIGH,143,32,3,92,2026-05-25,143,1,,0.44999999999999996,0.8499999999999999,5.4,1.9000000000000004,0.08,-0.7899,3.376747008042895,0.45,0.05200000000000005,3.20790965764075,?,0.95,0.339,OVER,distance,distance,C,,2627,1.9000000000000004,OVER,OVER,FORCED_OVER_ONLY_GOB_DEM,OVER,ml_prob_unified,10,3.6347
14073706,Colton Smith,COLTON SMITH,Total Sets,2.5,2026-08-25T16:45:00.000-04:00,Tennis,ATP / HARD,Demon,,,,14073706,212537,182216,Colton Smith,2.5,Player,ANDREA PELLEGRINO,,,https://www.atptour.com/-/media/alias/player-headshot/S0ZE,,2026-08-25T15:16:29.787-04:00,2026-08-25T16:30:42-04:00,total_sets,0,,0,15157,ATP,,1,,N/A,,STALE_HISTORY,,,0.6106643017006151,,,,,,,,,,,,,,,,,,,hard,0,3.666666666666667,3.166666666666667,0.6695225642594064,0.1666666666666666,6,False,False,,,MISSING_STAT_VALUES,,,,,,,,,,,,,,,,,,,,,,,0,250,129.0,121,ATP,NEUTRAL,FIELD,HIGH,71,15,2,148,2026-03-30,71,1,,0.5,1.05,2.5,0.0,0.2024,-0.2976,4.254852225201073,0.5,0.03000000000000003,4.04210961394102,?,0.95,0.4107,OVER,ml_prob_fallback,ml_prob_fallback,B,WEAK_MATCH_HISTORY,15157,0.0,OVER,OVER,FORCED_OVER_ONLY_GOB_DEM,OVER,ml_prob_unified,0,
14122919,Andrea Pellegrino,ANDREA PELLEGRINO,Double Faults,2.5,2026-08-25T16:45:00.000-04:00,Tennis,ATP / HARD,Standard,2.5,,,14122919,202472,182216,Andrea Pellegrino,2.5,Player,COLTON SMITH,,,https://static.flashscore.com/res/image/data/EkztqacM-69WazsLd.png,,2026-08-25T15:16:29.787-04:00,2026-08-25T16:30:42-04:00,double_faults,0,,0,2627,ATP,pp_or_step1,0,,N/A,,OK,,,,,,,,4,1,4,2,4,2,2,4,1,6,3,3,3,,hard,0,,,,,,,,,,OK,5,3,2,0,0.6,0.4,0.6,0.4,3,2,3,2,0,10,5,5,0,0.5,0.5,0.5,0.5,,0,129,250.0,-121,ATP,NEUTRAL,FIELD,HIGH,143,32,3,92,2026-05-25,143,1,,0.55,1.05,3,0.5,0.08,-0.5425,4.295046225201072,0.55,0.05200000000000005,4.080293913941018,?,0.95,0.409,OVER,ml_prob,ml_prob,B,,2627,0.5,OVER,OVER,STANDARD_L5AVG_OVER,OVER,ml_prob_unified,10,1.633
14122920,Colton Smith,COLTON SMITH,Double Faults,2.5,2026-08-25T16:45:00.000-04:00,Tennis,ATP / HARD,Goblin,4,,,14122920,212537,182216,Colton Smith,2.5,Player,ANDREA PELLEGRINO,,,https://www.atptour.com/-/media/alias/player-headshot/S0ZE,,2026-08-25T15:16:29.787-04:00,2026-08-25T16:30:42-04:00,double_faults,0,,0,15157,ATP,offset_estimate,1,,N/A,,STALE_HISTORY,,,0.6106643017006151,,,,,,,,,,,,,,,,,,,hard,0,3.666666666666667,3.166666666666667,0.6695225642594064,0.1666666666666666,6,False,False,,,MISSING_STAT_VALUES,,,,,,,,,,,,,,,,,,,,,,,0,250,129.0,121,ATP,NEUTRAL,FIELD,HIGH,71,15,2,148,2026-03-30,71,1,,0.5,1.05,2.5,0.0,0.08,-0.42,4.254852225201073,0.5,0.03000000000000003,4.04210961394102,?,0.95,0.374,OVER,distance,distance,C,WEAK_MATCH_HISTORY,15157,0.0,OVER,OVER,FORCED_OVER_ONLY_GOB_DEM,OVER,ml_prob_unified,0,
14077199,Colton Smith,COLTON SMITH,Total Tie Breaks,1.5,2026-08-25T16:45:00.000-04:00,Tennis,ATP / HARD,Demon,,,,14077199,212537,182216,Colton Smith,1.5,Player,ANDREA PELLEGRINO,,,https://www.atptour.com/-/media/alias/player-headshot/S0ZE,,2026-08-25T15:16:29.787-04:00,2026-08-25T16:30:42-04:00,total_tie_breaks,0,,0,15157,ATP,,2,,N/A,,STALE_HISTORY,,,0.6106643017006151,,,,,,,,,,,,,,,,,,,hard,0,3.666666666666667,3.166666666666667,0.6695225642594064,0.1666666666666666,6,False,False,,,MISSING_STAT_VALUES,,,,,,,,,,,,,,,,,,,,,,,0,250,129.0,121,ATP,NEUTRAL,FIELD,HIGH,71,15,2,148,2026-03-30,71,1,,0.5,1.05,1.5,0.0,0.3659,-0.1341,4.254852225201073,0.5,0.03000000000000003,4.04210961394102,?,0.95,0.4598,OVER,ml_prob_fallback,ml_prob_fallback,B,WEAK_MATCH_HISTORY,15157,0.0,OVER,OVER,FORCED_OVER_ONLY_GOB_DEM,OVER,ml_prob_unified,0,
14077198,Colton Smith,COLTON SMITH,Total Tie Breaks,0.5,2026-08-25T16:45:00.000-04:00,Tennis,ATP / HARD,Demon,,,,14077198,212537,182216,Colton Smith,0.5,Player,ANDREA PELLEGRINO,,,https://www.atptour.com/-/media/alias/player-headshot/S0ZE,,2026-08-25T15:16:29.787-04:00,2026-08-25T16:30:42-04:00,total_tie_breaks,0,,0,15157,ATP,,1,,N/A,,STALE_HISTORY,,,0.6106643017006151,,,,,,,,,,,,,,,,,,,hard,0,3.666666666666667,3.166666666666667,0.6695225642594064,0.1666666666666666,6,False,False,,,MISSING_STAT_VALUES,,,,,,,,,,,,,,,,,,,,,,,0,250,129.0,121,ATP,NEUTRAL,FIELD,HIGH,71,15,2,148,2026-03-30,71,1,,0.5,1.05,0.5,0.0,0.3659,-0.1341,4.254852225201073,0.5,0.03000000000000003,4.04210961394102,?,0.95,0.4598,OVER,ml_prob_fallback,ml_prob_fallback,B,WEAK_MATCH_HISTORY,15157,0.0,OVER,OVER,FORCED_OVER_ONLY_GOB_DEM,OVER,ml_prob_unified,0,
14081682,Taro Daniel,TARO DANIEL,Total Games,22.5,2026-08-25T17:30:00.000-04:00,Tennis,ATP / HARD,Demon,19.5,,,14081682,205777,182152,Taro Daniel,22.5,Player,ANDREW JOHNSON,,,https://static.prizepicks.com/images/manual/Taro Daniel.png,,2026-08-25T15:02:40.093-04:00,2026-08-25T16:30:42-04:00,match_total_games,0,,0,1837,ATP,sibling_or_pp,3,,N/A,,OK,,,0.6606817356013216,,,,,23,,,,,,,,,,23,23,23,,hard,0,5.461538461538462,2.076923076923077,0.7143612477057013,0.3076923076923077,13,False,True,,,OK,1,1,0,0,1,0,1,0,1,0,1,0,0,1,1,0,0,1,0,1,0,,0,250,250.0,0,ATP,NEUTRAL,FIELD,HIGH,135,30,3,342,2025-09-17,135,1,,1.0,2,23,0.5,0.58,-0.0425,8.972719506702413,1,0.07840000000000003,8.524083531367292,?,0.95,0.874,OVER,distance,distance,B,,1837,0.5,OVER,OVER,FORCED_OVER_ONLY_GOB_DEM,OVER,ml_prob_unified,1,
14081683,Taro Daniel,TARO DANIEL,Total Games,21.5,2026-08-25T17:30:00.000-04:00,Tennis,ATP / HARD,Demon,19.5,,,14081683,205777,182152,Taro Daniel,21.5,Player,ANDREW JOHNSON,,,https://static.prizepicks.com/images/manual/Taro Daniel.png,,2026-08-25T15:02:40.093-04:00,2026-08-25T16:30:42-04:00,match_total_games,0,,0,1837,ATP,sibling_or_pp,2,,N/A,,OK,,,0.6606817356013216,,,,,23,,,,,,,,,,23,23,23,,hard,0,5.461538461538462,2.076923076923077,0.7143612477057013,0.3076923076923077,13,False,True,,,OK,1,1,0,0,1,0,1,0,1,0,1,0,0,1,1,0,0,1,0,1,0,,0,250,250.0,0,ATP,NEUTRAL,FIELD,HIGH,135,30,3,342,2025-09-17,135,1,,1.0,2,23,1.5,0.58,-0.2376,8.972719506702413,1,0.07840000000000003,8.524083531367292,?,0.95,0.874,OVER,distance,distance,B,,1837,1.5,OVER,OVER,FORCED_OVER_ONLY_GOB_DEM,OVER,ml_prob_unified,1,
14081684,Taro Daniel,TARO DANIEL,Total Games,20.5,2026-08-25T17:30:00.000-04:00,Tennis,ATP / HARD,Demon,19.5,,,14081684,205777,182152,Taro Daniel,20.5,Player,ANDREW JOHNSON,,,https://static.prizepicks.com/images/manual/Taro Daniel.png,,2026-08-25T15:02:40.093-04:00,2026-08-25T16:30:42-04:00,match_total_games,0,,0,1837,ATP,sibling_or_pp,1,,N/A,,OK,,,0.6606817356013216,,,,,23,,,,,,,,,,23,23,23,,hard,0,5.461538461538462,2.076923076923077,0.7143612477057013,0.3076923076923077,13,False,True,,,OK,1,1,0,0,1,0,1,0,1,0,1,0,0,1,1,0,0,1,0,1,0,,0,250,250.0,0,ATP,NEUTRAL,FIELD,HIGH,135,30,3,342,2025-09-17,135,1,,1.0,2,23,2.5,0.58,-0.3441,8.972719506702413,1,0.07840000000000003,8.524083531367292,?,0.95,0.874,OVER,distance,distance,A,,1837,2.5,OVER,OVER,FORCED_OVER_ONLY_GOB_DEM,OVER,ml_prob_unified,1,
14078928,Taro Daniel,TARO DANIEL,Total Games,19.5,2026-08-25T17:30:00.000-04:00,Tennis,ATP / HARD,Standard,19.5,,,14078928,205777,182152,Taro Daniel,19.5,Player,ANDREW JOHNSON,,,https://static.prizepicks.com/images/manual/Taro Daniel.png,,2026-08-25T15:02:40.093-04:00,2026-08-25T16:30:42-04:00,match_total_games,0,,0,1837,ATP,pp_or_step1,0,,N/A,,OK,,,0.6606817356013216,,,,,23,,,,,,,,,,23,23,23,,hard,0,5.461538461538462,2.076923076923077,0.7143612477057013,0.3076923076923077,13,False,True,,,OK,1,1,0,0,1,0,1,0,1,0,1,0,0,1,1,0,0,1,0,1,0,,0,250,250.0,0,ATP,NEUTRAL,FIELD,HIGH,135,30,3,342,2025-09-17,135,1,,1.0,2,23,3.5,0.58,-0.3907,8.972719506702413,1,0.07840000000000003,8.524083531367292,?,0.95,0.874,OVER,ml_prob,ml_prob,B,,1837,3.5,OVER,OVER,STANDARD_L5AVG_OVER,OVER,ml_prob_unified,1,
14088674,Taro Daniel,TARO DANIEL,Total Games,18.5,2026-08-25T17:30:00.000-04:00,Tennis,ATP / HARD,Goblin,19.5,,,14088674,205777,182152,Taro Daniel,18.5,Player,ANDREW JOHNSON,,,https://static.prizepicks.com/images/manual/Taro Daniel.png,,2026-08-25T15:02:40.093-04:00,2026-08-25T16:30:42-04:00,match_total_games,0,,0,1837,ATP,sibling_or_pp,1,,N/A,,OK,,,0.6606817356013216,,,,,23,,,,,,,,,,23,23,23,,hard,0,5.461538461538462,2.076923076923077,0.7143612477057013,0.3076923076923077,13,False,True,,,OK,1,1,0,0,1,0,1,0,1,0,1,0,0,1,1,0,0,1,0,1,0,,0,250,250.0,0,ATP,NEUTRAL,FIELD,HIGH,135,30,3,342,2025-09-17,135,1,,1.0,2,23,4.5,0.5951,-0.3939,8.972719506702413,1,0.07840000000000003,8.524083531367292,?,0.95,0.8785,OVER,distance,distance,C,,1837,4.5,OVER,OVER,FORCED_OVER_ONLY_GOB_DEM,OVER,ml_prob_unified,1,
14081686,Taro Daniel,TARO DANIEL,Total Games,17.5,2026-08-25T17:30:00.000-04:00,Tennis,ATP / HARD,Goblin,19.5,,,14081686,205777,182152,Taro Daniel,17.5,Player,ANDREW JOHNSON,,,https://static.prizepicks.com/images/manual/Taro Daniel.png,,2026-08-25T15:02:40.093-04:00,2026-08-25T16:30:42-04:00,match_total_games,0,,0,1837,ATP,sibling_or_pp,2,,N/A,,OK,,,0.6606817356013216,,,,,23,,,,,,,,,,23,23,23,,hard,0,5.461538461538462,2.076923076923077,0.7143612477057013,0.3076923076923077,13,False,True,,,OK,1,1,0,0,1,0,1,0,1,0,1,0,0,1,1,0,0,1,0,1,0,,0,250,250.0,0,ATP,NEUTRAL,FIELD,HIGH,135,30,3,342,2025-09-17,135,1,,1.0,2,23,5.5,0.58,-0.4159,8.972719506702413,1,0.07840000000000003,8.524083531367292,?,0.95,0.874,OVER,distance,distance,B,,1837,5.5,OVER,OVER,FORCED_OVER_ONLY_GOB_DEM,OVER,ml_prob_unified,1,
14081685,Taro Daniel,TARO DANIEL,Total Games,16.5,2026-08-25T17:30:00.000-04:00,Tennis,ATP / HARD,Goblin,19.5,,,14081685,205777,182152,Taro Daniel,16.5,Player,ANDREW JOHNSON,,,https://static.prizepicks.com/images/manual/Taro Daniel.png,,2026-08-25T15:59:47.050-04:00,2026-08-25T16:30:42-04:00,match_total_games,0,,0,1837,ATP,sibling_or_pp,3,,N/A,,OK,,,0.6606817356013216,,,,,23,,,,,,,,,,23,23,23,,hard,0,5.461538461538462,2.076923076923077,0.7143612477057013,0.3076923076923077,13,False,True,,,OK,1,1,0,0,1,0,1,0,1,0,1,0,0,1,1,0,0,1,0,1,0,,0,250,250.0,0,ATP,NEUTRAL,FIELD,HIGH,135,30,3,342,2025-09-17,135,1,,1.0,2,23,6.5,0.58,-0.4185,8.972719506702413,1,0.07840000000000003,8.524083531367292,?,0.95,0.874,OVER,distance,distance,B,,1837,6.5,OVER,OVER,FORCED_OVER_ONLY_GOB_DEM,OVER,ml_prob_unified,1,
14088857,Andrew Johnson,ANDREW JOHNSON,Total Games Won,8.5,2026-08-25T17:30:00.000-04:00,Tennis,ATP / HARD,Demon,7.5,,,14088857,304056,182152,Andrew Johnson,8.5,Player,TARO DANIEL,,,https://static.prizepicks.com/images/manual/Andrew Johnson.webp,,2026-08-25T15:02:40.093-04:00,2026-08-25T16:30:42-04:00,games_won,0,,0,17769,ATP,sibling_or_pp,1,,N/A,,STALE_HISTORY,,,,,,,,,,,,,,,,,,,,,,hard,0,,,,,,,,,,MISSING_STAT_VALUES,,,,,,,,,,,,,,,,,,,,,,,0,250,250.0,0,ATP,NEUTRAL,FIELD,UNKNOWN,,,,,,,1,,0.5,1,8.5,0.0,0.58,0.08,4.027843431635389,0.5,0.03000000000000003,3.826451260053619,?,0.95,0.524,OVER,distance,distance,A,WEAK_MATCH_HISTORY,17769,0.0,OVER,OVER,FORCED_OVER_ONLY_GOB_DEM,OVER,ml_prob_unified,0,
14081681,Andrew Johnson,ANDREW JOHNSON,Total Games Won,7.5,2026-08-25T17:30:00.000-04:00,Tennis,ATP / HARD,Standard,7.5,,,14081681,304056,182152,Andrew Johnson,7.5,Player,TARO DANIEL,,,https://static.prizepicks.com/images/manual/Andrew Johnson.webp,,2026-08-25T15:02:40.093-04:00,2026-08-25T16:30:42-04:00,games_won,0,,0,17769,ATP,pp_or_step1,0,,N/A,,STALE_HISTORY,,,,,,,,,,,,,,,,,,,,,,hard,0,,,,,,,,,,MISSING_STAT_VALUES,,,,,,,,,,,,,,,,,,,,,,,0,250,250.0,0,ATP,NEUTRAL,FIELD,UNKNOWN,,,,,,,1,,0.5,1,7.5,0.0,0.58,0.08,4.027843431635389,0.5,0.03000000000000003,3.826451260053619,?,0.95,0.524,OVER,ml_prob,ml_prob,C,WEAK_MATCH_HISTORY,17769,0.0,OVER,OVER,STANDARD_TIEBREAK_HR5_OVER,OVER,ml_prob_unified,0,
14094385,Andrew Johnson,ANDREW JOHNSON,Total Games Won,6.5,2026-08-25T17:30:00.000-04:00,Tennis,ATP / HARD,Goblin,7.5,,,14094385,304056,182152,Andrew Johnson,6.5,Player,TARO DANIEL,,,https://static.prizepicks.com/images/manual/Andrew Johnson.webp,,2026-08-25T15:02:40.093-04:00,2026-08-25T16:30:42-04:00,games_won,0,,0,17769,ATP,sibling_or_pp,1,,N/A,,STALE_HISTORY,,,,,,,,,,,,,,,,,,,,,,hard,0,,,,,,,,,,MISSING_STAT_VALUES,,,,,,,,,,,,,,,,,,,,,,,0,250,250.0,0,ATP,NEUTRAL,FIELD,UNKNOWN,,,,,,,1,,0.5,1,6.5,0.0,0.58,0.08,4.027843431635389,0.5,0.03000000000000003,3.826451260053619,?,0.95,0.524,OVER,distance,distance,C,WEAK_MATCH_HISTORY,17769,0.0,OVER,OVER,FORCED_OVER_ONLY_GOB_DEM,OVER,ml_prob_unified,0,
14124748,Taro Daniel,TARO DANIEL,Aces,4.5,2026-08-25T17:30:00.000-04:00,Tennis,ATP / HARD,Goblin,6,,,14124748,205777,182152,Taro Daniel,4.5,Player,ANDREW JOHNSON,,,https://static.prizepicks.com/images/manual/Taro Daniel.png,,2026-08-25T15:02:40.093-04:00,2026-08-25T16:30:42-04:00,aces,0,,0,1837,ATP,offset_estimate,1,,N/A,,OK,,,0.6606817356013216,,,,,2,7,1,3,3,6,2,2,2,1,3.2,2.9,2.9,,hard,0,5.461538461538462,2.076923076923077,0.7143612477057013,0.3076923076923077,13,False,True,,,OK,5,1,4,0,0.2,0.8,0.2,0.8,1,4,1,4,0,10,2,8,0,0.2,0.8,0.2,0.8,,0,250,250.0,0,ATP,SERVE_HEAVY,FIELD,HIGH,135,30,3,342,2025-09-17,135,1,,0.2,0.4,3.2,-1.2999999999999998,0.08,-0.1342,1.49193291152815,0.2,-0.003000000000000003,1.417336265951743,?,0.95,0.164,OVER,distance,distance,C,,1837,1.2999999999999998,UNDER,OVER,FORCED_OVER_ONLY_GOB_DEM,OVER,ml_prob_unified,10,2.0248
14072475,Taro Daniel,TARO DANIEL,Total Sets,2.5,2026-08-25T17:30:00.000-04:00,Tennis,ATP / HARD,Demon,,,,14072475,205777,182152,Taro Daniel,2.5,Player,ANDREW JOHNSON,,,https://static.prizepicks.com/images/manual/Taro Daniel.png,,2026-08-25T15:02:40.093-04:00,2026-08-25T16:30:42-04:00,total_sets,0,,0,1837,ATP,,1,,N/A,,OK,,,0.6606817356013216,,,,,2,,,,,,,,,,2,2,2,,hard,0,5.461538461538462,2.076923076923077,0.7143612477057013,0.3076923076923077,13,False,True,,,OK,1,0,1,0,0,1,0,1,0,1,0,1,0,1,0,1,0,0,1,0,1,,0,250,250.0,0,ATP,NEUTRAL,FIELD,HIGH,135,30,3,342,2025-09-17,135,1,,0.0,0,2,-0.5,0.1576,-0.22,0,0,-0.003000000000000003,0,?,0.95,0.0473,OVER,ml_prob_fallback,ml_prob_fallback,C,,1837,0.5,UNDER,OVER,FORCED_OVER_ONLY_GOB_DEM,OVER,ml_prob_unified,1,
14124747,Andrew Johnson,ANDREW JOHNSON,Double Faults,2.5,2026-08-25T17:30:00.000-04:00,Tennis,ATP / HARD,Goblin,4,,,14124747,304056,182152,Andrew Johnson,2.5,Player,TARO DANIEL,,,https://static.prizepicks.com/images/manual/Andrew Johnson.webp,,2026-08-25T15:02:40.093-04:00,2026-08-25T16:30:42-04:00,double_faults,0,,0,17769,ATP,offset_estimate,1,,N/A,,STALE_HISTORY,,,,,,,,,,,,,,,,,,,,,,hard,0,,,,,,,,,,MISSING_STAT_VALUES,,,,,,,,,,,,,,,,,,,,,,,0,250,250.0,0,ATP,NEUTRAL,FIELD,UNKNOWN,,,,,,,1,,0.5,1,2.5,0.0,0.08,-0.42,4.027843431635389,0.5,0.03000000000000003,3.826451260053619,?,0.95,0.374,OVER,distance,distance,C,WEAK_MATCH_HISTORY,17769,0.0,OVER,OVER,FORCED_OVER_ONLY_GOB_DEM,OVER,ml_prob_unified,0,
14083785,Taro Daniel,TARO DANIEL,Total Tie Breaks,0.5,2026-08-25T17:30:00.000-04:00,Tennis,ATP / HARD,Demon,,,,14083785,205777,182152,Taro Daniel,0.5,Player,ANDREW JOHNSON,,,https://static.prizepicks.com/images/manual/Taro Daniel.png,,2026-08-25T15:02:40.093-04:00,2026-08-25T16:30:42-04:00,total_tie_breaks,0,,0,1837,ATP,,1,,N/A,,OK,,,0.6606817356013216,,,,,1,,,,,,,,,,1,1,1,,hard,0,5.461538461538462,2.076923076923077,0.7143612477057013,0.3076923076923077,13,False,True,,,OK,1,1,0,0,1,0,1,0,1,0,1,0,0,1,1,0,0,1,0,1,0,,0,250,250.0,0,ATP,NEUTRAL,FIELD,HIGH,135,30,3,342,2025-09-17,135,1,,1.0,2,1,0.5,0.3659,-0.2566,8.972719506702413,1,0.07840000000000003,8.524083531367292,?,0.95,0.8098,OVER,ml_prob_fallback,ml_prob_fallback,B,,1837,0.5,OVER,OVER,FORCED_OVER_ONLY_GOB_DEM,OVER,ml_prob_unified,1,
14094300,Darja Vidmanova,DARJA VIDMANOVA,Break Points Won,4.5,2026-08-25T17:30:00.000-04:00,Tennis,WTA / HARD,Standard,4.5,,,14094300,245478,182300,Darja Vidmanova,4.5,Player,KIMBERLY BIRRELL,,,https://static.prizepicks.com/images/manual/Darja Vidmanova.png,,2026-08-25T01:35:16.221-04:00,2026-08-25T16:30:42-04:00,break_points_won,0,,0,6488,WTA,pp_or_step1,0,,N/A,,OK,,,0.6292172739541161,,,,,5,5,4,4,4,4,5,5,5,5,4.4,4.6,4.6,,hard,0,1.6,2.6,0.6260195852534562,0.2,5,False,False,,,OK,5,2,3,0,0.4,0.6,0.4,0.6,2,3,2,3,0,10,6,4,0,0.6,0.4,0.6,0.4,,0,90,69.0,21,WTA,NEUTRAL,FIELD,HIGH,127,24,2,148,2026-03-30,127,1,,0.5,1,4.4,-0.09999999999999964,0.5437,0.0187,4.022563431635389,0.5,0.008000000000000007,3.821435260053619,?,0.95,0.5131,UNDER,ml_prob,ml_prob,C,,6488,0.09999999999999964,UNDER,UNDER,STANDARD_L5AVG_UNDER,UNDER,ml_prob_unified,10,0.5164
14094301,Shuai Zhang,SHUAI ZHANG,Break Points Won,4.5,2026-08-25T17:30:00.000-04:00,Tennis,WTA / HARD,Standard,4.5,,,14094301,215881,182301,Shuai Zhang,4.5,Player,MARIA TIMOFEEVA,,,https://static.prizepicks.com/images/manual/zhang.webp,,2026-08-25T01:35:16.221-04:00,2026-08-25T16:30:42-04:00,break_points_won,0,,0,707,WTA,pp_or_step1,0,,N/A,,OK,,,0.6613214703765923,,,,,1,4,0,5,6,0,2,0,2,8,3.2,2.8,2.8,,hard,0,1.914285714285714,2.228571428571429,0.61979737629268,0.5,36,False,False,,,OK,5,2,3,0,0.4,0.6,0.4,0.6,2,3,2,3,0,10,3,7,0,0.3,0.7,0.3,0.7,,0,999,92.0,907,WTA,NEUTRAL,FIELD,HIGH,64,18,2,92,2026-05-25,64,1,,0.35,0.75,3.2,-1.2999999999999998,0.8084,0.0226,2.912612252010724,0.35,0.008000000000000007,2.766981639410188,?,0.95,0.4875,UNDER,ml_prob,ml_prob,C,,707,1.2999999999999998,UNDER,UNDER,STANDARD_L5AVG_UNDER,UNDER,ml_prob_unified,10,2.8206
14083934,Darja Vidmanova,DARJA VIDMANOVA,Total Games,28.5,2026-08-25T17:30:00.000-04:00,Tennis,WTA / HARD,Demon,21.5,,,14083934,245478,182300,Darja Vidmanova,28.5,Player,KIMBERLY BIRRELL,,,https://static.prizepicks.com/images/manual/Darja Vidmanova.png,,2026-08-25T01:35:16.221-04:00,2026-08-25T16:30:42-04:00,match_total_games,0,,0,6488,WTA,sibling_or_pp,3,,N/A,,OK,,,0.6292172739541161,,,,,28,23,18,30,18,27,30,16,21,17,23.4,22.8,22.8,,hard,0,1.6,2.6,0.6260195852534562,0.2,5,False,False,,,OK,5,1,4,0,0.2,0.8,0.2,0.8,1,4,1,4,0,10,2,8,0,0.2,0.8,0.2,0.8,,0,90,69.0,21,WTA,NEUTRAL,FIELD,HIGH,127,24,2,148,2026-03-30,127,1,,0.2,0.4,23.4,-5.100000000000001,0.58,0.5739,1.49193291152815,0.2,-0.003000000000000003,1.417336265951743,?,0.95,0.314,OVER,distance,distance,D,,6488,5.100000000000001,UNDER,OVER,FORCED_OVER_ONLY_GOB_DEM,OVER,ml_prob_unified,10,5.5538
14083932,Darja Vidmanova,DARJA VIDMANOVA,Total Games,27.5,2026-08-25T17:30:00.000-04:00,Tennis,WTA / HARD,Demon,21.5,,,14083932,245478,182300,Darja Vidmanova,27.5,Player,KIMBERLY BIRRELL,,,https://static.prizepicks.com/images/manual/Darja Vidmanova.png,,2026-08-25T01:35:16.221-04:00,2026-08-25T16:30:42-04:00,match_total_games,0,,0,6488,WTA,sibling_or_pp,2,,N/A,,OK,,,0.6292172739541161,,,,,28,23,18,30,18,27,30,16,21,17,23.4,22.8,22.8,,hard,0,1.6,2.6,0.6260195852534562,0.2,5,False,False,,,OK,5,2,3,0,0.4,0.6,0.4,0.6,2,3,2,3,0,10,3,7,0,0.3,0.7,0.3,0.7,,0,90,69.0,21,WTA,NEUTRAL,FIELD,HIGH,127,24,2,148,2026-03-30,127,1,,0.35,0.7,23.4,-4.100000000000001,0.58,0.5637,2.713746412868633,0.35,0.008000000000000007,2.578059092225201,?,0.95,0.419,OVER,distance,distance,C,,6488,4.100000000000001,UNDER,OVER,FORCED_OVER_ONLY_GOB_DEM,OVER,ml_prob_unified,10,5.5538
14083933,Darja Vidmanova,DARJA VIDMANOVA,Total Games,26.5,2026-08-25T17:30:00.000-04:00,Tennis,WTA / HARD,Demon,21.5,,,14083933,245478,182300,Darja Vidmanova,26.5,Player,KIMBERLY BIRRELL,,,https://static.prizepicks.com/images/manual/Darja Vidmanova.png,,2026-08-25T01:35:16.221-04:00,2026-08-25T16:30:42-04:00,match_total_games,0,,0,6488,WTA,sibling_or_pp,1,,N/A,,OK,,,0.6292172739541161,,,,,28,23,18,30,18,27,30,16,21,17,23.4,22.8,22.8,,hard,0,1.6,2.6,0.6260195852534562,0.2,5,False,False,,,OK,5,2,3,0,0.4,0.6,0.4,0.6,2,3,2,3,0,10,4,6,0,0.4,0.6,0.4,0.6,,0,90,69.0,21,WTA,NEUTRAL,FIELD,HIGH,127,24,2,148,2026-03-30,127,1,,0.4,0.8,23.4,-3.1000000000000014,0.58,0.5369,3.138762809651475,0.4,0.008000000000000007,2.981824669168901,?,0.95,0.454,OVER,distance,distance,C,,6488,3.1000000000000014,UNDER,OVER,FORCED_OVER_ONLY_GOB_DEM,OVER,ml_prob_unified,10,5.5538
14083400,Darja Vidmanova,DARJA VIDMANOVA,Total Games,21.5,2026-08-25T17:30:00.000-04:00,Tennis,WTA / HARD,Standard,21.5,,,14083400,245478,182300,Darja Vidmanova,21.5,Player,KIMBERLY BIRRELL,,,https://static.prizepicks.com/images/manual/Darja Vidmanova.png,,2026-08-25T01:35:16.221-04:00,2026-08-25T16:30:42-04:00,match_total_games,0,,0,6488,WTA,pp_or_step1,0,,N/A,,OK,,,0.6292172739541161,,,,,28,23,18,30,18,27,30,16,21,17,23.4,22.8,22.8,,hard,0,1.6,2.6,0.6260195852534562,0.2,5,False,False,,,OK,5,3,2,0,0.6,0.4,0.6,0.4,3,2,3,2,0,10,5,5,0,0.5,0.5,0.5,0.5,,0,90,69.0,21,WTA,NEUTRAL,FIELD,HIGH,127,24,2,148,2026-03-30,127,1,,0.55,1.1,23.4,1.8999999999999986,0.58,-0.2899,4.514759903485255,0.55,0.05200000000000005,4.289021908310993,?,0.95,0.559,OVER,ml_prob,ml_prob,B,,6488,1.8999999999999986,OVER,OVER,STANDARD_L5AVG_OVER,OVER,ml_prob_unified,10,5.5538
14083931,Darja Vidmanova,DARJA VIDMANOVA,Total Games,19.5,2026-08-25T17:30:00.000-04:00,Tennis,WTA / HARD,Goblin,21.5,,,14083931,245478,182300,Darja Vidmanova,19.5,Player,KIMBERLY BIRRELL,,,https://static.prizepicks.com/images/manual/Darja Vidmanova.png,,2026-08-25T01:35:16.221-04:00,2026-08-25T16:30:42-04:00,match_total_games,0,,0,6488,WTA,sibling_or_pp,1,,N/A,,OK,,,0.6292172739541161,,,,,28,23,18,30,18,27,30,16,21,17,23.4,22.8,22.8,,hard,0,1.6,2.6,0.6260195852534562,0.2,5,False,False,,,OK,5,3,2,0,0.6,0.4,0.6,0.4,3,2,3,2,0,10,6,4,0,0.6,0.4,0.6,0.4,,0,90,69.0,21,WTA,NEUTRAL,FIELD,HIGH,127,24,2,148,2026-03-30,127,1,,0.6,1.2,23.4,3.8999999999999986,0.5902,-0.39,4.976052675603216,0.6,0.05200000000000005,4.727250041823055,?,0.95,0.5971,OVER,distance,distance,B,,6488,3.8999999999999986,OVER,OVER,FORCED_OVER_ONLY_GOB_DEM,OVER,ml_prob_unified,10,5.5538
14083929,Darja Vidmanova,DARJA VIDMANOVA,Total Games,18.5,2026-08-25T17:30:00.000-04:00,Tennis,WTA / HARD,Goblin,21.5,,,14083929,245478,182300,Darja Vidmanova,18.5,Player,KIMBERLY BIRRELL,,,https://static.prizepicks.com/images/manual/Darja Vidmanova.png,,2026-08-25T01:35:16.221-04:00,2026-08-25T16:30:42-04:00,match_total_games,0,,0,6488,WTA,sibling_or_pp,2,,N/A,,OK,,,0.6292172739541161,,,,,28,23,18,30,18,27,30,16,21,17,23.4,22.8,22.8,,hard,0,1.6,2.6,0.6260195852534562,0.2,5,False,False,,,OK,5,3,2,0,0.6,0.4,0.6,0.4,3,2,3,2,0,10,6,4,0,0.6,0.4,0.6,0.4,,0,90,69.0,21,WTA,NEUTRAL,FIELD,HIGH,127,24,2,148,2026-03-30,127,1,,0.6,1.2,23.4,4.899999999999999,0.5893,-0.4033,4.976052675603216,0.6,0.05200000000000005,4.727250041823055,?,0.95,0.5968,OVER,distance,distance,B,,6488,4.899999999999999,OVER,OVER,FORCED_OVER_ONLY_GOB_DEM,OVER,ml_prob_unified,10,5.5538
14083930,Darja Vidmanova,DARJA VIDMANOVA,Total Games,17.5,2026-08-25T17:30:00.000-04:00,Tennis,WTA / HARD,Goblin,21.5,,,14083930,245478,182300,Darja Vidmanova,17.5,Player,KIMBERLY BIRRELL,,,https://static.prizepicks.com/images/manual/Darja Vidmanova.png,,2026-08-25T01:35:16.221-04:00,2026-08-25T16:30:42-04:00,match_total_games,0,,0,6488,WTA,sibling_or_pp,3,,N/A,,OK,,,0.6292172739541161,,,,,28,23,18,30,18,27,30,16,21,17,23.4,22.8,22.8,,hard,0,1.6,2.6,0.6260195852534562,0.2,5,False,False,,,OK,5,5,0,0,1,0,1,0,5,0,5,0,0,10,8,2,0,0.8,0.2,0.8,0.2,,0,90,69.0,21,WTA,NEUTRAL,FIELD,HIGH,127,24,2,148,2026-03-30,127,1,,0.9,1.8,23.4,5.899999999999999,0.58,-0.4173,7.930087566756033,0.9,0.07840000000000003,7.53358318841823,?,0.95,0.804,OVER,distance,distance,A,,6488,5.899999999999999,OVER,OVER,FORCED_OVER_ONLY_GOB_DEM,OVER,ml_prob_unified,10,5.5538
14083940,Darja Vidmanova,DARJA VIDMANOVA,Total Games Won,15.5,2026-08-25T17:30:00.000-04:00,Tennis,WTA / HARD,Demon,,,,14083940,245478,182300,Darja Vidmanova,15.5,Player,KIMBERLY BIRRELL,,,https://static.prizepicks.com/images/manual/Darja Vidmanova.png,,2026-08-25T01:35:16.221-04:00,2026-08-25T16:30:42-04:00,games_won,0,,0,6488,WTA,,3,,N/A,,OK,,,0.6292172739541161,,,,,12,10,12,18,12,15,13,12,8,12,12.8,12.4,12.4,,hard,0,1.6,2.6,0.6260195852534562,0.2,5,False,False,,,OK,5,1,4,0,0.2,0.8,0.2,0.8,1,4,1,4,0,10,1,9,0,0.1,0.9,0.1,0.9,,0,90,69.0,21,WTA,NEUTRAL,FIELD,HIGH,127,24,2,148,2026-03-30,127,1,,0.15000000000000002,0.3,12.8,-2.6999999999999993,0.58,0.517,1.104585876675603,0.15,-0.003000000000000003,1.049356582841823,?,0.95,0.279,OVER,ml_prob_fallback,ml_prob_fallback,C,,6488,2.6999999999999993,UNDER,OVER,FORCED_OVER_ONLY_GOB_DEM,OVER,ml_prob_unified,10,2.675
14083939,Darja Vidmanova,DARJA VIDMANOVA,Total Games Won,14.5,2026-08-25T17:30:00.000-04:00,Tennis,WTA / HARD,Demon,,,,14083939,245478,182300,Darja Vidmanova,14.5,Player,KIMBERLY BIRRELL,,,https://static.prizepicks.com/images/manual/Darja Vidmanova.png,,2026-08-25T01:35:16.221-04:00,2026-08-25T16:30:42-04:00,games_won,0,,0,6488,WTA,,2,,N/A,,OK,,,0.6292172739541161,,,,,12,10,12,18,12,15,13,12,8,12,12.8,12.4,12.4,,hard,0,1.6,2.6,0.6260195852534562,0.2,5,False,False,,,OK,5,1,4,0,0.2,0.8,0.2,0.8,1,4,1,4,0,10,2,8,0,0.2,0.8,0.2,0.8,,0,90,69.0,21,WTA,NEUTRAL,FIELD,HIGH,127,24,2,148,2026-03-30,127,1,,0.2,0.4,12.8,-1.6999999999999993,0.58,0.4255,1.49193291152815,0.2,-0.003000000000000003,1.417336265951743,?,0.95,0.314,OVER,ml_prob_fallback,ml_prob_fallback,C,,6488,1.6999999999999993,UNDER,OVER,FORCED_OVER_ONLY_GOB_DEM,OVER,ml_prob_unified,10,2.675
14083946,Kimberly Birrell,KIMBERLY BIRRELL,Total Games Won,14.5,2026-08-25T17:30:00.000-04:00,Tennis,WTA / HARD,Demon,,,,14083946,205511,182300,Kimberly Birrell,14.5,Player,DARJA VIDMANOVA,,,https://img0.aiscore.com/v2/team/b820046bb144f5d09bef9c7520e15c5b.png!w80,,2026-08-25T01:35:16.221-04:00,2026-08-25T16:30:42-04:00,games_won,0,,0,2588,WTA,,3,,N/A,,OK,,,0.6199604889131982,,,,,4,10,10,7,12,5,13,16,9,15,8.6,10.1,10.1,,hard,0,1.98,5.26,0.6432868494449671,0.5192307692307693,52,False,False,,,OK,5,0,5,0,0,1,0,1,0,5,0,5,0,10,2,8,0,0.2,0.8,0.2,0.8,,0,69,90.0,-21,WTA,NEUTRAL,FIELD,HIGH,133,28,3,92,2026-05-25,133,1,,0.1,0.2,8.6,-5.9,0.58,0.5773,0.727511764075067,0.1,-0.003000000000000003,0.6911361758713136,?,0.95,0.244,OVER,ml_prob_fallback,ml_prob_fallback,C,,2588,5.9,UNDER,OVER,FORCED_OVER_ONLY_GOB_DEM,OVER,ml_prob_unified,10,4.0125
14083938,Darja Vidmanova,DARJA VIDMANOVA,Total Games Won,13.5,2026-08-25T17:30:00.000-04:00,Tennis,WTA / HARD,Demon,,,,14083938,245478,182300,Darja Vidmanova,13.5,Player,KIMBERLY BIRRELL,,,https://static.prizepicks.com/images/manual/Darja Vidmanova.png,,2026-08-25T01:35:16.221-04:00,2026-08-25T16:30:42-04:00,games_won,0,,0,6488,WTA,,1,,N/A,,OK,,,0.6292172739541161,,,,,12,10,12,18,12,15,13,12,8,12,12.8,12.4,12.4,,hard,0,1.6,2.6,0.6260195852534562,0.2,5,False,False,,,OK,5,1,4,0,0.2,0.8,0.2,0.8,1,4,1,4,0,10,2,8,0,0.2,0.8,0.2,0.8,,0,90,69.0,21,WTA,NEUTRAL,FIELD,HIGH,127,24,2,148,2026-03-30,127,1,,0.2,0.4,12.8,-0.6999999999999993,0.58,0.2482,1.49193291152815,0.2,-0.003000000000000003,1.417336265951743,?,0.95,0.314,OVER,ml_prob_fallback,ml_prob_fallback,C,,6488,0.6999999999999993,UNDER,OVER,FORCED_OVER_ONLY_GOB_DEM,OVER,ml_prob_unified,10,2.675
14083945,Kimberly Birrell,KIMBERLY BIRRELL,Total Games Won,13.5,2026-08-25T17:30:00.000-04:00,Tennis,WTA / HARD,Demon,,,,14083945,205511,182300,Kimberly Birrell,13.5,Player,DARJA VIDMANOVA,,,https://img0.aiscore.com/v2/team/b820046bb144f5d09bef9c7520e15c5b.png!w80,,2026-08-25T01:35:16.221-04:00,2026-08-25T16:30:42-04:00,games_won,0,,0,2588,WTA,,2,,N/A,,OK,,,0.6199604889131982,,,,,4,10,10,7,12,5,13,16,9,15,8.6,10.1,10.1,,hard,0,1.98,5.26,0.6432868494449671,0.5192307692307693,52,False,False,,,OK,5,0,5,0,0,1,0,1,0,5,0,5,0,10,2,8,0,0.2,0.8,0.2,0.8,,0,69,90.0,-21,WTA,NEUTRAL,FIELD,HIGH,133,28,3,92,2026-05-25,133,1,,0.1,0.2,8.6,-4.9,0.58,0.5726,0.727511764075067,0.1,-0.003000000000000003,0.6911361758713136,?,0.95,0.244,OVER,ml_prob_fallback,ml_prob_fallback,C,,2588,4.9,UNDER,OVER,FORCED_OVER_ONLY_GOB_DEM,OVER,ml_prob_unified,10,4.0125
14083947,Kimberly Birrell,KIMBERLY BIRRELL,Total Games Won,12.5,2026-08-25T17:30:00.000-04:00,Tennis,WTA / HARD,Demon,,,,14083947,205511,182300,Kimberly Birrell,12.5,Player,DARJA VIDMANOVA,,,https://img0.aiscore.com/v2/team/b820046bb144f5d09bef9c7520e15c5b.png!w80,,2026-08-25T01:35:16.221-04:00,2026-08-25T16:30:42-04:00,games_won,0,,0,2588,WTA,,1,,N/A,,OK,,,0.6199604889131982,,,,,4,10,10,7,12,5,13,16,9,15,8.6,10.1,10.1,,hard,0,1.98,5.26,0.6432868494449671,0.5192307692307693,52,False,False,,,OK,5,0,5,0,0,1,0,1,0,5,0,5,0,10,3,7,0,0.3,0.7,0.3,0.7,,0,69,90.0,-21,WTA,NEUTRAL,FIELD,HIGH,133,28,3,92,2026-05-25,133,1,,0.15,0.3,8.6,-3.9000000000000004,0.58,0.5602,1.104585876675603,0.15,-0.003000000000000003,1.049356582841823,?,0.95,0.279,OVER,ml_prob_fallback,ml_prob_fallback,C,,2588,3.9000000000000004,UNDER,OVER,FORCED_OVER_ONLY_GOB_DEM,OVER,ml_prob_unified,10,4.0125
14086107,Darja Vidmanova,DARJA VIDMANOVA,Aces,12.5,2026-08-25T17:30:00.000-04:00,Tennis,WTA / HARD,Demon,,,,14086107,245478,182300,Darja Vidmanova,12.5,Player,KIMBERLY BIRRELL,,,https://static.prizepicks.com/images/manual/Darja Vidmanova.png,,2026-08-25T01:35:16.221-04:00,2026-08-25T16:30:42-04:00,aces,0,,0,6488,WTA,,2,,N/A,,OK,,,0.6292172739541161,,,,,6,3,5,6,2,9,9,4,5,3,4.4,5.2,5.2,,hard,0,1.6,2.6,0.6260195852534562,0.2,5,False,False,,,OK,5,0,5,0,0,1,0,1,0,5,0,5,0,10,0,10,0,0,1,0,1,,0,90,69.0,21,WTA,SERVE_HEAVY,FIELD,HIGH,127,24,2,148,2026-03-30,127,1,,0.0,0,4.4,-8.1,0.0283,0.028,0,0,-0.003000000000000003,0,?,0.95,0.0085,OVER,ml_prob_fallback,ml_prob_fallback,C,,6488,8.1,UNDER,OVER,FORCED_OVER_ONLY_GOB_DEM,OVER,ml_prob_unified,10,2.3944
14083935,Darja Vidmanova,DARJA VIDMANOVA,Total Games Won,11.5,2026-08-25T17:30:00.000-04:00,Tennis,WTA / HARD,Goblin,13,,,14083935,245478,182300,Darja Vidmanova,11.5,Player,KIMBERLY BIRRELL,,,https://static.prizepicks.com/images/manual/Darja Vidmanova.png,,2026-08-25T01:35:16.221-04:00,2026-08-25T16:30:42-04:00,games_won,0,,0,6488,WTA,offset_estimate,1,,N/A,,OK,,,0.6292172739541161,,,,,12,10,12,18,12,15,13,12,8,12,12.8,12.4,12.4,,hard,0,1.6,2.6,0.6260195852534562,0.2,5,False,False,,,OK,5,4,1,0,0.8,0.2,0.8,0.2,4,1,4,1,0,10,8,2,0,0.8,0.2,0.8,0.2,,0,90,69.0,21,WTA,NEUTRAL,FIELD,HIGH,127,24,2,148,2026-03-30,127,1,,0.8,1.6,12.8,1.3000000000000007,0.58,-0.2058,6.928782275603218,0.8,0.07840000000000003,6.582343161823056,?,0.95,0.734,OVER,distance,distance,C,,6488,1.3000000000000007,OVER,OVER,FORCED_OVER_ONLY_GOB_DEM,OVER,ml_prob_unified,10,2.675
14086108,Darja Vidmanova,DARJA VIDMANOVA,Aces,11.5,2026-08-25T17:30:00.000-04:00,Tennis,WTA / HARD,Demon,,,,14086108,245478,182300,Darja Vidmanova,11.5,Player,KIMBERLY BIRRELL,,,https://static.prizepicks.com/images/manual/Darja Vidmanova.png,,2026-08-25T01:35:16.221-04:00,2026-08-25T16:30:42-04:00,aces,0,,0,6488,WTA,,1,,N/A,,OK,,,0.6292172739541161,,,,,6,3,5,6,2,9,9,4,5,3,4.4,5.2,5.2,,hard,0,1.6,2.6,0.6260195852534562,0.2,5,False,False,,,OK,5,0,5,0,0,1,0,1,0,5,0,5,0,10,0,10,0,0,1,0,1,,0,90,69.0,21,WTA,SERVE_HEAVY,FIELD,HIGH,127,24,2,148,2026-03-30,127,1,,0.0,0,4.4,-7.1,0.0288,0.028,0,0,-0.003000000000000003,0,?,0.95,0.0086,OVER,ml_prob_fallback,ml_prob_fallback,C,,6488,7.1,UNDER,OVER,FORCED_OVER_ONLY_GOB_DEM,OVER,ml_prob_unified,10,2.3944
14086121,Kimberly Birrell,KIMBERLY BIRRELL,Double Faults,11.5,2026-08-25T17:30:00.000-04:00,Tennis,WTA / HARD,Demon,5.5,,,14086121,205511,182300,Kimberly Birrell,11.5,Player,DARJA VIDMANOVA,,,https://img0.aiscore.com/v2/team/b820046bb144f5d09bef9c7520e15c5b.png!w80,,2026-08-25T01:35:16.221-04:00,2026-08-25T16:30:42-04:00,double_faults,0,,0,2588,WTA,sibling_or_pp,3,,N/A,,OK,,,0.6199604889131982,,,,,9,8,4,6,4,5,8,4,5,5,6.2,5.8,5.8,,hard,0,1.98,5.26,0.6432868494449671,0.5192307692307693,52,False,False,,,OK,5,0,5,0,0,1,0,1,0,5,0,5,0,10,0,10,0,0,1,0,1,,0,69,90.0,-21,WTA,NEUTRAL,FIELD,HIGH,133,28,3,92,2026-05-25,133,1,,0.0,0,6.2,-5.3,0.0288,0.0239,0,0,-0.003000000000000003,0,?,0.95,0.0086,OVER,distance,distance,C,,2588,5.3,UNDER,OVER,FORCED_OVER_ONLY_GOB_DEM,OVER,ml_prob_unified,10,1.8738
14083936,Darja Vidmanova,DARJA VIDMANOVA,Total Games Won,10.5,2026-08-25T17:30:00.000-04:00,Tennis,WTA / HARD,Goblin,12.5,,,14083936,245478,182300,Darja Vidmanova,10.5,Player,KIMBERLY BIRRELL,,,https://static.prizepicks.com/images/manual/Darja Vidmanova.png,,2026-08-25T01:35:16.221-04:00,2026-08-25T16:30:42-04:00,games_won,0,,0,6488,WTA,offset_estimate,2,,N/A,,OK,,,0.6292172739541161,,,,,12,10,12,18,12,15,13,12,8,12,12.8,12.4,12.4,,hard,0,1.6,2.6,0.6260195852534562,0.2,5,False,False,,,OK,5,4,1,0,0.8,0.2,0.8,0.2,4,1,4,1,0,10,8,2,0,0.8,0.2,0.8,0.2,,0,90,69.0,21,WTA,NEUTRAL,FIELD,HIGH,127,24,2,148,2026-03-30,127,1,,0.8,1.6,12.8,2.3000000000000007,0.58,-0.3289,6.928782275603218,0.8,0.07840000000000003,6.582343161823056,?,0.95,0.734,OVER,distance,distance,B,,6488,2.3000000000000007,OVER,OVER,FORCED_OVER_ONLY_GOB_DEM,OVER,ml_prob_unified,10,2.675
14086120,Kimberly Birrell,KIMBERLY BIRRELL,Double Faults,10.5,2026-08-25T17:30:00.000-04:00,Tennis,WTA / HARD,Demon,5.5,,,14086120,205511,182300,Kimberly Birrell,10.5,Player,DARJA VIDMANOVA,,,https://img0.aiscore.com/v2/team/b820046bb144f5d09bef9c7520e15c5b.png!w80,,2026-08-25T01:35:16.221-04:00,2026-08-25T16:30:42-04:00,double_faults,0,,0,2588,WTA,sibling_or_pp,2,,N/A,,OK,,,0.6199604889131982,,,,,9,8,4,6,4,5,8,4,5,5,6.2,5.8,5.8,,hard,0,1.98,5.26,0.6432868494449671,0.5192307692307693,52,False,False,,,OK,5,0,5,0,0,1,0,1,0,5,0,5,0,10,0,10,0,0,1,0,1,,0,69,90.0,-21,WTA,NEUTRAL,FIELD,HIGH,133,28,3,92,2026-05-25,133,1,,0.0,0,6.2,-4.3,0.0288,0.0154,0,0,-0.003000000000000003,0,?,0.95,0.0086,OVER,distance,distance,C,,2588,4.3,UNDER,OVER,FORCED_OVER_ONLY_GOB_DEM,OVER,ml_prob_unified,10,1.8738
14083937,Darja Vidmanova,DARJA VIDMANOVA,Total Games Won,9.5,2026-08-25T17:30:00.000-04:00,Tennis,WTA / HARD,Goblin,12.5,,,14083937,245478,182300,Darja Vidmanova,9.5,Player,KIMBERLY BIRRELL,,,https://static.prizepicks.com/images/manual/Darja Vidmanova.png,,2026-08-25T01:35:16.221-04:00,2026-08-25T16:30:42-04:00,games_won,0,,0,6488,WTA,offset_estimate,3,,N/A,,OK,,,0.6292172739541161,,,,,12,10,12,18,12,15,13,12,8,12,12.8,12.4,12.4,,hard,0,1.6,2.6,0.6260195852534562,0.2,5,False,False,,,OK,5,5,0,0,1,0,1,0,5,0,5,0,0,10,9,1,0,0.9,0.1,0.9,0.1,,0,90,69.0,21,WTA,NEUTRAL,FIELD,HIGH,127,24,2,148,2026-03-30,127,1,,0.95,1.9,12.8,3.3000000000000007,0.6269,-0.3375,8.441243429490616,0.95,0.07840000000000003,8.019181258016085,?,0.95,0.8531,OVER,distance,distance,B,,6488,3.3000000000000007,OVER,OVER,FORCED_OVER_ONLY_GOB_DEM,OVER,ml_prob_unified,10,2.675
14083944,Kimberly Birrell,KIMBERLY BIRRELL,Total Games Won,9.5,2026-08-25T17:30:00.000-04:00,Tennis,WTA / HARD,Goblin,11,,,14083944,205511,182300,Kimberly Birrell,9.5,Player,DARJA VIDMANOVA,,,https://img0.aiscore.com/v2/team/b820046bb144f5d09bef9c7520e15c5b.png!w80,,2026-08-25T01:35:16.221-04:00,2026-08-25T16:30:42-04:00,games_won,0,,0,2588,WTA,offset_estimate,1,,N/A,,OK,,,0.6199604889131982,,,,,4,10,10,7,12,5,13,16,9,15,8.6,10.1,10.1,,hard,0,1.98,5.26,0.6432868494449671,0.5192307692307693,52,False,False,,,OK,5,3,2,0,0.6,0.4,0.6,0.4,3,2,3,2,0,10,6,4,0,0.6,0.4,0.6,0.4,,0,69,90.0,-21,WTA,NEUTRAL,FIELD,HIGH,133,28,3,92,2026-05-25,133,1,,0.6,1.2,8.6,-0.9000000000000004,0.6088,0.3197,4.976052675603216,0.6,0.05200000000000005,4.727250041823055,?,0.95,0.6026,OVER,distance,distance,C,,2588,0.9000000000000004,UNDER,OVER,FORCED_OVER_ONLY_GOB_DEM,OVER,ml_prob_unified,10,4.0125
14086119,Kimberly Birrell,KIMBERLY BIRRELL,Double Faults,9.5,2026-08-25T17:30:00.000-04:00,Tennis,WTA / HARD,Demon,5.5,,,14086119,205511,182300,Kimberly Birrell,9.5,Player,DARJA VIDMANOVA,,,https://img0.aiscore.com/v2/team/b820046bb144f5d09bef9c7520e15c5b.png!w80,,2026-08-25T01:35:16.221-04:00,2026-08-25T16:30:42-04:00,double_faults,0,,0,2588,WTA,sibling_or_pp,1,,N/A,,OK,,,0.6199604889131982,,,,,9,8,4,6,4,5,8,4,5,5,6.2,5.8,5.8,,hard,0,1.98,5.26,0.6432868494449671,0.5192307692307693,52,False,False,,,OK,5,0,5,0,0,1,0,1,0,5,0,5,0,10,0,10,0,0,1,0,1,,0,69,90.0,-21,WTA,NEUTRAL,FIELD,HIGH,133,28,3,92,2026-05-25,133,1,,0.0,0,6.2,-3.3,0.0228,-0.0128,0,0,-0.003000000000000003,0,?,0.95,0.0068,OVER,distance,distance,C,,2588,3.3,UNDER,OVER,FORCED_OVER_ONLY_GOB_DEM,OVER,ml_prob_unified,10,1.8738
14083942,Kimberly Birrell,KIMBERLY BIRRELL,Total Games Won,8.5,2026-08-25T17:30:00.000-04:00,Tennis,WTA / HARD,Goblin,10.5,,,14083942,205511,182300,Kimberly Birrell,8.5,Player,DARJA VIDMANOVA,,,https://img0.aiscore.com/v2/team/b820046bb144f5d09bef9c7520e15c5b.png!w80,,2026-08-25T01:35:16.221-04:00,2026-08-25T16:30:42-04:00,games_won,0,,0,2588,WTA,offset_estimate,2,,N/A,,OK,,,0.6199604889131982,,,,,4,10,10,7,12,5,13,16,9,15,8.6,10.1,10.1,,hard,0,1.98,5.26,0.6432868494449671,0.5192307692307693,52,False,False,,,OK,5,3,2,0,0.6,0.4,0.6,0.4,3,2,3,2,0,10,7,3,0,0.7,0.3,0.7,0.3,,0,69,90.0,-21,WTA,NEUTRAL,FIELD,HIGH,133,28,3,92,2026-05-25,133,1,,0.6499999999999999,1.3,8.6,0.09999999999999964,0.58,0.055,5.452966895442359,0.6499999999999999,0.05200000000000005,5.180318550670241,?,0.95,0.629,OVER,distance,distance,B,,2588,0.09999999999999964,OVER,OVER,FORCED_OVER_ONLY_GOB_DEM,OVER,ml_prob_unified,10,4.0125
14086105,Darja Vidmanova,DARJA VIDMANOVA,Aces,8.5,2026-08-25T17:30:00.000-04:00,Tennis,WTA / HARD,Goblin,10,,,14086105,245478,182300,Darja Vidmanova,8.5,Player,KIMBERLY BIRRELL,,,https://static.prizepicks.com/images/manual/Darja Vidmanova.png,,2026-08-25T01:35:16.221-04:00,2026-08-25T16:30:42-04:00,aces,0,,0,6488,WTA,offset_estimate,1,,N/A,,OK,,,0.6292172739541161,,,,,6,3,5,6,2,9,9,4,5,3,4.4,5.2,5.2,,hard,0,1.6,2.6,0.6260195852534562,0.2,5,False,False,,,OK,5,0,5,0,0,1,0,1,0,5,0,5,0,10,2,8,0,0.2,0.8,0.2,0.8,,0,90,69.0,21,WTA,SERVE_HEAVY,FIELD,HIGH,127,24,2,148,2026-03-30,127,1,,0.1,0.2,4.4,-4.1,0.08,0.0637,0.727511764075067,0.1,-0.003000000000000003,0.6911361758713136,?,0.95,0.094,OVER,distance,distance,C,,6488,4.1,UNDER,OVER,FORCED_OVER_ONLY_GOB_DEM,OVER,ml_prob_unified,10,2.3944
14083943,Kimberly Birrell,KIMBERLY BIRRELL,Total Games Won,7.5,2026-08-25T17:30:00.000-04:00,Tennis,WTA / HARD,Goblin,10.5,,,14083943,205511,182300,Kimberly Birrell,7.5,Player,DARJA VIDMANOVA,,,https://img0.aiscore.com/v2/team/b820046bb144f5d09bef9c7520e15c5b.png!w80,,2026-08-25T01:35:16.221-04:00,2026-08-25T16:30:42-04:00,games_won,0,,0,2588,WTA,offset_estimate,3,,N/A,,OK,,,0.6199604889131982,,,,,4,10,10,7,12,5,13,16,9,15,8.6,10.1,10.1,,hard,0,1.98,5.26,0.6432868494449671,0.5192307692307693,52,False,False,,,OK,5,3,2,0,0.6,0.4,0.6,0.4,3,2,3,2,0,10,7,3,0,0.7,0.3,0.7,0.3,,0,69,90.0,-21,WTA,NEUTRAL,FIELD,HIGH,133,28,3,92,2026-05-25,133,1,,0.6499999999999999,1.3,8.6,1.0999999999999996,0.5831,-0.1672,5.452966895442359,0.6499999999999999,0.05200000000000005,5.180318550670241,?,0.95,0.6299,OVER,distance,distance,B,,2588,1.0999999999999996,OVER,OVER,FORCED_OVER_ONLY_GOB_DEM,OVER,ml_prob_unified,10,4.0125
14086106,Darja Vidmanova,DARJA VIDMANOVA,Aces,7.5,2026-08-25T17:30:00.000-04:00,Tennis,WTA / HARD,Goblin,9.5,,,14086106,245478,182300,Darja Vidmanova,7.5,Player,KIMBERLY BIRRELL,,,https://static.prizepicks.com/images/manual/Darja Vidmanova.png,,2026-08-25T01:35:16.221-04:00,2026-08-25T16:30:42-04:00,aces,0,,0,6488,WTA,offset_estimate,2,,N/A,,OK,,,0.6292172739541161,,,,,6,3,5,6,2,9,9,4,5,3,4.4,5.2,5.2,,hard,0,1.6,2.6,0.6260195852534562,0.2,5,False,False,,,OK,5,0,5,0,0,1,0,1,0,5,0,5,0,10,2,8,0,0.2,0.8,0.2,0.8,,0,90,69.0,21,WTA,SERVE_HEAVY,FIELD,HIGH,127,24,2,148,2026-03-30,127,1,,0.1,0.2,4.4,-3.0999999999999996,0.08,0.0369,0.727511764075067,0.1,-0.003000000000000003,0.6911361758713136,?,0.95,0.094,OVER,distance,distance,B,,6488,3.0999999999999996,UNDER,OVER,FORCED_OVER_ONLY_GOB_DEM,OVER,ml_prob_unified,10,2.3944
14086118,Kimberly Birrell,KIMBERLY BIRRELL,Double Faults,7.5,2026-08-25T17:30:00.000-04:00,Tennis,WTA / HARD,Goblin,5.5,,,14086118,205511,182300,Kimberly Birrell,7.5,Player,DARJA VIDMANOVA,,,https://img0.aiscore.com/v2/team/b820046bb144f5d09bef9c7520e15c5b.png!w80,,2026-08-25T01:35:16.221-04:00,2026-08-25T16:30:42-04:00,double_faults,0,,0,2588,WTA,sibling_or_pp,1,,N/A,,OK,,,0.6199604889131982,,,,,9,8,4,6,4,5,8,4,5,5,6.2,5.8,5.8,,hard,0,1.98,5.26,0.6432868494449671,0.5192307692307693,52,False,False,,,OK,5,2,3,0,0.4,0.6,0.4,0.6,2,3,2,3,0,10,3,7,0,0.3,0.7,0.3,0.7,,0,69,90.0,-21,WTA,NEUTRAL,FIELD,HIGH,133,28,3,92,2026-05-25,133,1,,0.35,0.7,6.2,-1.2999999999999998,0.08,-0.1342,2.713746412868633,0.35,0.008000000000000007,2.578059092225201,?,0.95,0.269,OVER,distance,distance,B,,2588,1.2999999999999998,UNDER,OVER,FORCED_OVER_ONLY_GOB_DEM,OVER,ml_prob_unified,10,1.8738
14086117,Kimberly Birrell,KIMBERLY BIRRELL,Double Faults,6.5,2026-08-25T17:30:00.000-04:00,Tennis,WTA / HARD,Goblin,5.5,,,14086117,205511,182300,Kimberly Birrell,6.5,Player,DARJA VIDMANOVA,,,https://img0.aiscore.com/v2/team/b820046bb144f5d09bef9c7520e15c5b.png!w80,,2026-08-25T01:35:16.221-04:00,2026-08-25T16:30:42-04:00,double_faults,0,,0,2588,WTA,sibling_or_pp,2,,N/A,,OK,,,0.6199604889131982,,,,,9,8,4,6,4,5,8,4,5,5,6.2,5.8,5.8,,hard,0,1.98,5.26,0.6432868494449671,0.5192307692307693,52,False,False,,,OK,5,2,3,0,0.4,0.6,0.4,0.6,2,3,2,3,0,10,3,7,0,0.3,0.7,0.3,0.7,,0,69,90.0,-21,WTA,NEUTRAL,FIELD,HIGH,133,28,3,92,2026-05-25,133,1,,0.35,0.7,6.2,-0.2999999999999998,0.08,-0.3456,2.713746412868633,0.35,0.008000000000000007,2.578059092225201,?,0.95,0.269,OVER,distance,distance,C,,2588,0.2999999999999998,UNDER,OVER,FORCED_OVER_ONLY_GOB_DEM,OVER,ml_prob_unified,10,1.8738
14086113,Darja Vidmanova,DARJA VIDMANOVA,Double Faults,5.5,2026-08-25T17:30:00.000-04:00,Tennis,WTA / HARD,Demon,,,,14086113,245478,182300,Darja Vidmanova,5.5,Player,KIMBERLY BIRRELL,,,https://static.prizepicks.com/images/manual/Darja Vidmanova.png,,2026-08-25T01:35:16.221-04:00,2026-08-25T16:30:42-04:00,double_faults,0,,0,6488,WTA,,3,,N/A,,OK,,,0.6292172739541161,,,,,3,1,1,3,1,6,2,4,2,1,1.8,2.4,2.4,,hard,0,1.6,2.6,0.6260195852534562,0.2,5,False,False,,,OK,5,0,5,0,0,1,0,1,0,5,0,5,0,10,1,9,0,0.1,0.9,0.1,0.9,,0,90,69.0,21,WTA,NEUTRAL,FIELD,HIGH,127,24,2,148,2026-03-30,127,1,,0.05,0.1,1.8,-3.7,0.028,0.0039,0.3596515924932976,0.05,-0.003000000000000003,0.3416690128686327,?,0.95,0.0434,OVER,ml_prob_fallback,ml_prob_fallback,C,,6488,3.7,UNDER,OVER,FORCED_OVER_ONLY_GOB_DEM,OVER,ml_prob_unified,10,1.6465
14086116,Kimberly Birrell,KIMBERLY BIRRELL,Aces,5.5,2026-08-25T17:30:00.000-04:00,Tennis,WTA / HARD,Demon,,,,14086116,205511,182300,Kimberly Birrell,5.5,Player,DARJA VIDMANOVA,,,https://img0.aiscore.com/v2/team/b820046bb144f5d09bef9c7520e15c5b.png!w80,,2026-08-25T01:35:16.221-04:00,2026-08-25T16:30:42-04:00,aces,0,,0,2588,WTA,,2,,N/A,,OK,,,0.6199604889131982,,,,,2,5,1,2,1,0,4,3,4,2,2.2,2.4,2.4,,hard,0,1.98,5.26,0.6432868494449671,0.5192307692307693,52,False,False,,,OK,5,0,5,0,0,1,0,1,0,5,0,5,0,10,0,10,0,0,1,0,1,,0,69,90.0,-21,WTA,SERVE_HEAVY,FIELD,HIGH,133,28,3,92,2026-05-25,133,1,,0.0,0,2.2,-3.3,0.0547,0.0191,0,0,-0.003000000000000003,0,?,0.95,0.0164,OVER,ml_prob_fallback,ml_prob_fallback,C,,2588,3.3,UNDER,OVER,FORCED_OVER_ONLY_GOB_DEM,OVER,ml_prob_unified,10,1.5776
14124373,Kimberly Birrell,KIMBERLY BIRRELL,Double Faults,5.5,2026-08-25T17:30:00.000-04:00,Tennis,WTA / HARD,Standard,5.5,,,14124373,205511,182300,Kimberly Birrell,5.5,Player,DARJA VIDMANOVA,,,https://img0.aiscore.com/v2/team/b820046bb144f5d09bef9c7520e15c5b.png!w80,,2026-08-25T06:21:58.240-04:00,2026-08-25T16:30:42-04:00,double_faults,0,,0,2588,WTA,pp_or_step1,0,,N/A,,OK,,,0.6199604889131982,,,,,9,8,4,6,4,5,8,4,5,5,6.2,5.8,5.8,,hard,0,1.98,5.26,0.6432868494449671,0.5192307692307693,52,False,False,,,OK,5,3,2,0,0.6,0.4,0.6,0.4,3,2,3,2,0,10,4,6,0,0.4,0.6,0.4,0.6,,0,69,90.0,-21,WTA,NEUTRAL,FIELD,HIGH,133,28,3,92,2026-05-25,133,1,,0.5,1,6.2,0.7000000000000002,0.08,-0.5882,4.033123431635389,0.5,0.05200000000000005,3.831467260053619,?,0.95,0.374,OVER,ml_prob,ml_prob,B,,2588,0.7000000000000002,OVER,OVER,STANDARD_L5AVG_OVER,OVER,ml_prob_unified,10,1.8738
14086111,Darja Vidmanova,DARJA VIDMANOVA,Double Faults,4.5,2026-08-25T17:30:00.000-04:00,Tennis,WTA / HARD,Demon,,,,14086111,245478,182300,Darja Vidmanova,4.5,Player,KIMBERLY BIRRELL,,,https://static.prizepicks.com/images/manual/Darja Vidmanova.png,,2026-08-25T01:35:16.221-04:00,2026-08-25T16:30:42-04:00,double_faults,0,,0,6488,WTA,,2,,N/A,,OK,,,0.6292172739541161,,,,,3,1,1,3,1,6,2,4,2,1,1.8,2.4,2.4,,hard,0,1.6,2.6,0.6260195852534562,0.2,5,False,False,,,OK,5,0,5,0,0,1,0,1,0,5,0,5,0,10,1,9,0,0.1,0.9,0.1,0.9,,0,90,69.0,21,WTA,NEUTRAL,FIELD,HIGH,127,24,2,148,2026-03-30,127,1,,0.05,0.1,1.8,-2.7,0.0481,-0.0149,0.3596515924932976,0.05,-0.003000000000000003,0.3416690128686327,?,0.95,0.0494,OVER,ml_prob_fallback,ml_prob_fallback,C,,6488,2.7,UNDER,OVER,FORCED_OVER_ONLY_GOB_DEM,OVER,ml_prob_unified,10,1.6465
14086115,Kimberly Birrell,KIMBERLY BIRRELL,Aces,4.5,2026-08-25T17:30:00.000-04:00,Tennis,WTA / HARD,Demon,,,,14086115,205511,182300,Kimberly Birrell,4.5,Player,DARJA VIDMANOVA,,,https://img0.aiscore.com/v2/team/b820046bb144f5d09bef9c7520e15c5b.png!w80,,2026-08-25T01:35:16.221-04:00,2026-08-25T16:30:42-04:00,aces,0,,0,2588,WTA,,1,,N/A,,OK,,,0.6199604889131982,,,,,2,5,1,2,1,0,4,3,4,2,2.2,2.4,2.4,,hard,0,1.98,5.26,0.6432868494449671,0.5192307692307693,52,False,False,,,OK,5,1,4,0,0.2,0.8,0.2,0.8,1,4,1,4,0,10,1,9,0,0.1,0.9,0.1,0.9,,0,69,90.0,-21,WTA,SERVE_HEAVY,FIELD,HIGH,133,28,3,92,2026-05-25,133,1,,0.15000000000000002,0.3,2.2,-2.3,0.0796,-0.0115,1.104585876675603,0.15,-0.003000000000000003,1.049356582841823,?,0.95,0.1289,OVER,ml_prob_fallback,ml_prob_fallback,C,,2588,2.3,UNDER,OVER,FORCED_OVER_ONLY_GOB_DEM,OVER,ml_prob_unified,10,1.5776
14086112,Darja Vidmanova,DARJA VIDMANOVA,Double Faults,3.5,2026-08-25T17:30:00.000-04:00,Tennis,WTA / HARD,Demon,,,,14086112,245478,182300,Darja Vidmanova,3.5,Player,KIMBERLY BIRRELL,,,https://static.prizepicks.com/images/manual/Darja Vidmanova.png,,2026-08-25T01:35:16.221-04:00,2026-08-25T16:30:42-04:00,double_faults,0,,0,6488,WTA,,1,,N/A,,OK,,,0.6292172739541161,,,,,3,1,1,3,1,6,2,4,2,1,1.8,2.4,2.4,,hard,0,1.6,2.6,0.6260195852534562,0.2,5,False,False,,,OK,5,0,5,0,0,1,0,1,0,5,0,5,0,10,2,8,0,0.2,0.8,0.2,0.8,,0,90,69.0,21,WTA,NEUTRAL,FIELD,HIGH,127,24,2,148,2026-03-30,127,1,,0.1,0.2,1.8,-1.7,0.0376,-0.1169,0.727511764075067,0.1,-0.003000000000000003,0.6911361758713136,?,0.95,0.0813,OVER,ml_prob_fallback,ml_prob_fallback,C,,6488,1.7,UNDER,OVER,FORCED_OVER_ONLY_GOB_DEM,OVER,ml_prob_unified,10,1.6465
14083408,Darja Vidmanova,DARJA VIDMANOVA,Total Sets,2.5,2026-08-25T17:30:00.000-04:00,Tennis,WTA / HARD,Demon,,,,14083408,245478,182300,Darja Vidmanova,2.5,Player,KIMBERLY BIRRELL,,,https://static.prizepicks.com/images/manual/Darja Vidmanova.png,,2026-08-25T01:35:16.221-04:00,2026-08-25T16:30:42-04:00,total_sets,0,,0,6488,WTA,,1,,N/A,,OK,,,0.6292172739541161,,,,,3,3,2,3,2,3,3,2,2,2,2.6,2.5,2.5,,hard,0,1.6,2.6,0.6260195852534562,0.2,5,False,False,,,OK,5,3,2,0,0.6,0.4,0.6,0.4,3,2,3,2,0,10,5,5,0,0.5,0.5,0.5,0.5,,0,90,69.0,21,WTA,NEUTRAL,FIELD,HIGH,127,24,2,148,2026-03-30,127,1,,0.55,1.1,2.6,0.10000000000000009,0.3659,-0.1591,4.514759903485255,0.55,0.05200000000000005,4.289021908310993,?,0.95,0.4948,OVER,ml_prob_fallback,ml_prob_fallback,B,,6488,0.10000000000000009,OVER,OVER,FORCED_OVER_ONLY_GOB_DEM,OVER,ml_prob_unified,10,0.527
14086109,Darja Vidmanova,DARJA VIDMANOVA,Double Faults,1.5,2026-08-25T17:30:00.000-04:00,Tennis,WTA / HARD,Goblin,3,,,14086109,245478,182300,Darja Vidmanova,1.5,Player,KIMBERLY BIRRELL,,,https://static.prizepicks.com/images/manual/Darja Vidmanova.png,,2026-08-25T01:35:16.221-04:00,2026-08-25T16:30:42-04:00,double_faults,0,,0,6488,WTA,offset_estimate,1,,N/A,,OK,,,0.6292172739541161,,,,,3,1,1,3,1,6,2,4,2,1,1.8,2.4,2.4,,hard,0,1.6,2.6,0.6260195852534562,0.2,5,False,False,,,OK,5,2,3,0,0.4,0.6,0.4,0.6,2,3,2,3,0,10,6,4,0,0.6,0.4,0.6,0.4,,0,90,69.0,21,WTA,NEUTRAL,FIELD,HIGH,127,24,2,148,2026-03-30,127,1,,0.5,1,1.8,0.30000000000000004,0.08,-0.4944,4.022563431635389,0.5,0.008000000000000007,3.821435260053619,?,0.95,0.374,OVER,distance,distance,C,,6488,0.30000000000000004,OVER,OVER,FORCED_OVER_ONLY_GOB_DEM,OVER,ml_prob_unified,10,1.6465
14124372,Kimberly Birrell,KIMBERLY BIRRELL,Aces,1.5,2026-08-25T17:30:00.000-04:00,Tennis,WTA / HARD,Goblin,3,,,14124372,205511,182300,Kimberly Birrell,1.5,Player,DARJA VIDMANOVA,,,https://img0.aiscore.com/v2/team/b820046bb144f5d09bef9c7520e15c5b.png!w80,,2026-08-25T06:21:58.144-04:00,2026-08-25T16:30:42-04:00,aces,0,,0,2588,WTA,offset_estimate,1,,N/A,,OK,,,0.6199604889131982,,,,,2,5,1,2,1,0,4,3,4,2,2.2,2.4,2.4,,hard,0,1.98,5.26,0.6432868494449671,0.5192307692307693,52,False,False,,,OK,5,3,2,0,0.6,0.4,0.6,0.4,3,2,3,2,0,10,7,3,0,0.7,0.3,0.7,0.3,,0,69,90.0,-21,WTA,SERVE_HEAVY,FIELD,HIGH,133,28,3,92,2026-05-25,133,1,,0.6499999999999999,1.3,2.2,0.7000000000000002,0.08,-0.5882,5.452966895442359,0.6499999999999999,0.05200000000000005,5.180318550670241,?,0.95,0.479,OVER,distance,distance,C,,2588,0.7000000000000002,OVER,OVER,FORCED_OVER_ONLY_GOB_DEM,OVER,ml_prob_unified,10,1.5776
14083941,Darja Vidmanova,DARJA VIDMANOVA,Total Tie Breaks,0.5,2026-08-25T17:30:00.000-04:00,Tennis,WTA / HARD,Demon,,,,14083941,245478,182300,Darja Vidmanova,0.5,Player,KIMBERLY BIRRELL,,,https://static.prizepicks.com/images/manual/Darja Vidmanova.png,,2026-08-25T01:35:16.221-04:00,2026-08-25T16:30:42-04:00,total_tie_breaks,0,,0,6488,WTA,,1,,N/A,,OK,,,0.6292172739541161,,,,,0,0,0,1,0,0,1,0,0,0,0.2,0.2,0.2,,hard,0,1.6,2.6,0.6260195852534562,0.2,5,False,False,,,OK,5,1,4,0,0.2,0.8,0.2,0.8,1,4,1,4,0,10,2,8,0,0.2,0.8,0.2,0.8,,0,90,69.0,21,WTA,NEUTRAL,FIELD,HIGH,127,24,2,148,2026-03-30,127,1,,0.2,0.4,0.2,-0.3,0.3659,-0.0597,1.49193291152815,0.2,-0.003000000000000003,1.417336265951743,?,0.95,0.2498,OVER,ml_prob_fallback,ml_prob_fallback,C,,6488,0.3,UNDER,OVER,FORCED_OVER_ONLY_GOB_DEM,OVER,ml_prob_unified,10,0.4216
14083711,Shuai Zhang,SHUAI ZHANG,Total Games,24.5,2026-08-25T17:30:00.000-04:00,Tennis,WTA / HARD,Demon,21.5,,,14083711,215881,182301,Shuai Zhang,24.5,Player,MARIA TIMOFEEVA,,,https://static.prizepicks.com/images/manual/zhang.webp,,2026-08-25T01:35:16.221-04:00,2026-08-25T16:30:42-04:00,match_total_games,0,,0,707,WTA,sibling_or_pp,2,,N/A,,OK,,,0.6613214703765923,,,,,21,24,19,17,17,26,16,17,18,,19.6,19.44444444444444,19.44444444444444,,hard,0,1.914285714285714,2.228571428571429,0.61979737629268,0.5,36,False,False,,,OK,5,0,5,0,0,1,0,1,0,5,0,5,0,9,1,8,0,0.1111111111111111,0.8888888888888888,0.1111111111111111,0.8888888888888888,,0,999,92.0,907,WTA,NEUTRAL,FIELD,HIGH,64,18,2,92,2026-05-25,64,1,,0.05555555555555555,0.1611111111111111,19.6,-4.899999999999999,0.58,0.5726,0.5809611983485254,0.05555555555555555,-0.003000000000000003,0.5519131384310991,?,0.95,0.2129,OVER,distance,distance,B,,707,4.899999999999999,UNDER,OVER,FORCED_OVER_ONLY_GOB_DEM,OVER,ml_prob_unified,9,3.504
14083712,Shuai Zhang,SHUAI ZHANG,Total Games,23.5,2026-08-25T17:30:00.000-04:00,Tennis,WTA / HARD,Demon,21.5,,,14083712,215881,182301,Shuai Zhang,23.5,Player,MARIA TIMOFEEVA,,,https://static.prizepicks.com/images/manual/zhang.webp,,2026-08-25T01:35:16.221-04:00,2026-08-25T16:30:42-04:00,match_total_games,0,,0,707,WTA,sibling_or_pp,1,,N/A,,OK,,,0.6613214703765923,,,,,21,24,19,17,17,26,16,17,18,,19.6,19.44444444444444,19.44444444444444,,hard,0,1.914285714285714,2.228571428571429,0.61979737629268,0.5,36,False,False,,,OK,5,1,4,0,0.2,0.8,0.2,0.8,1,4,1,4,0,9,2,7,0,0.2222222222222222,0.7777777777777778,0.2222222222222222,0.7777777777777778,,0,999,92.0,907,WTA,NEUTRAL,FIELD,HIGH,64,18,2,92,2026-05-25,64,1,,0.2111111111111111,0.4722222222222222,19.6,-3.8999999999999986,0.58,0.5602,1.769973708142985,0.2111111111111111,-0.003000000000000003,1.681475022735835,?,0.95,0.3218,OVER,distance,distance,B,,707,3.8999999999999986,UNDER,OVER,FORCED_OVER_ONLY_GOB_DEM,OVER,ml_prob_unified,9,3.504
14083409,Shuai Zhang,SHUAI ZHANG,Total Games,21.5,2026-08-25T17:30:00.000-04:00,Tennis,WTA / HARD,Standard,21.5,,,14083409,215881,182301,Shuai Zhang,21.5,Player,MARIA TIMOFEEVA,,,https://static.prizepicks.com/images/manual/zhang.webp,,2026-08-25T01:35:16.221-04:00,2026-08-25T16:30:42-04:00,match_total_games,0,,0,707,WTA,pp_or_step1,0,,N/A,,OK,,,0.6613214703765923,,,,,21,24,19,17,17,26,16,17,18,,19.6,19.44444444444444,19.44444444444444,,hard,0,1.914285714285714,2.228571428571429,0.61979737629268,0.5,36,False,False,,,OK,5,1,4,0,0.2,0.8,0.2,0.8,1,4,1,4,0,9,2,7,0,0.2222222222222222,0.7777777777777778,0.2222222222222222,0.7777777777777778,,0,999,92.0,907,WTA,NEUTRAL,FIELD,HIGH,64,18,2,92,2026-05-25,64,1,,0.2111111111111111,0.4722222222222222,19.6,-1.8999999999999986,0.7564,-0.1135,1.769973708142985,0.2111111111111111,-0.003000000000000003,1.681475022735835,?,0.95,0.3747,UNDER,ml_prob,ml_prob,C,,707,1.8999999999999986,UNDER,UNDER,STANDARD_L5AVG_UNDER,UNDER,ml_prob_unified,9,3.504
14083715,Shuai Zhang,SHUAI ZHANG,Total Games,19.5,2026-08-25T17:30:00.000-04:00,Tennis,WTA / HARD,Goblin,21.5,,,14083715,215881,182301,Shuai Zhang,19.5,Player,MARIA TIMOFEEVA,,,https://static.prizepicks.com/images/manual/zhang.webp,,2026-08-25T01:35:16.221-04:00,2026-08-25T16:30:42-04:00,match_total_games,0,,0,707,WTA,sibling_or_pp,1,,N/A,,OK,,,0.6613214703765923,,,,,21,24,19,17,17,26,16,17,18,,19.6,19.44444444444444,19.44444444444444,,hard,0,1.914285714285714,2.228571428571429,0.61979737629268,0.5,36,False,False,,,OK,5,2,3,0,0.4,0.6,0.4,0.6,2,3,2,3,0,9,3,6,0,0.3333333333333333,0.6666666666666666,0.3333333333333333,0.6666666666666666,,0,999,92.0,907,WTA,NEUTRAL,FIELD,HIGH,64,18,2,92,2026-05-25,64,1,,0.3666666666666667,0.7833333333333334,19.6,0.10000000000000142,0.58,0.055,3.052955971801609,0.3666666666666667,0.008000000000000007,2.900308173211528,?,0.95,0.4307,OVER,distance,distance,B,,707,0.10000000000000142,OVER,OVER,FORCED_OVER_ONLY_GOB_DEM,OVER,ml_prob_unified,9,3.504
14083714,Shuai Zhang,SHUAI ZHANG,Total Games,18.5,2026-08-25T17:30:00.000-04:00,Tennis,WTA / HARD,Goblin,21.5,,,14083714,215881,182301,Shuai Zhang,18.5,Player,MARIA TIMOFEEVA,,,https://static.prizepicks.com/images/manual/zhang.webp,,2026-08-25T01:35:16.221-04:00,2026-08-25T16:30:42-04:00,match_total_games,0,,0,707,WTA,sibling_or_pp,2,,N/A,,OK,,,0.6613214703765923,,,,,21,24,19,17,17,26,16,17,18,,19.6,19.44444444444444,19.44444444444444,,hard,0,1.914285714285714,2.228571428571429,0.61979737629268,0.5,36,False,False,,,OK,5,3,2,0,0.6,0.4,0.6,0.4,3,2,3,2,0,9,4,5,0,0.4444444444444444,0.5555555555555556,0.4444444444444444,0.5555555555555556,,0,999,92.0,907,WTA,NEUTRAL,FIELD,HIGH,64,18,2,92,2026-05-25,64,1,,0.5222222222222221,1.094444444444444,19.6,1.1000000000000014,0.58,-0.1703,4.46780811571403,0.5222222222222221,0.05200000000000005,4.244417709928328,?,0.95,0.5396,OVER,distance,distance,B,,707,1.1000000000000014,OVER,OVER,FORCED_OVER_ONLY_GOB_DEM,OVER,ml_prob_unified,9,3.504
14083972,Shuai Zhang,SHUAI ZHANG,Total Games,17.5,2026-08-25T17:30:00.000-04:00,Tennis,WTA / HARD,Goblin,21.5,,,14083972,215881,182301,Shuai Zhang,17.5,Player,MARIA TIMOFEEVA,,,https://static.prizepicks.com/images/manual/zhang.webp,,2026-08-25T01:35:16.221-04:00,2026-08-25T16:30:42-04:00,match_total_games,0,,0,707,WTA,sibling_or_pp,3,,N/A,,OK,,,0.6613214703765923,,,,,21,24,19,17,17,26,16,17,18,,19.6,19.44444444444444,19.44444444444444,,hard,0,1.914285714285714,2.228571428571429,0.61979737629268,0.5,36,False,False,,,OK,5,3,2,0,0.6,0.4,0.6,0.4,3,2,3,2,0,9,5,4,0,0.5555555555555556,0.4444444444444444,0.5555555555555556,0.4444444444444444,,0,999,92.0,907,WTA,NEUTRAL,FIELD,HIGH,64,18,2,92,2026-05-25,64,1,,0.5777777777777777,1.205555555555555,19.6,2.1000000000000014,0.58,-0.3109,4.984617556761394,0.5777777777777777,0.05200000000000005,4.735386678923324,?,0.95,0.5784,OVER,distance,distance,A,,707,2.1000000000000014,OVER,OVER,FORCED_OVER_ONLY_GOB_DEM,OVER,ml_prob_unified,9,3.504
14083968,Maria Timofeeva,MARIA TIMOFEEVA,Total Games Won,14.5,2026-08-25T17:30:00.000-04:00,Tennis,WTA / HARD,Demon,,,,14083968,202573,182301,Maria Timofeeva,14.5,Player,SHUAI ZHANG,,,https://static.flashscore.com/res/image/data/IVj6cGf5-js2TAqan.png,,2026-08-25T01:35:16.221-04:00,2026-08-25T16:30:42-04:00,games_won,0,,0,10501,WTA,,3,,N/A,,OK,,,,,,,,2,12,3,9,12,12,13,13,12,12,7.6,10,10,,hard,0,,,,,,,,,,OK,5,0,5,0,0,1,0,1,0,5,0,5,0,10,0,10,0,0,1,0,1,,0,92,,,WTA,NEUTRAL,FIELD,HIGH,83,16,2,134,2026-04-13,83,1,,0.0,0,7.6,-6.9,0.58,0.579,0,0,-0.003000000000000003,0,?,0.95,0.174,OVER,ml_prob_fallback,ml_prob_fallback,C,,10501,6.9,UNDER,OVER,FORCED_OVER_ONLY_GOB_DEM,OVER,ml_prob_unified,10,4.1096
14083974,Shuai Zhang,SHUAI ZHANG,Total Games Won,14.5,2026-08-25T17:30:00.000-04:00,Tennis,WTA / HARD,Demon,,,,14083974,215881,182301,Shuai Zhang,14.5,Player,MARIA TIMOFEEVA,,,https://static.prizepicks.com/images/manual/zhang.webp,,2026-08-25T01:35:16.221-04:00,2026-08-25T16:30:42-04:00,games_won,0,,0,707,WTA,,3,,N/A,,OK,,,0.6613214703765923,,,,,8,14,7,12,5,14,4,5,6,,9.2,8.333333333333334,8.333333333333334,,hard,0,1.914285714285714,2.228571428571429,0.61979737629268,0.5,36,False,False,,,OK,5,0,5,0,0,1,0,1,0,5,0,5,0,9,0,9,0,0,1,0,1,,0,999,92.0,907,WTA,NEUTRAL,FIELD,HIGH,64,18,2,92,2026-05-25,64,1,,0.0,0.05,9.2,-5.300000000000001,0.58,0.575,0.1777932466487936,0,-0.003000000000000003,0.1689035843163539,?,0.95,0.174,OVER,ml_prob_fallback,ml_prob_fallback,C,,707,5.300000000000001,UNDER,OVER,FORCED_OVER_ONLY_GOB_DEM,OVER,ml_prob_unified,9,3.9686
14083967,Maria Timofeeva,MARIA TIMOFEEVA,Total Games Won,13.5,2026-08-25T17:30:00.000-04:00,Tennis,WTA / HARD,Demon,,,,14083967,202573,182301,Maria Timofeeva,13.5,Player,SHUAI ZHANG,,,https://static.flashscore.com/res/image/data/IVj6cGf5-js2TAqan.png,,2026-08-25T01:35:16.221-04:00,2026-08-25T16:30:42-04:00,games_won,0,,0,10501,WTA,,2,,N/A,,OK,,,,,,,,2,12,3,9,12,12,13,13,12,12,7.6,10,10,,hard,0,,,,,,,,,,OK,5,0,5,0,0,1,0,1,0,5,0,5,0,10,0,10,0,0,1,0,1,,0,92,,,WTA,NEUTRAL,FIELD,HIGH,83,16,2,134,2026-04-13,83,1,,0.0,0,7.6,-5.9,0.58,0.5773,0,0,-0.003000000000000003,0,?,0.95,0.174,OVER,ml_prob_fallback,ml_prob_fallback,C,,10501,5.9,UNDER,OVER,FORCED_OVER_ONLY_GOB_DEM,OVER,ml_prob_unified,10,4.1096
14083973,Shuai Zhang,SHUAI ZHANG,Total Games Won,13.5,2026-08-25T17:30:00.000-04:00,Tennis,WTA / HARD,Demon,,,,14083973,215881,182301,Shuai Zhang,13.5,Player,MARIA TIMOFEEVA,,,https://static.prizepicks.com/images/manual/zhang.webp,,2026-08-25T01:35:16.221-04:00,2026-08-25T16:30:42-04:00,games_won,0,,0,707,WTA,,2,,N/A,,OK,,,0.6613214703765923,,,,,8,14,7,12,5,14,4,5,6,,9.2,8.333333333333334,8.333333333333334,,hard,0,1.914285714285714,2.228571428571429,0.61979737629268,0.5,36,False,False,,,OK,5,1,4,0,0.2,0.8,0.2,0.8,1,4,1,4,0,9,2,7,0,0.2222222222222222,0.7777777777777778,0.2222222222222222,0.7777777777777778,,0,999,92.0,907,WTA,NEUTRAL,FIELD,HIGH,64,18,2,92,2026-05-25,64,1,,0.2111111111111111,0.4722222222222222,9.2,-4.300000000000001,0.58,0.5666,1.769973708142985,0.2111111111111111,-0.003000000000000003,1.681475022735835,?,0.95,0.3218,OVER,ml_prob_fallback,ml_prob_fallback,C,,707,4.300000000000001,UNDER,OVER,FORCED_OVER_ONLY_GOB_DEM,OVER,ml_prob_unified,9,3.9686
14083727,Shuai Zhang,SHUAI ZHANG,Total Games Won,12.5,2026-08-25T17:30:00.000-04:00,Tennis,WTA / HARD,Demon,,,,14083727,215881,182301,Shuai Zhang,12.5,Player,MARIA TIMOFEEVA,,,https://static.prizepicks.com/images/manual/zhang.webp,,2026-08-25T01:35:16.221-04:00,2026-08-25T16:30:42-04:00,games_won,0,,0,707,WTA,,1,,N/A,,OK,,,0.6613214703765923,,,,,8,14,7,12,5,14,4,5,6,,9.2,8.333333333333334,8.333333333333334,,hard,0,1.914285714285714,2.228571428571429,0.61979737629268,0.5,36,False,False,,,OK,5,1,4,0,0.2,0.8,0.2,0.8,1,4,1,4,0,9,2,7,0,0.2222222222222222,0.7777777777777778,0.2222222222222222,0.7777777777777778,,0,999,92.0,907,WTA,NEUTRAL,FIELD,HIGH,64,18,2,92,2026-05-25,64,1,,0.2111111111111111,0.4722222222222222,9.2,-3.3000000000000007,0.58,0.5444,1.769973708142985,0.2111111111111111,-0.003000000000000003,1.681475022735835,?,0.95,0.3218,OVER,ml_prob_fallback,ml_prob_fallback,C,,707,3.3000000000000007,UNDER,OVER,FORCED_OVER_ONLY_GOB_DEM,OVER,ml_prob_unified,9,3.9686
14083969,Maria Timofeeva,MARIA TIMOFEEVA,Total Games Won,12.5,2026-08-25T17:30:00.000-04:00,Tennis,WTA / HARD,Demon,,,,14083969,202573,182301,Maria Timofeeva,12.5,Player,SHUAI ZHANG,,,https://static.flashscore.com/res/image/data/IVj6cGf5-js2TAqan.png,,2026-08-25T01:35:16.221-04:00,2026-08-25T16:30:42-04:00,games_won,0,,0,10501,WTA,,1,,N/A,,OK,,,,,,,,2,12,3,9,12,12,13,13,12,12,7.6,10,10,,hard,0,,,,,,,,,,OK,5,0,5,0,0,1,0,1,0,5,0,5,0,10,2,8,0,0.2,0.8,0.2,0.8,,0,92,,,WTA,NEUTRAL,FIELD,HIGH,83,16,2,134,2026-04-13,83,1,,0.1,0.2,7.6,-4.9,0.58,0.5726,0.727511764075067,0.1,-0.003000000000000003,0.6911361758713136,?,0.95,0.244,OVER,ml_prob_fallback,ml_prob_fallback,C,,10501,4.9,UNDER,OVER,FORCED_OVER_ONLY_GOB_DEM,OVER,ml_prob_unified,10,4.1096
14083726,Maria Timofeeva,MARIA TIMOFEEVA,Total Games Won,11.5,2026-08-25T17:30:00.000-04:00,Tennis,WTA / HARD,Goblin,13,,,14083726,202573,182301,Maria Timofeeva,11.5,Player,SHUAI ZHANG,,,https://static.flashscore.com/res/image/data/IVj6cGf5-js2TAqan.png,,2026-08-25T01:35:16.221-04:00,2026-08-25T16:30:42-04:00,games_won,0,,0,10501,WTA,offset_estimate,1,,N/A,,OK,,,,,,,,2,12,3,9,12,12,13,13,12,12,7.6,10,10,,hard,0,,,,,,,,,,OK,5,2,3,0,0.4,0.6,0.4,0.6,2,3,2,3,0,10,7,3,0,0.7,0.3,0.7,0.3,,0,92,,,WTA,NEUTRAL,FIELD,HIGH,83,16,2,134,2026-04-13,83,1,,0.55,1.1,7.6,-3.9000000000000004,0.58,0.5602,4.503143903485255,0.55,0.008000000000000007,4.277986708310992,?,0.95,0.559,OVER,distance,distance,C,,10501,3.9000000000000004,UNDER,OVER,FORCED_OVER_ONLY_GOB_DEM,OVER,ml_prob_unified,10,4.1096
14083975,Shuai Zhang,SHUAI ZHANG,Total Games Won,11.5,2026-08-25T17:30:00.000-04:00,Tennis,WTA / HARD,Goblin,13,,,14083975,215881,182301,Shuai Zhang,11.5,Player,MARIA TIMOFEEVA,,,https://static.prizepicks.com/images/manual/zhang.webp,,2026-08-25T01:35:16.221-04:00,2026-08-25T16:30:42-04:00,games_won,0,,0,707,WTA,offset_estimate,1,,N/A,,OK,,,0.6613214703765923,,,,,8,14,7,12,5,14,4,5,6,,9.2,8.333333333333334,8.333333333333334,,hard,0,1.914285714285714,2.228571428571429,0.61979737629268,0.5,36,False,False,,,OK,5,2,3,0,0.4,0.6,0.4,0.6,2,3,2,3,0,9,3,6,0,0.3333333333333333,0.6666666666666666,0.3333333333333333,0.6666666666666666,,0,999,92.0,907,WTA,NEUTRAL,FIELD,HIGH,64,18,2,92,2026-05-25,64,1,,0.3666666666666667,0.7833333333333334,9.2,-2.3000000000000007,0.58,0.4889,3.052955971801609,0.3666666666666667,0.008000000000000007,2.900308173211528,?,0.95,0.4307,OVER,distance,distance,C,,707,2.3000000000000007,UNDER,OVER,FORCED_OVER_ONLY_GOB_DEM,OVER,ml_prob_unified,9,3.9686
14083976,Shuai Zhang,SHUAI ZHANG,Total Games Won,10.5,2026-08-25T17:30:00.000-04:00,Tennis,WTA / HARD,Goblin,12.5,,,14083976,215881,182301,Shuai Zhang,10.5,Player,MARIA TIMOFEEVA,,,https://static.prizepicks.com/images/manual/zhang.webp,,2026-08-25T01:35:16.221-04:00,2026-08-25T16:30:42-04:00,games_won,0,,0,707,WTA,offset_estimate,2,,N/A,,OK,,,0.6613214703765923,,,,,8,14,7,12,5,14,4,5,6,,9.2,8.333333333333334,8.333333333333334,,hard,0,1.914285714285714,2.228571428571429,0.61979737629268,0.5,36,False,False,,,OK,5,2,3,0,0.4,0.6,0.4,0.6,2,3,2,3,0,9,3,6,0,0.3333333333333333,0.6666666666666666,0.3333333333333333,0.6666666666666666,,0,999,92.0,907,WTA,NEUTRAL,FIELD,HIGH,64,18,2,92,2026-05-25,64,1,,0.3666666666666667,0.7833333333333334,9.2,-1.3000000000000007,0.58,0.3658,3.052955971801609,0.3666666666666667,0.008000000000000007,2.900308173211528,?,0.95,0.4307,OVER,distance,distance,B,,707,1.3000000000000007,UNDER,OVER,FORCED_OVER_ONLY_GOB_DEM,OVER,ml_prob_unified,9,3.9686
14083977,Shuai Zhang,SHUAI ZHANG,Total Games Won,9.5,2026-08-25T17:30:00.000-04:00,Tennis,WTA / HARD,Goblin,12.5,,,14083977,215881,182301,Shuai Zhang,9.5,Player,MARIA TIMOFEEVA,,,https://static.prizepicks.com/images/manual/zhang.webp,,2026-08-25T01:35:16.221-04:00,2026-08-25T16:30:42-04:00,games_won,0,,0,707,WTA,offset_estimate,3,,N/A,,OK,,,0.6613214703765923,,,,,8,14,7,12,5,14,4,5,6,,9.2,8.333333333333334,8.333333333333334,,hard,0,1.914285714285714,2.228571428571429,0.61979737629268,0.5,36,False,False,,,OK,5,2,3,0,0.4,0.6,0.4,0.6,2,3,2,3,0,9,3,6,0,0.3333333333333333,0.6666666666666666,0.3333333333333333,0.6666666666666666,,0,999,92.0,907,WTA,NEUTRAL,FIELD,HIGH,64,18,2,92,2026-05-25,64,1,,0.3666666666666667,0.7833333333333334,9.2,-0.3000000000000007,0.58,0.1544,3.052955971801609,0.3666666666666667,0.008000000000000007,2.900308173211528,?,0.95,0.4307,OVER,distance,distance,B,,707,0.3000000000000007,UNDER,OVER,FORCED_OVER_ONLY_GOB_DEM,OVER,ml_prob_unified,9,3.9686
14083970,Maria Timofeeva,MARIA TIMOFEEVA,Total Games Won,8.5,2026-08-25T17:30:00.000-04:00,Tennis,WTA / HARD,Goblin,10.5,,,14083970,202573,182301,Maria Timofeeva,8.5,Player,SHUAI ZHANG,,,https://static.flashscore.com/res/image/data/IVj6cGf5-js2TAqan.png,,2026-08-25T01:35:16.221-04:00,2026-08-25T16:30:42-04:00,games_won,0,,0,10501,WTA,offset_estimate,2,,N/A,,OK,,,,,,,,2,12,3,9,12,12,13,13,12,12,7.6,10,10,,hard,0,,,,,,,,,,OK,5,3,2,0,0.6,0.4,0.6,0.4,3,2,3,2,0,10,8,2,0,0.8,0.2,0.8,0.2,,0,92,,,WTA,NEUTRAL,FIELD,HIGH,83,16,2,134,2026-04-13,83,1,,0.7,1.4,7.6,-0.9000000000000004,0.5939,0.3049,5.939644654155496,0.7,0.05200000000000005,5.642662421447722,?,0.95,0.6682,OVER,distance,distance,B,,10501,0.9000000000000004,UNDER,OVER,FORCED_OVER_ONLY_GOB_DEM,OVER,ml_prob_unified,10,4.1096
14083971,Maria Timofeeva,MARIA TIMOFEEVA,Total Games Won,7.5,2026-08-25T17:30:00.000-04:00,Tennis,WTA / HARD,Goblin,10.5,,,14083971,202573,182301,Maria Timofeeva,7.5,Player,SHUAI ZHANG,,,https://static.flashscore.com/res/image/data/IVj6cGf5-js2TAqan.png,,2026-08-25T01:35:16.221-04:00,2026-08-25T16:30:42-04:00,games_won,0,,0,10501,WTA,offset_estimate,3,,N/A,,OK,,,,,,,,2,12,3,9,12,12,13,13,12,12,7.6,10,10,,hard,0,,,,,,,,,,OK,5,3,2,0,0.6,0.4,0.6,0.4,3,2,3,2,0,10,8,2,0,0.8,0.2,0.8,0.2,,0,92,,,WTA,NEUTRAL,FIELD,HIGH,83,16,2,134,2026-04-13,83,1,,0.7,1.4,7.6,0.09999999999999964,0.618,0.093,5.939644654155496,0.7,0.05200000000000005,5.642662421447722,?,0.95,0.6754,OVER,distance,distance,B,,10501,0.09999999999999964,OVER,OVER,FORCED_OVER_ONLY_GOB_DEM,OVER,ml_prob_unified,10,4.1096
14086041,Maria Timofeeva,MARIA TIMOFEEVA,Double Faults,7.5,2026-08-25T17:30:00.000-04:00,Tennis,WTA / HARD,Demon,,,,14086041,202573,182301,Maria Timofeeva,7.5,Player,SHUAI ZHANG,,,https://static.flashscore.com/res/image/data/IVj6cGf5-js2TAqan.png,,2026-08-25T01:35:16.221-04:00,2026-08-25T16:30:42-04:00,double_faults,0,,0,10501,WTA,,3,,N/A,,OK,,,,,,,,3,2,2,4,3,2,0,2,4,1,2.8,2.3,2.3,,hard,0,,,,,,,,,,OK,5,0,5,0,0,1,0,1,0,5,0,5,0,10,0,10,0,0,1,0,1,,0,92,,,WTA,NEUTRAL,FIELD,HIGH,83,16,2,134,2026-04-13,83,1,,0.0,0,2.8,-4.7,0.0586,0.0496,0,0,-0.003000000000000003,0,?,0.95,0.0176,OVER,ml_prob_fallback,ml_prob_fallback,C,,10501,4.7,UNDER,OVER,FORCED_OVER_ONLY_GOB_DEM,OVER,ml_prob_unified,10,1.2517
14086039,Maria Timofeeva,MARIA TIMOFEEVA,Double Faults,6.5,2026-08-25T17:30:00.000-04:00,Tennis,WTA / HARD,Demon,,,,14086039,202573,182301,Maria Timofeeva,6.5,Player,SHUAI ZHANG,,,https://static.flashscore.com/res/image/data/IVj6cGf5-js2TAqan.png,,2026-08-25T01:35:16.221-04:00,2026-08-25T16:30:42-04:00,double_faults,0,,0,10501,WTA,,2,,N/A,,OK,,,,,,,,3,2,2,4,3,2,0,2,4,1,2.8,2.3,2.3,,hard,0,,,,,,,,,,OK,5,0,5,0,0,1,0,1,0,5,0,5,0,10,0,10,0,0,1,0,1,,0,92,,,WTA,NEUTRAL,FIELD,HIGH,83,16,2,134,2026-04-13,83,1,,0.0,0,2.8,-3.7,0.0503,0.0262,0,0,-0.003000000000000003,0,?,0.95,0.0151,OVER,ml_prob_fallback,ml_prob_fallback,C,,10501,3.7,UNDER,OVER,FORCED_OVER_ONLY_GOB_DEM,OVER,ml_prob_unified,10,1.2517
14086124,Maria Timofeeva,MARIA TIMOFEEVA,Aces,6.5,2026-08-25T17:30:00.000-04:00,Tennis,WTA / HARD,Demon,,,,14086124,202573,182301,Maria Timofeeva,6.5,Player,SHUAI ZHANG,,,https://static.flashscore.com/res/image/data/IVj6cGf5-js2TAqan.png,,2026-08-25T01:35:16.221-04:00,2026-08-25T16:30:42-04:00,aces,0,,0,10501,WTA,,2,,N/A,,OK,,,,,,,,0,0,5,0,1,2,0,0,0,1,1.2,0.9,0.9,,hard,0,,,,,,,,,,OK,5,0,5,0,0,1,0,1,0,5,0,5,0,10,0,10,0,0,1,0,1,,0,92,,,WTA,SERVE_HEAVY,FIELD,HIGH,83,16,2,134,2026-04-13,83,1,,0.0,0,1.2,-5.3,0.0503,0.0453,0,0,-0.003000000000000003,0,?,0.95,0.0151,OVER,ml_prob_fallback,ml_prob_fallback,C,,10501,5.3,UNDER,OVER,FORCED_OVER_ONLY_GOB_DEM,OVER,ml_prob_unified,10,1.5951
14086040,Maria Timofeeva,MARIA TIMOFEEVA,Double Faults,5.5,2026-08-25T17:30:00.000-04:00,Tennis,WTA / HARD,Demon,,,,14086040,202573,182301,Maria Timofeeva,5.5,Player,SHUAI ZHANG,,,https://static.flashscore.com/res/image/data/IVj6cGf5-js2TAqan.png,,2026-08-25T01:35:16.221-04:00,2026-08-25T16:30:42-04:00,double_faults,0,,0,10501,WTA,,1,,N/A,,OK,,,,,,,,3,2,2,4,3,2,0,2,4,1,2.8,2.3,2.3,,hard,0,,,,,,,,,,OK,5,0,5,0,0,1,0,1,0,5,0,5,0,10,0,10,0,0,1,0,1,,0,92,,,WTA,NEUTRAL,FIELD,HIGH,83,16,2,134,2026-04-13,83,1,,0.0,0,2.8,-2.7,0.0547,-0.0083,0,0,-0.003000000000000003,0,?,0.95,0.0164,OVER,ml_prob_fallback,ml_prob_fallback,C,,10501,2.7,UNDER,OVER,FORCED_OVER_ONLY_GOB_DEM,OVER,ml_prob_unified,10,1.2517
14086045,Shuai Zhang,SHUAI ZHANG,Double Faults,5.5,2026-08-25T17:30:00.000-04:00,Tennis,WTA / HARD,Demon,,,,14086045,215881,182301,Shuai Zhang,5.5,Player,MARIA TIMOFEEVA,,,https://static.prizepicks.com/images/manual/zhang.webp,,2026-08-25T01:35:16.221-04:00,2026-08-25T16:30:42-04:00,double_faults,0,,0,707,WTA,,3,,N/A,,OK,,,0.6613214703765923,,,,,2,2,0,2,3,2,1,2,1,3,1.8,1.8,1.8,,hard,0,1.914285714285714,2.228571428571429,0.61979737629268,0.5,36,False,False,,,OK,5,0,5,0,0,1,0,1,0,5,0,5,0,10,0,10,0,0,1,0,1,,0,999,92.0,907,WTA,NEUTRAL,FIELD,HIGH,64,18,2,92,2026-05-25,64,1,,0.0,0.05,1.8,-3.7,0.0547,0.0306,0.1777932466487936,0,-0.003000000000000003,0.1689035843163539,?,0.95,0.0164,OVER,ml_prob_fallback,ml_prob_fallback,C,,707,3.7,UNDER,OVER,FORCED_OVER_ONLY_GOB_DEM,OVER,ml_prob_unified,10,0.9189
14086125,Maria Timofeeva,MARIA TIMOFEEVA,Aces,5.5,2026-08-25T17:30:00.000-04:00,Tennis,WTA / HARD,Demon,,,,14086125,202573,182301,Maria Timofeeva,5.5,Player,SHUAI ZHANG,,,https://static.flashscore.com/res/image/data/IVj6cGf5-js2TAqan.png,,2026-08-25T01:35:16.221-04:00,2026-08-25T16:30:42-04:00,aces,0,,0,10501,WTA,,1,,N/A,,OK,,,,,,,,0,0,5,0,1,2,0,0,0,1,1.2,0.9,0.9,,hard,0,,,,,,,,,,OK,5,0,5,0,0,1,0,1,0,5,0,5,0,10,0,10,0,0,1,0,1,,0,92,,,WTA,SERVE_HEAVY,FIELD,HIGH,83,16,2,134,2026-04-13,83,1,,0.0,0,1.2,-4.3,0.0547,0.0413,0,0,-0.003000000000000003,0,?,0.95,0.0164,OVER,ml_prob_fallback,ml_prob_fallback,C,,10501,4.3,UNDER,OVER,FORCED_OVER_ONLY_GOB_DEM,OVER,ml_prob_unified,10,1.5951
14086044,Shuai Zhang,SHUAI ZHANG,Double Faults,4.5,2026-08-25T17:30:00.000-04:00,Tennis,WTA / HARD,Demon,,,,14086044,215881,182301,Shuai Zhang,4.5,Player,MARIA TIMOFEEVA,,,https://static.prizepicks.com/images/manual/zhang.webp,,2026-08-25T01:35:16.221-04:00,2026-08-25T16:30:42-04:00,double_faults,0,,0,707,WTA,,2,,N/A,,OK,,,0.6613214703765923,,,,,2,2,0,2,3,2,1,2,1,3,1.8,1.8,1.8,,hard,0,1.914285714285714,2.228571428571429,0.61979737629268,0.5,36,False,False,,,OK,5,0,5,0,0,1,0,1,0,5,0,5,0,10,0,10,0,0,1,0,1,,0,999,92.0,907,WTA,NEUTRAL,FIELD,HIGH,64,18,2,92,2026-05-25,64,1,,0.0,0.05,1.8,-2.7,0.0785,0.0156,0.1777932466487936,0,-0.003000000000000003,0.1689035843163539,?,0.95,0.0235,OVER,ml_prob_fallback,ml_prob_fallback,C,,707,2.7,UNDER,OVER,FORCED_OVER_ONLY_GOB_DEM,OVER,ml_prob_unified,10,0.9189
14086128,Shuai Zhang,SHUAI ZHANG,Aces,4.5,2026-08-25T17:30:00.000-04:00,Tennis,WTA / HARD,Demon,,,,14086128,215881,182301,Shuai Zhang,4.5,Player,MARIA TIMOFEEVA,,,https://static.prizepicks.com/images/manual/zhang.webp,,2026-08-25T01:35:16.221-04:00,2026-08-25T16:30:42-04:00,aces,0,,0,707,WTA,,2,,N/A,,OK,,,0.6613214703765923,,,,,0,0,1,1,0,3,2,1,2,1,0.4,1.1,1.1,,hard,0,1.914285714285714,2.228571428571429,0.61979737629268,0.5,36,False,False,,,OK,5,0,5,0,0,1,0,1,0,5,0,5,0,10,0,10,0,0,1,0,1,,0,999,92.0,907,WTA,SERVE_HEAVY,FIELD,HIGH,64,18,2,92,2026-05-25,64,1,,0.0,0.05,0.4,-4.1,0.0785,0.0622,0.1777932466487936,0,-0.003000000000000003,0.1689035843163539,?,0.95,0.0235,OVER,ml_prob_fallback,ml_prob_fallback,C,,707,4.1,UNDER,OVER,FORCED_OVER_ONLY_GOB_DEM,OVER,ml_prob_unified,10,0.9944
14086043,Shuai Zhang,SHUAI ZHANG,Double Faults,3.5,2026-08-25T17:30:00.000-04:00,Tennis,WTA / HARD,Demon,,,,14086043,215881,182301,Shuai Zhang,3.5,Player,MARIA TIMOFEEVA,,,https://static.prizepicks.com/images/manual/zhang.webp,,2026-08-25T01:35:16.221-04:00,2026-08-25T16:30:42-04:00,double_faults,0,,0,707,WTA,,1,,N/A,,OK,,,0.6613214703765923,,,,,2,2,0,2,3,2,1,2,1,3,1.8,1.8,1.8,,hard,0,1.914285714285714,2.228571428571429,0.61979737629268,0.5,36,False,False,,,OK,5,0,5,0,0,1,0,1,0,5,0,5,0,10,0,10,0,0,1,0,1,,0,999,92.0,907,WTA,NEUTRAL,FIELD,HIGH,64,18,2,92,2026-05-25,64,1,,0.0,0.05,1.8,-1.7,0.0662,-0.0882,0.1777932466487936,0,-0.003000000000000003,0.1689035843163539,?,0.95,0.0199,OVER,ml_prob_fallback,ml_prob_fallback,C,,707,1.7,UNDER,OVER,FORCED_OVER_ONLY_GOB_DEM,OVER,ml_prob_unified,10,0.9189
14086122,Maria Timofeeva,MARIA TIMOFEEVA,Aces,3.5,2026-08-25T17:30:00.000-04:00,Tennis,WTA / HARD,Goblin,5,,,14086122,202573,182301,Maria Timofeeva,3.5,Player,SHUAI ZHANG,,,https://static.flashscore.com/res/image/data/IVj6cGf5-js2TAqan.png,,2026-08-25T01:35:16.221-04:00,2026-08-25T16:30:42-04:00,aces,0,,0,10501,WTA,offset_estimate,1,,N/A,,OK,,,,,,,,0,0,5,0,1,2,0,0,0,1,1.2,0.9,0.9,,hard,0,,,,,,,,,,OK,5,1,4,0,0.2,0.8,0.2,0.8,1,4,1,4,0,10,1,9,0,0.1,0.9,0.1,0.9,,0,92,,,WTA,SERVE_HEAVY,FIELD,HIGH,83,16,2,134,2026-04-13,83,1,,0.15000000000000002,0.3,1.2,-2.3,0.08,-0.0111,1.104585876675603,0.15,-0.003000000000000003,1.049356582841823,?,0.95,0.129,OVER,distance,distance,C,,10501,2.3,UNDER,OVER,FORCED_OVER_ONLY_GOB_DEM,OVER,ml_prob_unified,10,1.5951
14086127,Shuai Zhang,SHUAI ZHANG,Aces,3.5,2026-08-25T17:30:00.000-04:00,Tennis,WTA / HARD,Demon,,,,14086127,215881,182301,Shuai Zhang,3.5,Player,MARIA TIMOFEEVA,,,https://static.prizepicks.com/images/manual/zhang.webp,,2026-08-25T01:35:16.221-04:00,2026-08-25T16:30:42-04:00,aces,0,,0,707,WTA,,1,,N/A,,OK,,,0.6613214703765923,,,,,0,0,1,1,0,3,2,1,2,1,0.4,1.1,1.1,,hard,0,1.914285714285714,2.228571428571429,0.61979737629268,0.5,36,False,False,,,OK,5,0,5,0,0,1,0,1,0,5,0,5,0,10,0,10,0,0,1,0,1,,0,999,92.0,907,WTA,SERVE_HEAVY,FIELD,HIGH,64,18,2,92,2026-05-25,64,1,,0.0,0.05,0.4,-3.1,0.0662,0.0231,0.1777932466487936,0,-0.003000000000000003,0.1689035843163539,?,0.95,0.0199,OVER,ml_prob_fallback,ml_prob_fallback,C,,707,3.1,UNDER,OVER,FORCED_OVER_ONLY_GOB_DEM,OVER,ml_prob_unified,10,0.9944
14083410,Shuai Zhang,SHUAI ZHANG,Total Sets,2.5,2026-08-25T17:30:00.000-04:00,Tennis,WTA / HARD,Demon,,,,14083410,215881,182301,Shuai Zhang,2.5,Player,MARIA TIMOFEEVA,,,https://static.prizepicks.com/images/manual/zhang.webp,,2026-08-25T01:35:16.221-04:00,2026-08-25T16:30:42-04:00,total_sets,0,,0,707,WTA,,1,,N/A,,OK,,,0.6613214703765923,,,,,2,3,2,2,2,2,2,2,2,,2.2,2.111111111111111,2.111111111111111,,hard,0,1.914285714285714,2.228571428571429,0.61979737629268,0.5,36,False,False,,,OK,5,1,4,0,0.2,0.8,0.2,0.8,1,4,1,4,0,9,1,8,0,0.1111111111111111,0.8888888888888888,0.1111111111111111,0.8888888888888888,,0,999,92.0,907,WTA,NEUTRAL,FIELD,HIGH,64,18,2,92,2026-05-25,64,1,,0.15555555555555556,0.3611111111111111,2.2,-0.2999999999999998,0.1633,-0.2622,1.334701214791778,0.1555555555555556,-0.003000000000000003,1.267966154052189,?,0.95,0.1579,OVER,ml_prob_fallback,ml_prob_fallback,C,,707,0.2999999999999998,UNDER,OVER,FORCED_OVER_ONLY_GOB_DEM,OVER,ml_prob_unified,9,0.3333
14129427,Shuai Zhang,SHUAI ZHANG,Aces,2.5,2026-08-25T17:30:00.000-04:00,Tennis,WTA / HARD,Goblin,4,,,14129427,215881,182301,Shuai Zhang,2.5,Player,MARIA TIMOFEEVA,,,https://static.prizepicks.com/images/manual/zhang.webp,,2026-08-25T10:17:49.584-04:00,2026-08-25T16:30:42-04:00,aces,0,,0,707,WTA,offset_estimate,1,,N/A,,OK,,,0.6613214703765923,,,,,0,0,1,1,0,3,2,1,2,1,0.4,1.1,1.1,,hard,0,1.914285714285714,2.228571428571429,0.61979737629268,0.5,36,False,False,,,OK,5,0,5,0,0,1,0,1,0,5,0,5,0,10,1,9,0,0.1,0.9,0.1,0.9,,0,999,92.0,907,WTA,SERVE_HEAVY,FIELD,HIGH,64,18,2,92,2026-05-25,64,1,,0.05,0.15,0.4,-2.1,0.08,-0.0291,0.5401007131367291,0.05,-0.003000000000000003,0.5130956774798927,?,0.95,0.059,OVER,distance,distance,C,,707,2.1,UNDER,OVER,FORCED_OVER_ONLY_GOB_DEM,OVER,ml_prob_unified,10,0.9944
14086042,Shuai Zhang,SHUAI ZHANG,Double Faults,1.5,2026-08-25T17:30:00.000-04:00,Tennis,WTA / HARD,Goblin,3,,,14086042,215881,182301,Shuai Zhang,1.5,Player,MARIA TIMOFEEVA,,,https://static.prizepicks.com/images/manual/zhang.webp,,2026-08-25T01:35:16.221-04:00,2026-08-25T16:30:42-04:00,double_faults,0,,0,707,WTA,offset_estimate,1,,N/A,,OK,,,0.6613214703765923,,,,,2,2,0,2,3,2,1,2,1,3,1.8,1.8,1.8,,hard,0,1.914285714285714,2.228571428571429,0.61979737629268,0.5,36,False,False,,,OK,5,4,1,0,0.8,0.2,0.8,0.2,4,1,4,1,0,10,7,3,0,0.7,0.3,0.7,0.3,,0,999,92.0,907,WTA,NEUTRAL,FIELD,HIGH,64,18,2,92,2026-05-25,64,1,,0.75,1.55,1.8,0.30000000000000004,0.08,-0.4944,6.655497909919571,0.75,0.07840000000000003,6.322723014423592,?,0.95,0.549,OVER,distance,distance,C,,707,0.30000000000000004,OVER,OVER,FORCED_OVER_ONLY_GOB_DEM,OVER,ml_prob_unified,10,0.9189
14086126,Shuai Zhang,SHUAI ZHANG,Aces,1.5,2026-08-25T17:30:00.000-04:00,Tennis,WTA / HARD,Goblin,3.5,,,14086126,215881,182301,Shuai Zhang,1.5,Player,MARIA TIMOFEEVA,,,https://static.prizepicks.com/images/manual/zhang.webp,,2026-08-25T01:35:16.221-04:00,2026-08-25T16:30:42-04:00,aces,0,,0,707,WTA,offset_estimate,2,,N/A,,OK,,,0.6613214703765923,,,,,0,0,1,1,0,3,2,1,2,1,0.4,1.1,1.1,,hard,0,1.914285714285714,2.228571428571429,0.61979737629268,0.5,36,False,False,,,OK,5,0,5,0,0,1,0,1,0,5,0,5,0,10,3,7,0,0.3,0.7,0.3,0.7,,0,999,92.0,907,WTA,SERVE_HEAVY,FIELD,HIGH,64,18,2,92,2026-05-25,64,1,,0.15,0.35,0.4,-1.1,0.08,-0.1697,1.291357785522788,0.15,-0.003000000000000003,1.226789896246649,?,0.95,0.129,OVER,distance,distance,B,,707,1.1,UNDER,OVER,FORCED_OVER_ONLY_GOB_DEM,OVER,ml_prob_unified,10,0.9944
14083978,Shuai Zhang,SHUAI ZHANG,Total Tie Breaks,0.5,2026-08-25T17:30:00.000-04:00,Tennis,WTA / HARD,Demon,,,,14083978,215881,182301,Shuai Zhang,0.5,Player,MARIA TIMOFEEVA,,,https://static.prizepicks.com/images/manual/zhang.webp,,2026-08-25T01:35:16.221-04:00,2026-08-25T16:30:42-04:00,total_tie_breaks,0,,0,707,WTA,,1,,N/A,,OK,,,0.6613214703765923,,,,,0,0,0,0,0,2,0,0,0,,0,0.2222222222222222,0.2222222222222222,,hard,0,1.914285714285714,2.228571428571429,0.61979737629268,0.5,36,False,False,,,OK,5,0,5,0,0,1,0,1,0,5,0,5,0,9,1,8,0,0.1111111111111111,0.8888888888888888,0.1111111111111111,0.8888888888888888,,0,999,92.0,907,WTA,NEUTRAL,FIELD,HIGH,64,18,2,92,2026-05-25,64,1,,0.05555555555555555,0.1611111111111111,0,-0.5,0.3659,-0.0117,0.5809611983485254,0.05555555555555555,-0.003000000000000003,0.5519131384310991,?,0.95,0.1487,OVER,ml_prob_fallback,ml_prob_fallback,C,,707,0.5,UNDER,OVER,FORCED_OVER_ONLY_GOB_DEM,OVER,ml_prob_unified,9,0.6667
14124368,Shuai Zhang,SHUAI ZHANG,Aces,0.5,2026-08-25T17:30:00.000-04:00,Tennis,WTA / HARD,Goblin,3.5,,,14124368,215881,182301,Shuai Zhang,0.5,Player,MARIA TIMOFEEVA,,,https://static.prizepicks.com/images/manual/zhang.webp,,2026-08-25T06:18:55.957-04:00,2026-08-25T16:30:42-04:00,aces,0,,0,707,WTA,offset_estimate,3,,N/A,,OK,,,0.6613214703765923,,,,,0,0,1,1,0,3,2,1,2,1,0.4,1.1,1.1,,hard,0,1.914285714285714,2.228571428571429,0.61979737629268,0.5,36,False,False,,,OK,5,2,3,0,0.4,0.6,0.4,0.6,2,3,2,3,0,10,7,3,0,0.7,0.3,0.7,0.3,,0,999,92.0,907,WTA,SERVE_HEAVY,FIELD,HIGH,64,18,2,92,2026-05-25,64,1,,0.55,1.15,0.4,-0.09999999999999998,0.08,-0.395,4.713998482573726,0.55,0.008000000000000007,4.478298558445039,?,0.95,0.409,OVER,distance,distance,B,,707,0.09999999999999998,UNDER,OVER,FORCED_OVER_ONLY_GOB_DEM,OVER,ml_prob_unified,10,0.9944
14113541,Mariano Navone,MARIANO NAVONE,Total Games,27.5,2026-08-25T16:40:00.000-04:00,Tennis,ATP / HARD,Demon,22.5,,,14113541,202897,182392,Mariano Navone,27.5,Player,JAMES DUCKWORTH,,,https://www.atptour.com/-/media/alias/player-headshot/N0BS,,2026-08-25T16:05:32.266-04:00,2026-08-25T16:30:42-04:00,match_total_games,0,,0,9992,ATP,sibling_or_pp,2,,N/A,,OK,,,0.6110576126400564,,,,,19,22,17,25,31,21,15,16,18,31,22.8,21.5,21.5,,hard,0,4.3,3.433333333333333,0.684859054209078,0.28125,32,False,True,,,OK,5,1,4,0,0.2,0.8,0.2,0.8,1,4,1,4,0,10,2,8,0,0.2,0.8,0.2,0.8,,0,48,79.0,-31,ATP,NEUTRAL,FIELD,LOW,281,47,5,92,2026-05-25,281,1,,0.2,0.4,22.8,-4.699999999999999,0.58,0.571,1.49193291152815,0.2,-0.003000000000000003,1.417336265951743,?,0.95,0.314,OVER,distance,distance,C,,9992,4.699999999999999,UNDER,OVER,FORCED_OVER_ONLY_GOB_DEM,OVER,ml_prob_unified,10,5.8166
14113542,Mariano Navone,MARIANO NAVONE,Total Games,26.5,2026-08-25T16:40:00.000-04:00,Tennis,ATP / HARD,Demon,22.5,,,14113542,202897,182392,Mariano Navone,26.5,Player,JAMES DUCKWORTH,,,https://www.atptour.com/-/media/alias/player-headshot/N0BS,,2026-08-25T16:05:32.266-04:00,2026-08-25T16:30:42-04:00,match_total_games,0,,0,9992,ATP,sibling_or_pp,1,,N/A,,OK,,,0.6110576126400564,,,,,19,22,17,25,31,21,15,16,18,31,22.8,21.5,21.5,,hard,0,4.3,3.433333333333333,0.684859054209078,0.28125,32,False,True,,,OK,5,1,4,0,0.2,0.8,0.2,0.8,1,4,1,4,0,10,2,8,0,0.2,0.8,0.2,0.8,,0,48,79.0,-31,ATP,NEUTRAL,FIELD,LOW,281,47,5,92,2026-05-25,281,1,,0.2,0.4,22.8,-3.6999999999999993,0.58,0.5559,1.49193291152815,0.2,-0.003000000000000003,1.417336265951743,?,0.95,0.314,OVER,distance,distance,C,,9992,3.6999999999999993,UNDER,OVER,FORCED_OVER_ONLY_GOB_DEM,OVER,ml_prob_unified,10,5.8166
14113544,Mariano Navone,MARIANO NAVONE,Total Games,22.5,2026-08-25T16:40:00.000-04:00,Tennis,ATP / HARD,Standard,22.5,,,14113544,202897,182392,Mariano Navone,22.5,Player,JAMES DUCKWORTH,,,https://www.atptour.com/-/media/alias/player-headshot/N0BS,,2026-08-25T16:05:32.266-04:00,2026-08-25T16:30:42-04:00,match_total_games,0,,0,9992,ATP,pp_or_step1,0,,N/A,,OK,,,0.6110576126400564,,,,,19,22,17,25,31,21,15,16,18,31,22.8,21.5,21.5,,hard,0,4.3,3.433333333333333,0.684859054209078,0.28125,32,False,True,,,OK,5,2,3,0,0.4,0.6,0.4,0.6,2,3,2,3,0,10,3,7,0,0.3,0.7,0.3,0.7,,0,48,79.0,-31,ATP,NEUTRAL,FIELD,LOW,281,47,5,92,2026-05-25,281,1,,0.35,0.7,22.8,0.3000000000000007,0.58,0.0056,2.713746412868633,0.35,0.008000000000000007,2.578059092225201,?,0.95,0.419,OVER,ml_prob,ml_prob,C,,9992,0.3000000000000007,OVER,OVER,STANDARD_L5AVG_OVER,OVER,ml_prob_unified,10,5.8166
14113545,Mariano Navone,MARIANO NAVONE,Total Games,21.5,2026-08-25T16:40:00.000-04:00,Tennis,ATP / HARD,Goblin,22.5,,,14113545,202897,182392,Mariano Navone,21.5,Player,JAMES DUCKWORTH,,,https://www.atptour.com/-/media/alias/player-headshot/N0BS,,2026-08-25T16:05:32.266-04:00,2026-08-25T16:30:42-04:00,match_total_games,0,,0,9992,ATP,sibling_or_pp,1,,N/A,,OK,,,0.6110576126400564,,,,,19,22,17,25,31,21,15,16,18,31,22.8,21.5,21.5,,hard,0,4.3,3.433333333333333,0.684859054209078,0.28125,32,False,True,,,OK,5,3,2,0,0.6,0.4,0.6,0.4,3,2,3,2,0,10,4,6,0,0.4,0.6,0.4,0.6,,0,48,79.0,-31,ATP,NEUTRAL,FIELD,LOW,281,47,5,92,2026-05-25,281,1,,0.5,1,22.8,1.3000000000000007,0.58,-0.2058,4.033123431635389,0.5,0.05200000000000005,3.831467260053619,?,0.95,0.524,OVER,distance,distance,C,,9992,1.3000000000000007,OVER,OVER,FORCED_OVER_ONLY_GOB_DEM,OVER,ml_prob_unified,10,5.8166
14117658,Mariano Navone,MARIANO NAVONE,Total Games Won,13.5,2026-08-25T16:40:00.000-04:00,Tennis,ATP / HARD,Demon,,,,14117658,202897,182392,Mariano Navone,13.5,Player,JAMES DUCKWORTH,,,https://www.atptour.com/-/media/alias/player-headshot/N0BS,,2026-08-25T16:05:32.266-04:00,2026-08-25T16:30:42-04:00,games_won,0,,0,9992,ATP,,1,,N/A,,OK,,,0.6110576126400564,,,,,7,13,5,13,18,8,12,12,6,16,11.2,11,11,,hard,0,4.3,3.433333333333333,0.684859054209078,0.28125,32,False,True,,,OK,5,1,4,0,0.2,0.8,0.2,0.8,1,4,1,4,0,10,2,8,0,0.2,0.8,0.2,0.8,,0,48,79.0,-31,ATP,NEUTRAL,FIELD,LOW,281,47,5,92,2026-05-25,281,1,,0.2,0.4,11.2,-2.3000000000000007,0.58,0.4889,1.49193291152815,0.2,-0.003000000000000003,1.417336265951743,?,0.95,0.314,OVER,ml_prob_fallback,ml_prob_fallback,C,,9992,2.3000000000000007,UNDER,OVER,FORCED_OVER_ONLY_GOB_DEM,OVER,ml_prob_unified,10,4.3461
14122988,James Duckworth,JAMES DUCKWORTH,Aces,9.5,2026-08-25T16:40:00.000-04:00,Tennis,ATP / HARD,Demon,,,,14122988,205538,182392,James Duckworth,9.5,Player,MARIANO NAVONE,,,https://www.atptour.com/-/media/alias/player-headshot/D994,,2026-08-25T16:05:32.266-04:00,2026-08-25T16:30:42-04:00,aces,0,,0,1857,ATP,,2,,N/A,,OK,,,0.5706743682708304,,,,,4,6,7,7,6,6,6,8,16,11,6,7.7,7.7,,hard,0,7.222222222222222,3.185185185185185,0.7213116336112441,0.2962962962962963,27,False,True,,,OK,5,0,5,0,0,1,0,1,0,5,0,5,0,10,2,8,0,0.2,0.8,0.2,0.8,,0,79,48.0,31,ATP,SERVE_HEAVY,FIELD,LOW,202,42,4,92,2026-05-25,202,1,,0.1,0.2,6,-3.5,0.0071,-0.0222,0.727511764075067,0.1,-0.003000000000000003,0.6911361758713136,?,0.95,0.0721,OVER,ml_prob_fallback,ml_prob_fallback,C,,1857,3.5,UNDER,OVER,FORCED_OVER_ONLY_GOB_DEM,OVER,ml_prob_unified,10,3.4335
14122989,James Duckworth,JAMES DUCKWORTH,Aces,8.5,2026-08-25T16:40:00.000-04:00,Tennis,ATP / HARD,Demon,,,,14122989,205538,182392,James Duckworth,8.5,Player,MARIANO NAVONE,,,https://www.atptour.com/-/media/alias/player-headshot/D994,,2026-08-25T16:05:32.266-04:00,2026-08-25T16:30:42-04:00,aces,0,,0,1857,ATP,,1,,N/A,,OK,,,0.5706743682708304,,,,,4,6,7,7,6,6,6,8,16,11,6,7.7,7.7,,hard,0,7.222222222222222,3.185185185185185,0.7213116336112441,0.2962962962962963,27,False,True,,,OK,5,0,5,0,0,1,0,1,0,5,0,5,0,10,2,8,0,0.2,0.8,0.2,0.8,,0,79,48.0,31,ATP,SERVE_HEAVY,FIELD,LOW,202,42,4,92,2026-05-25,202,1,,0.1,0.2,6,-2.5,0.0071,-0.0688,0.727511764075067,0.1,-0.003000000000000003,0.6911361758713136,?,0.95,0.0721,OVER,ml_prob_fallback,ml_prob_fallback,C,,1857,2.5,UNDER,OVER,FORCED_OVER_ONLY_GOB_DEM,OVER,ml_prob_unified,10,3.4335
14122993,James Duckworth,JAMES DUCKWORTH,Double Faults,6.5,2026-08-25T16:40:00.000-04:00,Tennis,ATP / HARD,Demon,,,,14122993,205538,182392,James Duckworth,6.5,Player,MARIANO NAVONE,,,https://www.atptour.com/-/media/alias/player-headshot/D994,,2026-08-25T16:05:32.266-04:00,2026-08-25T16:30:42-04:00,double_faults,0,,0,1857,ATP,,3,,N/A,,OK,,,0.5706743682708304,,,,,6,4,3,3,3,5,5,5,2,5,3.8,4.1,4.1,,hard,0,7.222222222222222,3.185185185185185,0.7213116336112441,0.2962962962962963,27,False,True,,,OK,5,0,5,0,0,1,0,1,0,5,0,5,0,10,0,10,0,0,1,0,1,,0,79,48.0,31,ATP,NEUTRAL,FIELD,LOW,202,42,4,92,2026-05-25,202,1,,0.0,0,3.8,-2.7,0.0503,-0.0127,0,0,-0.003000000000000003,0,?,0.95,0.0151,OVER,ml_prob_fallback,ml_prob_fallback,C,,1857,2.7,UNDER,OVER,FORCED_OVER_ONLY_GOB_DEM,OVER,ml_prob_unified,10,1.2867
14122991,James Duckworth,JAMES DUCKWORTH,Double Faults,5.5,2026-08-25T16:40:00.000-04:00,Tennis,ATP / HARD,Demon,,,,14122991,205538,182392,James Duckworth,5.5,Player,MARIANO NAVONE,,,https://www.atptour.com/-/media/alias/player-headshot/D994,,2026-08-25T16:05:32.266-04:00,2026-08-25T16:30:42-04:00,double_faults,0,,0,1857,ATP,,2,,N/A,,OK,,,0.5706743682708304,,,,,6,4,3,3,3,5,5,5,2,5,3.8,4.1,4.1,,hard,0,7.222222222222222,3.185185185185185,0.7213116336112441,0.2962962962962963,27,False,True,,,OK,5,1,4,0,0.2,0.8,0.2,0.8,1,4,1,4,0,10,1,9,0,0.1,0.9,0.1,0.9,,0,79,48.0,31,ATP,NEUTRAL,FIELD,LOW,202,42,4,92,2026-05-25,202,1,,0.15000000000000002,0.3,3.8,-1.7000000000000002,0.0557,-0.0988,1.104585876675603,0.15,-0.003000000000000003,1.049356582841823,?,0.95,0.1217,OVER,ml_prob_fallback,ml_prob_fallback,C,,1857,1.7000000000000002,UNDER,OVER,FORCED_OVER_ONLY_GOB_DEM,OVER,ml_prob_unified,10,1.2867
14122996,Mariano Navone,MARIANO NAVONE,Aces,5.5,2026-08-25T16:40:00.000-04:00,Tennis,ATP / HARD,Demon,,,,14122996,202897,182392,Mariano Navone,5.5,Player,JAMES DUCKWORTH,,,https://www.atptour.com/-/media/alias/player-headshot/N0BS,,2026-08-25T16:05:32.266-04:00,2026-08-25T16:30:42-04:00,aces,0,,0,9992,ATP,,2,,N/A,,OK,,,0.6110576126400564,,,,,0,1,1,2,1,2,3,2,1,4,1,1.7,1.7,,hard,0,4.3,3.433333333333333,0.684859054209078,0.28125,32,False,True,,,OK,5,0,5,0,0,1,0,1,0,5,0,5,0,10,0,10,0,0,1,0,1,,0,48,79.0,-31,ATP,SERVE_HEAVY,FIELD,LOW,281,47,5,92,2026-05-25,281,1,,0.0,0,1,-4.5,0.0547,0.0437,0,0,-0.003000000000000003,0,?,0.95,0.0164,OVER,ml_prob_fallback,ml_prob_fallback,C,,9992,4.5,UNDER,OVER,FORCED_OVER_ONLY_GOB_DEM,OVER,ml_prob_unified,10,1.1595
14123002,Mariano Navone,MARIANO NAVONE,Double Faults,5.5,2026-08-25T16:40:00.000-04:00,Tennis,ATP / HARD,Demon,,,,14123002,202897,182392,Mariano Navone,5.5,Player,JAMES DUCKWORTH,,,https://www.atptour.com/-/media/alias/player-headshot/N0BS,,2026-08-25T16:05:32.266-04:00,2026-08-25T16:30:42-04:00,double_faults,0,,0,9992,ATP,,3,,N/A,,OK,,,0.6110576126400564,,,,,2,0,2,3,2,1,2,1,2,1,1.8,1.6,1.6,,hard,0,4.3,3.433333333333333,0.684859054209078,0.28125,32,False,True,,,OK,5,0,5,0,0,1,0,1,0,5,0,5,0,10,0,10,0,0,1,0,1,,0,48,79.0,-31,ATP,NEUTRAL,FIELD,LOW,281,47,5,92,2026-05-25,281,1,,0.0,0,1.8,-3.7,0.0547,0.0306,0,0,-0.003000000000000003,0,?,0.95,0.0164,OVER,ml_prob_fallback,ml_prob_fallback,C,,9992,3.7,UNDER,OVER,FORCED_OVER_ONLY_GOB_DEM,OVER,ml_prob_unified,10,0.8433
14122992,James Duckworth,JAMES DUCKWORTH,Double Faults,4.5,2026-08-25T16:40:00.000-04:00,Tennis,ATP / HARD,Demon,,,,14122992,205538,182392,James Duckworth,4.5,Player,MARIANO NAVONE,,,https://www.atptour.com/-/media/alias/player-headshot/D994,,2026-08-25T16:05:32.266-04:00,2026-08-25T16:30:42-04:00,double_faults,0,,0,1857,ATP,,1,,N/A,,OK,,,0.5706743682708304,,,,,6,4,3,3,3,5,5,5,2,5,3.8,4.1,4.1,,hard,0,7.222222222222222,3.185185185185185,0.7213116336112441,0.2962962962962963,27,False,True,,,OK,5,1,4,0,0.2,0.8,0.2,0.8,1,4,1,4,0,10,5,5,0,0.5,0.5,0.5,0.5,,0,79,48.0,31,ATP,NEUTRAL,FIELD,LOW,202,42,4,92,2026-05-25,202,1,,0.35,0.7,3.8,-0.7000000000000002,0.08,-0.2518,2.711898412868633,0.35,-0.003000000000000003,2.576303492225201,?,0.95,0.269,OVER,ml_prob_fallback,ml_prob_fallback,C,,1857,0.7000000000000002,UNDER,OVER,FORCED_OVER_ONLY_GOB_DEM,OVER,ml_prob_unified,10,1.2867
14122997,Mariano Navone,MARIANO NAVONE,Aces,4.5,2026-08-25T16:40:00.000-04:00,Tennis,ATP / HARD,Demon,,,,14122997,202897,182392,Mariano Navone,4.5,Player,JAMES DUCKWORTH,,,https://www.atptour.com/-/media/alias/player-headshot/N0BS,,2026-08-25T16:05:32.266-04:00,2026-08-25T16:30:42-04:00,aces,0,,0,9992,ATP,,1,,N/A,,OK,,,0.6110576126400564,,,,,0,1,1,2,1,2,3,2,1,4,1,1.7,1.7,,hard,0,4.3,3.433333333333333,0.684859054209078,0.28125,32,False,True,,,OK,5,0,5,0,0,1,0,1,0,5,0,5,0,10,0,10,0,0,1,0,1,,0,48,79.0,-31,ATP,SERVE_HEAVY,FIELD,LOW,281,47,5,92,2026-05-25,281,1,,0.0,0,1,-3.5,0.0785,0.0492,0,0,-0.003000000000000003,0,?,0.95,0.0235,OVER,ml_prob_fallback,ml_prob_fallback,C,,9992,3.5,UNDER,OVER,FORCED_OVER_ONLY_GOB_DEM,OVER,ml_prob_unified,10,1.1595
14123001,Mariano Navone,MARIANO NAVONE,Double Faults,4.5,2026-08-25T16:40:00.000-04:00,Tennis,ATP / HARD,Demon,,,,14123001,202897,182392,Mariano Navone,4.5,Player,JAMES DUCKWORTH,,,https://www.atptour.com/-/media/alias/player-headshot/N0BS,,2026-08-25T16:05:32.266-04:00,2026-08-25T16:30:42-04:00,double_faults,0,,0,9992,ATP,,2,,N/A,,OK,,,0.6110576126400564,,,,,2,0,2,3,2,1,2,1,2,1,1.8,1.6,1.6,,hard,0,4.3,3.433333333333333,0.684859054209078,0.28125,32,False,True,,,OK,5,0,5,0,0,1,0,1,0,5,0,5,0,10,0,10,0,0,1,0,1,,0,48,79.0,-31,ATP,NEUTRAL,FIELD,LOW,281,47,5,92,2026-05-25,281,1,,0.0,0,1.8,-2.7,0.0785,0.0156,0,0,-0.003000000000000003,0,?,0.95,0.0235,OVER,ml_prob_fallback,ml_prob_fallback,C,,9992,2.7,UNDER,OVER,FORCED_OVER_ONLY_GOB_DEM,OVER,ml_prob_unified,10,0.8433
14129914,James Duckworth,JAMES DUCKWORTH,Aces,4.5,2026-08-25T16:40:00.000-04:00,Tennis,ATP / HARD,Goblin,6,,,14129914,205538,182392,James Duckworth,4.5,Player,MARIANO NAVONE,,,https://www.atptour.com/-/media/alias/player-headshot/D994,,2026-08-25T16:05:32.266-04:00,2026-08-25T16:30:42-04:00,aces,0,,0,1857,ATP,offset_estimate,1,,N/A,,OK,,,0.5706743682708304,,,,,4,6,7,7,6,6,6,8,16,11,6,7.7,7.7,,hard,0,7.222222222222222,3.185185185185185,0.7213116336112441,0.2962962962962963,27,False,True,,,OK,5,4,1,0,0.8,0.2,0.8,0.2,4,1,4,1,0,10,9,1,0,0.9,0.1,0.9,0.1,,0,79,48.0,31,ATP,SERVE_HEAVY,FIELD,LOW,202,42,4,92,2026-05-25,202,1,,0.8500000000000001,1.7,6,1.5,0.08,-0.7376,7.427730095442359,0.8500000000000001,0.07840000000000003,7.056343590670241,?,0.95,0.619,OVER,distance,distance,C,,1857,1.5,OVER,OVER,FORCED_OVER_ONLY_GOB_DEM,OVER,ml_prob_unified,10,3.4335
14122995,James Duckworth,JAMES DUCKWORTH,Double Faults,3.5,2026-08-25T16:40:00.000-04:00,Tennis,ATP / HARD,Goblin,5,,,14122995,205538,182392,James Duckworth,3.5,Player,MARIANO NAVONE,,,https://www.atptour.com/-/media/alias/player-headshot/D994,,2026-08-25T16:05:32.266-04:00,2026-08-25T16:30:42-04:00,double_faults,0,,0,1857,ATP,offset_estimate,1,,N/A,,OK,,,0.5706743682708304,,,,,6,4,3,3,3,5,5,5,2,5,3.8,4.1,4.1,,hard,0,7.222222222222222,3.185185185185185,0.7213116336112441,0.2962962962962963,27,False,True,,,OK,5,2,3,0,0.4,0.6,0.4,0.6,2,3,2,3,0,10,6,4,0,0.6,0.4,0.6,0.4,,0,79,48.0,31,ATP,NEUTRAL,FIELD,LOW,202,42,4,92,2026-05-25,202,1,,0.5,1,3.8,0.2999999999999998,0.08,-0.4944,4.022563431635389,0.5,0.008000000000000007,3.821435260053619,?,0.95,0.374,OVER,distance,distance,C,,1857,0.2999999999999998,OVER,OVER,FORCED_OVER_ONLY_GOB_DEM,OVER,ml_prob_unified,10,1.2867
14122999,Mariano Navone,MARIANO NAVONE,Aces,3.5,2026-08-25T16:40:00.000-04:00,Tennis,ATP / HARD,Goblin,5,,,14122999,202897,182392,Mariano Navone,3.5,Player,JAMES DUCKWORTH,,,https://www.atptour.com/-/media/alias/player-headshot/N0BS,,2026-08-25T16:05:32.266-04:00,2026-08-25T16:30:42-04:00,aces,0,,0,9992,ATP,offset_estimate,1,,N/A,,OK,,,0.6110576126400564,,,,,0,1,1,2,1,2,3,2,1,4,1,1.7,1.7,,hard,0,4.3,3.433333333333333,0.684859054209078,0.28125,32,False,True,,,OK,5,0,5,0,0,1,0,1,0,5,0,5,0,10,1,9,0,0.1,0.9,0.1,0.9,,0,48,79.0,-31,ATP,SERVE_HEAVY,FIELD,LOW,281,47,5,92,2026-05-25,281,1,,0.05,0.1,1,-2.5,0.08,0.0041,0.3596515924932976,0.05,-0.003000000000000003,0.3416690128686327,?,0.95,0.059,OVER,distance,distance,C,,9992,2.5,UNDER,OVER,FORCED_OVER_ONLY_GOB_DEM,OVER,ml_prob_unified,10,1.1595
14123000,Mariano Navone,MARIANO NAVONE,Double Faults,3.5,2026-08-25T16:40:00.000-04:00,Tennis,ATP / HARD,Demon,,,,14123000,202897,182392,Mariano Navone,3.5,Player,JAMES DUCKWORTH,,,https://www.atptour.com/-/media/alias/player-headshot/N0BS,,2026-08-25T16:05:32.266-04:00,2026-08-25T16:30:42-04:00,double_faults,0,,0,9992,ATP,,1,,N/A,,OK,,,0.6110576126400564,,,,,2,0,2,3,2,1,2,1,2,1,1.8,1.6,1.6,,hard,0,4.3,3.433333333333333,0.684859054209078,0.28125,32,False,True,,,OK,5,0,5,0,0,1,0,1,0,5,0,5,0,10,0,10,0,0,1,0,1,,0,48,79.0,-31,ATP,NEUTRAL,FIELD,LOW,281,47,5,92,2026-05-25,281,1,,0.0,0,1.8,-1.7,0.0662,-0.0882,0,0,-0.003000000000000003,0,?,0.95,0.0199,OVER,ml_prob_fallback,ml_prob_fallback,C,,9992,1.7,UNDER,OVER,FORCED_OVER_ONLY_GOB_DEM,OVER,ml_prob_unified,10,0.8433
14113547,Mariano Navone,MARIANO NAVONE,Total Sets,2.5,2026-08-25T16:40:00.000-04:00,Tennis,ATP / HARD,Demon,,,,14113547,202897,182392,Mariano Navone,2.5,Player,JAMES DUCKWORTH,,,https://www.atptour.com/-/media/alias/player-headshot/N0BS,,2026-08-25T16:05:32.266-04:00,2026-08-25T16:30:42-04:00,total_sets,0,,0,9992,ATP,,1,,N/A,,OK,,,0.6110576126400564,,,,,2,2,2,3,3,2,2,2,2,3,2.4,2.3,2.3,,hard,0,4.3,3.433333333333333,0.684859054209078,0.28125,32,False,True,,,OK,5,2,3,0,0.4,0.6,0.4,0.6,2,3,2,3,0,10,3,7,0,0.3,0.7,0.3,0.7,,0,48,79.0,-31,ATP,NEUTRAL,FIELD,LOW,281,47,5,92,2026-05-25,281,1,,0.35,0.7,2.4,-0.10000000000000009,0.1755,-0.2995,2.713746412868633,0.35,0.008000000000000007,2.578059092225201,?,0.95,0.2976,OVER,ml_prob_fallback,ml_prob_fallback,C,,9992,0.10000000000000009,UNDER,OVER,FORCED_OVER_ONLY_GOB_DEM,OVER,ml_prob_unified,10,0.483
14122994,James Duckworth,JAMES DUCKWORTH,Double Faults,2.5,2026-08-25T16:40:00.000-04:00,Tennis,ATP / HARD,Goblin,4.5,,,14122994,205538,182392,James Duckworth,2.5,Player,MARIANO NAVONE,,,https://www.atptour.com/-/media/alias/player-headshot/D994,,2026-08-25T16:05:32.266-04:00,2026-08-25T16:30:42-04:00,double_faults,0,,0,1857,ATP,offset_estimate,2,,N/A,,OK,,,0.5706743682708304,,,,,6,4,3,3,3,5,5,5,2,5,3.8,4.1,4.1,,hard,0,7.222222222222222,3.185185185185185,0.7213116336112441,0.2962962962962963,27,False,True,,,OK,5,5,0,0,1,0,1,0,5,0,5,0,0,10,9,1,0,0.9,0.1,0.9,0.1,,0,79,48.0,31,ATP,NEUTRAL,FIELD,LOW,202,42,4,92,2026-05-25,202,1,,0.95,1.9,3.8,1.2999999999999998,0.08,-0.7058,8.441243429490616,0.95,0.07840000000000003,8.019181258016085,?,0.95,0.689,OVER,distance,distance,B,,1857,1.2999999999999998,OVER,OVER,FORCED_OVER_ONLY_GOB_DEM,OVER,ml_prob_unified,10,1.2867
14122998,Mariano Navone,MARIANO NAVONE,Aces,2.5,2026-08-25T16:40:00.000-04:00,Tennis,ATP / HARD,Goblin,4.5,,,14122998,202897,182392,Mariano Navone,2.5,Player,JAMES DUCKWORTH,,,https://www.atptour.com/-/media/alias/player-headshot/N0BS,,2026-08-25T16:05:32.266-04:00,2026-08-25T16:30:42-04:00,aces,0,,0,9992,ATP,offset_estimate,2,,N/A,,OK,,,0.6110576126400564,,,,,0,1,1,2,1,2,3,2,1,4,1,1.7,1.7,,hard,0,4.3,3.433333333333333,0.684859054209078,0.28125,32,False,True,,,OK,5,0,5,0,0,1,0,1,0,5,0,5,0,10,2,8,0,0.2,0.8,0.2,0.8,,0,48,79.0,-31,ATP,SERVE_HEAVY,FIELD,LOW,281,47,5,92,2026-05-25,281,1,,0.1,0.2,1,-1.5,0.08,-0.1024,0.727511764075067,0.1,-0.003000000000000003,0.6911361758713136,?,0.95,0.094,OVER,distance,distance,B,,9992,1.5,UNDER,OVER,FORCED_OVER_ONLY_GOB_DEM,OVER,ml_prob_unified,10,1.1595
14127535,Mariano Navone,MARIANO NAVONE,Break Points Won,2.5,2026-08-25T16:40:00.000-04:00,Tennis,ATP / HARD,Standard,2.5,,,14127535,202897,182392,Mariano Navone,2.5,Player,JAMES DUCKWORTH,,,https://www.atptour.com/-/media/alias/player-headshot/N0BS,,2026-08-25T16:05:32.266-04:00,2026-08-25T16:30:42-04:00,break_points_won,0,,0,9992,ATP,pp_or_step1,0,,N/A,,OK,,,0.6110576126400564,,,,,0,2,0,4,3,1,6,5,0,7,1.8,2.8,2.8,,hard,0,4.3,3.433333333333333,0.684859054209078,0.28125,32,False,True,,,OK,5,2,3,0,0.4,0.6,0.4,0.6,2,3,2,3,0,10,5,5,0,0.5,0.5,0.5,0.5,,0,48,79.0,-31,ATP,NEUTRAL,FIELD,LOW,281,47,5,92,2026-05-25,281,1,,0.45,0.9,1.8,-0.7,0.4765,-0.1917,3.570580278820376,0.45,0.008000000000000007,3.392051264879357,?,0.95,0.458,UNDER,ml_prob,ml_prob,C,,9992,0.7,UNDER,UNDER,STANDARD_L5AVG_UNDER,UNDER,ml_prob_unified,10,2.6162
14123003,Mariano Navone,MARIANO NAVONE,Double Faults,1.5,2026-08-25T16:40:00.000-04:00,Tennis,ATP / HARD,Goblin,3,,,14123003,202897,182392,Mariano Navone,1.5,Player,JAMES DUCKWORTH,,,https://www.atptour.com/-/media/alias/player-headshot/N0BS,,2026-08-25T16:05:32.266-04:00,2026-08-25T16:30:42-04:00,double_faults,0,,0,9992,ATP,offset_estimate,1,,N/A,,OK,,,0.6110576126400564,,,,,2,0,2,3,2,1,2,1,2,1,1.8,1.6,1.6,,hard,0,4.3,3.433333333333333,0.684859054209078,0.28125,32,False,True,,,OK,5,4,1,0,0.8,0.2,0.8,0.2,4,1,4,1,0,10,6,4,0,0.6,0.4,0.6,0.4,,0,48,79.0,-31,ATP,NEUTRAL,FIELD,LOW,281,47,5,92,2026-05-25,281,1,,0.7,1.4,1.8,0.30000000000000004,0.08,-0.4944,5.948515054155497,0.7,0.07840000000000003,5.651089301447722,?,0.95,0.514,OVER,distance,distance,C,,9992,0.30000000000000004,OVER,OVER,FORCED_OVER_ONLY_GOB_DEM,OVER,ml_prob_unified,10,0.8433
14127534,James Duckworth,JAMES DUCKWORTH,Break Points Won,1.5,2026-08-25T16:40:00.000-04:00,Tennis,ATP / HARD,Goblin,3,,,14127534,205538,182392,James Duckworth,1.5,Player,MARIANO NAVONE,,,https://www.atptour.com/-/media/alias/player-headshot/D994,,2026-08-25T16:05:32.266-04:00,2026-08-25T16:30:42-04:00,break_points_won,0,,0,1857,ATP,offset_estimate,1,,N/A,,OK,,,0.5706743682708304,,,,,5,3,2,1,4,2,3,2,4,0,3,2.6,2.6,,hard,0,7.222222222222222,3.185185185185185,0.7213116336112441,0.2962962962962963,27,False,True,,,OK,5,4,1,0,0.8,0.2,0.8,0.2,4,1,4,1,0,10,8,2,0,0.8,0.2,0.8,0.2,,0,79,48.0,31,ATP,NEUTRAL,FIELD,LOW,202,42,4,92,2026-05-25,202,1,,0.8,1.6,3,1.5,0.6055,-0.2121,6.928782275603218,0.8,0.07840000000000003,6.582343161823056,?,0.95,0.7416,OVER,distance,distance,C,,1857,1.5,OVER,OVER,FORCED_OVER_ONLY_GOB_DEM,OVER,ml_prob_unified,10,1.5055
14072672,Sofia Costoulas,SOFIA COSTOULAS,Total Games,21.5,2026-08-25T17:30:00.000-04:00,Tennis,WTA / HARD,Demon,19,,,14072672,238505,182213,Sofia Costoulas,21.5,Player,JENNIFER RUGGERI,,,https://static.flashscore.com/res/image/data/IF6lbZDa-Q9gg1xg9.png,,2026-08-25T15:59:02.789-04:00,2026-08-25T16:30:42-04:00,match_total_games,0,,0,7967,WTA,sibling_or_pp,2,,N/A,,OK,,,,,,,,18,18,16,27,15,27,,,,,18.8,20.16666666666667,20.16666666666667,,hard,0,,,,,,,,,,OK,5,1,4,0,0.2,0.8,0.2,0.8,1,4,1,4,0,6,2,4,0,0.3333333333333333,0.6666666666666666,0.3333333333333333,0.6666666666666666,,0,250,250.0,0,WTA,NEUTRAL,FIELD,LOW,159,26,3,148,2026-03-30,159,1,,0.26666666666666666,0.5333333333333333,18.8,-2.6999999999999993,0.58,0.517,2.023331301844504,0.2666666666666667,-0.003000000000000003,1.922164736752279,?,0.95,0.3607,OVER,distance,distance,B,,7967,2.6999999999999993,UNDER,OVER,FORCED_OVER_ONLY_GOB_DEM,OVER,ml_prob_unified,6,5.4191
14072673,Sofia Costoulas,SOFIA COSTOULAS,Total Games,20.5,2026-08-25T17:30:00.000-04:00,Tennis,WTA / HARD,Demon,19,,,14072673,238505,182213,Sofia Costoulas,20.5,Player,JENNIFER RUGGERI,,,https://static.flashscore.com/res/image/data/IF6lbZDa-Q9gg1xg9.png,,2026-08-25T15:59:02.789-04:00,2026-08-25T16:30:42-04:00,match_total_games,0,,0,7967,WTA,sibling_or_pp,1,,N/A,,OK,,,,,,,,18,18,16,27,15,27,,,,,18.8,20.16666666666667,20.16666666666667,,hard,0,,,,,,,,,,OK,5,1,4,0,0.2,0.8,0.2,0.8,1,4,1,4,0,6,2,4,0,0.3333333333333333,0.6666666666666666,0.3333333333333333,0.6666666666666666,,0,250,250.0,0,WTA,NEUTRAL,FIELD,LOW,159,26,3,148,2026-03-30,159,1,,0.26666666666666666,0.5333333333333333,18.8,-1.6999999999999993,0.58,0.4255,2.023331301844504,0.2666666666666667,-0.003000000000000003,1.922164736752279,?,0.95,0.3607,OVER,distance,distance,B,,7967,1.6999999999999993,UNDER,OVER,FORCED_OVER_ONLY_GOB_DEM,OVER,ml_prob_unified,6,5.4191
14072670,Sofia Costoulas,SOFIA COSTOULAS,Total Games,19,2026-08-25T17:30:00.000-04:00,Tennis,WTA / HARD,Standard,19,,,14072670,238505,182213,Sofia Costoulas,19,Player,JENNIFER RUGGERI,,,https://static.flashscore.com/res/image/data/IF6lbZDa-Q9gg1xg9.png,,2026-08-25T15:59:02.789-04:00,2026-08-25T16:30:42-04:00,match_total_games,0,,0,7967,WTA,pp_or_step1,0,,N/A,,OK,,,,,,,,18,18,16,27,15,27,,,,,18.8,20.16666666666667,20.16666666666667,,hard,0,,,,,,,,,,OK,5,1,4,0,0.2,0.8,0.2,0.8,1,4,1,4,0,6,2,4,0,0.3333333333333333,0.6666666666666666,0.3333333333333333,0.6666666666666666,,0,250,250.0,0,WTA,NEUTRAL,FIELD,LOW,159,26,3,148,2026-03-30,159,1,,0.26666666666666666,0.5333333333333333,18.8,-0.1999999999999993,0.8259,0.2761,2.023331301844504,0.2666666666666667,-0.003000000000000003,1.922164736752279,?,0.95,0.4344,UNDER,ml_prob,ml_prob,C,,7967,0.1999999999999993,UNDER,UNDER,STANDARD_L5AVG_UNDER,UNDER,ml_prob_unified,6,5.4191
14115098,Sofia Costoulas,SOFIA COSTOULAS,Total Games,18.5,2026-08-25T17:30:00.000-04:00,Tennis,WTA / HARD,Goblin,19,,,14115098,238505,182213,Sofia Costoulas,18.5,Player,JENNIFER RUGGERI,,,https://static.flashscore.com/res/image/data/IF6lbZDa-Q9gg1xg9.png,,2026-08-25T15:59:02.789-04:00,2026-08-25T16:30:42-04:00,match_total_games,0,,0,7967,WTA,sibling_or_pp,1,,N/A,,OK,,,,,,,,18,18,16,27,15,27,,,,,18.8,20.16666666666667,20.16666666666667,,hard,0,,,,,,,,,,OK,5,1,4,0,0.2,0.8,0.2,0.8,1,4,1,4,0,6,2,4,0,0.3333333333333333,0.6666666666666666,0.3333333333333333,0.6666666666666666,,0,250,250.0,0,WTA,NEUTRAL,FIELD,LOW,159,26,3,148,2026-03-30,159,1,,0.26666666666666666,0.5333333333333333,18.8,0.3000000000000007,0.58,0.0056,2.023331301844504,0.2666666666666667,-0.003000000000000003,1.922164736752279,?,0.95,0.3607,OVER,distance,distance,D,,7967,0.3000000000000007,OVER,OVER,FORCED_OVER_ONLY_GOB_DEM,OVER,ml_prob_unified,6,5.4191
14072671,Sofia Costoulas,SOFIA COSTOULAS,Total Games,17.5,2026-08-25T17:30:00.000-04:00,Tennis,WTA / HARD,Goblin,19,,,14072671,238505,182213,Sofia Costoulas,17.5,Player,JENNIFER RUGGERI,,,https://static.flashscore.com/res/image/data/IF6lbZDa-Q9gg1xg9.png,,2026-08-25T15:59:02.789-04:00,2026-08-25T16:30:42-04:00,match_total_games,0,,0,7967,WTA,sibling_or_pp,2,,N/A,,OK,,,,,,,,18,18,16,27,15,27,,,,,18.8,20.16666666666667,20.16666666666667,,hard,0,,,,,,,,,,OK,5,3,2,0,0.6,0.4,0.6,0.4,3,2,3,2,0,6,4,2,0,0.6666666666666666,0.3333333333333333,0.6666666666666666,0.3333333333333333,,0,250,250.0,0,WTA,NEUTRAL,FIELD,LOW,159,26,3,148,2026-03-30,159,1,,0.6333333333333333,1.266666666666667,18.8,1.3000000000000007,0.6245,-0.1613,5.287532866600536,0.6333333333333333,0.05200000000000005,5.023156223270509,?,0.95,0.6307,OVER,distance,distance,C,,7967,1.3000000000000007,OVER,OVER,FORCED_OVER_ONLY_GOB_DEM,OVER,ml_prob_unified,6,5.4191
14072674,Sofia Costoulas,SOFIA COSTOULAS,Total Games Won,12.5,2026-08-25T17:30:00.000-04:00,Tennis,WTA / HARD,Demon,,,,14072674,238505,182213,Sofia Costoulas,12.5,Player,JENNIFER RUGGERI,,,https://static.flashscore.com/res/image/data/IF6lbZDa-Q9gg1xg9.png,,2026-08-25T15:59:02.789-04:00,2026-08-25T16:30:42-04:00,games_won,0,,0,7967,WTA,,1,,N/A,,OK,,,,,,,,6,6,12,13,3,14,,,,,8,9,9,,hard,0,,,,,,,,,,OK,5,1,4,0,0.2,0.8,0.2,0.8,1,4,1,4,0,6,2,4,0,0.3333333333333333,0.6666666666666666,0.3333333333333333,0.6666666666666666,,0,250,250.0,0,WTA,NEUTRAL,FIELD,LOW,159,26,3,148,2026-03-30,159,1,,0.26666666666666666,0.5333333333333333,8,-4.5,0.58,0.569,2.023331301844504,0.2666666666666667,-0.003000000000000003,1.922164736752279,?,0.95,0.3607,OVER,ml_prob_fallback,ml_prob_fallback,C,,7967,4.5,UNDER,OVER,FORCED_OVER_ONLY_GOB_DEM,OVER,ml_prob_unified,6,4.5607
14124167,Jennifer Ruggeri,JENNIFER RUGGERI,Total Games Won,9.5,2026-08-25T17:30:00.000-04:00,Tennis,WTA / HARD,Demon,,,,14124167,263151,182213,Jennifer Ruggeri,9.5,Player,SOFIA COSTOULAS,,,https://static.prizepicks.com/images/manual/Jennifer Ruggeri.png,,2026-08-25T15:59:02.789-04:00,2026-08-25T16:30:42-04:00,games_won,0,,0,6576,WTA,,2,,N/A,,OK,,,,,,,,11,17,15,5,12,13,3,,,,12,10.85714285714286,10.85714285714286,,hard,0,,,,,,,,,,OK,5,4,1,0,0.8,0.2,0.8,0.2,4,1,4,1,0,7,5,2,0,0.7142857142857143,0.2857142857142857,0.7142857142857143,0.2857142857142857,,0,250,250.0,0,WTA,NEUTRAL,FIELD,HIGH,127,26,3,112,2026-05-05,127,1,,0.7571428571428571,1.514285714285714,12,2.5,0.58,-0.3441,6.506193353895979,0.7571428571428571,0.07840000000000003,6.18088368620118,?,0.95,0.704,OVER,ml_prob_fallback,ml_prob_fallback,B,,6576,2.5,OVER,OVER,FORCED_OVER_ONLY_GOB_DEM,OVER,ml_prob_unified,7,5.113
14124168,Jennifer Ruggeri,JENNIFER RUGGERI,Total Games Won,8.5,2026-08-25T17:30:00.000-04:00,Tennis,WTA / HARD,Demon,,,,14124168,263151,182213,Jennifer Ruggeri,8.5,Player,SOFIA COSTOULAS,,,https://static.prizepicks.com/images/manual/Jennifer Ruggeri.png,,2026-08-25T15:59:02.789-04:00,2026-08-25T16:30:42-04:00,games_won,0,,0,6576,WTA,,1,,N/A,,OK,,,,,,,,11,17,15,5,12,13,3,,,,12,10.85714285714286,10.85714285714286,,hard,0,,,,,,,,,,OK,5,4,1,0,0.8,0.2,0.8,0.2,4,1,4,1,0,7,5,2,0,0.7142857142857143,0.2857142857142857,0.7142857142857143,0.2857142857142857,,0,250,250.0,0,WTA,NEUTRAL,FIELD,HIGH,127,26,3,112,2026-05-05,127,1,,0.7571428571428571,1.514285714285714,12,3.5,0.58,-0.3907,6.506193353895979,0.7571428571428571,0.07840000000000003,6.18088368620118,?,0.95,0.704,OVER,ml_prob_fallback,ml_prob_fallback,B,,6576,3.5,OVER,OVER,FORCED_OVER_ONLY_GOB_DEM,OVER,ml_prob_unified,7,5.113
14129065,Jennifer Ruggeri,JENNIFER RUGGERI,Double Faults,5.5,2026-08-25T17:30:00.000-04:00,Tennis,WTA / HARD,Standard,5.5,,,14129065,263151,182213,Jennifer Ruggeri,5.5,Player,SOFIA COSTOULAS,,,https://static.prizepicks.com/images/manual/Jennifer Ruggeri.png,,2026-08-25T15:59:02.789-04:00,2026-08-25T16:30:42-04:00,double_faults,0,,0,6576,WTA,pp_or_step1,0,,N/A,,STALE_HISTORY,,,,,,,,,,,,,,,,,,,,,,hard,0,,,,,,,,,,MISSING_STAT_VALUES,,,,,,,,,,,,,,,,,,,,,,,0,250,250.0,0,WTA,NEUTRAL,FIELD,HIGH,127,26,3,112,2026-05-05,127,1,,0.5,1,5.5,0.0,0.08,-0.42,4.027843431635389,0.5,0.03000000000000003,3.826451260053619,?,0.95,0.374,OVER,ml_prob,ml_prob,C,WEAK_MATCH_HISTORY,6576,0.0,OVER,OVER,STANDARD_TIEBREAK_HR5_OVER,OVER,ml_prob_unified,0,
14129066,Sofia Costoulas,SOFIA COSTOULAS,Aces,3.5,2026-08-25T17:30:00.000-04:00,Tennis,WTA / HARD,Goblin,5,,,14129066,238505,182213,Sofia Costoulas,3.5,Player,JENNIFER RUGGERI,,,https://static.flashscore.com/res/image/data/IF6lbZDa-Q9gg1xg9.png,,2026-08-25T15:59:02.789-04:00,2026-08-25T16:30:42-04:00,aces,0,,0,7967,WTA,offset_estimate,1,,N/A,,STALE_HISTORY,,,,,,,,,,,,,,,,,,,,,,hard,0,,,,,,,,,,MISSING_STAT_VALUES,,,,,,,,,,,,,,,,,,,,,,,0,250,250.0,0,WTA,SERVE_HEAVY,FIELD,LOW,159,26,3,148,2026-03-30,159,1,,0.5,1,3.5,0.0,0.08,-0.42,4.027843431635389,0.5,0.03000000000000003,3.826451260053619,?,0.95,0.374,OVER,distance,distance,C,WEAK_MATCH_HISTORY,7967,0.0,OVER,OVER,FORCED_OVER_ONLY_GOB_DEM,OVER,ml_prob_unified,0,
14073525,Sofia Costoulas,SOFIA COSTOULAS,Total Sets,2.5,2026-08-25T17:30:00.000-04:00,Tennis,WTA / HARD,Demon,,,,14073525,238505,182213,Sofia Costoulas,2.5,Player,JENNIFER RUGGERI,,,https://static.flashscore.com/res/image/data/IF6lbZDa-Q9gg1xg9.png,,2026-08-25T15:59:02.789-04:00,2026-08-25T16:30:42-04:00,total_sets,0,,0,7967,WTA,,1,,N/A,,OK,,,,,,,,2,2,2,3,2,3,,,,,2.2,2.333333333333333,2.333333333333333,,hard,0,,,,,,,,,,OK,5,1,4,0,0.2,0.8,0.2,0.8,1,4,1,4,0,6,2,4,0,0.3333333333333333,0.6666666666666666,0.3333333333333333,0.6666666666666666,,0,250,250.0,0,WTA,NEUTRAL,FIELD,LOW,159,26,3,148,2026-03-30,159,1,,0.26666666666666666,0.5333333333333333,2.2,-0.2999999999999998,0.1632,-0.2624,2.023331301844504,0.2666666666666667,-0.003000000000000003,1.922164736752279,?,0.95,0.2356,OVER,ml_prob_fallback,ml_prob_fallback,C,,7967,0.2999999999999998,UNDER,OVER,FORCED_OVER_ONLY_GOB_DEM,OVER,ml_prob_unified,6,0.5164
14129067,Sofia Costoulas,SOFIA COSTOULAS,Double Faults,2.5,2026-08-25T17:30:00.000-04:00,Tennis,WTA / HARD,Standard,2.5,,,14129067,238505,182213,Sofia Costoulas,2.5,Player,JENNIFER RUGGERI,,,https://static.flashscore.com/res/image/data/IF6lbZDa-Q9gg1xg9.png,,2026-08-25T15:59:02.789-04:00,2026-08-25T16:30:42-04:00,double_faults,0,,0,7967,WTA,pp_or_step1,0,,N/A,,STALE_HISTORY,,,,,,,,,,,,,,,,,,,,,,hard,0,,,,,,,,,,MISSING_STAT_VALUES,,,,,,,,,,,,,,,,,,,,,,,0,250,250.0,0,WTA,NEUTRAL,FIELD,LOW,159,26,3,148,2026-03-30,159,1,,0.5,1,2.5,0.0,0.08,-0.42,4.027843431635389,0.5,0.03000000000000003,3.826451260053619,?,0.95,0.374,OVER,ml_prob,ml_prob,C,WEAK_MATCH_HISTORY,7967,0.0,OVER,OVER,STANDARD_TIEBREAK_HR5_OVER,OVER,ml_prob_unified,0,
14129064,Jennifer Ruggeri,JENNIFER RUGGERI,Aces,1.5,2026-08-25T17:30:00.000-04:00,Tennis,WTA / HARD,Goblin,3,,,14129064,263151,182213,Jennifer Ruggeri,1.5,Player,SOFIA COSTOULAS,,,https://static.prizepicks.com/images/manual/Jennifer Ruggeri.png,,2026-08-25T15:59:02.789-04:00,2026-08-25T16:30:42-04:00,aces,0,,0,6576,WTA,offset_estimate,1,,N/A,,STALE_HISTORY,,,,,,,,,,,,,,,,,,,,,,hard,0,,,,,,,,,,MISSING_STAT_VALUES,,,,,,,,,,,,,,,,,,,,,,,0,250,250.0,0,WTA,SERVE_HEAVY,FIELD,HIGH,127,26,3,112,2026-05-05,127,1,,0.5,1,1.5,0.0,0.08,-0.42,4.027843431635389,0.5,0.03000000000000003,3.826451260053619,?,0.95,0.374,OVER,distance,distance,C,WEAK_MATCH_HISTORY,6576,0.0,OVER,OVER,FORCED_OVER_ONLY_GOB_DEM,OVER,ml_prob_unified,0,
14072675,Sofia Costoulas,SOFIA COSTOULAS,Total Tie Breaks,0.5,2026-08-25T17:30:00.000-04:00,Tennis,WTA / HARD,Demon,,,,14072675,238505,182213,Sofia Costoulas,0.5,Player,JENNIFER RUGGERI,,,https://static.flashscore.com/res/image/data/IF6lbZDa-Q9gg1xg9.png,,2026-08-25T15:59:02.789-04:00,2026-08-25T16:30:42-04:00,total_tie_breaks,0,,0,7967,WTA,,1,,N/A,,OK,,,,,,,,0,0,0,0,0,0,,,,,0,0,0,,hard,0,,,,,,,,,,OK,5,0,5,0,0,1,0,1,0,5,0,5,0,6,0,6,0,0,1,0,1,,0,250,250.0,0,WTA,NEUTRAL,FIELD,LOW,159,26,3,148,2026-03-30,159,1,,0.0,0,0,-0.5,0.3659,-0.0117,0,0,-0.003000000000000003,0,?,0.95,0.1098,OVER,ml_prob_fallback,ml_prob_fallback,C,,7967,0.5,UNDER,OVER,FORCED_OVER_ONLY_GOB_DEM,OVER,ml_prob_unified,6,0.0
14072353,Aliaksandra Sasnovich,ALIAKSANDRA SASNOVICH,Total Games,24.5,2026-08-25T17:30:00.000-04:00,Tennis,WTA / HARD,Demon,21.5,,,14072353,202920,182134,Aliaksandra Sasnovich,24.5,Player,DALMA GALFI,,,https://www.flashscore.com/res/image/data/h0HDCwxS-W6MWafis.png,,2026-08-25T15:57:54.837-04:00,2026-08-25T16:30:42-04:00,match_total_games,0,,0,1809,WTA,sibling_or_pp,2,,N/A,,OK,,,0.621410109208849,,,,,19,17,25,,,,,,,,20.33333333333333,20.33333333333333,20.33333333333333,,hard,0,1.818181818181818,3.772727272727273,0.6347397536499181,0.4090909090909091,22,False,False,,,OK,3,1,2,0,0.3333333333333333,0.6666666666666666,0.3333333333333333,0.6666666666666666,1,2,1,2,0,3,1,2,0,0.3333333333333333,0.6666666666666666,0.3333333333333333,0.6666666666666666,,0,136,250.0,-114,WTA,NEUTRAL,FIELD,HIGH,81,18,2,134,2026-04-13,81,1,,0.3333333333333333,0.6166666666666666,20.33333333333333,-4.166666666666671,0.58,0.5647,2.37651572858445,0.3333333333333333,-0.003000000000000003,2.257689942155228,?,0.95,0.4073,OVER,distance,distance,B,,1809,4.166666666666671,UNDER,OVER,FORCED_OVER_ONLY_GOB_DEM,OVER,ml_prob_unified,3,4.1633
14072354,Aliaksandra Sasnovich,ALIAKSANDRA SASNOVICH,Total Games,23.5,2026-08-25T17:30:00.000-04:00,Tennis,WTA / HARD,Demon,21.5,,,14072354,202920,182134,Aliaksandra Sasnovich,23.5,Player,DALMA GALFI,,,https://www.flashscore.com/res/image/data/h0HDCwxS-W6MWafis.png,,2026-08-25T15:57:54.837-04:00,2026-08-25T16:30:42-04:00,match_total_games,0,,0,1809,WTA,sibling_or_pp,1,,N/A,,OK,,,0.621410109208849,,,,,19,17,25,,,,,,,,20.33333333333333,20.33333333333333,20.33333333333333,,hard,0,1.818181818181818,3.772727272727273,0.6347397536499181,0.4090909090909091,22,False,False,,,OK,3,1,2,0,0.3333333333333333,0.6666666666666666,0.3333333333333333,0.6666666666666666,1,2,1,2,0,3,1,2,0,0.3333333333333333,0.6666666666666666,0.3333333333333333,0.6666666666666666,,0,136,250.0,-114,WTA,NEUTRAL,FIELD,HIGH,81,18,2,134,2026-04-13,81,1,,0.3333333333333333,0.6166666666666666,20.33333333333333,-3.1666666666666714,0.58,0.5396,2.37651572858445,0.3333333333333333,-0.003000000000000003,2.257689942155228,?,0.95,0.4073,OVER,distance,distance,B,,1809,3.1666666666666714,UNDER,OVER,FORCED_OVER_ONLY_GOB_DEM,OVER,ml_prob_unified,3,4.1633
14072352,Aliaksandra Sasnovich,ALIAKSANDRA SASNOVICH,Total Games,21.5,2026-08-25T17:30:00.000-04:00,Tennis,WTA / HARD,Standard,21.5,,,14072352,202920,182134,Aliaksandra Sasnovich,21.5,Player,DALMA GALFI,,,https://www.flashscore.com/res/image/data/h0HDCwxS-W6MWafis.png,,2026-08-25T15:57:54.837-04:00,2026-08-25T16:30:42-04:00,match_total_games,0,,0,1809,WTA,pp_or_step1,0,,N/A,,OK,,,0.621410109208849,,,,,19,17,25,,,,,,,,20.33333333333333,20.33333333333333,20.33333333333333,,hard,0,1.818181818181818,3.772727272727273,0.6347397536499181,0.4090909090909091,22,False,False,,,OK,3,1,2,0,0.3333333333333333,0.6666666666666666,0.3333333333333333,0.6666666666666666,1,2,1,2,0,3,1,2,0,0.3333333333333333,0.6666666666666666,0.3333333333333333,0.6666666666666666,,0,136,250.0,-114,WTA,NEUTRAL,FIELD,HIGH,81,18,2,134,2026-04-13,81,1,,0.3333333333333333,0.6166666666666666,20.33333333333333,-1.1666666666666714,0.7493,-0.0132,2.37651572858445,0.3333333333333333,-0.003000000000000003,2.257689942155228,?,0.95,0.4581,UNDER,ml_prob,ml_prob,C,,1809,1.1666666666666714,UNDER,UNDER,STANDARD_L5AVG_UNDER,UNDER,ml_prob_unified,3,4.1633
14072351,Aliaksandra Sasnovich,ALIAKSANDRA SASNOVICH,Total Games,20.5,2026-08-25T17:30:00.000-04:00,Tennis,WTA / HARD,Goblin,21.5,,,14072351,202920,182134,Aliaksandra Sasnovich,20.5,Player,DALMA GALFI,,,https://www.flashscore.com/res/image/data/h0HDCwxS-W6MWafis.png,,2026-08-25T15:57:54.837-04:00,2026-08-25T16:30:42-04:00,match_total_games,0,,0,1809,WTA,sibling_or_pp,1,,N/A,,OK,,,0.621410109208849,,,,,19,17,25,,,,,,,,20.33333333333333,20.33333333333333,20.33333333333333,,hard,0,1.818181818181818,3.772727272727273,0.6347397536499181,0.4090909090909091,22,False,False,,,OK,3,1,2,0,0.3333333333333333,0.6666666666666666,0.3333333333333333,0.6666666666666666,1,2,1,2,0,3,1,2,0,0.3333333333333333,0.6666666666666666,0.3333333333333333,0.6666666666666666,,0,136,250.0,-114,WTA,NEUTRAL,FIELD,HIGH,81,18,2,134,2026-04-13,81,1,,0.3333333333333333,0.6166666666666666,20.33333333333333,-0.1666666666666714,0.58,0.1216,2.37651572858445,0.3333333333333333,-0.003000000000000003,2.257689942155228,?,0.95,0.4073,OVER,distance,distance,C,,1809,0.1666666666666714,UNDER,OVER,FORCED_OVER_ONLY_GOB_DEM,OVER,ml_prob_unified,3,4.1633
14081311,Aliaksandra Sasnovich,ALIAKSANDRA SASNOVICH,Total Games,19.5,2026-08-25T17:30:00.000-04:00,Tennis,WTA / HARD,Goblin,21.5,,,14081311,202920,182134,Aliaksandra Sasnovich,19.5,Player,DALMA GALFI,,,https://www.flashscore.com/res/image/data/h0HDCwxS-W6MWafis.png,,2026-08-25T15:57:54.837-04:00,2026-08-25T16:30:42-04:00,match_total_games,0,,0,1809,WTA,sibling_or_pp,2,,N/A,,OK,,,0.621410109208849,,,,,19,17,25,,,,,,,,20.33333333333333,20.33333333333333,20.33333333333333,,hard,0,1.818181818181818,3.772727272727273,0.6347397536499181,0.4090909090909091,22,False,False,,,OK,3,1,2,0,0.3333333333333333,0.6666666666666666,0.3333333333333333,0.6666666666666666,1,2,1,2,0,3,1,2,0,0.3333333333333333,0.6666666666666666,0.3333333333333333,0.6666666666666666,,0,136,250.0,-114,WTA,NEUTRAL,FIELD,HIGH,81,18,2,134,2026-04-13,81,1,,0.3333333333333333,0.6166666666666666,20.33333333333333,0.8333333333333286,0.58,-0.1171,2.37651572858445,0.3333333333333333,-0.003000000000000003,2.257689942155228,?,0.95,0.4073,OVER,distance,distance,B,,1809,0.8333333333333286,OVER,OVER,FORCED_OVER_ONLY_GOB_DEM,OVER,ml_prob_unified,3,4.1633
14130652,Aliaksandra Sasnovich,ALIAKSANDRA SASNOVICH,Total Games,18.5,2026-08-25T17:30:00.000-04:00,Tennis,WTA / HARD,Goblin,21.5,,,14130652,202920,182134,Aliaksandra Sasnovich,18.5,Player,DALMA GALFI,,,https://www.flashscore.com/res/image/data/h0HDCwxS-W6MWafis.png,,2026-08-25T15:57:54.837-04:00,2026-08-25T16:30:42-04:00,match_total_games,0,,0,1809,WTA,sibling_or_pp,3,,N/A,,OK,,,0.621410109208849,,,,,19,17,25,,,,,,,,20.33333333333333,20.33333333333333,20.33333333333333,,hard,0,1.818181818181818,3.772727272727273,0.6347397536499181,0.4090909090909091,22,False,False,,,OK,3,2,1,0,0.6666666666666666,0.3333333333333333,0.6666666666666666,0.3333333333333333,2,1,2,1,0,3,2,1,0,0.6666666666666666,0.3333333333333333,0.6666666666666666,0.3333333333333333,,0,136,250.0,-114,WTA,NEUTRAL,FIELD,HIGH,81,18,2,134,2026-04-13,81,1,,0.6666666666666666,1.283333333333333,20.33333333333333,1.8333333333333286,0.58,-0.2822,5.393398668498659,0.6666666666666666,0.06666666666666665,5.123728735073726,?,0.95,0.6407,OVER,distance,distance,B,,1809,1.8333333333333286,OVER,OVER,FORCED_OVER_ONLY_GOB_DEM,OVER,ml_prob_unified,3,4.1633
14088649,Dalma Galfi,DALMA GALFI,Total Games Won,9.5,2026-08-25T17:30:00.000-04:00,Tennis,WTA / HARD,Goblin,11,,,14088649,207690,182134,Dalma Galfi,9.5,Player,ALIAKSANDRA SASNOVICH,,,https://static.prizepicks.com/images/manual/dalma.png,,2026-08-25T15:57:54.837-04:00,2026-08-25T16:30:42-04:00,games_won,0,,0,2764,WTA,offset_estimate,1,,N/A,,OK,,,0.6333173808396075,,,,,4,2,10,8,20,9,,,,,8.8,8.833333333333334,8.833333333333334,,hard,0,4.428571428571429,3.214285714285714,0.6604909917738323,0.1428571428571428,14,False,True,,,OK,5,2,3,0,0.4,0.6,0.4,0.6,2,3,2,3,0,6,2,4,0,0.3333333333333333,0.6666666666666666,0.3333333333333333,0.6666666666666666,,0,250,136.0,114,WTA,NEUTRAL,FIELD,HIGH,110,22,2,92,2026-05-25,110,1,,0.3666666666666667,0.7833333333333334,8.8,-0.6999999999999993,0.58,0.2482,3.052955971801609,0.3666666666666667,0.008000000000000007,2.900308173211528,?,0.95,0.4307,OVER,distance,distance,C,,2764,0.6999999999999993,UNDER,OVER,FORCED_OVER_ONLY_GOB_DEM,OVER,ml_prob_unified,6,6.2743
14073528,Aliaksandra Sasnovich,ALIAKSANDRA SASNOVICH,Total Sets,2.5,2026-08-25T17:30:00.000-04:00,Tennis,WTA / HARD,Demon,,,,14073528,202920,182134,Aliaksandra Sasnovich,2.5,Player,DALMA GALFI,,,https://www.flashscore.com/res/image/data/h0HDCwxS-W6MWafis.png,,2026-08-25T15:57:54.837-04:00,2026-08-25T16:30:42-04:00,total_sets,0,,0,1809,WTA,,1,,N/A,,OK,,,0.621410109208849,,,,,2,2,3,,,,,,,,2.333333333333333,2.333333333333333,2.333333333333333,,hard,0,1.818181818181818,3.772727272727273,0.6347397536499181,0.4090909090909091,22,False,False,,,OK,3,1,2,0,0.3333333333333333,0.6666666666666666,0.3333333333333333,0.6666666666666666,1,2,1,2,0,3,1,2,0,0.3333333333333333,0.6666666666666666,0.3333333333333333,0.6666666666666666,,0,136,250.0,-114,WTA,NEUTRAL,FIELD,HIGH,81,18,2,134,2026-04-13,81,1,,0.3333333333333333,0.6166666666666666,2.333333333333333,-0.16666666666666696,0.1728,-0.2857,2.37651572858445,0.3333333333333333,-0.003000000000000003,2.257689942155228,?,0.95,0.2852,OVER,ml_prob_fallback,ml_prob_fallback,C,,1809,0.16666666666666696,UNDER,OVER,FORCED_OVER_ONLY_GOB_DEM,OVER,ml_prob_unified,3,0.5774
14129345,Aliaksandra Sasnovich,ALIAKSANDRA SASNOVICH,Aces,1.5,2026-08-25T17:30:00.000-04:00,Tennis,WTA / HARD,Goblin,3,,,14129345,202920,182134,Aliaksandra Sasnovich,1.5,Player,DALMA GALFI,,,https://www.flashscore.com/res/image/data/h0HDCwxS-W6MWafis.png,,2026-08-25T15:57:54.837-04:00,2026-08-25T16:30:42-04:00,aces,0,,0,1809,WTA,offset_estimate,1,,N/A,,OK,,,0.621410109208849,,,,,1,1,2,0,0,2,2,3,1,0,0.8,1.2,1.2,,hard,0,1.818181818181818,3.772727272727273,0.6347397536499181,0.4090909090909091,22,False,False,,,OK,5,1,4,0,0.2,0.8,0.2,0.8,1,4,1,4,0,10,4,6,0,0.4,0.6,0.4,0.6,,0,136,250.0,-114,WTA,SERVE_HEAVY,FIELD,HIGH,81,18,2,134,2026-04-13,81,1,,0.30000000000000004,0.55,0.8,-0.7,0.08,-0.2518,2.100167538873995,0.3,-0.003000000000000003,1.995159161930295,?,0.95,0.234,OVER,distance,distance,C,,1809,0.7,UNDER,OVER,FORCED_OVER_ONLY_GOB_DEM,OVER,ml_prob_unified,10,1.0328
14072356,Aliaksandra Sasnovich,ALIAKSANDRA SASNOVICH,Total Tie Breaks,0.5,2026-08-25T17:30:00.000-04:00,Tennis,WTA / HARD,Demon,,,,14072356,202920,182134,Aliaksandra Sasnovich,0.5,Player,DALMA GALFI,,,https://www.flashscore.com/res/image/data/h0HDCwxS-W6MWafis.png,,2026-08-25T15:57:54.837-04:00,2026-08-25T16:30:42-04:00,total_tie_breaks,0,,0,1809,WTA,,1,,N/A,,OK,,,0.621410109208849,,,,,0,0,0,,,,,,,,0,0,0,,hard,0,1.818181818181818,3.772727272727273,0.6347397536499181,0.4090909090909091,22,False,False,,,OK,3,0,3,0,0,1,0,1,0,3,0,3,0,3,0,3,0,0,1,0,1,,0,136,250.0,-114,WTA,NEUTRAL,FIELD,HIGH,81,18,2,134,2026-04-13,81,1,,0.0,-0.05,0,-0.5,0.3659,-0.0117,0,0,-0.003000000000000003,0,?,0.95,0.1098,OVER,ml_prob_fallback,ml_prob_fallback,C,,1809,0.5,UNDER,OVER,FORCED_OVER_ONLY_GOB_DEM,OVER,ml_prob_unified,3,0.0
14080365,Vendula Valdmannova,VENDULA VALDMANNOVA,Total Games,24.5,2026-08-25T17:25:00.000-04:00,Tennis,WTA / HARD,Demon,20,,,14080365,297611,182183,Vendula Valdmannova,24.5,Player,UNKNOWN_OPP,,,https://static.flashscore.com/res/image/data/0zENrOdM-4Mcg56kI.png,,2026-08-25T15:01:25.607-04:00,2026-08-25T16:30:42-04:00,match_total_games,0,,0,9908,WTA,sibling_or_pp,3,,N/A,,OK,,,,,,,,16,23,19,15,14,17,19,18,19,,17.4,17.77777777777778,17.77777777777778,,hard,0,,,,,,,,,,OK,5,0,5,0,0,1,0,1,0,5,0,5,0,9,0,9,0,0,1,0,1,,0,250,,,WTA,NEUTRAL,FIELD,HIGH,87,17,2,205,2026-02-01,87,1,,0.0,0,17.4,-7.100000000000001,0.58,0.5792,0,0,-0.003000000000000003,0,?,0.95,0.174,OVER,distance,distance,C,,9908,7.100000000000001,UNDER,OVER,FORCED_OVER_ONLY_GOB_DEM,OVER,ml_prob_unified,9,2.6822
14072678,Vendula Valdmannova,VENDULA VALDMANNOVA,Total Games,23.5,2026-08-25T17:25:00.000-04:00,Tennis,WTA / HARD,Demon,20,,,14072678,297611,182183,Vendula Valdmannova,23.5,Player,UNKNOWN_OPP,,,https://static.flashscore.com/res/image/data/0zENrOdM-4Mcg56kI.png,,2026-08-25T15:01:25.607-04:00,2026-08-25T16:30:42-04:00,match_total_games,0,,0,9908,WTA,sibling_or_pp,2,,N/A,,OK,,,,,,,,16,23,19,15,14,17,19,18,19,,17.4,17.77777777777778,17.77777777777778,,hard,0,,,,,,,,,,OK,5,0,5,0,0,1,0,1,0,5,0,5,0,9,0,9,0,0,1,0,1,,0,250,,,WTA,NEUTRAL,FIELD,HIGH,87,17,2,205,2026-02-01,87,1,,0.0,0,17.4,-6.100000000000001,0.58,0.5778,0,0,-0.003000000000000003,0,?,0.95,0.174,OVER,distance,distance,C,,9908,6.100000000000001,UNDER,OVER,FORCED_OVER_ONLY_GOB_DEM,OVER,ml_prob_unified,9,2.6822
14072679,Vendula Valdmannova,VENDULA VALDMANNOVA,Total Games,22.5,2026-08-25T17:25:00.000-04:00,Tennis,WTA / HARD,Demon,20,,,14072679,297611,182183,Vendula Valdmannova,22.5,Player,UNKNOWN_OPP,,,https://static.flashscore.com/res/image/data/0zENrOdM-4Mcg56kI.png,,2026-08-25T15:01:25.607-04:00,2026-08-25T16:30:42-04:00,match_total_games,0,,0,9908,WTA,sibling_or_pp,1,,N/A,,OK,,,,,,,,16,23,19,15,14,17,19,18,19,,17.4,17.77777777777778,17.77777777777778,,hard,0,,,,,,,,,,OK,5,1,4,0,0.2,0.8,0.2,0.8,1,4,1,4,0,9,1,8,0,0.1111111111111111,0.8888888888888888,0.1111111111111111,0.8888888888888888,,0,250,,,WTA,NEUTRAL,FIELD,HIGH,87,17,2,205,2026-02-01,87,1,,0.15555555555555556,0.3111111111111111,17.4,-5.100000000000001,0.58,0.5739,1.147930731324397,0.1555555555555556,-0.003000000000000003,1.090534194758177,?,0.95,0.2829,OVER,distance,distance,B,,9908,5.100000000000001,UNDER,OVER,FORCED_OVER_ONLY_GOB_DEM,OVER,ml_prob_unified,9,2.6822
14072676,Vendula Valdmannova,VENDULA VALDMANNOVA,Total Games,20,2026-08-25T17:25:00.000-04:00,Tennis,WTA / HARD,Standard,20,,,14072676,297611,182183,Vendula Valdmannova,20,Player,UNKNOWN_OPP,,,https://static.flashscore.com/res/image/data/0zENrOdM-4Mcg56kI.png,,2026-08-25T15:01:25.607-04:00,2026-08-25T16:30:42-04:00,match_total_games,0,,0,9908,WTA,pp_or_step1,0,,N/A,,OK,,,,,,,,16,23,19,15,14,17,19,18,19,,17.4,17.77777777777778,17.77777777777778,,hard,0,,,,,,,,,,OK,5,1,4,0,0.2,0.8,0.2,0.8,1,4,1,4,0,9,1,8,0,0.1111111111111111,0.8888888888888888,0.1111111111111111,0.8888888888888888,,0,250,,,WTA,NEUTRAL,FIELD,HIGH,87,17,2,205,2026-02-01,87,1,,0.15555555555555556,0.3111111111111111,17.4,-2.6000000000000014,0.6392,-0.2917,1.147930731324397,0.1555555555555556,-0.003000000000000003,1.090534194758177,?,0.95,0.3006,UNDER,ml_prob,ml_prob,C,,9908,2.6000000000000014,UNDER,UNDER,STANDARD_L5AVG_UNDER,UNDER,ml_prob_unified,9,2.6822
14072677,Vendula Valdmannova,VENDULA VALDMANNOVA,Total Games,19.5,2026-08-25T17:25:00.000-04:00,Tennis,WTA / HARD,Goblin,20,,,14072677,297611,182183,Vendula Valdmannova,19.5,Player,UNKNOWN_OPP,,,https://static.flashscore.com/res/image/data/0zENrOdM-4Mcg56kI.png,,2026-08-25T15:01:25.607-04:00,2026-08-25T16:30:42-04:00,match_total_games,0,,0,9908,WTA,sibling_or_pp,1,,N/A,,OK,,,,,,,,16,23,19,15,14,17,19,18,19,,17.4,17.77777777777778,17.77777777777778,,hard,0,,,,,,,,,,OK,5,1,4,0,0.2,0.8,0.2,0.8,1,4,1,4,0,9,1,8,0,0.1111111111111111,0.8888888888888888,0.1111111111111111,0.8888888888888888,,0,250,,,WTA,NEUTRAL,FIELD,HIGH,87,17,2,205,2026-02-01,87,1,,0.15555555555555556,0.3111111111111111,17.4,-2.1000000000000014,0.58,0.4709,1.147930731324397,0.1555555555555556,-0.003000000000000003,1.090534194758177,?,0.95,0.2829,OVER,distance,distance,D,,9908,2.1000000000000014,UNDER,OVER,FORCED_OVER_ONLY_GOB_DEM,OVER,ml_prob_unified,9,2.6822
14080239,Vendula Valdmannova,VENDULA VALDMANNOVA,Total Games,18.5,2026-08-25T17:25:00.000-04:00,Tennis,WTA / HARD,Goblin,20,,,14080239,297611,182183,Vendula Valdmannova,18.5,Player,UNKNOWN_OPP,,,https://static.flashscore.com/res/image/data/0zENrOdM-4Mcg56kI.png,,2026-08-25T15:01:25.607-04:00,2026-08-25T16:30:42-04:00,match_total_games,0,,0,9908,WTA,sibling_or_pp,2,,N/A,,OK,,,,,,,,16,23,19,15,14,17,19,18,19,,17.4,17.77777777777778,17.77777777777778,,hard,0,,,,,,,,,,OK,5,2,3,0,0.4,0.6,0.4,0.6,2,3,2,3,0,9,4,5,0,0.4444444444444444,0.5555555555555556,0.4444444444444444,0.5555555555555556,,0,250,,,WTA,NEUTRAL,FIELD,HIGH,87,17,2,205,2026-02-01,87,1,,0.4222222222222222,0.8444444444444444,17.4,-1.1000000000000014,0.58,0.3303,3.328035920050045,0.4222222222222222,0.008000000000000007,3.161634124047542,?,0.95,0.4696,OVER,distance,distance,C,,9908,1.1000000000000014,UNDER,OVER,FORCED_OVER_ONLY_GOB_DEM,OVER,ml_prob_unified,9,2.6822
14073529,Vendula Valdmannova,VENDULA VALDMANNOVA,Total Sets,2.5,2026-08-25T17:25:00.000-04:00,Tennis,WTA / HARD,Demon,,,,14073529,297611,182183,Vendula Valdmannova,2.5,Player,UNKNOWN_OPP,,,https://static.flashscore.com/res/image/data/0zENrOdM-4Mcg56kI.png,,2026-08-25T15:01:25.607-04:00,2026-08-25T16:30:42-04:00,total_sets,0,,0,9908,WTA,,1,,N/A,,OK,,,,,,,,2,2,2,2,2,2,2,2,2,,2,2,2,,hard,0,,,,,,,,,,OK,5,0,5,0,0,1,0,1,0,5,0,5,0,9,0,9,0,0,1,0,1,,0,250,,,WTA,NEUTRAL,FIELD,HIGH,87,17,2,205,2026-02-01,87,1,,0.0,0,2,-0.5,0.1598,-0.2177,0,0,-0.003000000000000003,0,?,0.95,0.0479,OVER,ml_prob_fallback,ml_prob_fallback,C,,9908,0.5,UNDER,OVER,FORCED_OVER_ONLY_GOB_DEM,OVER,ml_prob_unified,9,0.0
14072680,Vendula Valdmannova,VENDULA VALDMANNOVA,Total Tie Breaks,0.5,2026-08-25T17:25:00.000-04:00,Tennis,WTA / HARD,Demon,,,,14072680,297611,182183,Vendula Valdmannova,0.5,Player,UNKNOWN_OPP,,,https://static.flashscore.com/res/image/data/0zENrOdM-4Mcg56kI.png,,2026-08-25T15:01:25.607-04:00,2026-08-25T16:30:42-04:00,total_tie_breaks,0,,0,9908,WTA,,1,,N/A,,OK,,,,,,,,0,1,0,0,0,0,0,0,0,,0.2,0.1111111111111111,0.1111111111111111,,hard,0,,,,,,,,,,OK,5,1,4,0,0.2,0.8,0.2,0.8,1,4,1,4,0,9,1,8,0,0.1111111111111111,0.8888888888888888,0.1111111111111111,0.8888888888888888,,0,250,,,WTA,NEUTRAL,FIELD,HIGH,87,17,2,205,2026-02-01,87,1,,0.15555555555555556,0.3111111111111111,0.2,-0.3,0.3659,-0.0597,1.147930731324397,0.1555555555555556,-0.003000000000000003,1.090534194758177,?,0.95,0.2187,OVER,ml_prob_fallback,ml_prob_fallback,C,,9908,0.3,UNDER,OVER,FORCED_OVER_ONLY_GOB_DEM,OVER,ml_prob_unified,9,0.3333
14115501,Ashlyn Krueger,ASHLYN KRUEGER,Total Games,19.5,2026-08-25T18:00:00.000-04:00,Tennis,WTA / HARD,Standard,19.5,,,14115501,205515,182380,Ashlyn Krueger,19.5,Player,JULIA GRABHER,,,https://www.flashscore.com/res/image/data/lWAUIpe5-xnYae4aa.png,,2026-08-25T01:52:18.003-04:00,2026-08-25T16:30:42-04:00,match_total_games,0,,0,6724,WTA,pp_or_step1,0,,N/A,,OK,,,0.6484352821645092,,,,,17,17,25,20,17,13,32,20,29,27,19.2,21.7,21.7,,hard,0,4.903846153846154,5.461538461538462,0.6439020281953999,0.5192307692307693,52,False,False,,,OK,5,2,3,0,0.4,0.6,0.4,0.6,2,3,2,3,0,10,6,4,0,0.6,0.4,0.6,0.4,,0,62,114.0,-52,WTA,NEUTRAL,FIELD,HIGH,128,25,3,92,2026-05-25,128,1,,0.5,0.95,19.2,-0.3000000000000007,0.453,-0.1215,3.806026412868632,0.5,0.008000000000000007,3.615725092225201,?,0.95,0.4859,UNDER,ml_prob,ml_prob,C,,6724,0.3000000000000007,UNDER,UNDER,STANDARD_L5AVG_UNDER,UNDER,ml_prob_unified,10,6.2013
14120870,Ashlyn Krueger,ASHLYN KRUEGER,Double Faults,9.5,2026-08-25T18:00:00.000-04:00,Tennis,WTA / HARD,Demon,,,,14120870,205515,182380,Ashlyn Krueger,9.5,Player,JULIA GRABHER,,,https://www.flashscore.com/res/image/data/lWAUIpe5-xnYae4aa.png,,2026-08-25T03:57:25.252-04:00,2026-08-25T16:30:42-04:00,double_faults,0,,0,6724,WTA,,3,,N/A,,OK,,,0.6484352821645092,,,,,2,7,3,10,6,8,5,8,3,3,5.6,5.5,5.5,,hard,0,4.903846153846154,5.461538461538462,0.6439020281953999,0.5192307692307693,52,False,False,,,OK,5,1,4,0,0.2,0.8,0.2,0.8,1,4,1,4,0,10,1,9,0,0.1,0.9,0.1,0.9,,0,62,114.0,-52,WTA,NEUTRAL,FIELD,HIGH,128,25,3,92,2026-05-25,128,1,,0.15000000000000002,0.2500000000000001,5.6,-3.9000000000000004,0.0072,-0.0126,0.9187791152815014,0.15,-0.003000000000000003,0.8728401595174262,?,0.95,0.1072,OVER,ml_prob_fallback,ml_prob_fallback,C,,6724,3.9000000000000004,UNDER,OVER,FORCED_OVER_ONLY_GOB_DEM,OVER,ml_prob_unified,10,2.7183
14120869,Ashlyn Krueger,ASHLYN KRUEGER,Double Faults,8.5,2026-08-25T18:00:00.000-04:00,Tennis,WTA / HARD,Demon,,,,14120869,205515,182380,Ashlyn Krueger,8.5,Player,JULIA GRABHER,,,https://www.flashscore.com/res/image/data/lWAUIpe5-xnYae4aa.png,,2026-08-25T03:57:25.199-04:00,2026-08-25T16:30:42-04:00,double_faults,0,,0,6724,WTA,,2,,N/A,,OK,,,0.6484352821645092,,,,,2,7,3,10,6,8,5,8,3,3,5.6,5.5,5.5,,hard,0,4.903846153846154,5.461538461538462,0.6439020281953999,0.5192307692307693,52,False,False,,,OK,5,1,4,0,0.2,0.8,0.2,0.8,1,4,1,4,0,10,1,9,0,0.1,0.9,0.1,0.9,,0,62,114.0,-52,WTA,NEUTRAL,FIELD,HIGH,128,25,3,92,2026-05-25,128,1,,0.15000000000000002,0.2500000000000001,5.6,-2.9000000000000004,0.0206,-0.0316,0.9187791152815014,0.15,-0.003000000000000003,0.8728401595174262,?,0.95,0.1112,OVER,ml_prob_fallback,ml_prob_fallback,C,,6724,2.9000000000000004,UNDER,OVER,FORCED_OVER_ONLY_GOB_DEM,OVER,ml_prob_unified,10,2.7183
14120874,Julia Grabher,JULIA GRABHER,Double Faults,8.5,2026-08-25T18:00:00.000-04:00,Tennis,WTA / HARD,Demon,,,,14120874,237868,182380,Julia Grabher,8.5,Player,ASHLYN KRUEGER,,,https://static.prizepicks.com/images/manual/juliagrab.png,,2026-08-25T03:57:25.632-04:00,2026-08-25T16:30:42-04:00,double_faults,0,,0,2599,WTA,,3,,N/A,,OK,,,0.6036408755642035,,,,,9,1,4,5,1,2,3,3,3,6,4,3.7,3.7,,hard,0,2.142857142857143,3.5,0.5985518823459148,0.2142857142857142,14,False,True,,,OK,5,1,4,0,0.2,0.8,0.2,0.8,1,4,1,4,0,10,1,9,0,0.1,0.9,0.1,0.9,,0,114,62.0,52,WTA,NEUTRAL,FIELD,HIGH,25,6,1,92,2026-05-25,25,1,,0.15000000000000002,0.35,4,-4.5,0.0206,0.0096,1.291357785522788,0.15,-0.003000000000000003,1.226789896246649,?,0.95,0.1112,OVER,ml_prob_fallback,ml_prob_fallback,C,,2599,4.5,UNDER,OVER,FORCED_OVER_ONLY_GOB_DEM,OVER,ml_prob_unified,10,2.4518
14120868,Ashlyn Krueger,ASHLYN KRUEGER,Double Faults,7.5,2026-08-25T18:00:00.000-04:00,Tennis,WTA / HARD,Demon,,,,14120868,205515,182380,Ashlyn Krueger,7.5,Player,JULIA GRABHER,,,https://www.flashscore.com/res/image/data/lWAUIpe5-xnYae4aa.png,,2026-08-25T03:57:25.149-04:00,2026-08-25T16:30:42-04:00,double_faults,0,,0,6724,WTA,,1,,N/A,,OK,,,0.6484352821645092,,,,,2,7,3,10,6,8,5,8,3,3,5.6,5.5,5.5,,hard,0,4.903846153846154,5.461538461538462,0.6439020281953999,0.5192307692307693,52,False,False,,,OK,5,1,4,0,0.2,0.8,0.2,0.8,1,4,1,4,0,10,3,7,0,0.3,0.7,0.3,0.7,,0,62,114.0,-52,WTA,NEUTRAL,FIELD,HIGH,128,25,3,92,2026-05-25,128,1,,0.25,0.45,5.6,-1.9000000000000004,0.0446,-0.0855,1.696712863270778,0.25,-0.003000000000000003,1.611877220107239,?,0.95,0.1884,OVER,ml_prob_fallback,ml_prob_fallback,C,,6724,1.9000000000000004,UNDER,OVER,FORCED_OVER_ONLY_GOB_DEM,OVER,ml_prob_unified,10,2.7183
14120872,Julia Grabher,JULIA GRABHER,Double Faults,7.5,2026-08-25T18:00:00.000-04:00,Tennis,WTA / HARD,Demon,,,,14120872,237868,182380,Julia Grabher,7.5,Player,ASHLYN KRUEGER,,,https://static.prizepicks.com/images/manual/juliagrab.png,,2026-08-25T03:57:25.522-04:00,2026-08-25T16:30:42-04:00,double_faults,0,,0,2599,WTA,,2,,N/A,,OK,,,0.6036408755642035,,,,,9,1,4,5,1,2,3,3,3,6,4,3.7,3.7,,hard,0,2.142857142857143,3.5,0.5985518823459148,0.2142857142857142,14,False,True,,,OK,5,1,4,0,0.2,0.8,0.2,0.8,1,4,1,4,0,10,1,9,0,0.1,0.9,0.1,0.9,,0,114,62.0,52,WTA,NEUTRAL,FIELD,HIGH,25,6,1,92,2026-05-25,25,1,,0.15000000000000002,0.35,4,-3.5,0.039,0.0097,1.291357785522788,0.15,-0.003000000000000003,1.226789896246649,?,0.95,0.1167,OVER,ml_prob_fallback,ml_prob_fallback,C,,2599,3.5,UNDER,OVER,FORCED_OVER_ONLY_GOB_DEM,OVER,ml_prob_unified,10,2.4518
14120873,Julia Grabher,JULIA GRABHER,Double Faults,6.5,2026-08-25T18:00:00.000-04:00,Tennis,WTA / HARD,Demon,,,,14120873,237868,182380,Julia Grabher,6.5,Player,ASHLYN KRUEGER,,,https://static.prizepicks.com/images/manual/juliagrab.png,,2026-08-25T03:57:25.573-04:00,2026-08-25T16:30:42-04:00,double_faults,0,,0,2599,WTA,,1,,N/A,,OK,,,0.6036408755642035,,,,,9,1,4,5,1,2,3,3,3,6,4,3.7,3.7,,hard,0,2.142857142857143,3.5,0.5985518823459148,0.2142857142857142,14,False,True,,,OK,5,1,4,0,0.2,0.8,0.2,0.8,1,4,1,4,0,10,1,9,0,0.1,0.9,0.1,0.9,,0,114,62.0,52,WTA,NEUTRAL,FIELD,HIGH,25,6,1,92,2026-05-25,25,1,,0.15000000000000002,0.35,4,-2.5,0.0512,-0.0246,1.291357785522788,0.15,-0.003000000000000003,1.226789896246649,?,0.95,0.1204,OVER,ml_prob_fallback,ml_prob_fallback,C,,2599,2.5,UNDER,OVER,FORCED_OVER_ONLY_GOB_DEM,OVER,ml_prob_unified,10,2.4518
14120867,Ashlyn Krueger,ASHLYN KRUEGER,Double Faults,5.5,2026-08-25T18:00:00.000-04:00,Tennis,WTA / HARD,Goblin,7,,,14120867,205515,182380,Ashlyn Krueger,5.5,Player,JULIA GRABHER,,,https://www.flashscore.com/res/image/data/lWAUIpe5-xnYae4aa.png,,2026-08-25T03:57:25.095-04:00,2026-08-25T16:30:42-04:00,double_faults,0,,0,6724,WTA,offset_estimate,1,,N/A,,OK,,,0.6484352821645092,,,,,2,7,3,10,6,8,5,8,3,3,5.6,5.5,5.5,,hard,0,4.903846153846154,5.461538461538462,0.6439020281953999,0.5192307692307693,52,False,False,,,OK,5,3,2,0,0.6,0.4,0.6,0.4,3,2,3,2,0,10,5,5,0,0.5,0.5,0.5,0.5,,0,62,114.0,-52,WTA,NEUTRAL,FIELD,HIGH,128,25,3,92,2026-05-25,128,1,,0.55,1.05,5.6,0.09999999999999964,0.08,-0.445,4.295046225201072,0.55,0.05200000000000005,4.080293913941018,?,0.95,0.409,OVER,distance,distance,C,,6724,0.09999999999999964,OVER,OVER,FORCED_OVER_ONLY_GOB_DEM,OVER,ml_prob_unified,10,2.7183
14120866,Ashlyn Krueger,ASHLYN KRUEGER,Double Faults,4.5,2026-08-25T18:00:00.000-04:00,Tennis,WTA / HARD,Goblin,6.5,,,14120866,205515,182380,Ashlyn Krueger,4.5,Player,JULIA GRABHER,,,https://www.flashscore.com/res/image/data/lWAUIpe5-xnYae4aa.png,,2026-08-25T03:57:25.023-04:00,2026-08-25T16:30:42-04:00,double_faults,0,,0,6724,WTA,offset_estimate,2,,N/A,,OK,,,0.6484352821645092,,,,,2,7,3,10,6,8,5,8,3,3,5.6,5.5,5.5,,hard,0,4.903846153846154,5.461538461538462,0.6439020281953999,0.5192307692307693,52,False,False,,,OK,5,3,2,0,0.6,0.4,0.6,0.4,3,2,3,2,0,10,6,4,0,0.6,0.4,0.6,0.4,,0,62,114.0,-52,WTA,NEUTRAL,FIELD,HIGH,128,25,3,92,2026-05-25,128,1,,0.6,1.15,5.6,1.0999999999999996,0.08,-0.6703,4.764092482573727,0.6,0.05200000000000005,4.52588785844504,?,0.95,0.444,OVER,distance,distance,B,,6724,1.0999999999999996,OVER,OVER,FORCED_OVER_ONLY_GOB_DEM,OVER,ml_prob_unified,10,2.7183
14120871,Julia Grabher,JULIA GRABHER,Double Faults,4.5,2026-08-25T18:00:00.000-04:00,Tennis,WTA / HARD,Goblin,6,,,14120871,237868,182380,Julia Grabher,4.5,Player,ASHLYN KRUEGER,,,https://static.prizepicks.com/images/manual/juliagrab.png,,2026-08-25T03:57:25.468-04:00,2026-08-25T16:30:42-04:00,double_faults,0,,0,2599,WTA,offset_estimate,1,,N/A,,OK,,,0.6036408755642035,,,,,9,1,4,5,1,2,3,3,3,6,4,3.7,3.7,,hard,0,2.142857142857143,3.5,0.5985518823459148,0.2142857142857142,14,False,True,,,OK,5,2,3,0,0.4,0.6,0.4,0.6,2,3,2,3,0,10,3,7,0,0.3,0.7,0.3,0.7,,0,114,62.0,52,WTA,NEUTRAL,FIELD,HIGH,25,6,1,92,2026-05-25,25,1,,0.35,0.75,4,-0.5,0.08,-0.2975,2.912612252010724,0.35,0.008000000000000007,2.766981639410188,?,0.95,0.269,OVER,distance,distance,C,,2599,0.5,UNDER,OVER,FORCED_OVER_ONLY_GOB_DEM,OVER,ml_prob_unified,10,2.4518
14115673,Ashlyn Krueger,ASHLYN KRUEGER,Total Sets,2.5,2026-08-25T18:00:00.000-04:00,Tennis,WTA / HARD,Demon,,,,14115673,205515,182380,Ashlyn Krueger,2.5,Player,JULIA GRABHER,,,https://www.flashscore.com/res/image/data/lWAUIpe5-xnYae4aa.png,,2026-08-25T01:35:16.221-04:00,2026-08-25T16:30:42-04:00,total_sets,0,,0,6724,WTA,,1,,N/A,,OK,,,0.6484352821645092,,,,,2,2,3,2,2,2,3,2,3,3,2.2,2.4,2.4,,hard,0,4.903846153846154,5.461538461538462,0.6439020281953999,0.5192307692307693,52,False,False,,,OK,5,1,4,0,0.2,0.8,0.2,0.8,1,4,1,4,0,10,4,6,0,0.4,0.6,0.4,0.6,,0,62,114.0,-52,WTA,NEUTRAL,FIELD,HIGH,128,25,3,92,2026-05-25,128,1,,0.30000000000000004,0.55,2.2,-0.2999999999999998,0.2003,-0.2252,2.100167538873995,0.3,-0.003000000000000003,1.995159161930295,?,0.95,0.2701,OVER,ml_prob_fallback,ml_prob_fallback,C,,6724,0.2999999999999998,UNDER,OVER,FORCED_OVER_ONLY_GOB_DEM,OVER,ml_prob_unified,10,0.5164
14081305,Liam Draxl,LIAM DRAXL,Total Games,26.5,2026-08-25T17:15:00.000-04:00,Tennis,ATP / HARD,Demon,22.5,,,14081305,218983,182229,Liam Draxl,26.5,Player,NICOLAS MEJIA,,,https://www.atptour.com/-/media/alias/player-headshot/D0DP,,2026-08-25T15:18:14.201-04:00,2026-08-25T16:30:42-04:00,match_total_games,0,,0,3778,ATP,sibling_or_pp,3,,N/A,,OK,,,0.5884769959419307,,,,,29,,,,,,,,,,29,29,29,,hard,0,6.666666666666667,5.333333333333333,0.6297902731326644,0.5,6,False,False,,,OK,1,1,0,0,1,0,1,0,1,0,1,0,0,1,1,0,0,1,0,1,0,,0,250,115.0,135,ATP,NEUTRAL,FIELD,HIGH,146,27,3,148,2026-03-30,146,1,,1.0,2.05,29,2.5,0.58,-0.3441,9.215174223592493,1,0.07840000000000003,8.754415512412868,?,0.95,0.874,OVER,distance,distance,C,,3778,2.5,OVER,OVER,FORCED_OVER_ONLY_GOB_DEM,OVER,ml_prob_unified,1,
14081306,Liam Draxl,LIAM DRAXL,Total Games,25.5,2026-08-25T17:15:00.000-04:00,Tennis,ATP / HARD,Demon,22.5,,,14081306,218983,182229,Liam Draxl,25.5,Player,NICOLAS MEJIA,,,https://www.atptour.com/-/media/alias/player-headshot/D0DP,,2026-08-25T15:18:14.201-04:00,2026-08-25T16:30:42-04:00,match_total_games,0,,0,3778,ATP,sibling_or_pp,2,,N/A,,OK,,,0.5884769959419307,,,,,29,,,,,,,,,,29,29,29,,hard,0,6.666666666666667,5.333333333333333,0.6297902731326644,0.5,6,False,False,,,OK,1,1,0,0,1,0,1,0,1,0,1,0,0,1,1,0,0,1,0,1,0,,0,250,115.0,135,ATP,NEUTRAL,FIELD,HIGH,146,27,3,148,2026-03-30,146,1,,1.0,2.05,29,3.5,0.58,-0.3907,9.215174223592493,1,0.07840000000000003,8.754415512412868,?,0.95,0.874,OVER,distance,distance,B,,3778,3.5,OVER,OVER,FORCED_OVER_ONLY_GOB_DEM,OVER,ml_prob_unified,1,
14086133,Liam Draxl,LIAM DRAXL,Total Games,24.5,2026-08-25T17:15:00.000-04:00,Tennis,ATP / HARD,Demon,22.5,,,14086133,218983,182229,Liam Draxl,24.5,Player,NICOLAS MEJIA,,,https://www.atptour.com/-/media/alias/player-headshot/D0DP,,2026-08-25T15:18:14.201-04:00,2026-08-25T16:30:42-04:00,match_total_games,0,,0,3778,ATP,sibling_or_pp,1,,N/A,,OK,,,0.5884769959419307,,,,,29,,,,,,,,,,29,29,29,,hard,0,6.666666666666667,5.333333333333333,0.6297902731326644,0.5,6,False,False,,,OK,1,1,0,0,1,0,1,0,1,0,1,0,0,1,1,0,0,1,0,1,0,,0,250,115.0,135,ATP,NEUTRAL,FIELD,HIGH,146,27,3,148,2026-03-30,146,1,,1.0,2.05,29,4.5,0.58,-0.409,9.215174223592493,1,0.07840000000000003,8.754415512412868,?,0.95,0.874,OVER,distance,distance,B,,3778,4.5,OVER,OVER,FORCED_OVER_ONLY_GOB_DEM,OVER,ml_prob_unified,1,
14080452,Liam Draxl,LIAM DRAXL,Total Games,22.5,2026-08-25T17:15:00.000-04:00,Tennis,ATP / HARD,Standard,22.5,,,14080452,218983,182229,Liam Draxl,22.5,Player,NICOLAS MEJIA,,,https://www.atptour.com/-/media/alias/player-headshot/D0DP,,2026-08-25T15:18:14.201-04:00,2026-08-25T16:30:42-04:00,match_total_games,0,,0,3778,ATP,pp_or_step1,0,,N/A,,OK,,,0.5884769959419307,,,,,29,,,,,,,,,,29,29,29,,hard,0,6.666666666666667,5.333333333333333,0.6297902731326644,0.5,6,False,False,,,OK,1,1,0,0,1,0,1,0,1,0,1,0,0,1,1,0,0,1,0,1,0,,0,250,115.0,135,ATP,NEUTRAL,FIELD,HIGH,146,27,3,148,2026-03-30,146,1,,1.0,2.05,29,6.5,0.58,-0.4185,9.215174223592493,1,0.07840000000000003,8.754415512412868,?,0.95,0.874,OVER,ml_prob,ml_prob,B,,3778,6.5,OVER,OVER,STANDARD_L5AVG_OVER,OVER,ml_prob_unified,1,
14081308,Liam Draxl,LIAM DRAXL,Total Games,21.5,2026-08-25T17:15:00.000-04:00,Tennis,ATP / HARD,Goblin,22.5,,,14081308,218983,182229,Liam Draxl,21.5,Player,NICOLAS MEJIA,,,https://www.atptour.com/-/media/alias/player-headshot/D0DP,,2026-08-25T15:18:14.201-04:00,2026-08-25T16:30:42-04:00,match_total_games,0,,0,3778,ATP,sibling_or_pp,1,,N/A,,OK,,,0.5884769959419307,,,,,29,,,,,,,,,,29,29,29,,hard,0,6.666666666666667,5.333333333333333,0.6297902731326644,0.5,6,False,False,,,OK,1,1,0,0,1,0,1,0,1,0,1,0,0,1,1,0,0,1,0,1,0,,0,250,115.0,135,ATP,NEUTRAL,FIELD,HIGH,146,27,3,148,2026-03-30,146,1,,1.0,2.05,29,7.5,0.596,-0.4034,9.215174223592493,1,0.07840000000000003,8.754415512412868,?,0.95,0.8788,OVER,distance,distance,C,,3778,7.5,OVER,OVER,FORCED_OVER_ONLY_GOB_DEM,OVER,ml_prob_unified,1,
14081307,Liam Draxl,LIAM DRAXL,Total Games,20.5,2026-08-25T17:15:00.000-04:00,Tennis,ATP / HARD,Goblin,22.5,,,14081307,218983,182229,Liam Draxl,20.5,Player,NICOLAS MEJIA,,,https://www.atptour.com/-/media/alias/player-headshot/D0DP,,2026-08-25T15:18:14.201-04:00,2026-08-25T16:30:42-04:00,match_total_games,0,,0,3778,ATP,sibling_or_pp,2,,N/A,,OK,,,0.5884769959419307,,,,,29,,,,,,,,,,29,29,29,,hard,0,6.666666666666667,5.333333333333333,0.6297902731326644,0.5,6,False,False,,,OK,1,1,0,0,1,0,1,0,1,0,1,0,0,1,1,0,0,1,0,1,0,,0,250,115.0,135,ATP,NEUTRAL,FIELD,HIGH,146,27,3,148,2026-03-30,146,1,,1.0,2.05,29,8.5,0.58,-0.4198,9.215174223592493,1,0.07840000000000003,8.754415512412868,?,0.95,0.874,OVER,distance,distance,B,,3778,8.5,OVER,OVER,FORCED_OVER_ONLY_GOB_DEM,OVER,ml_prob_unified,1,
14129013,Liam Draxl,LIAM DRAXL,Total Games,19.5,2026-08-25T17:15:00.000-04:00,Tennis,ATP / HARD,Goblin,22.5,,,14129013,218983,182229,Liam Draxl,19.5,Player,NICOLAS MEJIA,,,https://www.atptour.com/-/media/alias/player-headshot/D0DP,,2026-08-25T15:18:14.201-04:00,2026-08-25T16:30:42-04:00,match_total_games,0,,0,3778,ATP,sibling_or_pp,3,,N/A,,OK,,,0.5884769959419307,,,,,29,,,,,,,,,,29,29,29,,hard,0,6.666666666666667,5.333333333333333,0.6297902731326644,0.5,6,False,False,,,OK,1,1,0,0,1,0,1,0,1,0,1,0,0,1,1,0,0,1,0,1,0,,0,250,115.0,135,ATP,NEUTRAL,FIELD,HIGH,146,27,3,148,2026-03-30,146,1,,1.0,2.05,29,9.5,0.58,-0.4199,9.215174223592493,1,0.07840000000000003,8.754415512412868,?,0.95,0.874,OVER,distance,distance,B,,3778,9.5,OVER,OVER,FORCED_OVER_ONLY_GOB_DEM,OVER,ml_prob_unified,1,
14081309,Liam Draxl,LIAM DRAXL,Total Games Won,12.5,2026-08-25T17:15:00.000-04:00,Tennis,ATP / HARD,Standard,12.5,,,14081309,218983,182229,Liam Draxl,12.5,Player,NICOLAS MEJIA,,,https://www.atptour.com/-/media/alias/player-headshot/D0DP,,2026-08-25T15:18:14.201-04:00,2026-08-25T16:30:42-04:00,games_won,0,,0,3778,ATP,pp_or_step1,0,,N/A,,OK,,,0.5884769959419307,,,,,14,,,,,,,,,,14,14,14,,hard,0,6.666666666666667,5.333333333333333,0.6297902731326644,0.5,6,False,False,,,OK,1,1,0,0,1,0,1,0,1,0,1,0,0,1,1,0,0,1,0,1,0,,0,250,115.0,135,ATP,NEUTRAL,FIELD,HIGH,146,27,3,148,2026-03-30,146,1,,1.0,2.05,14,1.5,0.58,-0.2376,9.215174223592493,1,0.07840000000000003,8.754415512412868,?,0.95,0.874,OVER,ml_prob,ml_prob,B,,3778,1.5,OVER,OVER,STANDARD_L5AVG_OVER,OVER,ml_prob_unified,1,
14081310,Nicolas Mejia,NICOLAS MEJIA,Total Games Won,12.5,2026-08-25T17:15:00.000-04:00,Tennis,ATP / HARD,Standard,12.5,,,14081310,207070,182229,Nicolas Mejia,12.5,Player,LIAM DRAXL,,,https://www.flashscore.com/res/image/data/tUFCndEG-4j1VJFy9.png,,2026-08-25T15:18:14.201-04:00,2026-08-25T16:30:42-04:00,games_won,0,,0,3371,ATP,pp_or_step1,0,,N/A,,OK,,,0.5740740740740741,,,,,6,8,16,,,,,,,,10,10,10,,hard,0,3,1,0.5806451612903226,0,5,False,False,,,OK,3,1,2,0,0.3333333333333333,0.6666666666666666,0.3333333333333333,0.6666666666666666,1,2,1,2,0,3,1,2,0,0.3333333333333333,0.6666666666666666,0.3333333333333333,0.6666666666666666,,0,115,250.0,-135,ATP,NEUTRAL,FIELD,HIGH,,25,3,199,2026-02-07,,1,,0.3333333333333333,0.6166666666666666,10,-2.5,0.702,-0.2221,2.37651572858445,0.3333333333333333,-0.003000000000000003,2.257689942155228,?,0.95,0.4439,UNDER,ml_prob,ml_prob,C,,3371,2.5,UNDER,UNDER,STANDARD_L5AVG_UNDER,UNDER,ml_prob_unified,3,5.2915
14072479,Liam Draxl,LIAM DRAXL,Total Sets,2.5,2026-08-25T17:15:00.000-04:00,Tennis,ATP / HARD,Demon,,,,14072479,218983,182229,Liam Draxl,2.5,Player,NICOLAS MEJIA,,,https://www.atptour.com/-/media/alias/player-headshot/D0DP,,2026-08-25T15:18:14.201-04:00,2026-08-25T16:30:42-04:00,total_sets,0,,0,3778,ATP,,1,,N/A,,OK,,,0.5884769959419307,,,,,3,,,,,,,,,,3,3,3,,hard,0,6.666666666666667,5.333333333333333,0.6297902731326644,0.5,6,False,False,,,OK,1,1,0,0,1,0,1,0,1,0,1,0,0,1,1,0,0,1,0,1,0,,0,250,115.0,135,ATP,NEUTRAL,FIELD,HIGH,146,27,3,148,2026-03-30,146,1,,1.0,2.05,3,0.5,0.3659,-0.2566,9.215174223592493,1,0.07840000000000003,8.754415512412868,?,0.95,0.8098,OVER,ml_prob_fallback,ml_prob_fallback,B,,3778,0.5,OVER,OVER,FORCED_OVER_ONLY_GOB_DEM,OVER,ml_prob_unified,1,
14124573,Liam Draxl,LIAM DRAXL,Double Faults,2.5,2026-08-25T17:15:00.000-04:00,Tennis,ATP / HARD,Goblin,4,,,14124573,218983,182229,Liam Draxl,2.5,Player,NICOLAS MEJIA,,,https://www.atptour.com/-/media/alias/player-headshot/D0DP,,2026-08-25T15:18:14.201-04:00,2026-08-25T16:30:42-04:00,double_faults,0,,0,3778,ATP,offset_estimate,1,,N/A,,OK,,,0.5884769959419307,,,,,2,1,5,8,1,5,1,4,2,3,3.4,3.2,3.2,,hard,0,6.666666666666667,5.333333333333333,0.6297902731326644,0.5,6,False,False,,,OK,5,2,3,0,0.4,0.6,0.4,0.6,2,3,2,3,0,10,5,5,0,0.5,0.5,0.5,0.5,,0,250,115.0,135,ATP,NEUTRAL,FIELD,HIGH,146,27,3,148,2026-03-30,146,1,,0.45,0.9500000000000001,3.4,0.8999999999999999,0.08,-0.6309,3.774676412868633,0.45,0.008000000000000007,3.585942592225201,?,0.95,0.339,OVER,distance,distance,C,,3778,0.8999999999999999,OVER,OVER,FORCED_OVER_ONLY_GOB_DEM,OVER,ml_prob_unified,10,2.2998
14083802,Liam Draxl,LIAM DRAXL,Total Tie Breaks,1.5,2026-08-25T17:15:00.000-04:00,Tennis,ATP / HARD,Demon,,,,14083802,218983,182229,Liam Draxl,1.5,Player,NICOLAS MEJIA,,,https://www.atptour.com/-/media/alias/player-headshot/D0DP,,2026-08-25T15:18:14.201-04:00,2026-08-25T16:30:42-04:00,total_tie_breaks,0,,0,3778,ATP,,2,,N/A,,OK,,,0.5884769959419307,,,,,0,,,,,,,,,,0,0,0,,hard,0,6.666666666666667,5.333333333333333,0.6297902731326644,0.5,6,False,False,,,OK,1,0,1,0,0,1,0,1,0,1,0,1,0,1,0,1,0,0,1,0,1,,0,250,115.0,135,ATP,NEUTRAL,FIELD,HIGH,146,27,3,148,2026-03-30,146,1,,0.0,0.05,0,-1.5,0.18,-0.0024,0.1777932466487936,0,-0.003000000000000003,0.1689035843163539,?,0.95,0.054,OVER,ml_prob_fallback,ml_prob_fallback,C,,3778,1.5,UNDER,OVER,FORCED_OVER_ONLY_GOB_DEM,OVER,ml_prob_unified,1,
14083801,Liam Draxl,LIAM DRAXL,Total Tie Breaks,0.5,2026-08-25T17:15:00.000-04:00,Tennis,ATP / HARD,Demon,,,,14083801,218983,182229,Liam Draxl,0.5,Player,NICOLAS MEJIA,,,https://www.atptour.com/-/media/alias/player-headshot/D0DP,,2026-08-25T15:18:14.201-04:00,2026-08-25T16:30:42-04:00,total_tie_breaks,0,,0,3778,ATP,,1,,N/A,,OK,,,0.5884769959419307,,,,,0,,,,,,,,,,0,0,0,,hard,0,6.666666666666667,5.333333333333333,0.6297902731326644,0.5,6,False,False,,,OK,1,0,1,0,0,1,0,1,0,1,0,1,0,1,0,1,0,0,1,0,1,,0,250,115.0,135,ATP,NEUTRAL,FIELD,HIGH,146,27,3,148,2026-03-30,146,1,,0.0,0.05,0,-0.5,0.3659,-0.0117,0.1777932466487936,0,-0.003000000000000003,0.1689035843163539,?,0.95,0.1098,OVER,ml_prob_fallback,ml_prob_fallback,C,,3778,0.5,UNDER,OVER,FORCED_OVER_ONLY_GOB_DEM,OVER,ml_prob_unified,1,
14076966,Elvina Kalieva,ELVINA KALIEVA,Total Games,21.5,2026-08-25T17:20:00.000-04:00,Tennis,WTA / HARD,Demon,18,,,14076966,245474,182175,Elvina Kalieva,21.5,Player,KRISTINA MLADENOVIC,,,https://static.prizepicks.com/images/manual/Elvina Kalieva.png,,2026-08-25T15:19:17.520-04:00,2026-08-25T16:30:42-04:00,match_total_games,0,,0,5937,WTA,sibling_or_pp,2,,N/A,,OK,,,,,,,,17,19,24,33,20,16,31,30,,,22.6,23.75,23.75,,hard,0,,,,,,,,,,OK,5,2,3,0,0.4,0.6,0.4,0.6,2,3,2,3,0,8,4,4,0,0.5,0.5,0.5,0.5,,0,115,250.0,-135,WTA,NEUTRAL,FIELD,HIGH,84,19,2,126,2026-04-21,84,1,,0.45,0.85,22.6,1.1000000000000014,0.58,-0.1703,3.367771008042895,0.45,0.008000000000000007,3.19938245764075,?,0.95,0.489,OVER,distance,distance,C,,5937,1.1000000000000014,OVER,OVER,FORCED_OVER_ONLY_GOB_DEM,OVER,ml_prob_unified,8,6.7559
14076967,Elvina Kalieva,ELVINA KALIEVA,Total Games,20.5,2026-08-25T17:20:00.000-04:00,Tennis,WTA / HARD,Demon,18,,,14076967,245474,182175,Elvina Kalieva,20.5,Player,KRISTINA MLADENOVIC,,,https://static.prizepicks.com/images/manual/Elvina Kalieva.png,,2026-08-25T15:19:17.520-04:00,2026-08-25T16:30:42-04:00,match_total_games,0,,0,5937,WTA,sibling_or_pp,1,,N/A,,OK,,,,,,,,17,19,24,33,20,16,31,30,,,22.6,23.75,23.75,,hard,0,,,,,,,,,,OK,5,2,3,0,0.4,0.6,0.4,0.6,2,3,2,3,0,8,4,4,0,0.5,0.5,0.5,0.5,,0,115,250.0,-135,WTA,NEUTRAL,FIELD,HIGH,84,19,2,126,2026-04-21,84,1,,0.45,0.85,22.6,2.1000000000000014,0.58,-0.3109,3.367771008042895,0.45,0.008000000000000007,3.19938245764075,?,0.95,0.489,OVER,distance,distance,B,,5937,2.1000000000000014,OVER,OVER,FORCED_OVER_ONLY_GOB_DEM,OVER,ml_prob_unified,8,6.7559
14076965,Elvina Kalieva,ELVINA KALIEVA,Total Games,18,2026-08-25T17:20:00.000-04:00,Tennis,WTA / HARD,Standard,18,,,14076965,245474,182175,Elvina Kalieva,18,Player,KRISTINA MLADENOVIC,,,https://static.prizepicks.com/images/manual/Elvina Kalieva.png,,2026-08-25T15:19:17.520-04:00,2026-08-25T16:30:42-04:00,match_total_games,0,,0,5937,WTA,pp_or_step1,0,,N/A,,OK,,,,,,,,17,19,24,33,20,16,31,30,,,22.6,23.75,23.75,,hard,0,,,,,,,,,,OK,5,4,1,0,0.8,0.2,0.8,0.2,4,1,4,1,0,8,6,2,0,0.75,0.25,0.75,0.25,,0,115,250.0,-135,WTA,NEUTRAL,FIELD,HIGH,84,19,2,126,2026-04-21,84,1,,0.775,1.5,22.6,4.600000000000001,0.58,-0.41,6.460527619302949,0.775,0.07840000000000003,6.137501238337801,?,0.95,0.7165,OVER,ml_prob,ml_prob,B,,5937,4.600000000000001,OVER,OVER,STANDARD_L5AVG_OVER,OVER,ml_prob_unified,8,6.7559
14076964,Elvina Kalieva,ELVINA KALIEVA,Total Games,17.5,2026-08-25T17:20:00.000-04:00,Tennis,WTA / HARD,Goblin,18,,,14076964,245474,182175,Elvina Kalieva,17.5,Player,KRISTINA MLADENOVIC,,,https://static.prizepicks.com/images/manual/Elvina Kalieva.png,,2026-08-25T15:19:17.520-04:00,2026-08-25T16:30:42-04:00,match_total_games,0,,0,5937,WTA,sibling_or_pp,1,,N/A,,OK,,,,,,,,17,19,24,33,20,16,31,30,,,22.6,23.75,23.75,,hard,0,,,,,,,,,,OK,5,4,1,0,0.8,0.2,0.8,0.2,4,1,4,1,0,8,6,2,0,0.75,0.25,0.75,0.25,,0,115,250.0,-135,WTA,NEUTRAL,FIELD,HIGH,84,19,2,126,2026-04-21,84,1,,0.775,1.5,22.6,5.100000000000001,0.58,-0.4139,6.460527619302949,0.775,0.07840000000000003,6.137501238337801,?,0.95,0.7165,OVER,distance,distance,D,,5937,5.100000000000001,OVER,OVER,FORCED_OVER_ONLY_GOB_DEM,OVER,ml_prob_unified,8,6.7559
14080364,Elvina Kalieva,ELVINA KALIEVA,Total Games,16.5,2026-08-25T17:20:00.000-04:00,Tennis,WTA / HARD,Goblin,18,,,14080364,245474,182175,Elvina Kalieva,16.5,Player,KRISTINA MLADENOVIC,,,https://static.prizepicks.com/images/manual/Elvina Kalieva.png,,2026-08-25T15:19:17.520-04:00,2026-08-25T16:30:42-04:00,match_total_games,0,,0,5937,WTA,sibling_or_pp,2,,N/A,,OK,,,,,,,,17,19,24,33,20,16,31,30,,,22.6,23.75,23.75,,hard,0,,,,,,,,,,OK,5,5,0,0,1,0,1,0,5,0,5,0,0,8,7,1,0,0.875,0.125,0.875,0.125,,0,115,250.0,-135,WTA,NEUTRAL,FIELD,HIGH,84,19,2,126,2026-04-21,84,1,,0.9375,1.825,22.6,6.100000000000001,0.58,-0.4178,8.086374974128686,0.9375,0.07840000000000003,7.682056225422252,?,0.95,0.8302,OVER,distance,distance,C,,5937,6.100000000000001,OVER,OVER,FORCED_OVER_ONLY_GOB_DEM,OVER,ml_prob_unified,8,6.7559
14130651,Elvina Kalieva,ELVINA KALIEVA,Total Games,15.5,2026-08-25T17:20:00.000-04:00,Tennis,WTA / HARD,Goblin,18,,,14130651,245474,182175,Elvina Kalieva,15.5,Player,KRISTINA MLADENOVIC,,,https://static.prizepicks.com/images/manual/Elvina Kalieva.png,,2026-08-25T15:19:17.520-04:00,2026-08-25T16:30:42-04:00,match_total_games,0,,0,5937,WTA,sibling_or_pp,3,,N/A,,OK,,,,,,,,17,19,24,33,20,16,31,30,,,22.6,23.75,23.75,,hard,0,,,,,,,,,,OK,5,5,0,0,1,0,1,0,5,0,5,0,0,8,8,0,0,1,0,1,0,,0,115,250.0,-135,WTA,NEUTRAL,FIELD,HIGH,84,19,2,126,2026-04-21,84,1,,1.0,1.95,22.6,7.100000000000001,0.58,-0.4192,8.732717872922253,1,0.07840000000000003,8.29608197927614,?,0.95,0.874,OVER,distance,distance,B,,5937,7.100000000000001,OVER,OVER,FORCED_OVER_ONLY_GOB_DEM,OVER,ml_prob_unified,8,6.7559
14076969,Elvina Kalieva,ELVINA KALIEVA,Total Games Won,12.5,2026-08-25T17:20:00.000-04:00,Tennis,WTA / HARD,Demon,,,,14076969,245474,182175,Elvina Kalieva,12.5,Player,KRISTINA MLADENOVIC,,,https://static.prizepicks.com/images/manual/Elvina Kalieva.png,,2026-08-25T15:19:17.520-04:00,2026-08-25T16:30:42-04:00,games_won,0,,0,5937,WTA,,1,,N/A,,OK,,,,,,,,5,6,14,17,13,4,13,15,,,11,10.875,10.875,,hard,0,,,,,,,,,,OK,5,3,2,0,0.6,0.4,0.6,0.4,3,2,3,2,0,8,5,3,0,0.625,0.375,0.625,0.375,,0,115,250.0,-135,WTA,NEUTRAL,FIELD,HIGH,84,19,2,126,2026-04-21,84,1,,0.6125,1.175,11,-1.5,0.58,0.3976,4.878928527479893,0.6125,0.05200000000000005,4.634982101105898,?,0.95,0.6028,OVER,ml_prob_fallback,ml_prob_fallback,B,,5937,1.5,UNDER,OVER,FORCED_OVER_ONLY_GOB_DEM,OVER,ml_prob_unified,8,5.0551
14088858,Kristina Mladenovic,KRISTINA MLADENOVIC,Total Games Won,7.5,2026-08-25T17:20:00.000-04:00,Tennis,WTA / HARD,Demon,5.5,,,14088858,219537,182175,Kristina Mladenovic,7.5,Player,ELVINA KALIEVA,,,https://static.flashscore.com/res/image/data/MmFGhLCa-jX0SdYnI.png,,2026-08-25T15:19:17.520-04:00,2026-08-25T16:30:42-04:00,games_won,0,,0,1273,WTA,sibling_or_pp,1,,N/A,,OK,,,,,,,,4,,,,,,,,,,4,4,4,,hard,0,,,,,,,,,,OK,1,0,1,0,0,1,0,1,0,1,0,1,0,1,0,1,0,0,1,0,1,,0,250,115.0,135,WTA,NEUTRAL,FIELD,HIGH,69,16,2,638,2024-11-25,69,1,,0.0,0.05,4,-3.5,0.58,0.5507,0.1777932466487936,0,-0.003000000000000003,0.1689035843163539,?,0.95,0.174,OVER,distance,distance,B,,1273,3.5,UNDER,OVER,FORCED_OVER_ONLY_GOB_DEM,OVER,ml_prob_unified,1,
14076971,Kristina Mladenovic,KRISTINA MLADENOVIC,Total Games Won,5.5,2026-08-25T17:20:00.000-04:00,Tennis,WTA / HARD,Standard,5.5,,,14076971,219537,182175,Kristina Mladenovic,5.5,Player,ELVINA KALIEVA,,,https://static.flashscore.com/res/image/data/MmFGhLCa-jX0SdYnI.png,,2026-08-25T15:41:37.458-04:00,2026-08-25T16:30:42-04:00,games_won,0,,0,1273,WTA,pp_or_step1,0,,N/A,,OK,,,,,,,,4,,,,,,,,,,4,4,4,,hard,0,,,,,,,,,,OK,1,0,1,0,0,1,0,1,0,1,0,1,0,1,0,1,0,0,1,0,1,,0,250,115.0,135,WTA,NEUTRAL,FIELD,HIGH,69,16,2,638,2024-11-25,69,1,,0.0,0.05,4,-1.5,0.6397,-0.1778,0.1777932466487936,0,-0.003000000000000003,0.1689035843163539,?,0.95,0.1919,UNDER,ml_prob,ml_prob,C,,1273,1.5,UNDER,UNDER,STANDARD_L5AVG_UNDER,UNDER,ml_prob_unified,1,
14075843,Elvina Kalieva,ELVINA KALIEVA,Total Sets,2.5,2026-08-25T17:20:00.000-04:00,Tennis,WTA / HARD,Demon,,,,14075843,245474,182175,Elvina Kalieva,2.5,Player,KRISTINA MLADENOVIC,,,https://static.prizepicks.com/images/manual/Elvina Kalieva.png,,2026-08-25T15:19:17.520-04:00,2026-08-25T16:30:42-04:00,total_sets,0,,0,5937,WTA,,1,,N/A,,OK,,,,,,,,2,2,3,3,2,2,3,3,,,2.4,2.5,2.5,,hard,0,,,,,,,,,,OK,5,2,3,0,0.4,0.6,0.4,0.6,2,3,2,3,0,8,4,4,0,0.5,0.5,0.5,0.5,,0,115,250.0,-135,WTA,NEUTRAL,FIELD,HIGH,84,19,2,126,2026-04-21,84,1,,0.45,0.85,2.4,-0.10000000000000009,0.1857,-0.2893,3.367771008042895,0.45,0.008000000000000007,3.19938245764075,?,0.95,0.3707,OVER,ml_prob_fallback,ml_prob_fallback,C,,5937,0.10000000000000009,UNDER,OVER,FORCED_OVER_ONLY_GOB_DEM,OVER,ml_prob_unified,8,0.5345
14076970,Elvina Kalieva,ELVINA KALIEVA,Total Tie Breaks,0.5,2026-08-25T17:20:00.000-04:00,Tennis,WTA / HARD,Demon,,,,14076970,245474,182175,Elvina Kalieva,0.5,Player,KRISTINA MLADENOVIC,,,https://static.prizepicks.com/images/manual/Elvina Kalieva.png,,2026-08-25T15:19:17.520-04:00,2026-08-25T16:30:42-04:00,total_tie_breaks,0,,0,5937,WTA,,1,,N/A,,OK,,,,,,,,0,0,0,0,1,0,1,0,,,0.2,0.25,0.25,,hard,0,,,,,,,,,,OK,5,1,4,0,0.2,0.8,0.2,0.8,1,4,1,4,0,8,2,6,0,0.25,0.75,0.25,0.75,,0,115,250.0,-135,WTA,NEUTRAL,FIELD,HIGH,84,19,2,126,2026-04-21,84,1,,0.225,0.4,0.2,-0.3,0.3659,-0.0597,1.49853291152815,0.225,-0.003000000000000003,1.423606265951743,?,0.95,0.2673,OVER,ml_prob_fallback,ml_prob_fallback,C,,5937,0.3,UNDER,OVER,FORCED_OVER_ONLY_GOB_DEM,OVER,ml_prob_unified,8,0.4629
14115100,Janice Tjen,JANICE TJEN,Total Games,24.5,2026-08-25T18:10:00.000-04:00,Tennis,WTA / HARD,Demon,21.5,,,14115100,254331,182478,Janice Tjen,24.5,Player,UNKNOWN_OPP,,,https://static.flashscore.com/res/image/data/IXqmtWg5-KrylHcC5.png,,2026-08-25T01:35:16.221-04:00,2026-08-25T16:30:42-04:00,match_total_games,0,,0,6368,WTA,sibling_or_pp,3,,N/A,,OK,,,0.5869241643879483,,,,,30,20,37,25,29,18,30,20,34,17,28.2,26,26,,hard,0,3.851851851851852,3.925925925925926,0.6863242206757619,0.5555555555555556,27,False,False,,,OK,5,4,1,0,0.8,0.2,0.8,0.2,4,1,4,1,0,10,6,4,0,0.6,0.4,0.6,0.4,,0,35,,,WTA,NEUTRAL,FIELD,HIGH,103,19,2,92,2026-05-25,103,1,,0.7,1.4,28.2,3.6999999999999993,0.58,-0.3959,5.948515054155497,0.7,0.07840000000000003,5.651089301447722,?,0.95,0.664,OVER,distance,distance,B,,6368,3.6999999999999993,OVER,OVER,FORCED_OVER_ONLY_GOB_DEM,OVER,ml_prob_unified,10,7.0238
14115101,Janice Tjen,JANICE TJEN,Total Games,23.5,2026-08-25T18:10:00.000-04:00,Tennis,WTA / HARD,Demon,21.5,,,14115101,254331,182478,Janice Tjen,23.5,Player,UNKNOWN_OPP,,,https://static.flashscore.com/res/image/data/IXqmtWg5-KrylHcC5.png,,2026-08-25T01:35:16.221-04:00,2026-08-25T16:30:42-04:00,match_total_games,0,,0,6368,WTA,sibling_or_pp,2,,N/A,,OK,,,0.5869241643879483,,,,,30,20,37,25,29,18,30,20,34,17,28.2,26,26,,hard,0,3.851851851851852,3.925925925925926,0.6863242206757619,0.5555555555555556,27,False,False,,,OK,5,4,1,0,0.8,0.2,0.8,0.2,4,1,4,1,0,10,6,4,0,0.6,0.4,0.6,0.4,,0,35,,,WTA,NEUTRAL,FIELD,HIGH,103,19,2,92,2026-05-25,103,1,,0.7,1.4,28.2,4.699999999999999,0.58,-0.411,5.948515054155497,0.7,0.07840000000000003,5.651089301447722,?,0.95,0.664,OVER,distance,distance,B,,6368,4.699999999999999,OVER,OVER,FORCED_OVER_ONLY_GOB_DEM,OVER,ml_prob_unified,10,7.0238
14115102,Janice Tjen,JANICE TJEN,Total Games,22.5,2026-08-25T18:10:00.000-04:00,Tennis,WTA / HARD,Demon,21.5,,,14115102,254331,182478,Janice Tjen,22.5,Player,UNKNOWN_OPP,,,https://static.flashscore.com/res/image/data/IXqmtWg5-KrylHcC5.png,,2026-08-25T01:35:16.221-04:00,2026-08-25T16:30:42-04:00,match_total_games,0,,0,6368,WTA,sibling_or_pp,1,,N/A,,OK,,,0.5869241643879483,,,,,30,20,37,25,29,18,30,20,34,17,28.2,26,26,,hard,0,3.851851851851852,3.925925925925926,0.6863242206757619,0.5555555555555556,27,False,False,,,OK,5,4,1,0,0.8,0.2,0.8,0.2,4,1,4,1,0,10,6,4,0,0.6,0.4,0.6,0.4,,0,35,,,WTA,NEUTRAL,FIELD,HIGH,103,19,2,92,2026-05-25,103,1,,0.7,1.4,28.2,5.699999999999999,0.58,-0.4167,5.948515054155497,0.7,0.07840000000000003,5.651089301447722,?,0.95,0.664,OVER,distance,distance,A,,6368,5.699999999999999,OVER,OVER,FORCED_OVER_ONLY_GOB_DEM,OVER,ml_prob_unified,10,7.0238
14114162,Janice Tjen,JANICE TJEN,Total Games,21.5,2026-08-25T18:10:00.000-04:00,Tennis,WTA / HARD,Standard,21.5,,,14114162,254331,182478,Janice Tjen,21.5,Player,UNKNOWN_OPP,,,https://static.flashscore.com/res/image/data/IXqmtWg5-KrylHcC5.png,,2026-08-25T04:11:48.600-04:00,2026-08-25T16:30:42-04:00,match_total_games,0,,0,6368,WTA,pp_or_step1,0,,N/A,,OK,,,0.5869241643879483,,,,,30,20,37,25,29,18,30,20,34,17,28.2,26,26,,hard,0,3.851851851851852,3.925925925925926,0.6863242206757619,0.5555555555555556,27,False,False,,,OK,5,4,1,0,0.8,0.2,0.8,0.2,4,1,4,1,0,10,6,4,0,0.6,0.4,0.6,0.4,,0,35,,,WTA,NEUTRAL,FIELD,HIGH,103,19,2,92,2026-05-25,103,1,,0.7,1.4,28.2,6.699999999999999,0.58,-0.4188,5.948515054155497,0.7,0.07840000000000003,5.651089301447722,?,0.95,0.664,OVER,ml_prob,ml_prob,B,,6368,6.699999999999999,OVER,OVER,STANDARD_L5AVG_OVER,OVER,ml_prob_unified,10,7.0238
14115099,Janice Tjen,JANICE TJEN,Total Games,18.5,2026-08-25T18:10:00.000-04:00,Tennis,WTA / HARD,Goblin,21.5,,,14115099,254331,182478,Janice Tjen,18.5,Player,UNKNOWN_OPP,,,https://static.flashscore.com/res/image/data/IXqmtWg5-KrylHcC5.png,,2026-08-25T01:35:16.221-04:00,2026-08-25T16:30:42-04:00,match_total_games,0,,0,6368,WTA,sibling_or_pp,1,,N/A,,OK,,,0.5869241643879483,,,,,30,20,37,25,29,18,30,20,34,17,28.2,26,26,,hard,0,3.851851851851852,3.925925925925926,0.6863242206757619,0.5555555555555556,27,False,False,,,OK,5,5,0,0,1,0,1,0,5,0,5,0,0,10,8,2,0,0.8,0.2,0.8,0.2,,0,35,,,WTA,NEUTRAL,FIELD,HIGH,103,19,2,92,2026-05-25,103,1,,0.9,1.8,28.2,9.7,0.58,-0.4199,7.930087566756033,0.9,0.07840000000000003,7.53358318841823,?,0.95,0.804,OVER,distance,distance,B,,6368,9.7,OVER,OVER,FORCED_OVER_ONLY_GOB_DEM,OVER,ml_prob_unified,10,7.0238
14115103,Janice Tjen,JANICE TJEN,Total Games Won,12.5,2026-08-25T18:10:00.000-04:00,Tennis,WTA / HARD,Demon,,,,14115103,254331,182478,Janice Tjen,12.5,Player,UNKNOWN_OPP,,,https://static.flashscore.com/res/image/data/IXqmtWg5-KrylHcC5.png,,2026-08-25T01:35:16.221-04:00,2026-08-25T16:30:42-04:00,games_won,0,,0,6368,WTA,,1,,N/A,,OK,,,0.5869241643879483,,,,,15,7,19,11,15,12,12,13,15,5,13.4,12.4,12.4,,hard,0,3.851851851851852,3.925925925925926,0.6863242206757619,0.5555555555555556,27,False,False,,,OK,5,3,2,0,0.6,0.4,0.6,0.4,3,2,3,2,0,10,5,5,0,0.5,0.5,0.5,0.5,,0,35,,,WTA,NEUTRAL,FIELD,HIGH,103,19,2,92,2026-05-25,103,1,,0.55,1.1,13.4,0.9000000000000004,0.58,-0.1309,4.514759903485255,0.55,0.05200000000000005,4.289021908310993,?,0.95,0.559,OVER,ml_prob_fallback,ml_prob_fallback,B,,6368,0.9000000000000004,OVER,OVER,FORCED_OVER_ONLY_GOB_DEM,OVER,ml_prob_unified,10,4.0879
14120475,Janice Tjen,JANICE TJEN,Aces,7.5,2026-08-25T18:10:00.000-04:00,Tennis,WTA / HARD,Demon,,,,14120475,254331,182478,Janice Tjen,7.5,Player,UNKNOWN_OPP,,,https://static.flashscore.com/res/image/data/IXqmtWg5-KrylHcC5.png,,2026-08-25T03:39:30.750-04:00,2026-08-25T16:30:42-04:00,aces,0,,0,6368,WTA,,2,,N/A,,OK,,,0.5869241643879483,,,,,12,2,4,1,12,4,2,6,3,0,6.2,4.6,4.6,,hard,0,3.851851851851852,3.925925925925926,0.6863242206757619,0.5555555555555556,27,False,False,,,OK,5,2,3,0,0.4,0.6,0.4,0.6,2,3,2,3,0,10,2,8,0,0.2,0.8,0.2,0.8,,0,35,,,WTA,SERVE_HEAVY,FIELD,HIGH,103,19,2,92,2026-05-25,103,1,,0.30000000000000004,0.6000000000000001,6.2,-1.2999999999999998,0.0483,-0.1659,2.297179882037534,0.3,0.008000000000000007,2.182320887935657,?,0.95,0.2245,OVER,ml_prob_fallback,ml_prob_fallback,C,,6368,1.2999999999999998,UNDER,OVER,FORCED_OVER_ONLY_GOB_DEM,OVER,ml_prob_unified,10,4.2479
14120480,Janice Tjen,JANICE TJEN,Double Faults,7.5,2026-08-25T18:10:00.000-04:00,Tennis,WTA / HARD,Demon,,,,14120480,254331,182478,Janice Tjen,7.5,Player,UNKNOWN_OPP,,,https://static.flashscore.com/res/image/data/IXqmtWg5-KrylHcC5.png,,2026-08-25T03:39:31.047-04:00,2026-08-25T16:30:42-04:00,double_faults,0,,0,6368,WTA,,3,,N/A,,OK,,,0.5869241643879483,,,,,5,1,6,11,3,3,4,0,7,1,5.2,4.1,4.1,,hard,0,3.851851851851852,3.925925925925926,0.6863242206757619,0.5555555555555556,27,False,False,,,OK,5,1,4,0,0.2,0.8,0.2,0.8,1,4,1,4,0,10,1,9,0,0.1,0.9,0.1,0.9,,0,35,,,WTA,NEUTRAL,FIELD,HIGH,103,19,2,92,2026-05-25,103,1,,0.15000000000000002,0.3,5.2,-2.3,0.039,-0.0521,1.104585876675603,0.15,-0.003000000000000003,1.049356582841823,?,0.95,0.1167,OVER,ml_prob_fallback,ml_prob_fallback,C,,6368,2.3,UNDER,OVER,FORCED_OVER_ONLY_GOB_DEM,OVER,ml_prob_unified,10,3.3149
14120476,Janice Tjen,JANICE TJEN,Aces,6.5,2026-08-25T18:10:00.000-04:00,Tennis,WTA / HARD,Demon,,,,14120476,254331,182478,Janice Tjen,6.5,Player,UNKNOWN_OPP,,,https://static.flashscore.com/res/image/data/IXqmtWg5-KrylHcC5.png,,2026-08-25T03:39:30.815-04:00,2026-08-25T16:30:42-04:00,aces,0,,0,6368,WTA,,1,,N/A,,OK,,,0.5869241643879483,,,,,12,2,4,1,12,4,2,6,3,0,6.2,4.6,4.6,,hard,0,3.851851851851852,3.925925925925926,0.6863242206757619,0.5555555555555556,27,False,False,,,OK,5,2,3,0,0.4,0.6,0.4,0.6,2,3,2,3,0,10,2,8,0,0.2,0.8,0.2,0.8,,0,35,,,WTA,SERVE_HEAVY,FIELD,HIGH,103,19,2,92,2026-05-25,103,1,,0.30000000000000004,0.6000000000000001,6.2,-0.2999999999999998,0.0656,-0.3599,2.297179882037534,0.3,0.008000000000000007,2.182320887935657,?,0.95,0.2297,OVER,ml_prob_fallback,ml_prob_fallback,C,,6368,0.2999999999999998,UNDER,OVER,FORCED_OVER_ONLY_GOB_DEM,OVER,ml_prob_unified,10,4.2479
14120478,Janice Tjen,JANICE TJEN,Double Faults,6.5,2026-08-25T18:10:00.000-04:00,Tennis,WTA / HARD,Demon,,,,14120478,254331,182478,Janice Tjen,6.5,Player,UNKNOWN_OPP,,,https://static.flashscore.com/res/image/data/IXqmtWg5-KrylHcC5.png,,2026-08-25T03:39:30.975-04:00,2026-08-25T16:30:42-04:00,double_faults,0,,0,6368,WTA,,2,,N/A,,OK,,,0.5869241643879483,,,,,5,1,6,11,3,3,4,0,7,1,5.2,4.1,4.1,,hard,0,3.851851851851852,3.925925925925926,0.6863242206757619,0.5555555555555556,27,False,False,,,OK,5,1,4,0,0.2,0.8,0.2,0.8,1,4,1,4,0,10,2,8,0,0.2,0.8,0.2,0.8,,0,35,,,WTA,NEUTRAL,FIELD,HIGH,103,19,2,92,2026-05-25,103,1,,0.2,0.4,5.2,-1.2999999999999998,0.08,-0.1342,1.49193291152815,0.2,-0.003000000000000003,1.417336265951743,?,0.95,0.164,OVER,ml_prob_fallback,ml_prob_fallback,C,,6368,1.2999999999999998,UNDER,OVER,FORCED_OVER_ONLY_GOB_DEM,OVER,ml_prob_unified,10,3.3149
14120479,Janice Tjen,JANICE TJEN,Double Faults,5.5,2026-08-25T18:10:00.000-04:00,Tennis,WTA / HARD,Demon,,,,14120479,254331,182478,Janice Tjen,5.5,Player,UNKNOWN_OPP,,,https://static.flashscore.com/res/image/data/IXqmtWg5-KrylHcC5.png,,2026-08-25T03:39:31.010-04:00,2026-08-25T16:30:42-04:00,double_faults,0,,0,6368,WTA,,1,,N/A,,OK,,,0.5869241643879483,,,,,5,1,6,11,3,3,4,0,7,1,5.2,4.1,4.1,,hard,0,3.851851851851852,3.925925925925926,0.6863242206757619,0.5555555555555556,27,False,False,,,OK,5,2,3,0,0.4,0.6,0.4,0.6,2,3,2,3,0,10,3,7,0,0.3,0.7,0.3,0.7,,0,35,,,WTA,NEUTRAL,FIELD,HIGH,103,19,2,92,2026-05-25,103,1,,0.35,0.7,5.2,-0.2999999999999998,0.08,-0.3456,2.713746412868633,0.35,0.008000000000000007,2.578059092225201,?,0.95,0.269,OVER,ml_prob_fallback,ml_prob_fallback,C,,6368,0.2999999999999998,UNDER,OVER,FORCED_OVER_ONLY_GOB_DEM,OVER,ml_prob_unified,10,3.3149
14120477,Janice Tjen,JANICE TJEN,Aces,4.5,2026-08-25T18:10:00.000-04:00,Tennis,WTA / HARD,Goblin,6,,,14120477,254331,182478,Janice Tjen,4.5,Player,UNKNOWN_OPP,,,https://static.flashscore.com/res/image/data/IXqmtWg5-KrylHcC5.png,,2026-08-25T03:39:30.852-04:00,2026-08-25T16:30:42-04:00,aces,0,,0,6368,WTA,offset_estimate,1,,N/A,,OK,,,0.5869241643879483,,,,,12,2,4,1,12,4,2,6,3,0,6.2,4.6,4.6,,hard,0,3.851851851851852,3.925925925925926,0.6863242206757619,0.5555555555555556,27,False,False,,,OK,5,2,3,0,0.4,0.6,0.4,0.6,2,3,2,3,0,10,3,7,0,0.3,0.7,0.3,0.7,,0,35,,,WTA,SERVE_HEAVY,FIELD,HIGH,103,19,2,92,2026-05-25,103,1,,0.35,0.7,6.2,1.7000000000000002,0.08,-0.7655,2.713746412868633,0.35,0.008000000000000007,2.578059092225201,?,0.95,0.269,OVER,distance,distance,C,,6368,1.7000000000000002,OVER,OVER,FORCED_OVER_ONLY_GOB_DEM,OVER,ml_prob_unified,10,4.2479
14124405,Janice Tjen,JANICE TJEN,Aces,3.5,2026-08-25T18:10:00.000-04:00,Tennis,WTA / HARD,Goblin,5.5,,,14124405,254331,182478,Janice Tjen,3.5,Player,UNKNOWN_OPP,,,https://static.flashscore.com/res/image/data/IXqmtWg5-KrylHcC5.png,,2026-08-25T06:25:55.337-04:00,2026-08-25T16:30:42-04:00,aces,0,,0,6368,WTA,offset_estimate,2,,N/A,,OK,,,0.5869241643879483,,,,,12,2,4,1,12,4,2,6,3,0,6.2,4.6,4.6,,hard,0,3.851851851851852,3.925925925925926,0.6863242206757619,0.5555555555555556,27,False,False,,,OK,5,3,2,0,0.6,0.4,0.6,0.4,3,2,3,2,0,10,5,5,0,0.5,0.5,0.5,0.5,,0,35,,,WTA,SERVE_HEAVY,FIELD,HIGH,103,19,2,92,2026-05-25,103,1,,0.55,1.1,6.2,2.7,0.08,-0.857,4.514759903485255,0.55,0.05200000000000005,4.289021908310993,?,0.95,0.409,OVER,distance,distance,B,,6368,2.7,OVER,OVER,FORCED_OVER_ONLY_GOB_DEM,OVER,ml_prob_unified,10,4.2479
14127540,Janice Tjen,JANICE TJEN,Break Points Won,3.5,2026-08-25T18:10:00.000-04:00,Tennis,WTA / HARD,Goblin,5,,,14127540,254331,182478,Janice Tjen,3.5,Player,UNKNOWN_OPP,,,https://static.flashscore.com/res/image/data/IXqmtWg5-KrylHcC5.png,,2026-08-25T08:31:50.704-04:00,2026-08-25T16:30:42-04:00,break_points_won,0,,0,6368,WTA,offset_estimate,1,,N/A,,OK,,,0.5869241643879483,,,,,4,0,6,3,4,5,2,3,2,0,3.4,2.9,2.9,,hard,0,3.851851851851852,3.925925925925926,0.6863242206757619,0.5555555555555556,27,False,False,,,OK,5,3,2,0,0.6,0.4,0.6,0.4,3,2,3,2,0,10,4,6,0,0.4,0.6,0.4,0.6,,0,35,,,WTA,NEUTRAL,FIELD,HIGH,103,19,2,92,2026-05-25,103,1,,0.5,1,3.4,-0.10000000000000009,0.5792,0.1042,4.033123431635389,0.5,0.05200000000000005,3.831467260053619,?,0.95,0.5238,OVER,distance,distance,C,,6368,0.10000000000000009,UNDER,OVER,FORCED_OVER_ONLY_GOB_DEM,OVER,ml_prob_unified,10,1.9692
14114163,Janice Tjen,JANICE TJEN,Total Sets,2.5,2026-08-25T18:10:00.000-04:00,Tennis,WTA / HARD,Demon,,,,14114163,254331,182478,Janice Tjen,2.5,Player,UNKNOWN_OPP,,,https://static.flashscore.com/res/image/data/IXqmtWg5-KrylHcC5.png,,2026-08-25T01:35:16.221-04:00,2026-08-25T16:30:42-04:00,total_sets,0,,0,6368,WTA,,1,,N/A,,OK,,,0.5869241643879483,,,,,3,2,3,2,3,2,3,2,3,2,2.6,2.5,2.5,,hard,0,3.851851851851852,3.925925925925926,0.6863242206757619,0.5555555555555556,27,False,False,,,OK,5,3,2,0,0.6,0.4,0.6,0.4,3,2,3,2,0,10,5,5,0,0.5,0.5,0.5,0.5,,0,35,,,WTA,NEUTRAL,FIELD,HIGH,103,19,2,92,2026-05-25,103,1,,0.55,1.1,2.6,0.10000000000000009,0.3659,-0.1591,4.514759903485255,0.55,0.05200000000000005,4.289021908310993,?,0.95,0.4948,OVER,ml_prob_fallback,ml_prob_fallback,B,,6368,0.10000000000000009,OVER,OVER,FORCED_OVER_ONLY_GOB_DEM,OVER,ml_prob_unified,10,0.527
14114154,Sebastian Baez,SEBASTIAN BAEZ,Total Games,24.5,2026-08-25T17:30:00.000-04:00,Tennis,ATP / HARD,Demon,20.5,,,14114154,202534,182476,Sebastian Baez,24.5,Player,HUGO GRENIER,,,https://www.flashscore.com/res/image/data/futi5Qf5-hI8rc03T.png,,2026-08-25T15:50:23.690-04:00,2026-08-25T16:30:42-04:00,match_total_games,0,,0,3340,ATP,sibling_or_pp,3,,N/A,,OK,,,0.7362752584101381,,,,,22,26,26,21,16,31,28,15,18,27,22.2,23,23,,hard,0,1.891891891891892,1.756756756756757,0.6276026730150281,0.3783783783783784,37,False,False,,,OK,5,2,3,0,0.4,0.6,0.4,0.6,2,3,2,3,0,10,5,5,0,0.5,0.5,0.5,0.5,,0,50,250.0,-200,ATP,NEUTRAL,FIELD,LOW,182,30,4,92,2026-05-25,182,1,,0.45,0.85,22.2,-2.3000000000000007,0.58,0.4889,3.367771008042895,0.45,0.008000000000000007,3.19938245764075,?,0.95,0.489,OVER,distance,distance,C,,3340,2.3000000000000007,UNDER,OVER,FORCED_OVER_ONLY_GOB_DEM,OVER,ml_prob_unified,10,5.4365
14114155,Sebastian Baez,SEBASTIAN BAEZ,Total Games,23.5,2026-08-25T17:30:00.000-04:00,Tennis,ATP / HARD,Demon,20.5,,,14114155,202534,182476,Sebastian Baez,23.5,Player,HUGO GRENIER,,,https://www.flashscore.com/res/image/data/futi5Qf5-hI8rc03T.png,,2026-08-25T15:50:23.690-04:00,2026-08-25T16:30:42-04:00,match_total_games,0,,0,3340,ATP,sibling_or_pp,2,,N/A,,OK,,,0.7362752584101381,,,,,22,26,26,21,16,31,28,15,18,27,22.2,23,23,,hard,0,1.891891891891892,1.756756756756757,0.6276026730150281,0.3783783783783784,37,False,False,,,OK,5,2,3,0,0.4,0.6,0.4,0.6,2,3,2,3,0,10,5,5,0,0.5,0.5,0.5,0.5,,0,50,250.0,-200,ATP,NEUTRAL,FIELD,LOW,182,30,4,92,2026-05-25,182,1,,0.45,0.85,22.2,-1.3000000000000007,0.58,0.3658,3.367771008042895,0.45,0.008000000000000007,3.19938245764075,?,0.95,0.489,OVER,distance,distance,B,,3340,1.3000000000000007,UNDER,OVER,FORCED_OVER_ONLY_GOB_DEM,OVER,ml_prob_unified,10,5.4365
14114156,Sebastian Baez,SEBASTIAN BAEZ,Total Games,22.5,2026-08-25T17:30:00.000-04:00,Tennis,ATP / HARD,Demon,20.5,,,14114156,202534,182476,Sebastian Baez,22.5,Player,HUGO GRENIER,,,https://www.flashscore.com/res/image/data/futi5Qf5-hI8rc03T.png,,2026-08-25T15:50:23.690-04:00,2026-08-25T16:30:42-04:00,match_total_games,0,,0,3340,ATP,sibling_or_pp,1,,N/A,,OK,,,0.7362752584101381,,,,,22,26,26,21,16,31,28,15,18,27,22.2,23,23,,hard,0,1.891891891891892,1.756756756756757,0.6276026730150281,0.3783783783783784,37,False,False,,,OK,5,2,3,0,0.4,0.6,0.4,0.6,2,3,2,3,0,10,5,5,0,0.5,0.5,0.5,0.5,,0,50,250.0,-200,ATP,NEUTRAL,FIELD,LOW,182,30,4,92,2026-05-25,182,1,,0.45,0.85,22.2,-0.3000000000000007,0.58,0.1544,3.367771008042895,0.45,0.008000000000000007,3.19938245764075,?,0.95,0.489,OVER,distance,distance,B,,3340,0.3000000000000007,UNDER,OVER,FORCED_OVER_ONLY_GOB_DEM,OVER,ml_prob_unified,10,5.4365
14114159,Sebastian Baez,SEBASTIAN BAEZ,Total Games,20.5,2026-08-25T17:30:00.000-04:00,Tennis,ATP / HARD,Standard,20.5,,,14114159,202534,182476,Sebastian Baez,20.5,Player,HUGO GRENIER,,,https://www.flashscore.com/res/image/data/futi5Qf5-hI8rc03T.png,,2026-08-25T15:50:23.690-04:00,2026-08-25T16:30:42-04:00,match_total_games,0,,0,3340,ATP,pp_or_step1,0,,N/A,,OK,,,0.7362752584101381,,,,,22,26,26,21,16,31,28,15,18,27,22.2,23,23,,hard,0,1.891891891891892,1.756756756756757,0.6276026730150281,0.3783783783783784,37,False,False,,,OK,5,4,1,0,0.8,0.2,0.8,0.2,4,1,4,1,0,10,7,3,0,0.7,0.3,0.7,0.3,,0,50,250.0,-200,ATP,NEUTRAL,FIELD,LOW,182,30,4,92,2026-05-25,182,1,,0.75,1.45,22.2,1.6999999999999993,0.58,-0.2655,6.216392449329758,0.75,0.07840000000000003,5.90557282686327,?,0.95,0.699,OVER,ml_prob,ml_prob,B,,3340,1.6999999999999993,OVER,OVER,STANDARD_L5AVG_OVER,OVER,ml_prob_unified,10,5.4365
14114158,Sebastian Baez,SEBASTIAN BAEZ,Total Games,19.5,2026-08-25T17:30:00.000-04:00,Tennis,ATP / HARD,Goblin,20.5,,,14114158,202534,182476,Sebastian Baez,19.5,Player,HUGO GRENIER,,,https://www.flashscore.com/res/image/data/futi5Qf5-hI8rc03T.png,,2026-08-25T15:50:23.690-04:00,2026-08-25T16:30:42-04:00,match_total_games,0,,0,3340,ATP,sibling_or_pp,1,,N/A,,OK,,,0.7362752584101381,,,,,22,26,26,21,16,31,28,15,18,27,22.2,23,23,,hard,0,1.891891891891892,1.756756756756757,0.6276026730150281,0.3783783783783784,37,False,False,,,OK,5,4,1,0,0.8,0.2,0.8,0.2,4,1,4,1,0,10,7,3,0,0.7,0.3,0.7,0.3,,0,50,250.0,-200,ATP,NEUTRAL,FIELD,LOW,182,30,4,92,2026-05-25,182,1,,0.75,1.45,22.2,2.6999999999999993,0.5921,-0.3449,6.216392449329758,0.75,0.07840000000000003,5.90557282686327,?,0.95,0.7026,OVER,distance,distance,C,,3340,2.6999999999999993,OVER,OVER,FORCED_OVER_ONLY_GOB_DEM,OVER,ml_prob_unified,10,5.4365
14114157,Sebastian Baez,SEBASTIAN BAEZ,Total Games,18.5,2026-08-25T17:30:00.000-04:00,Tennis,ATP / HARD,Goblin,20.5,,,14114157,202534,182476,Sebastian Baez,18.5,Player,HUGO GRENIER,,,https://www.flashscore.com/res/image/data/futi5Qf5-hI8rc03T.png,,2026-08-25T15:50:23.690-04:00,2026-08-25T16:30:42-04:00,match_total_games,0,,0,3340,ATP,sibling_or_pp,2,,N/A,,OK,,,0.7362752584101381,,,,,22,26,26,21,16,31,28,15,18,27,22.2,23,23,,hard,0,1.891891891891892,1.756756756756757,0.6276026730150281,0.3783783783783784,37,False,False,,,OK,5,4,1,0,0.8,0.2,0.8,0.2,4,1,4,1,0,10,7,3,0,0.7,0.3,0.7,0.3,,0,50,250.0,-200,ATP,NEUTRAL,FIELD,LOW,182,30,4,92,2026-05-25,182,1,,0.75,1.45,22.2,3.6999999999999993,0.58,-0.3959,6.216392449329758,0.75,0.07840000000000003,5.90557282686327,?,0.95,0.699,OVER,distance,distance,B,,3340,3.6999999999999993,OVER,OVER,FORCED_OVER_ONLY_GOB_DEM,OVER,ml_prob_unified,10,5.4365
14119278,Sebastian Baez,SEBASTIAN BAEZ,Total Games,17.5,2026-08-25T17:30:00.000-04:00,Tennis,ATP / HARD,Goblin,20.5,,,14119278,202534,182476,Sebastian Baez,17.5,Player,HUGO GRENIER,,,https://www.flashscore.com/res/image/data/futi5Qf5-hI8rc03T.png,,2026-08-25T15:50:23.690-04:00,2026-08-25T16:30:42-04:00,match_total_games,0,,0,3340,ATP,sibling_or_pp,3,,N/A,,OK,,,0.7362752584101381,,,,,22,26,26,21,16,31,28,15,18,27,22.2,23,23,,hard,0,1.891891891891892,1.756756756756757,0.6276026730150281,0.3783783783783784,37,False,False,,,OK,5,4,1,0,0.8,0.2,0.8,0.2,4,1,4,1,0,10,8,2,0,0.8,0.2,0.8,0.2,,0,50,250.0,-200,ATP,NEUTRAL,FIELD,LOW,182,30,4,92,2026-05-25,182,1,,0.8,1.55,22.2,4.699999999999999,0.58,-0.411,6.706647909919571,0.8,0.07840000000000003,6.371315514423592,?,0.95,0.734,OVER,distance,distance,B,,3340,4.699999999999999,OVER,OVER,FORCED_OVER_ONLY_GOB_DEM,OVER,ml_prob_unified,10,5.4365
14119281,Sebastian Baez,SEBASTIAN BAEZ,Total Games Won,15.5,2026-08-25T17:30:00.000-04:00,Tennis,ATP / HARD,Demon,12.5,,,14119281,202534,182476,Sebastian Baez,15.5,Player,HUGO GRENIER,,,https://www.flashscore.com/res/image/data/futi5Qf5-hI8rc03T.png,,2026-08-25T15:50:23.690-04:00,2026-08-25T16:30:42-04:00,games_won,0,,0,3340,ATP,sibling_or_pp,3,,N/A,,OK,,,0.7362752584101381,,,,,9,13,11,13,4,15,15,3,12,16,10,11.1,11.1,,hard,0,1.891891891891892,1.756756756756757,0.6276026730150281,0.3783783783783784,37,False,False,,,OK,5,0,5,0,0,1,0,1,0,5,0,5,0,10,1,9,0,0.1,0.9,0.1,0.9,,0,50,250.0,-200,ATP,NEUTRAL,FIELD,LOW,182,30,4,92,2026-05-25,182,1,,0.05,0.05,10,-5.5,0.58,0.5759,0.1794102466487936,0.05,-0.003000000000000003,0.1704397343163539,?,0.95,0.209,OVER,distance,distance,B,,3340,5.5,UNDER,OVER,FORCED_OVER_ONLY_GOB_DEM,OVER,ml_prob_unified,10,4.508
14119280,Sebastian Baez,SEBASTIAN BAEZ,Total Games Won,14.5,2026-08-25T17:30:00.000-04:00,Tennis,ATP / HARD,Demon,12.5,,,14119280,202534,182476,Sebastian Baez,14.5,Player,HUGO GRENIER,,,https://www.flashscore.com/res/image/data/futi5Qf5-hI8rc03T.png,,2026-08-25T15:50:23.690-04:00,2026-08-25T16:30:42-04:00,games_won,0,,0,3340,ATP,sibling_or_pp,2,,N/A,,OK,,,0.7362752584101381,,,,,9,13,11,13,4,15,15,3,12,16,10,11.1,11.1,,hard,0,1.891891891891892,1.756756756756757,0.6276026730150281,0.3783783783783784,37,False,False,,,OK,5,0,5,0,0,1,0,1,0,5,0,5,0,10,3,7,0,0.3,0.7,0.3,0.7,,0,50,250.0,-200,ATP,NEUTRAL,FIELD,LOW,182,30,4,92,2026-05-25,182,1,,0.15,0.25,10,-4.5,0.58,0.569,0.9187791152815014,0.15,-0.003000000000000003,0.8728401595174262,?,0.95,0.279,OVER,distance,distance,B,,3340,4.5,UNDER,OVER,FORCED_OVER_ONLY_GOB_DEM,OVER,ml_prob_unified,10,4.508
14119279,Sebastian Baez,SEBASTIAN BAEZ,Total Games Won,13.5,2026-08-25T17:30:00.000-04:00,Tennis,ATP / HARD,Demon,12.5,,,14119279,202534,182476,Sebastian Baez,13.5,Player,HUGO GRENIER,,,https://www.flashscore.com/res/image/data/futi5Qf5-hI8rc03T.png,,2026-08-25T15:50:23.690-04:00,2026-08-25T16:30:42-04:00,games_won,0,,0,3340,ATP,sibling_or_pp,1,,N/A,,OK,,,0.7362752584101381,,,,,9,13,11,13,4,15,15,3,12,16,10,11.1,11.1,,hard,0,1.891891891891892,1.756756756756757,0.6276026730150281,0.3783783783783784,37,False,False,,,OK,5,0,5,0,0,1,0,1,0,5,0,5,0,10,3,7,0,0.3,0.7,0.3,0.7,,0,50,250.0,-200,ATP,NEUTRAL,FIELD,LOW,182,30,4,92,2026-05-25,182,1,,0.15,0.25,10,-3.5,0.58,0.5507,0.9187791152815014,0.15,-0.003000000000000003,0.8728401595174262,?,0.95,0.279,OVER,distance,distance,A,,3340,3.5,UNDER,OVER,FORCED_OVER_ONLY_GOB_DEM,OVER,ml_prob_unified,10,4.508
14114160,Sebastian Baez,SEBASTIAN BAEZ,Total Games Won,12.5,2026-08-25T17:30:00.000-04:00,Tennis,ATP / HARD,Standard,12.5,,,14114160,202534,182476,Sebastian Baez,12.5,Player,HUGO GRENIER,,,https://www.flashscore.com/res/image/data/futi5Qf5-hI8rc03T.png,,2026-08-25T15:50:23.690-04:00,2026-08-25T16:30:42-04:00,games_won,0,,0,3340,ATP,pp_or_step1,0,,N/A,,OK,,,0.7362752584101381,,,,,9,13,11,13,4,15,15,3,12,16,10,11.1,11.1,,hard,0,1.891891891891892,1.756756756756757,0.6276026730150281,0.3783783783783784,37,False,False,,,OK,5,2,3,0,0.4,0.6,0.4,0.6,2,3,2,3,0,10,5,5,0,0.5,0.5,0.5,0.5,,0,50,250.0,-200,ATP,NEUTRAL,FIELD,LOW,182,30,4,92,2026-05-25,182,1,,0.45,0.85,10,-2.5,0.4172,-0.5069,3.367771008042895,0.45,0.008000000000000007,3.19938245764075,?,0.95,0.4402,UNDER,ml_prob,ml_prob,C,,3340,2.5,UNDER,UNDER,STANDARD_L5AVG_UNDER,UNDER,ml_prob_unified,10,4.508
14119275,Hugo Grenier,HUGO GRENIER,Total Games Won,12.5,2026-08-25T17:30:00.000-04:00,Tennis,ATP / HARD,Demon,9.5,,,14119275,202066,182476,Hugo Grenier,12.5,Player,SEBASTIAN BAEZ,,,https://www.atptour.com/-/media/alias/player-headshot/GF95,,2026-08-25T15:50:23.690-04:00,2026-08-25T16:30:42-04:00,games_won,0,,0,3541,ATP,sibling_or_pp,3,,N/A,,OK,,,,,,,,17,,,,,,,,,,17,17,17,,hard,0,,,,,,,,,,OK,1,1,0,0,1,0,1,0,1,0,1,0,0,1,1,0,0,1,0,1,0,,0,250,50.0,200,ATP,NEUTRAL,FIELD,HIGH,64,16,2,197,2026-02-09,64,1,,1.0,2.05,17,4.5,0.58,-0.409,9.215174223592493,1,0.07840000000000003,8.754415512412868,?,0.95,0.874,OVER,distance,distance,B,,3541,4.5,OVER,OVER,FORCED_OVER_ONLY_GOB_DEM,OVER,ml_prob_unified,1,
14119276,Hugo Grenier,HUGO GRENIER,Total Games Won,11.5,2026-08-25T17:30:00.000-04:00,Tennis,ATP / HARD,Demon,9.5,,,14119276,202066,182476,Hugo Grenier,11.5,Player,SEBASTIAN BAEZ,,,https://www.atptour.com/-/media/alias/player-headshot/GF95,,2026-08-25T15:50:23.690-04:00,2026-08-25T16:30:42-04:00,games_won,0,,0,3541,ATP,sibling_or_pp,2,,N/A,,OK,,,,,,,,17,,,,,,,,,,17,17,17,,hard,0,,,,,,,,,,OK,1,1,0,0,1,0,1,0,1,0,1,0,0,1,1,0,0,1,0,1,0,,0,250,50.0,200,ATP,NEUTRAL,FIELD,HIGH,64,16,2,197,2026-02-09,64,1,,1.0,2.05,17,5.5,0.58,-0.4159,9.215174223592493,1,0.07840000000000003,8.754415512412868,?,0.95,0.874,OVER,distance,distance,B,,3541,5.5,OVER,OVER,FORCED_OVER_ONLY_GOB_DEM,OVER,ml_prob_unified,1,
14119277,Hugo Grenier,HUGO GRENIER,Total Games Won,10.5,2026-08-25T17:30:00.000-04:00,Tennis,ATP / HARD,Demon,9.5,,,14119277,202066,182476,Hugo Grenier,10.5,Player,SEBASTIAN BAEZ,,,https://www.atptour.com/-/media/alias/player-headshot/GF95,,2026-08-25T15:50:23.690-04:00,2026-08-25T16:30:42-04:00,games_won,0,,0,3541,ATP,sibling_or_pp,1,,N/A,,OK,,,,,,,,17,,,,,,,,,,17,17,17,,hard,0,,,,,,,,,,OK,1,1,0,0,1,0,1,0,1,0,1,0,0,1,1,0,0,1,0,1,0,,0,250,50.0,200,ATP,NEUTRAL,FIELD,HIGH,64,16,2,197,2026-02-09,64,1,,1.0,2.05,17,6.5,0.58,-0.4185,9.215174223592493,1,0.07840000000000003,8.754415512412868,?,0.95,0.874,OVER,distance,distance,A,,3541,6.5,OVER,OVER,FORCED_OVER_ONLY_GOB_DEM,OVER,ml_prob_unified,1,
14129903,Hugo Grenier,HUGO GRENIER,Aces,10.5,2026-08-25T17:30:00.000-04:00,Tennis,ATP / HARD,Demon,,,,14129903,202066,182476,Hugo Grenier,10.5,Player,SEBASTIAN BAEZ,,,https://www.atptour.com/-/media/alias/player-headshot/GF95,,2026-08-25T15:50:23.690-04:00,2026-08-25T16:30:42-04:00,aces,0,,0,3541,ATP,,3,,N/A,,OK,,,,,,,,14,2,1,6,3,13,0,0,1,10,5.2,5,5,,hard,0,,,,,,,,,,OK,5,1,4,0,0.2,0.8,0.2,0.8,1,4,1,4,0,10,2,8,0,0.2,0.8,0.2,0.8,,0,250,50.0,200,ATP,SERVE_HEAVY,FIELD,HIGH,64,16,2,197,2026-02-09,64,1,,0.2,0.45,5.2,-5.3,0.0564,0.0515,1.681862863270777,0.2,-0.003000000000000003,1.597769720107239,?,0.95,0.1569,OVER,ml_prob_fallback,ml_prob_fallback,C,,3541,5.3,UNDER,OVER,FORCED_OVER_ONLY_GOB_DEM,OVER,ml_prob_unified,10,5.4365
14114153,Hugo Grenier,HUGO GRENIER,Total Games Won,9.5,2026-08-25T17:30:00.000-04:00,Tennis,ATP / HARD,Standard,9.5,,,14114153,202066,182476,Hugo Grenier,9.5,Player,SEBASTIAN BAEZ,,,https://www.atptour.com/-/media/alias/player-headshot/GF95,,2026-08-25T15:50:23.690-04:00,2026-08-25T16:30:42-04:00,games_won,0,,0,3541,ATP,pp_or_step1,0,,N/A,,OK,,,,,,,,17,,,,,,,,,,17,17,17,,hard,0,,,,,,,,,,OK,1,1,0,0,1,0,1,0,1,0,1,0,0,1,1,0,0,1,0,1,0,,0,250,50.0,200,ATP,NEUTRAL,FIELD,HIGH,64,16,2,197,2026-02-09,64,1,,1.0,2.05,17,7.5,0.58,-0.4194,9.215174223592493,1,0.07840000000000003,8.754415512412868,?,0.95,0.874,OVER,ml_prob,ml_prob,B,,3541,7.5,OVER,OVER,STANDARD_L5AVG_OVER,OVER,ml_prob_unified,1,
14122707,Hugo Grenier,HUGO GRENIER,Aces,9.5,2026-08-25T17:30:00.000-04:00,Tennis,ATP / HARD,Demon,,,,14122707,202066,182476,Hugo Grenier,9.5,Player,SEBASTIAN BAEZ,,,https://www.atptour.com/-/media/alias/player-headshot/GF95,,2026-08-25T15:50:23.690-04:00,2026-08-25T16:30:42-04:00,aces,0,,0,3541,ATP,,2,,N/A,,OK,,,,,,,,14,2,1,6,3,13,0,0,1,10,5.2,5,5,,hard,0,,,,,,,,,,OK,5,1,4,0,0.2,0.8,0.2,0.8,1,4,1,4,0,10,3,7,0,0.3,0.7,0.3,0.7,,0,250,50.0,200,ATP,SERVE_HEAVY,FIELD,HIGH,64,16,2,197,2026-02-09,64,1,,0.25,0.55,5.2,-4.3,0.0117,-0.0017,2.082017538873995,0.25,-0.003000000000000003,1.977916661930295,?,0.95,0.1785,OVER,ml_prob_fallback,ml_prob_fallback,C,,3541,4.3,UNDER,OVER,FORCED_OVER_ONLY_GOB_DEM,OVER,ml_prob_unified,10,5.4365
14122708,Hugo Grenier,HUGO GRENIER,Aces,8.5,2026-08-25T17:30:00.000-04:00,Tennis,ATP / HARD,Demon,,,,14122708,202066,182476,Hugo Grenier,8.5,Player,SEBASTIAN BAEZ,,,https://www.atptour.com/-/media/alias/player-headshot/GF95,,2026-08-25T15:50:23.690-04:00,2026-08-25T16:30:42-04:00,aces,0,,0,3541,ATP,,1,,N/A,,OK,,,,,,,,14,2,1,6,3,13,0,0,1,10,5.2,5,5,,hard,0,,,,,,,,,,OK,5,1,4,0,0.2,0.8,0.2,0.8,1,4,1,4,0,10,3,7,0,0.3,0.7,0.3,0.7,,0,250,50.0,200,ATP,SERVE_HEAVY,FIELD,HIGH,64,16,2,197,2026-02-09,64,1,,0.25,0.55,5.2,-3.3,0.0255,-0.0101,2.082017538873995,0.25,-0.003000000000000003,1.977916661930295,?,0.95,0.1826,OVER,ml_prob_fallback,ml_prob_fallback,C,,3541,3.3,UNDER,OVER,FORCED_OVER_ONLY_GOB_DEM,OVER,ml_prob_unified,10,5.4365
14120887,Hugo Grenier,HUGO GRENIER,Total Games Won,7.5,2026-08-25T17:30:00.000-04:00,Tennis,ATP / HARD,Goblin,9.5,,,14120887,202066,182476,Hugo Grenier,7.5,Player,SEBASTIAN BAEZ,,,https://www.atptour.com/-/media/alias/player-headshot/GF95,,2026-08-25T15:50:23.690-04:00,2026-08-25T16:30:42-04:00,games_won,0,,0,3541,ATP,sibling_or_pp,1,,N/A,,OK,,,,,,,,17,,,,,,,,,,17,17,17,,hard,0,,,,,,,,,,OK,1,1,0,0,1,0,1,0,1,0,1,0,0,1,1,0,0,1,0,1,0,,0,250,50.0,200,ATP,NEUTRAL,FIELD,HIGH,64,16,2,197,2026-02-09,64,1,,1.0,2.05,17,9.5,0.6057,-0.3942,9.215174223592493,1,0.07840000000000003,8.754415512412868,?,0.95,0.8817,OVER,distance,distance,B,,3541,9.5,OVER,OVER,FORCED_OVER_ONLY_GOB_DEM,OVER,ml_prob_unified,1,
14119274,Hugo Grenier,HUGO GRENIER,Total Games Won,6.5,2026-08-25T17:30:00.000-04:00,Tennis,ATP / HARD,Goblin,9.5,,,14119274,202066,182476,Hugo Grenier,6.5,Player,SEBASTIAN BAEZ,,,https://www.atptour.com/-/media/alias/player-headshot/GF95,,2026-08-25T15:50:23.690-04:00,2026-08-25T16:30:42-04:00,games_won,0,,0,3541,ATP,sibling_or_pp,2,,N/A,,OK,,,,,,,,17,,,,,,,,,,17,17,17,,hard,0,,,,,,,,,,OK,1,1,0,0,1,0,1,0,1,0,1,0,0,1,1,0,0,1,0,1,0,,0,250,50.0,200,ATP,NEUTRAL,FIELD,HIGH,64,16,2,197,2026-02-09,64,1,,1.0,2.05,17,10.5,0.623,-0.377,9.215174223592493,1,0.07840000000000003,8.754415512412868,?,0.95,0.8869,OVER,distance,distance,B,,3541,10.5,OVER,OVER,FORCED_OVER_ONLY_GOB_DEM,OVER,ml_prob_unified,1,
14122706,Hugo Grenier,HUGO GRENIER,Aces,6.5,2026-08-25T17:30:00.000-04:00,Tennis,ATP / HARD,Goblin,8,,,14122706,202066,182476,Hugo Grenier,6.5,Player,SEBASTIAN BAEZ,,,https://www.atptour.com/-/media/alias/player-headshot/GF95,,2026-08-25T15:50:23.690-04:00,2026-08-25T16:30:42-04:00,aces,0,,0,3541,ATP,offset_estimate,1,,N/A,,OK,,,,,,,,14,2,1,6,3,13,0,0,1,10,5.2,5,5,,hard,0,,,,,,,,,,OK,5,1,4,0,0.2,0.8,0.2,0.8,1,4,1,4,0,10,3,7,0,0.3,0.7,0.3,0.7,,0,250,50.0,200,ATP,SERVE_HEAVY,FIELD,HIGH,64,16,2,197,2026-02-09,64,1,,0.25,0.55,5.2,-1.2999999999999998,0.08,-0.1342,2.082017538873995,0.25,-0.003000000000000003,1.977916661930295,?,0.95,0.199,OVER,distance,distance,C,,3541,1.2999999999999998,UNDER,OVER,FORCED_OVER_ONLY_GOB_DEM,OVER,ml_prob_unified,10,5.4365
14122713,Hugo Grenier,HUGO GRENIER,Double Faults,6.5,2026-08-25T17:30:00.000-04:00,Tennis,ATP / HARD,Demon,,,,14122713,202066,182476,Hugo Grenier,6.5,Player,SEBASTIAN BAEZ,,,https://www.atptour.com/-/media/alias/player-headshot/GF95,,2026-08-25T15:50:23.690-04:00,2026-08-25T16:30:42-04:00,double_faults,0,,0,3541,ATP,,3,,N/A,,OK,,,,,,,,7,3,3,9,4,4,1,6,2,4,5.2,4.3,4.3,,hard,0,,,,,,,,,,OK,5,2,3,0,0.4,0.6,0.4,0.6,2,3,2,3,0,10,2,8,0,0.2,0.8,0.2,0.8,,0,250,50.0,200,ATP,NEUTRAL,FIELD,HIGH,64,16,2,197,2026-02-09,64,1,,0.30000000000000004,0.6500000000000001,5.2,-1.2999999999999998,0.0656,-0.1485,2.494884997319035,0.3,0.008000000000000007,2.370140747453083,?,0.95,0.2297,OVER,ml_prob_fallback,ml_prob_fallback,C,,3541,1.2999999999999998,UNDER,OVER,FORCED_OVER_ONLY_GOB_DEM,OVER,ml_prob_unified,10,2.406
14119273,Hugo Grenier,HUGO GRENIER,Total Games Won,5.5,2026-08-25T17:30:00.000-04:00,Tennis,ATP / HARD,Goblin,9.5,,,14119273,202066,182476,Hugo Grenier,5.5,Player,SEBASTIAN BAEZ,,,https://www.atptour.com/-/media/alias/player-headshot/GF95,,2026-08-25T15:50:23.690-04:00,2026-08-25T16:30:42-04:00,games_won,0,,0,3541,ATP,sibling_or_pp,3,,N/A,,OK,,,,,,,,17,,,,,,,,,,17,17,17,,hard,0,,,,,,,,,,OK,1,1,0,0,1,0,1,0,1,0,1,0,0,1,1,0,0,1,0,1,0,,0,250,50.0,200,ATP,NEUTRAL,FIELD,HIGH,64,16,2,197,2026-02-09,64,1,,1.0,2.05,17,11.5,0.6225,-0.3774,9.215174223592493,1,0.07840000000000003,8.754415512412868,?,0.95,0.8868,OVER,distance,distance,A,,3541,11.5,OVER,OVER,FORCED_OVER_ONLY_GOB_DEM,OVER,ml_prob_unified,1,
14122711,Hugo Grenier,HUGO GRENIER,Double Faults,5.5,2026-08-25T17:30:00.000-04:00,Tennis,ATP / HARD,Demon,,,,14122711,202066,182476,Hugo Grenier,5.5,Player,SEBASTIAN BAEZ,,,https://www.atptour.com/-/media/alias/player-headshot/GF95,,2026-08-25T15:50:23.690-04:00,2026-08-25T16:30:42-04:00,double_faults,0,,0,3541,ATP,,2,,N/A,,OK,,,,,,,,7,3,3,9,4,4,1,6,2,4,5.2,4.3,4.3,,hard,0,,,,,,,,,,OK,5,2,3,0,0.4,0.6,0.4,0.6,2,3,2,3,0,10,3,7,0,0.3,0.7,0.3,0.7,,0,250,50.0,200,ATP,NEUTRAL,FIELD,HIGH,64,16,2,197,2026-02-09,64,1,,0.35,0.75,5.2,-0.2999999999999998,0.08,-0.3456,2.912612252010724,0.35,0.008000000000000007,2.766981639410188,?,0.95,0.269,OVER,ml_prob_fallback,ml_prob_fallback,C,,3541,0.2999999999999998,UNDER,OVER,FORCED_OVER_ONLY_GOB_DEM,OVER,ml_prob_unified,10,2.406
14122712,Hugo Grenier,HUGO GRENIER,Double Faults,4.5,2026-08-25T17:30:00.000-04:00,Tennis,ATP / HARD,Demon,,,,14122712,202066,182476,Hugo Grenier,4.5,Player,SEBASTIAN BAEZ,,,https://www.atptour.com/-/media/alias/player-headshot/GF95,,2026-08-25T15:50:23.690-04:00,2026-08-25T16:30:42-04:00,double_faults,0,,0,3541,ATP,,1,,N/A,,OK,,,,,,,,7,3,3,9,4,4,1,6,2,4,5.2,4.3,4.3,,hard,0,,,,,,,,,,OK,5,2,3,0,0.4,0.6,0.4,0.6,2,3,2,3,0,10,3,7,0,0.3,0.7,0.3,0.7,,0,250,50.0,200,ATP,NEUTRAL,FIELD,HIGH,64,16,2,197,2026-02-09,64,1,,0.35,0.75,5.2,0.7000000000000002,0.08,-0.5882,2.912612252010724,0.35,0.008000000000000007,2.766981639410188,?,0.95,0.269,OVER,ml_prob_fallback,ml_prob_fallback,C,,3541,0.7000000000000002,OVER,OVER,FORCED_OVER_ONLY_GOB_DEM,OVER,ml_prob_unified,10,2.406
14122717,Sebastian Baez,SEBASTIAN BAEZ,Aces,4.5,2026-08-25T17:30:00.000-04:00,Tennis,ATP / HARD,Demon,,,,14122717,202534,182476,Sebastian Baez,4.5,Player,HUGO GRENIER,,,https://www.flashscore.com/res/image/data/futi5Qf5-hI8rc03T.png,,2026-08-25T15:50:23.690-04:00,2026-08-25T16:30:42-04:00,aces,0,,0,3340,ATP,,2,,N/A,,OK,,,0.7362752584101381,,,,,2,3,2,0,3,1,1,2,0,2,2,1.6,1.6,,hard,0,1.891891891891892,1.756756756756757,0.6276026730150281,0.3783783783783784,37,False,False,,,OK,5,0,5,0,0,1,0,1,0,5,0,5,0,10,0,10,0,0,1,0,1,,0,50,250.0,-200,ATP,SERVE_HEAVY,FIELD,LOW,182,30,4,92,2026-05-25,182,1,,0.0,-0.05,2,-2.5,0.0785,0.0027,0,0,-0.003000000000000003,0,?,0.95,0.0235,OVER,ml_prob_fallback,ml_prob_fallback,C,,3340,2.5,UNDER,OVER,FORCED_OVER_ONLY_GOB_DEM,OVER,ml_prob_unified,10,1.075
14129902,Hugo Grenier,HUGO GRENIER,Aces,4.5,2026-08-25T17:30:00.000-04:00,Tennis,ATP / HARD,Goblin,6.5,,,14129902,202066,182476,Hugo Grenier,4.5,Player,SEBASTIAN BAEZ,,,https://www.atptour.com/-/media/alias/player-headshot/GF95,,2026-08-25T15:50:23.690-04:00,2026-08-25T16:30:42-04:00,aces,0,,0,3541,ATP,offset_estimate,2,,N/A,,OK,,,,,,,,14,2,1,6,3,13,0,0,1,10,5.2,5,5,,hard,0,,,,,,,,,,OK,5,2,3,0,0.4,0.6,0.4,0.6,2,3,2,3,0,10,4,6,0,0.4,0.6,0.4,0.6,,0,250,50.0,200,ATP,SERVE_HEAVY,FIELD,HIGH,64,16,2,197,2026-02-09,64,1,,0.4,0.8500000000000001,5.2,0.7000000000000002,0.08,-0.5882,3.339721008042895,0.4,0.008000000000000007,3.17273495764075,?,0.95,0.304,OVER,distance,distance,B,,3541,0.7000000000000002,OVER,OVER,FORCED_OVER_ONLY_GOB_DEM,OVER,ml_prob_unified,10,5.4365
14122710,Hugo Grenier,HUGO GRENIER,Double Faults,3.5,2026-08-25T17:30:00.000-04:00,Tennis,ATP / HARD,Goblin,5,,,14122710,202066,182476,Hugo Grenier,3.5,Player,SEBASTIAN BAEZ,,,https://www.atptour.com/-/media/alias/player-headshot/GF95,,2026-08-25T15:50:23.690-04:00,2026-08-25T16:30:42-04:00,double_faults,0,,0,3541,ATP,offset_estimate,1,,N/A,,OK,,,,,,,,7,3,3,9,4,4,1,6,2,4,5.2,4.3,4.3,,hard,0,,,,,,,,,,OK,5,3,2,0,0.6,0.4,0.6,0.4,3,2,3,2,0,10,6,4,0,0.6,0.4,0.6,0.4,,0,250,50.0,200,ATP,NEUTRAL,FIELD,HIGH,64,16,2,197,2026-02-09,64,1,,0.6,1.25,5.2,1.7000000000000002,0.08,-0.7655,5.188582573726541,0.6,0.05200000000000005,4.929153445040214,?,0.95,0.444,OVER,distance,distance,C,,3541,1.7000000000000002,OVER,OVER,FORCED_OVER_ONLY_GOB_DEM,OVER,ml_prob_unified,10,2.406
14122716,Sebastian Baez,SEBASTIAN BAEZ,Aces,3.5,2026-08-25T17:30:00.000-04:00,Tennis,ATP / HARD,Demon,,,,14122716,202534,182476,Sebastian Baez,3.5,Player,HUGO GRENIER,,,https://www.flashscore.com/res/image/data/futi5Qf5-hI8rc03T.png,,2026-08-25T15:50:23.690-04:00,2026-08-25T16:30:42-04:00,aces,0,,0,3340,ATP,,1,,N/A,,OK,,,0.7362752584101381,,,,,2,3,2,0,3,1,1,2,0,2,2,1.6,1.6,,hard,0,1.891891891891892,1.756756756756757,0.6276026730150281,0.3783783783783784,37,False,False,,,OK,5,0,5,0,0,1,0,1,0,5,0,5,0,10,0,10,0,0,1,0,1,,0,50,250.0,-200,ATP,SERVE_HEAVY,FIELD,LOW,182,30,4,92,2026-05-25,182,1,,0.0,-0.05,2,-1.5,0.0662,-0.1162,0,0,-0.003000000000000003,0,?,0.95,0.0199,OVER,ml_prob_fallback,ml_prob_fallback,C,,3340,1.5,UNDER,OVER,FORCED_OVER_ONLY_GOB_DEM,OVER,ml_prob_unified,10,1.075
14122720,Sebastian Baez,SEBASTIAN BAEZ,Double Faults,3.5,2026-08-25T17:30:00.000-04:00,Tennis,ATP / HARD,Demon,,,,14122720,202534,182476,Sebastian Baez,3.5,Player,HUGO GRENIER,,,https://www.flashscore.com/res/image/data/futi5Qf5-hI8rc03T.png,,2026-08-25T15:50:23.690-04:00,2026-08-25T16:30:42-04:00,double_faults,0,,0,3340,ATP,,2,,N/A,,OK,,,0.7362752584101381,,,,,1,2,3,1,2,2,4,4,1,2,1.8,2.2,2.2,,hard,0,1.891891891891892,1.756756756756757,0.6276026730150281,0.3783783783783784,37,False,False,,,OK,5,0,5,0,0,1,0,1,0,5,0,5,0,10,2,8,0,0.2,0.8,0.2,0.8,,0,50,250.0,-200,ATP,NEUTRAL,FIELD,LOW,182,30,4,92,2026-05-25,182,1,,0.1,0.15,1.8,-1.7,0.0376,-0.1169,0.5450507131367293,0.1,-0.003000000000000003,0.5177981774798928,?,0.95,0.0813,OVER,ml_prob_fallback,ml_prob_fallback,C,,3340,1.7,UNDER,OVER,FORCED_OVER_ONLY_GOB_DEM,OVER,ml_prob_unified,10,1.1353
14127530,Sebastian Baez,SEBASTIAN BAEZ,Break Points Won,3.5,2026-08-25T17:30:00.000-04:00,Tennis,ATP / HARD,Standard,3.5,,,14127530,202534,182476,Sebastian Baez,3.5,Player,HUGO GRENIER,,,https://www.flashscore.com/res/image/data/futi5Qf5-hI8rc03T.png,,2026-08-25T15:50:23.690-04:00,2026-08-25T16:30:42-04:00,break_points_won,0,,0,3340,ATP,pp_or_step1,0,,N/A,,OK,,,0.7362752584101381,,,,,3,4,3,2,2,3,2,3,0,2,2.8,2.4,2.4,,hard,0,1.891891891891892,1.756756756756757,0.6276026730150281,0.3783783783783784,37,False,False,,,OK,5,1,4,0,0.2,0.8,0.2,0.8,1,4,1,4,0,10,1,9,0,0.1,0.9,0.1,0.9,,0,50,250.0,-200,ATP,NEUTRAL,FIELD,LOW,182,30,4,92,2026-05-25,182,1,,0.15000000000000002,0.2500000000000001,2.8,-0.7000000000000002,0.9308,0.2626,0.9187791152815014,0.15,-0.003000000000000003,0.8728401595174262,?,0.95,0.3842,UNDER,ml_prob,ml_prob,C,,3340,0.7000000000000002,UNDER,UNDER,STANDARD_L5AVG_UNDER,UNDER,ml_prob_unified,10,1.075
14113696,Sebastian Baez,SEBASTIAN BAEZ,Total Sets,2.5,2026-08-25T17:30:00.000-04:00,Tennis,ATP / HARD,Demon,,,,14113696,202534,182476,Sebastian Baez,2.5,Player,HUGO GRENIER,,,https://www.flashscore.com/res/image/data/futi5Qf5-hI8rc03T.png,,2026-08-25T15:50:23.690-04:00,2026-08-25T16:30:42-04:00,total_sets,0,,0,3340,ATP,,1,,N/A,,OK,,,0.7362752584101381,,,,,2,3,3,2,2,3,3,2,2,3,2.4,2.5,2.5,,hard,0,1.891891891891892,1.756756756756757,0.6276026730150281,0.3783783783783784,37,False,False,,,OK,5,2,3,0,0.4,0.6,0.4,0.6,2,3,2,3,0,10,5,5,0,0.5,0.5,0.5,0.5,,0,50,250.0,-200,ATP,NEUTRAL,FIELD,LOW,182,30,4,92,2026-05-25,182,1,,0.45,0.85,2.4,-0.10000000000000009,0.1861,-0.2889,3.367771008042895,0.45,0.008000000000000007,3.19938245764075,?,0.95,0.3708,OVER,ml_prob_fallback,ml_prob_fallback,C,,3340,0.10000000000000009,UNDER,OVER,FORCED_OVER_ONLY_GOB_DEM,OVER,ml_prob_unified,10,0.527
14122709,Hugo Grenier,HUGO GRENIER,Double Faults,2.5,2026-08-25T17:30:00.000-04:00,Tennis,ATP / HARD,Goblin,4.5,,,14122709,202066,182476,Hugo Grenier,2.5,Player,SEBASTIAN BAEZ,,,https://www.atptour.com/-/media/alias/player-headshot/GF95,,2026-08-25T15:50:23.690-04:00,2026-08-25T16:30:42-04:00,double_faults,0,,0,3541,ATP,offset_estimate,2,,N/A,,OK,,,,,,,,7,3,3,9,4,4,1,6,2,4,5.2,4.3,4.3,,hard,0,,,,,,,,,,OK,5,5,0,0,1,0,1,0,5,0,5,0,0,10,8,2,0,0.8,0.2,0.8,0.2,,0,250,50.0,200,ATP,NEUTRAL,FIELD,HIGH,64,16,2,197,2026-02-09,64,1,,0.9,1.85,5.2,2.7,0.08,-0.857,8.15483158391421,0.9,0.07840000000000003,7.747090004718499,?,0.95,0.654,OVER,distance,distance,B,,3541,2.7,OVER,OVER,FORCED_OVER_ONLY_GOB_DEM,OVER,ml_prob_unified,10,2.406
14122715,Sebastian Baez,SEBASTIAN BAEZ,Aces,2.5,2026-08-25T17:30:00.000-04:00,Tennis,ATP / HARD,Goblin,4,,,14122715,202534,182476,Sebastian Baez,2.5,Player,HUGO GRENIER,,,https://www.flashscore.com/res/image/data/futi5Qf5-hI8rc03T.png,,2026-08-25T15:50:23.690-04:00,2026-08-25T16:30:42-04:00,aces,0,,0,3340,ATP,offset_estimate,1,,N/A,,OK,,,0.7362752584101381,,,,,2,3,2,0,3,1,1,2,0,2,2,1.6,1.6,,hard,0,1.891891891891892,1.756756756756757,0.6276026730150281,0.3783783783783784,37,False,False,,,OK,5,2,3,0,0.4,0.6,0.4,0.6,2,3,2,3,0,10,2,8,0,0.2,0.8,0.2,0.8,,0,50,250.0,-200,ATP,SERVE_HEAVY,FIELD,LOW,182,30,4,92,2026-05-25,182,1,,0.30000000000000004,0.55,2,-0.5,0.08,-0.2975,2.101619538873995,0.3,0.008000000000000007,1.996538561930295,?,0.95,0.234,OVER,distance,distance,C,,3340,0.5,UNDER,OVER,FORCED_OVER_ONLY_GOB_DEM,OVER,ml_prob_unified,10,1.075
14122719,Sebastian Baez,SEBASTIAN BAEZ,Double Faults,2.5,2026-08-25T17:30:00.000-04:00,Tennis,ATP / HARD,Demon,,,,14122719,202534,182476,Sebastian Baez,2.5,Player,HUGO GRENIER,,,https://www.flashscore.com/res/image/data/futi5Qf5-hI8rc03T.png,,2026-08-25T15:50:23.690-04:00,2026-08-25T16:30:42-04:00,double_faults,0,,0,3340,ATP,,1,,N/A,,OK,,,0.7362752584101381,,,,,1,2,3,1,2,2,4,4,1,2,1.8,2.2,2.2,,hard,0,1.891891891891892,1.756756756756757,0.6276026730150281,0.3783783783783784,37,False,False,,,OK,5,1,4,0,0.2,0.8,0.2,0.8,1,4,1,4,0,10,3,7,0,0.3,0.7,0.3,0.7,,0,50,250.0,-200,ATP,NEUTRAL,FIELD,LOW,182,30,4,92,2026-05-25,182,1,,0.25,0.45,1.8,-0.7,0.08,-0.2518,1.696712863270778,0.25,-0.003000000000000003,1.611877220107239,?,0.95,0.199,OVER,ml_prob_fallback,ml_prob_fallback,C,,3340,0.7,UNDER,OVER,FORCED_OVER_ONLY_GOB_DEM,OVER,ml_prob_unified,10,1.1353
14122714,Sebastian Baez,SEBASTIAN BAEZ,Aces,1.5,2026-08-25T17:30:00.000-04:00,Tennis,ATP / HARD,Goblin,3.5,,,14122714,202534,182476,Sebastian Baez,1.5,Player,HUGO GRENIER,,,https://www.flashscore.com/res/image/data/futi5Qf5-hI8rc03T.png,,2026-08-25T15:50:23.690-04:00,2026-08-25T16:30:42-04:00,aces,0,,0,3340,ATP,offset_estimate,2,,N/A,,OK,,,0.7362752584101381,,,,,2,3,2,0,3,1,1,2,0,2,2,1.6,1.6,,hard,0,1.891891891891892,1.756756756756757,0.6276026730150281,0.3783783783783784,37,False,False,,,OK,5,4,1,0,0.8,0.2,0.8,0.2,4,1,4,1,0,10,6,4,0,0.6,0.4,0.6,0.4,,0,50,250.0,-200,ATP,SERVE_HEAVY,FIELD,LOW,182,30,4,92,2026-05-25,182,1,,0.7,1.35,2,0.5,0.08,-0.5425,5.726115004825738,0.7,0.07840000000000003,5.439809254584451,?,0.95,0.514,OVER,distance,distance,B,,3340,0.5,OVER,OVER,FORCED_OVER_ONLY_GOB_DEM,OVER,ml_prob_unified,10,1.075
14122718,Sebastian Baez,SEBASTIAN BAEZ,Double Faults,1.5,2026-08-25T17:30:00.000-04:00,Tennis,ATP / HARD,Goblin,3,,,14122718,202534,182476,Sebastian Baez,1.5,Player,HUGO GRENIER,,,https://www.flashscore.com/res/image/data/futi5Qf5-hI8rc03T.png,,2026-08-25T15:50:23.690-04:00,2026-08-25T16:30:42-04:00,double_faults,0,,0,3340,ATP,offset_estimate,1,,N/A,,OK,,,0.7362752584101381,,,,,1,2,3,1,2,2,4,4,1,2,1.8,2.2,2.2,,hard,0,1.891891891891892,1.756756756756757,0.6276026730150281,0.3783783783783784,37,False,False,,,OK,5,3,2,0,0.6,0.4,0.6,0.4,3,2,3,2,0,10,7,3,0,0.7,0.3,0.7,0.3,,0,50,250.0,-200,ATP,NEUTRAL,FIELD,LOW,182,30,4,92,2026-05-25,182,1,,0.6499999999999999,1.25,1.8,0.30000000000000004,0.08,-0.4944,5.229832573726542,0.6499999999999999,0.05200000000000005,4.968340945040215,?,0.95,0.479,OVER,distance,distance,C,,3340,0.30000000000000004,OVER,OVER,FORCED_OVER_ONLY_GOB_DEM,OVER,ml_prob_unified,10,1.1353
14127529,Hugo Grenier,HUGO GRENIER,Break Points Won,1.5,2026-08-25T17:30:00.000-04:00,Tennis,ATP / HARD,Demon,,,,14127529,202066,182476,Hugo Grenier,1.5,Player,SEBASTIAN BAEZ,,,https://www.atptour.com/-/media/alias/player-headshot/GF95,,2026-08-25T15:50:23.690-04:00,2026-08-25T16:30:42-04:00,break_points_won,0,,0,3541,ATP,,1,,N/A,,OK,,,,,,,,3,1,6,4,2,4,0,4,0,1,3.2,2.5,2.5,,hard,0,,,,,,,,,,OK,5,4,1,0,0.8,0.2,0.8,0.2,4,1,4,1,0,10,6,4,0,0.6,0.4,0.6,0.4,,0,250,50.0,200,ATP,NEUTRAL,FIELD,HIGH,64,16,2,197,2026-02-09,64,1,,0.7,1.45,3.2,1.7000000000000002,0.3659,-0.4797,6.168542449329759,0.7,0.07840000000000003,5.86011532686327,?,0.95,0.5998,OVER,ml_prob_fallback,ml_prob_fallback,B,,3541,1.7000000000000002,OVER,OVER,FORCED_OVER_ONLY_GOB_DEM,OVER,ml_prob_unified,10,2.0138
14119282,Sebastian Baez,SEBASTIAN BAEZ,Total Tie Breaks,0.5,2026-08-25T17:30:00.000-04:00,Tennis,ATP / HARD,Demon,,,,14119282,202534,182476,Sebastian Baez,0.5,Player,HUGO GRENIER,,,https://www.flashscore.com/res/image/data/futi5Qf5-hI8rc03T.png,,2026-08-25T15:50:23.690-04:00,2026-08-25T16:30:42-04:00,total_tie_breaks,0,,0,3340,ATP,,1,,N/A,,OK,,,0.7362752584101381,,,,,1,0,0,0,0,1,0,0,0,0,0.2,0.2,0.2,,hard,0,1.891891891891892,1.756756756756757,0.6276026730150281,0.3783783783783784,37,False,False,,,OK,5,1,4,0,0.2,0.8,0.2,0.8,1,4,1,4,0,10,2,8,0,0.2,0.8,0.2,0.8,,0,50,250.0,-200,ATP,NEUTRAL,FIELD,LOW,182,30,4,92,2026-05-25,182,1,,0.2,0.35,0.2,-0.3,0.3659,-0.0597,1.302907785522788,0.2,-0.003000000000000003,1.237762396246649,?,0.95,0.2498,OVER,ml_prob_fallback,ml_prob_fallback,C,,3340,0.3,UNDER,OVER,FORCED_OVER_ONLY_GOB_DEM,OVER,ml_prob_unified,10,0.4216
14115517,Tomas Machac,TOMAS MACHAC,Total Games,26.5,2026-08-25T17:30:00.000-04:00,Tennis,ATP / HARD,Demon,,,,14115517,201199,182459,Tomas Machac,26.5,Player,MEES ROTTGERING,,,https://www.flashscore.com/res/image/data/bsWIvMjl-AuG1DZlE.png,,2026-08-25T15:38:12.912-04:00,2026-08-25T16:30:42-04:00,match_total_games,0,,0,3811,ATP,,3,,N/A,,OK,,,0.6170847879053091,,,,,17,26,29,,,,,,,,24,24,24,,hard,0,6.234375,2.96875,0.7221120496235034,0.6,65,False,False,,,OK,3,1,2,0,0.3333333333333333,0.6666666666666666,0.3333333333333333,0.6666666666666666,1,2,1,2,0,3,1,2,0,0.3333333333333333,0.6666666666666666,0.3333333333333333,0.6666666666666666,,0,58,250.0,-192,ATP,NEUTRAL,FIELD,HIGH,108,26,3,92,2026-05-25,108,1,,0.3333333333333333,0.6166666666666666,24,-2.5,0.58,0.5041,2.37651572858445,0.3333333333333333,-0.003000000000000003,2.257689942155228,?,0.95,0.4073,OVER,ml_prob_fallback,ml_prob_fallback,C,,3811,2.5,UNDER,OVER,FORCED_OVER_ONLY_GOB_DEM,OVER,ml_prob_unified,3,6.245
14115518,Tomas Machac,TOMAS MACHAC,Total Games,25.5,2026-08-25T17:30:00.000-04:00,Tennis,ATP / HARD,Demon,,,,14115518,201199,182459,Tomas Machac,25.5,Player,MEES ROTTGERING,,,https://www.flashscore.com/res/image/data/bsWIvMjl-AuG1DZlE.png,,2026-08-25T15:38:12.912-04:00,2026-08-25T16:30:42-04:00,match_total_games,0,,0,3811,ATP,,2,,N/A,,OK,,,0.6170847879053091,,,,,17,26,29,,,,,,,,24,24,24,,hard,0,6.234375,2.96875,0.7221120496235034,0.6,65,False,False,,,OK,3,2,1,0,0.6666666666666666,0.3333333333333333,0.6666666666666666,0.3333333333333333,2,1,2,1,0,3,2,1,0,0.6666666666666666,0.3333333333333333,0.6666666666666666,0.3333333333333333,,0,58,250.0,-192,ATP,NEUTRAL,FIELD,HIGH,108,26,3,92,2026-05-25,108,1,,0.6666666666666666,1.283333333333333,24,-1.5,0.58,0.3976,5.393398668498659,0.6666666666666666,0.06666666666666665,5.123728735073726,?,0.95,0.6407,OVER,ml_prob_fallback,ml_prob_fallback,B,,3811,1.5,UNDER,OVER,FORCED_OVER_ONLY_GOB_DEM,OVER,ml_prob_unified,3,6.245
14115519,Tomas Machac,TOMAS MACHAC,Total Games,24.5,2026-08-25T17:30:00.000-04:00,Tennis,ATP / HARD,Demon,,,,14115519,201199,182459,Tomas Machac,24.5,Player,MEES ROTTGERING,,,https://www.flashscore.com/res/image/data/bsWIvMjl-AuG1DZlE.png,,2026-08-25T15:38:12.912-04:00,2026-08-25T16:30:42-04:00,match_total_games,0,,0,3811,ATP,,1,,N/A,,OK,,,0.6170847879053091,,,,,17,26,29,,,,,,,,24,24,24,,hard,0,6.234375,2.96875,0.7221120496235034,0.6,65,False,False,,,OK,3,2,1,0,0.6666666666666666,0.3333333333333333,0.6666666666666666,0.3333333333333333,2,1,2,1,0,3,2,1,0,0.6666666666666666,0.3333333333333333,0.6666666666666666,0.3333333333333333,,0,58,250.0,-192,ATP,NEUTRAL,FIELD,HIGH,108,26,3,92,2026-05-25,108,1,,0.6666666666666666,1.283333333333333,24,-0.5,0.58,0.2025,5.393398668498659,0.6666666666666666,0.06666666666666665,5.123728735073726,?,0.95,0.6407,OVER,ml_prob_fallback,ml_prob_fallback,B,,3811,0.5,UNDER,OVER,FORCED_OVER_ONLY_GOB_DEM,OVER,ml_prob_unified,3,6.245
14115520,Tomas Machac,TOMAS MACHAC,Total Games,20.5,2026-08-25T17:30:00.000-04:00,Tennis,ATP / HARD,Goblin,22,,,14115520,201199,182459,Tomas Machac,20.5,Player,MEES ROTTGERING,,,https://www.flashscore.com/res/image/data/bsWIvMjl-AuG1DZlE.png,,2026-08-25T15:38:12.912-04:00,2026-08-25T16:30:42-04:00,match_total_games,0,,0,3811,ATP,offset_estimate,1,,N/A,,OK,,,0.6170847879053091,,,,,17,26,29,,,,,,,,24,24,24,,hard,0,6.234375,2.96875,0.7221120496235034,0.6,65,False,False,,,OK,3,2,1,0,0.6666666666666666,0.3333333333333333,0.6666666666666666,0.3333333333333333,2,1,2,1,0,3,2,1,0,0.6666666666666666,0.3333333333333333,0.6666666666666666,0.3333333333333333,,0,58,250.0,-192,ATP,NEUTRAL,FIELD,HIGH,108,26,3,92,2026-05-25,108,1,,0.6666666666666666,1.283333333333333,24,3.5,0.6183,-0.3524,5.393398668498659,0.6666666666666666,0.06666666666666665,5.123728735073726,?,0.95,0.6522,OVER,distance,distance,C,,3811,3.5,OVER,OVER,FORCED_OVER_ONLY_GOB_DEM,OVER,ml_prob_unified,3,6.245
14119289,Tomas Machac,TOMAS MACHAC,Total Games,19.5,2026-08-25T17:30:00.000-04:00,Tennis,ATP / HARD,Goblin,21.5,,,14119289,201199,182459,Tomas Machac,19.5,Player,MEES ROTTGERING,,,https://www.flashscore.com/res/image/data/bsWIvMjl-AuG1DZlE.png,,2026-08-25T15:38:12.912-04:00,2026-08-25T16:30:42-04:00,match_total_games,0,,0,3811,ATP,offset_estimate,2,,N/A,,OK,,,0.6170847879053091,,,,,17,26,29,,,,,,,,24,24,24,,hard,0,6.234375,2.96875,0.7221120496235034,0.6,65,False,False,,,OK,3,2,1,0,0.6666666666666666,0.3333333333333333,0.6666666666666666,0.3333333333333333,2,1,2,1,0,3,2,1,0,0.6666666666666666,0.3333333333333333,0.6666666666666666,0.3333333333333333,,0,58,250.0,-192,ATP,NEUTRAL,FIELD,HIGH,108,26,3,92,2026-05-25,108,1,,0.6666666666666666,1.283333333333333,24,4.5,0.58,-0.409,5.393398668498659,0.6666666666666666,0.06666666666666665,5.123728735073726,?,0.95,0.6407,OVER,distance,distance,B,,3811,4.5,OVER,OVER,FORCED_OVER_ONLY_GOB_DEM,OVER,ml_prob_unified,3,6.245
14119292,Tomas Machac,TOMAS MACHAC,Total Games Won,15.5,2026-08-25T17:30:00.000-04:00,Tennis,ATP / HARD,Demon,,,,14119292,201199,182459,Tomas Machac,15.5,Player,MEES ROTTGERING,,,https://www.flashscore.com/res/image/data/bsWIvMjl-AuG1DZlE.png,,2026-08-25T15:38:12.912-04:00,2026-08-25T16:30:42-04:00,games_won,0,,0,3811,ATP,,3,,N/A,,OK,,,0.6170847879053091,,,,,5,8,18,,,,,,,,10.33333333333333,10.33333333333333,10.33333333333333,,hard,0,6.234375,2.96875,0.7221120496235034,0.6,65,False,False,,,OK,3,1,2,0,0.3333333333333333,0.6666666666666666,0.3333333333333333,0.6666666666666666,1,2,1,2,0,3,1,2,0,0.3333333333333333,0.6666666666666666,0.3333333333333333,0.6666666666666666,,0,58,250.0,-192,ATP,NEUTRAL,FIELD,HIGH,108,26,3,92,2026-05-25,108,1,,0.3333333333333333,0.6166666666666666,10.33333333333333,-5.16666666666667,0.58,0.5743,2.37651572858445,0.3333333333333333,-0.003000000000000003,2.257689942155228,?,0.95,0.4073,OVER,ml_prob_fallback,ml_prob_fallback,C,,3811,5.16666666666667,UNDER,OVER,FORCED_OVER_ONLY_GOB_DEM,OVER,ml_prob_unified,3,6.8069
14119287,Mees Rottgering,MEES ROTTGERING,Total Games Won,14.5,2026-08-25T17:30:00.000-04:00,Tennis,ATP / HARD,Demon,11.5,,,14119287,299273,182459,Mees Rottgering,14.5,Player,TOMAS MACHAC,,,https://static.flashscore.com/res/image/data/YkgYO4e5-rRX7fAS9.png,,2026-08-25T15:38:12.912-04:00,2026-08-25T16:30:42-04:00,games_won,0,,0,15457,ATP,sibling_or_pp,3,,N/A,,OK,,,,,,,,15,8,,,,,,,,,11.5,11.5,11.5,,hard,0,,,,,,,,,,OK,2,1,1,0,0.5,0.5,0.5,0.5,1,1,1,1,0,2,1,1,0,0.5,0.5,0.5,0.5,,0,250,58.0,192,ATP,NEUTRAL,FIELD,HIGH,113,23,3,197,2026-02-09,113,1,,0.5,1.05,11.5,-3.0,0.58,0.5326,4.254852225201073,0.5,0.03000000000000003,4.04210961394102,?,0.95,0.524,OVER,distance,distance,B,,15457,3.0,UNDER,OVER,FORCED_OVER_ONLY_GOB_DEM,OVER,ml_prob_unified,2,4.9497
14119291,Tomas Machac,TOMAS MACHAC,Total Games Won,14.5,2026-08-25T17:30:00.000-04:00,Tennis,ATP / HARD,Demon,,,,14119291,201199,182459,Tomas Machac,14.5,Player,MEES ROTTGERING,,,https://www.flashscore.com/res/image/data/bsWIvMjl-AuG1DZlE.png,,2026-08-25T15:38:12.912-04:00,2026-08-25T16:30:42-04:00,games_won,0,,0,3811,ATP,,2,,N/A,,OK,,,0.6170847879053091,,,,,5,8,18,,,,,,,,10.33333333333333,10.33333333333333,10.33333333333333,,hard,0,6.234375,2.96875,0.7221120496235034,0.6,65,False,False,,,OK,3,1,2,0,0.3333333333333333,0.6666666666666666,0.3333333333333333,0.6666666666666666,1,2,1,2,0,3,1,2,0,0.3333333333333333,0.6666666666666666,0.3333333333333333,0.6666666666666666,,0,58,250.0,-192,ATP,NEUTRAL,FIELD,HIGH,108,26,3,92,2026-05-25,108,1,,0.3333333333333333,0.6166666666666666,10.33333333333333,-4.16666666666667,0.58,0.5647,2.37651572858445,0.3333333333333333,-0.003000000000000003,2.257689942155228,?,0.95,0.4073,OVER,ml_prob_fallback,ml_prob_fallback,C,,3811,4.16666666666667,UNDER,OVER,FORCED_OVER_ONLY_GOB_DEM,OVER,ml_prob_unified,3,6.8069
14119286,Mees Rottgering,MEES ROTTGERING,Total Games Won,13.5,2026-08-25T17:30:00.000-04:00,Tennis,ATP / HARD,Demon,11.5,,,14119286,299273,182459,Mees Rottgering,13.5,Player,TOMAS MACHAC,,,https://static.flashscore.com/res/image/data/YkgYO4e5-rRX7fAS9.png,,2026-08-25T15:38:12.912-04:00,2026-08-25T16:30:42-04:00,games_won,0,,0,15457,ATP,sibling_or_pp,2,,N/A,,OK,,,,,,,,15,8,,,,,,,,,11.5,11.5,11.5,,hard,0,,,,,,,,,,OK,2,1,1,0,0.5,0.5,0.5,0.5,1,1,1,1,0,2,1,1,0,0.5,0.5,0.5,0.5,,0,250,58.0,192,ATP,NEUTRAL,FIELD,HIGH,113,23,3,197,2026-02-09,113,1,,0.5,1.05,11.5,-2.0,0.58,0.4608,4.254852225201073,0.5,0.03000000000000003,4.04210961394102,?,0.95,0.524,OVER,distance,distance,B,,15457,2.0,UNDER,OVER,FORCED_OVER_ONLY_GOB_DEM,OVER,ml_prob_unified,2,4.9497
14119293,Tomas Machac,TOMAS MACHAC,Total Games Won,13.5,2026-08-25T17:30:00.000-04:00,Tennis,ATP / HARD,Demon,,,,14119293,201199,182459,Tomas Machac,13.5,Player,MEES ROTTGERING,,,https://www.flashscore.com/res/image/data/bsWIvMjl-AuG1DZlE.png,,2026-08-25T15:38:12.912-04:00,2026-08-25T16:30:42-04:00,games_won,0,,0,3811,ATP,,1,,N/A,,OK,,,0.6170847879053091,,,,,5,8,18,,,,,,,,10.33333333333333,10.33333333333333,10.33333333333333,,hard,0,6.234375,2.96875,0.7221120496235034,0.6,65,False,False,,,OK,3,1,2,0,0.3333333333333333,0.6666666666666666,0.3333333333333333,0.6666666666666666,1,2,1,2,0,3,1,2,0,0.3333333333333333,0.6666666666666666,0.3333333333333333,0.6666666666666666,,0,58,250.0,-192,ATP,NEUTRAL,FIELD,HIGH,108,26,3,92,2026-05-25,108,1,,0.3333333333333333,0.6166666666666666,10.33333333333333,-3.1666666666666696,0.58,0.5396,2.37651572858445,0.3333333333333333,-0.003000000000000003,2.257689942155228,?,0.95,0.4073,OVER,ml_prob_fallback,ml_prob_fallback,C,,3811,3.1666666666666696,UNDER,OVER,FORCED_OVER_ONLY_GOB_DEM,OVER,ml_prob_unified,3,6.8069
14119288,Mees Rottgering,MEES ROTTGERING,Total Games Won,12.5,2026-08-25T17:30:00.000-04:00,Tennis,ATP / HARD,Demon,11.5,,,14119288,299273,182459,Mees Rottgering,12.5,Player,TOMAS MACHAC,,,https://static.flashscore.com/res/image/data/YkgYO4e5-rRX7fAS9.png,,2026-08-25T15:38:12.912-04:00,2026-08-25T16:30:42-04:00,games_won,0,,0,15457,ATP,sibling_or_pp,1,,N/A,,OK,,,,,,,,15,8,,,,,,,,,11.5,11.5,11.5,,hard,0,,,,,,,,,,OK,2,1,1,0,0.5,0.5,0.5,0.5,1,1,1,1,0,2,1,1,0,0.5,0.5,0.5,0.5,,0,250,58.0,192,ATP,NEUTRAL,FIELD,HIGH,113,23,3,197,2026-02-09,113,1,,0.5,1.05,11.5,-1.0,0.58,0.3111,4.254852225201073,0.5,0.03000000000000003,4.04210961394102,?,0.95,0.524,OVER,distance,distance,A,,15457,1.0,UNDER,OVER,FORCED_OVER_ONLY_GOB_DEM,OVER,ml_prob_unified,2,4.9497
14119290,Tomas Machac,TOMAS MACHAC,Total Games Won,11.5,2026-08-25T17:30:00.000-04:00,Tennis,ATP / HARD,Goblin,13,,,14119290,201199,182459,Tomas Machac,11.5,Player,MEES ROTTGERING,,,https://www.flashscore.com/res/image/data/bsWIvMjl-AuG1DZlE.png,,2026-08-25T15:38:12.912-04:00,2026-08-25T16:30:42-04:00,games_won,0,,0,3811,ATP,offset_estimate,1,,N/A,,OK,,,0.6170847879053091,,,,,5,8,18,,,,,,,,10.33333333333333,10.33333333333333,10.33333333333333,,hard,0,6.234375,2.96875,0.7221120496235034,0.6,65,False,False,,,OK,3,1,2,0,0.3333333333333333,0.6666666666666666,0.3333333333333333,0.6666666666666666,1,2,1,2,0,3,1,2,0,0.3333333333333333,0.6666666666666666,0.3333333333333333,0.6666666666666666,,0,58,250.0,-192,ATP,NEUTRAL,FIELD,HIGH,108,26,3,92,2026-05-25,108,1,,0.3333333333333333,0.6166666666666666,10.33333333333333,-1.1666666666666696,0.58,0.3425,2.37651572858445,0.3333333333333333,-0.003000000000000003,2.257689942155228,?,0.95,0.4073,OVER,distance,distance,C,,3811,1.1666666666666696,UNDER,OVER,FORCED_OVER_ONLY_GOB_DEM,OVER,ml_prob_unified,3,6.8069
14121387,Mees Rottgering,MEES ROTTGERING,Total Games Won,11.5,2026-08-25T17:30:00.000-04:00,Tennis,ATP / HARD,Standard,11.5,,,14121387,299273,182459,Mees Rottgering,11.5,Player,TOMAS MACHAC,,,https://static.flashscore.com/res/image/data/YkgYO4e5-rRX7fAS9.png,,2026-08-25T15:38:12.912-04:00,2026-08-25T16:30:42-04:00,games_won,0,,0,15457,ATP,pp_or_step1,0,,N/A,,OK,,,,,,,,15,8,,,,,,,,,11.5,11.5,11.5,,hard,0,,,,,,,,,,OK,2,1,1,0,0.5,0.5,0.5,0.5,1,1,1,1,0,2,1,1,0,0.5,0.5,0.5,0.5,,0,250,58.0,192,ATP,NEUTRAL,FIELD,HIGH,113,23,3,197,2026-02-09,113,1,,0.5,1.05,11.5,0.0,0.58,0.08,4.254852225201073,0.5,0.03000000000000003,4.04210961394102,?,0.95,0.524,OVER,ml_prob,ml_prob,C,,15457,0.0,OVER,OVER,STANDARD_TIEBREAK_HR5_OVER,OVER,ml_prob_unified,2,4.9497
14119284,Mees Rottgering,MEES ROTTGERING,Total Games Won,8.5,2026-08-25T17:30:00.000-04:00,Tennis,ATP / HARD,Goblin,11.5,,,14119284,299273,182459,Mees Rottgering,8.5,Player,TOMAS MACHAC,,,https://static.flashscore.com/res/image/data/YkgYO4e5-rRX7fAS9.png,,2026-08-25T15:38:12.912-04:00,2026-08-25T16:30:42-04:00,games_won,0,,0,15457,ATP,sibling_or_pp,1,,N/A,,OK,,,,,,,,15,8,,,,,,,,,11.5,11.5,11.5,,hard,0,,,,,,,,,,OK,2,1,1,0,0.5,0.5,0.5,0.5,1,1,1,1,0,2,1,1,0,0.5,0.5,0.5,0.5,,0,250,58.0,192,ATP,NEUTRAL,FIELD,HIGH,113,23,3,197,2026-02-09,113,1,,0.5,1.05,11.5,3.0,0.58,-0.3726,4.254852225201073,0.5,0.03000000000000003,4.04210961394102,?,0.95,0.524,OVER,distance,distance,B,,15457,3.0,OVER,OVER,FORCED_OVER_ONLY_GOB_DEM,OVER,ml_prob_unified,2,4.9497
14122785,Tomas Machac,TOMAS MACHAC,Aces,8.5,2026-08-25T17:30:00.000-04:00,Tennis,ATP / HARD,Demon,,,,14122785,201199,182459,Tomas Machac,8.5,Player,MEES ROTTGERING,,,https://www.flashscore.com/res/image/data/bsWIvMjl-AuG1DZlE.png,,2026-08-25T15:38:12.912-04:00,2026-08-25T16:30:42-04:00,aces,0,,0,3811,ATP,,2,,N/A,,OK,,,0.6170847879053091,,,,,3,3,4,9,0,3,0,3,4,4,3.8,3.3,3.3,,hard,0,6.234375,2.96875,0.7221120496235034,0.6,65,False,False,,,OK,5,1,4,0,0.2,0.8,0.2,0.8,1,4,1,4,0,10,1,9,0,0.1,0.9,0.1,0.9,,0,58,250.0,-192,ATP,SERVE_HEAVY,FIELD,HIGH,108,26,3,92,2026-05-25,108,1,,0.15000000000000002,0.2500000000000001,3.8,-4.7,0.0206,0.0116,0.9187791152815014,0.15,-0.003000000000000003,0.8728401595174262,?,0.95,0.1112,OVER,ml_prob_fallback,ml_prob_fallback,C,,3811,4.7,UNDER,OVER,FORCED_OVER_ONLY_GOB_DEM,OVER,ml_prob_unified,10,2.4967
14119283,Mees Rottgering,MEES ROTTGERING,Total Games Won,7.5,2026-08-25T17:30:00.000-04:00,Tennis,ATP / HARD,Goblin,11.5,,,14119283,299273,182459,Mees Rottgering,7.5,Player,TOMAS MACHAC,,,https://static.flashscore.com/res/image/data/YkgYO4e5-rRX7fAS9.png,,2026-08-25T15:38:12.912-04:00,2026-08-25T16:30:42-04:00,games_won,0,,0,15457,ATP,sibling_or_pp,2,,N/A,,OK,,,,,,,,15,8,,,,,,,,,11.5,11.5,11.5,,hard,0,,,,,,,,,,OK,2,2,0,0,1,0,1,0,2,0,2,0,0,2,2,0,0,1,0,1,0,,0,250,58.0,192,ATP,NEUTRAL,FIELD,HIGH,113,23,3,197,2026-02-09,113,1,,1.0,2.05,11.5,4.0,0.58,-0.402,9.215174223592493,1,0.07840000000000003,8.754415512412868,?,0.95,0.874,OVER,distance,distance,A,,15457,4.0,OVER,OVER,FORCED_OVER_ONLY_GOB_DEM,OVER,ml_prob_unified,2,4.9497
14122784,Tomas Machac,TOMAS MACHAC,Aces,7.5,2026-08-25T17:30:00.000-04:00,Tennis,ATP / HARD,Demon,,,,14122784,201199,182459,Tomas Machac,7.5,Player,MEES ROTTGERING,,,https://www.flashscore.com/res/image/data/bsWIvMjl-AuG1DZlE.png,,2026-08-25T15:38:12.912-04:00,2026-08-25T16:30:42-04:00,aces,0,,0,3811,ATP,,1,,N/A,,OK,,,0.6170847879053091,,,,,3,3,4,9,0,3,0,3,4,4,3.8,3.3,3.3,,hard,0,6.234375,2.96875,0.7221120496235034,0.6,65,False,False,,,OK,5,1,4,0,0.2,0.8,0.2,0.8,1,4,1,4,0,10,1,9,0,0.1,0.9,0.1,0.9,,0,58,250.0,-192,ATP,SERVE_HEAVY,FIELD,HIGH,108,26,3,92,2026-05-25,108,1,,0.15000000000000002,0.2500000000000001,3.8,-3.7,0.039,0.0149,0.9187791152815014,0.15,-0.003000000000000003,0.8728401595174262,?,0.95,0.1167,OVER,ml_prob_fallback,ml_prob_fallback,C,,3811,3.7,UNDER,OVER,FORCED_OVER_ONLY_GOB_DEM,OVER,ml_prob_unified,10,2.4967
14119285,Mees Rottgering,MEES ROTTGERING,Total Games Won,6.5,2026-08-25T17:30:00.000-04:00,Tennis,ATP / HARD,Goblin,11.5,,,14119285,299273,182459,Mees Rottgering,6.5,Player,TOMAS MACHAC,,,https://static.flashscore.com/res/image/data/YkgYO4e5-rRX7fAS9.png,,2026-08-25T15:38:12.912-04:00,2026-08-25T16:30:42-04:00,games_won,0,,0,15457,ATP,sibling_or_pp,3,,N/A,,OK,,,,,,,,15,8,,,,,,,,,11.5,11.5,11.5,,hard,0,,,,,,,,,,OK,2,2,0,0,1,0,1,0,2,0,2,0,0,2,2,0,0,1,0,1,0,,0,250,58.0,192,ATP,NEUTRAL,FIELD,HIGH,113,23,3,197,2026-02-09,113,1,,1.0,2.05,11.5,5.0,0.6125,-0.3808,9.215174223592493,1,0.07840000000000003,8.754415512412868,?,0.95,0.8838,OVER,distance,distance,A,,15457,5.0,OVER,OVER,FORCED_OVER_ONLY_GOB_DEM,OVER,ml_prob_unified,2,4.9497
14122778,Mees Rottgering,MEES ROTTGERING,Aces,6.5,2026-08-25T17:30:00.000-04:00,Tennis,ATP / HARD,Demon,,,,14122778,299273,182459,Mees Rottgering,6.5,Player,TOMAS MACHAC,,,https://static.flashscore.com/res/image/data/YkgYO4e5-rRX7fAS9.png,,2026-08-25T15:38:12.912-04:00,2026-08-25T16:30:42-04:00,aces,0,,0,15457,ATP,,2,,N/A,,OK,,,,,,,,9,1,4,3,5,4,5,1,3,0,4.4,3.5,3.5,,hard,0,,,,,,,,,,OK,5,1,4,0,0.2,0.8,0.2,0.8,1,4,1,4,0,10,1,9,0,0.1,0.9,0.1,0.9,,0,250,58.0,192,ATP,SERVE_HEAVY,FIELD,HIGH,113,23,3,197,2026-02-09,113,1,,0.15000000000000002,0.35,4.4,-2.0999999999999996,0.0512,-0.0579,1.291357785522788,0.15,-0.003000000000000003,1.226789896246649,?,0.95,0.1204,OVER,ml_prob_fallback,ml_prob_fallback,C,,15457,2.0999999999999996,UNDER,OVER,FORCED_OVER_ONLY_GOB_DEM,OVER,ml_prob_unified,10,2.5927
14122782,Mees Rottgering,MEES ROTTGERING,Double Faults,6.5,2026-08-25T17:30:00.000-04:00,Tennis,ATP / HARD,Demon,,,,14122782,299273,182459,Mees Rottgering,6.5,Player,TOMAS MACHAC,,,https://static.flashscore.com/res/image/data/YkgYO4e5-rRX7fAS9.png,,2026-08-25T15:38:12.912-04:00,2026-08-25T16:30:42-04:00,double_faults,0,,0,15457,ATP,,3,,N/A,,OK,,,,,,,,3,3,1,4,2,3,3,4,5,2,2.6,3,3,,hard,0,,,,,,,,,,OK,5,0,5,0,0,1,0,1,0,5,0,5,0,10,0,10,0,0,1,0,1,,0,250,58.0,192,ATP,NEUTRAL,FIELD,HIGH,113,23,3,197,2026-02-09,113,1,,0.0,0.05,2.6,-3.9,0.0503,0.0305,0.1777932466487936,0,-0.003000000000000003,0.1689035843163539,?,0.95,0.0151,OVER,ml_prob_fallback,ml_prob_fallback,C,,15457,3.9,UNDER,OVER,FORCED_OVER_ONLY_GOB_DEM,OVER,ml_prob_unified,10,1.1547
14122777,Mees Rottgering,MEES ROTTGERING,Aces,5.5,2026-08-25T17:30:00.000-04:00,Tennis,ATP / HARD,Demon,,,,14122777,299273,182459,Mees Rottgering,5.5,Player,TOMAS MACHAC,,,https://static.flashscore.com/res/image/data/YkgYO4e5-rRX7fAS9.png,,2026-08-25T15:38:12.912-04:00,2026-08-25T16:30:42-04:00,aces,0,,0,15457,ATP,,1,,N/A,,OK,,,,,,,,9,1,4,3,5,4,5,1,3,0,4.4,3.5,3.5,,hard,0,,,,,,,,,,OK,5,1,4,0,0.2,0.8,0.2,0.8,1,4,1,4,0,10,1,9,0,0.1,0.9,0.1,0.9,,0,250,58.0,192,ATP,SERVE_HEAVY,FIELD,HIGH,113,23,3,197,2026-02-09,113,1,,0.15000000000000002,0.35,4.4,-1.0999999999999996,0.0557,-0.1941,1.291357785522788,0.15,-0.003000000000000003,1.226789896246649,?,0.95,0.1217,OVER,ml_prob_fallback,ml_prob_fallback,C,,15457,1.0999999999999996,UNDER,OVER,FORCED_OVER_ONLY_GOB_DEM,OVER,ml_prob_unified,10,2.5927
14122781,Mees Rottgering,MEES ROTTGERING,Double Faults,5.5,2026-08-25T17:30:00.000-04:00,Tennis,ATP / HARD,Demon,,,,14122781,299273,182459,Mees Rottgering,5.5,Player,TOMAS MACHAC,,,https://static.flashscore.com/res/image/data/YkgYO4e5-rRX7fAS9.png,,2026-08-25T15:38:12.912-04:00,2026-08-25T16:30:42-04:00,double_faults,0,,0,15457,ATP,,2,,N/A,,OK,,,,,,,,3,3,1,4,2,3,3,4,5,2,2.6,3,3,,hard,0,,,,,,,,,,OK,5,0,5,0,0,1,0,1,0,5,0,5,0,10,0,10,0,0,1,0,1,,0,250,58.0,192,ATP,NEUTRAL,FIELD,HIGH,113,23,3,197,2026-02-09,113,1,,0.0,0.05,2.6,-2.9,0.0547,0.0026,0.1777932466487936,0,-0.003000000000000003,0.1689035843163539,?,0.95,0.0164,OVER,ml_prob_fallback,ml_prob_fallback,C,,15457,2.9,UNDER,OVER,FORCED_OVER_ONLY_GOB_DEM,OVER,ml_prob_unified,10,1.1547
14122786,Tomas Machac,TOMAS MACHAC,Aces,5.5,2026-08-25T17:30:00.000-04:00,Tennis,ATP / HARD,Goblin,7,,,14122786,201199,182459,Tomas Machac,5.5,Player,MEES ROTTGERING,,,https://www.flashscore.com/res/image/data/bsWIvMjl-AuG1DZlE.png,,2026-08-25T15:38:12.912-04:00,2026-08-25T16:30:42-04:00,aces,0,,0,3811,ATP,offset_estimate,1,,N/A,,OK,,,0.6170847879053091,,,,,3,3,4,9,0,3,0,3,4,4,3.8,3.3,3.3,,hard,0,6.234375,2.96875,0.7221120496235034,0.6,65,False,False,,,OK,5,1,4,0,0.2,0.8,0.2,0.8,1,4,1,4,0,10,1,9,0,0.1,0.9,0.1,0.9,,0,58,250.0,-192,ATP,SERVE_HEAVY,FIELD,HIGH,108,26,3,92,2026-05-25,108,1,,0.15000000000000002,0.2500000000000001,3.8,-1.7000000000000002,0.08,-0.0745,0.9187791152815014,0.15,-0.003000000000000003,0.8728401595174262,?,0.95,0.129,OVER,distance,distance,C,,3811,1.7000000000000002,UNDER,OVER,FORCED_OVER_ONLY_GOB_DEM,OVER,ml_prob_unified,10,2.4967
14122788,Tomas Machac,TOMAS MACHAC,Double Faults,5.5,2026-08-25T17:30:00.000-04:00,Tennis,ATP / HARD,Demon,,,,14122788,201199,182459,Tomas Machac,5.5,Player,MEES ROTTGERING,,,https://www.flashscore.com/res/image/data/bsWIvMjl-AuG1DZlE.png,,2026-08-25T15:38:12.912-04:00,2026-08-25T16:30:42-04:00,double_faults,0,,0,3811,ATP,,3,,N/A,,OK,,,0.6170847879053091,,,,,4,2,5,4,3,3,6,2,1,3,3.6,3.3,3.3,,hard,0,6.234375,2.96875,0.7221120496235034,0.6,65,False,False,,,OK,5,0,5,0,0,1,0,1,0,5,0,5,0,10,1,9,0,0.1,0.9,0.1,0.9,,0,58,250.0,-192,ATP,NEUTRAL,FIELD,HIGH,108,26,3,92,2026-05-25,108,1,,0.05,0.05,3.6,-1.9,0.028,-0.1021,0.1794102466487936,0.05,-0.003000000000000003,0.1704397343163539,?,0.95,0.0434,OVER,ml_prob_fallback,ml_prob_fallback,C,,3811,1.9,UNDER,OVER,FORCED_OVER_ONLY_GOB_DEM,OVER,ml_prob_unified,10,1.4944
14122780,Mees Rottgering,MEES ROTTGERING,Double Faults,4.5,2026-08-25T17:30:00.000-04:00,Tennis,ATP / HARD,Demon,,,,14122780,299273,182459,Mees Rottgering,4.5,Player,TOMAS MACHAC,,,https://static.flashscore.com/res/image/data/YkgYO4e5-rRX7fAS9.png,,2026-08-25T15:38:12.912-04:00,2026-08-25T16:30:42-04:00,double_faults,0,,0,15457,ATP,,1,,N/A,,OK,,,,,,,,3,3,1,4,2,3,3,4,5,2,2.6,3,3,,hard,0,,,,,,,,,,OK,5,0,5,0,0,1,0,1,0,5,0,5,0,10,1,9,0,0.1,0.9,0.1,0.9,,0,250,58.0,192,ATP,NEUTRAL,FIELD,HIGH,113,23,3,197,2026-02-09,113,1,,0.05,0.15,2.6,-1.9,0.0481,-0.082,0.5401007131367291,0.05,-0.003000000000000003,0.5130956774798927,?,0.95,0.0494,OVER,ml_prob_fallback,ml_prob_fallback,C,,15457,1.9,UNDER,OVER,FORCED_OVER_ONLY_GOB_DEM,OVER,ml_prob_unified,10,1.1547
14122787,Tomas Machac,TOMAS MACHAC,Double Faults,4.5,2026-08-25T17:30:00.000-04:00,Tennis,ATP / HARD,Demon,,,,14122787,201199,182459,Tomas Machac,4.5,Player,MEES ROTTGERING,,,https://www.flashscore.com/res/image/data/bsWIvMjl-AuG1DZlE.png,,2026-08-25T15:38:12.912-04:00,2026-08-25T16:30:42-04:00,double_faults,0,,0,3811,ATP,,2,,N/A,,OK,,,0.6170847879053091,,,,,4,2,5,4,3,3,6,2,1,3,3.6,3.3,3.3,,hard,0,6.234375,2.96875,0.7221120496235034,0.6,65,False,False,,,OK,5,1,4,0,0.2,0.8,0.2,0.8,1,4,1,4,0,10,2,8,0,0.2,0.8,0.2,0.8,,0,58,250.0,-192,ATP,NEUTRAL,FIELD,HIGH,108,26,3,92,2026-05-25,108,1,,0.2,0.35,3.6,-0.8999999999999999,0.08,-0.2091,1.302907785522788,0.2,-0.003000000000000003,1.237762396246649,?,0.95,0.164,OVER,ml_prob_fallback,ml_prob_fallback,C,,3811,0.8999999999999999,UNDER,OVER,FORCED_OVER_ONLY_GOB_DEM,OVER,ml_prob_unified,10,1.4944
14122779,Mees Rottgering,MEES ROTTGERING,Aces,3.5,2026-08-25T17:30:00.000-04:00,Tennis,ATP / HARD,Goblin,5,,,14122779,299273,182459,Mees Rottgering,3.5,Player,TOMAS MACHAC,,,https://static.flashscore.com/res/image/data/YkgYO4e5-rRX7fAS9.png,,2026-08-25T15:38:12.912-04:00,2026-08-25T16:30:42-04:00,aces,0,,0,15457,ATP,offset_estimate,1,,N/A,,OK,,,,,,,,9,1,4,3,5,4,5,1,3,0,4.4,3.5,3.5,,hard,0,,,,,,,,,,OK,5,3,2,0,0.6,0.4,0.6,0.4,3,2,3,2,0,10,5,5,0,0.5,0.5,0.5,0.5,,0,250,58.0,192,ATP,SERVE_HEAVY,FIELD,HIGH,113,23,3,197,2026-02-09,113,1,,0.55,1.15,4.4,0.9000000000000004,0.08,-0.6309,4.726142482573726,0.55,0.05200000000000005,4.489835358445039,?,0.95,0.409,OVER,distance,distance,C,,15457,0.9000000000000004,OVER,OVER,FORCED_OVER_ONLY_GOB_DEM,OVER,ml_prob_unified,10,2.5927
14122789,Tomas Machac,TOMAS MACHAC,Double Faults,3.5,2026-08-25T17:30:00.000-04:00,Tennis,ATP / HARD,Demon,,,,14122789,201199,182459,Tomas Machac,3.5,Player,MEES ROTTGERING,,,https://www.flashscore.com/res/image/data/bsWIvMjl-AuG1DZlE.png,,2026-08-25T15:38:12.912-04:00,2026-08-25T16:30:42-04:00,double_faults,0,,0,3811,ATP,,1,,N/A,,OK,,,0.6170847879053091,,,,,4,2,5,4,3,3,6,2,1,3,3.6,3.3,3.3,,hard,0,6.234375,2.96875,0.7221120496235034,0.6,65,False,False,,,OK,5,3,2,0,0.6,0.4,0.6,0.4,3,2,3,2,0,10,4,6,0,0.4,0.6,0.4,0.6,,0,58,250.0,-192,ATP,NEUTRAL,FIELD,HIGH,108,26,3,92,2026-05-25,108,1,,0.5,0.95,3.6,0.10000000000000009,0.08,-0.445,3.816058412868632,0.5,0.05200000000000005,3.6252554922252,?,0.95,0.374,OVER,ml_prob_fallback,ml_prob_fallback,B,,3811,0.10000000000000009,OVER,OVER,FORCED_OVER_ONLY_GOB_DEM,OVER,ml_prob_unified,10,1.4944
14115161,Tomas Machac,TOMAS MACHAC,Total Sets,2.5,2026-08-25T17:30:00.000-04:00,Tennis,ATP / HARD,Demon,,,,14115161,201199,182459,Tomas Machac,2.5,Player,MEES ROTTGERING,,,https://www.flashscore.com/res/image/data/bsWIvMjl-AuG1DZlE.png,,2026-08-25T15:38:12.912-04:00,2026-08-25T16:30:42-04:00,total_sets,0,,0,3811,ATP,,1,,N/A,,OK,,,0.6170847879053091,,,,,2,3,3,,,,,,,,2.666666666666667,2.666666666666667,2.666666666666667,,hard,0,6.234375,2.96875,0.7221120496235034,0.6,65,False,False,,,OK,3,2,1,0,0.6666666666666666,0.3333333333333333,0.6666666666666666,0.3333333333333333,2,1,2,1,0,3,2,1,0,0.6666666666666666,0.3333333333333333,0.6666666666666666,0.3333333333333333,,0,58,250.0,-192,ATP,NEUTRAL,FIELD,HIGH,108,26,3,92,2026-05-25,108,1,,0.6666666666666666,1.283333333333333,2.666666666666667,0.16666666666666696,0.3659,-0.1757,5.393398668498659,0.6666666666666666,0.06666666666666665,5.123728735073726,?,0.95,0.5764,OVER,ml_prob_fallback,ml_prob_fallback,B,,3811,0.16666666666666696,OVER,OVER,FORCED_OVER_ONLY_GOB_DEM,OVER,ml_prob_unified,3,0.5774
14122783,Mees Rottgering,MEES ROTTGERING,Double Faults,2.5,2026-08-25T17:30:00.000-04:00,Tennis,ATP / HARD,Goblin,4,,,14122783,299273,182459,Mees Rottgering,2.5,Player,TOMAS MACHAC,,,https://static.flashscore.com/res/image/data/YkgYO4e5-rRX7fAS9.png,,2026-08-25T15:38:12.912-04:00,2026-08-25T16:30:42-04:00,double_faults,0,,0,15457,ATP,offset_estimate,1,,N/A,,OK,,,,,,,,3,3,1,4,2,3,3,4,5,2,2.6,3,3,,hard,0,,,,,,,,,,OK,5,3,2,0,0.6,0.4,0.6,0.4,3,2,3,2,0,10,7,3,0,0.7,0.3,0.7,0.3,,0,250,58.0,192,ATP,NEUTRAL,FIELD,HIGH,113,23,3,197,2026-02-09,113,1,,0.6499999999999999,1.35,2.6,0.10000000000000009,0.08,-0.445,5.673011404825737,0.6499999999999999,0.05200000000000005,5.38936083458445,?,0.95,0.479,OVER,distance,distance,C,,15457,0.10000000000000009,OVER,OVER,FORCED_OVER_ONLY_GOB_DEM,OVER,ml_prob_unified,10,1.1547
14122790,Tomas Machac,TOMAS MACHAC,Double Faults,2.5,2026-08-25T17:30:00.000-04:00,Tennis,ATP / HARD,Goblin,4,,,14122790,201199,182459,Tomas Machac,2.5,Player,MEES ROTTGERING,,,https://www.flashscore.com/res/image/data/bsWIvMjl-AuG1DZlE.png,,2026-08-25T15:38:12.912-04:00,2026-08-25T16:30:42-04:00,double_faults,0,,0,3811,ATP,offset_estimate,1,,N/A,,OK,,,0.6170847879053091,,,,,4,2,5,4,3,3,6,2,1,3,3.6,3.3,3.3,,hard,0,6.234375,2.96875,0.7221120496235034,0.6,65,False,False,,,OK,5,4,1,0,0.8,0.2,0.8,0.2,4,1,4,1,0,10,7,3,0,0.7,0.3,0.7,0.3,,0,58,250.0,-192,ATP,NEUTRAL,FIELD,HIGH,108,26,3,92,2026-05-25,108,1,,0.75,1.45,3.6,1.1,0.08,-0.6703,6.216392449329758,0.75,0.07840000000000003,5.90557282686327,?,0.95,0.549,OVER,distance,distance,C,,3811,1.1,OVER,OVER,FORCED_OVER_ONLY_GOB_DEM,OVER,ml_prob_unified,10,1.4944
14127532,Tomas Machac,TOMAS MACHAC,Break Points Won,2.5,2026-08-25T17:30:00.000-04:00,Tennis,ATP / HARD,Standard,2.5,,,14127532,201199,182459,Tomas Machac,2.5,Player,MEES ROTTGERING,,,https://www.flashscore.com/res/image/data/bsWIvMjl-AuG1DZlE.png,,2026-08-25T15:38:12.912-04:00,2026-08-25T16:30:42-04:00,break_points_won,0,,0,3811,ATP,pp_or_step1,0,,N/A,,OK,,,0.6170847879053091,,,,,2,2,1,2,3,5,2,4,3,3,2,2.7,2.7,,hard,0,6.234375,2.96875,0.7221120496235034,0.6,65,False,False,,,OK,5,1,4,0,0.2,0.8,0.2,0.8,1,4,1,4,0,10,5,5,0,0.5,0.5,0.5,0.5,,0,58,250.0,-192,ATP,NEUTRAL,FIELD,HIGH,108,26,3,92,2026-05-25,108,1,,0.35,0.6499999999999999,2,-0.5,0.7813,0.1589,2.514618997319035,0.35,-0.003000000000000003,2.388888047453083,?,0.95,0.4794,UNDER,ml_prob,ml_prob,C,,3811,0.5,UNDER,UNDER,STANDARD_L5AVG_UNDER,UNDER,ml_prob_unified,10,1.1595
14129814,Mees Rottgering,MEES ROTTGERING,Aces,2.5,2026-08-25T17:30:00.000-04:00,Tennis,ATP / HARD,Goblin,4.5,,,14129814,299273,182459,Mees Rottgering,2.5,Player,TOMAS MACHAC,,,https://static.flashscore.com/res/image/data/YkgYO4e5-rRX7fAS9.png,,2026-08-25T15:38:12.912-04:00,2026-08-25T16:30:42-04:00,aces,0,,0,15457,ATP,offset_estimate,2,,N/A,,OK,,,,,,,,9,1,4,3,5,4,5,1,3,0,4.4,3.5,3.5,,hard,0,,,,,,,,,,OK,5,4,1,0,0.8,0.2,0.8,0.2,4,1,4,1,0,10,7,3,0,0.7,0.3,0.7,0.3,,0,250,58.0,192,ATP,SERVE_HEAVY,FIELD,HIGH,113,23,3,197,2026-02-09,113,1,,0.75,1.55,4.4,1.9000000000000004,0.08,-0.7899,6.655497909919571,0.75,0.07840000000000003,6.322723014423592,?,0.95,0.549,OVER,distance,distance,B,,15457,1.9000000000000004,OVER,OVER,FORCED_OVER_ONLY_GOB_DEM,OVER,ml_prob_unified,10,2.5927
14129828,Tomas Machac,TOMAS MACHAC,Aces,2.5,2026-08-25T17:30:00.000-04:00,Tennis,ATP / HARD,Goblin,4.5,,,14129828,201199,182459,Tomas Machac,2.5,Player,MEES ROTTGERING,,,https://www.flashscore.com/res/image/data/bsWIvMjl-AuG1DZlE.png,,2026-08-25T15:38:12.912-04:00,2026-08-25T16:30:42-04:00,aces,0,,0,3811,ATP,offset_estimate,2,,N/A,,OK,,,0.6170847879053091,,,,,3,3,4,9,0,3,0,3,4,4,3.8,3.3,3.3,,hard,0,6.234375,2.96875,0.7221120496235034,0.6,65,False,False,,,OK,5,4,1,0,0.8,0.2,0.8,0.2,4,1,4,1,0,10,8,2,0,0.8,0.2,0.8,0.2,,0,58,250.0,-192,ATP,SERVE_HEAVY,FIELD,HIGH,108,26,3,92,2026-05-25,108,1,,0.8,1.55,3.8,1.2999999999999998,0.08,-0.7058,6.706647909919571,0.8,0.07840000000000003,6.371315514423592,?,0.95,0.584,OVER,distance,distance,B,,3811,1.2999999999999998,OVER,OVER,FORCED_OVER_ONLY_GOB_DEM,OVER,ml_prob_unified,10,2.4967
14119295,Tomas Machac,TOMAS MACHAC,Total Tie Breaks,1.5,2026-08-25T17:30:00.000-04:00,Tennis,ATP / HARD,Demon,,,,14119295,201199,182459,Tomas Machac,1.5,Player,MEES ROTTGERING,,,https://www.flashscore.com/res/image/data/bsWIvMjl-AuG1DZlE.png,,2026-08-25T15:38:12.912-04:00,2026-08-25T16:30:42-04:00,total_tie_breaks,0,,0,3811,ATP,,2,,N/A,,OK,,,0.6170847879053091,,,,,0,0,0,,,,,,,,0,0,0,,hard,0,6.234375,2.96875,0.7221120496235034,0.6,65,False,False,,,OK,3,0,3,0,0,1,0,1,0,3,0,3,0,3,0,3,0,0,1,0,1,,0,58,250.0,-192,ATP,NEUTRAL,FIELD,HIGH,108,26,3,92,2026-05-25,108,1,,0.0,-0.05,0,-1.5,0.1874,0.005,0,0,-0.003000000000000003,0,?,0.95,0.0562,OVER,ml_prob_fallback,ml_prob_fallback,C,,3811,1.5,UNDER,OVER,FORCED_OVER_ONLY_GOB_DEM,OVER,ml_prob_unified,3,0.0
14127531,Mees Rottgering,MEES ROTTGERING,Break Points Won,1.5,2026-08-25T17:30:00.000-04:00,Tennis,ATP / HARD,Standard,1.5,,,14127531,299273,182459,Mees Rottgering,1.5,Player,TOMAS MACHAC,,,https://static.flashscore.com/res/image/data/YkgYO4e5-rRX7fAS9.png,,2026-08-25T15:38:12.912-04:00,2026-08-25T16:30:42-04:00,break_points_won,0,,0,15457,ATP,pp_or_step1,0,,N/A,,OK,,,,,,,,3,0,3,2,3,5,5,6,1,2,2.2,3,3,,hard,0,,,,,,,,,,OK,5,4,1,0,0.8,0.2,0.8,0.2,4,1,4,1,0,10,8,2,0,0.8,0.2,0.8,0.2,,0,250,58.0,192,ATP,NEUTRAL,FIELD,HIGH,113,23,3,197,2026-02-09,113,1,,0.8,1.65,2.2,0.7000000000000002,0.6645,-0.0037,7.150615032707774,0.8,0.07840000000000003,6.793084281072385,?,0.95,0.7594,OVER,ml_prob,ml_prob,B,,15457,0.7000000000000002,OVER,OVER,STANDARD_L5AVG_OVER,OVER,ml_prob_unified,10,1.8856
14119294,Tomas Machac,TOMAS MACHAC,Total Tie Breaks,0.5,2026-08-25T17:30:00.000-04:00,Tennis,ATP / HARD,Demon,,,,14119294,201199,182459,Tomas Machac,0.5,Player,MEES ROTTGERING,,,https://www.flashscore.com/res/image/data/bsWIvMjl-AuG1DZlE.png,,2026-08-25T15:38:12.912-04:00,2026-08-25T16:30:42-04:00,total_tie_breaks,0,,0,3811,ATP,,1,,N/A,,OK,,,0.6170847879053091,,,,,0,0,0,,,,,,,,0,0,0,,hard,0,6.234375,2.96875,0.7221120496235034,0.6,65,False,False,,,OK,3,0,3,0,0,1,0,1,0,3,0,3,0,3,0,3,0,0,1,0,1,,0,58,250.0,-192,ATP,NEUTRAL,FIELD,HIGH,108,26,3,92,2026-05-25,108,1,,0.0,-0.05,0,-0.5,0.3659,-0.0117,0,0,-0.003000000000000003,0,?,0.95,0.1098,OVER,ml_prob_fallback,ml_prob_fallback,C,,3811,0.5,UNDER,OVER,FORCED_OVER_ONLY_GOB_DEM,OVER,ml_prob_unified,3,0.0
14114164,Daniil Medvedev,DANIIL MEDVEDEV,Total Games,25.5,2026-08-25T18:30:00.000-04:00,Tennis,ATP / HARD,Demon,22.5,,,14114164,201271,182439,Daniil Medvedev,25.5,Player,UNKNOWN_OPP,,,https://static.prizepicks.com/images/manual/Medvedev.png,,2026-08-25T01:35:16.221-04:00,2026-08-25T16:30:42-04:00,match_total_games,0,,0,2383,ATP,sibling_or_pp,3,,N/A,,OK,,,0.6364811020478724,,,,,33,22,22,38,25,33,20,19,20,24,28,25.6,25.6,,hard,0,8.1,4.322222222222222,0.7590058255502423,0.6813186813186813,91,True,False,,,OK,5,2,3,0,0.4,0.6,0.4,0.6,2,3,2,3,0,10,3,7,0,0.3,0.7,0.3,0.7,,0,8,,,ATP,NEUTRAL,ELITE,LOW,202,39,5,92,2026-05-25,202,1,,0.35,0.7,28,2.5,0.58,-0.3441,2.713746412868633,0.35,0.008000000000000007,2.578059092225201,?,0.95,0.419,OVER,distance,distance,B,,2383,2.5,OVER,OVER,FORCED_OVER_ONLY_GOB_DEM,OVER,ml_prob_unified,10,6.6533
14114165,Daniil Medvedev,DANIIL MEDVEDEV,Total Games,24.5,2026-08-25T18:30:00.000-04:00,Tennis,ATP / HARD,Demon,22.5,,,14114165,201271,182439,Daniil Medvedev,24.5,Player,UNKNOWN_OPP,,,https://static.prizepicks.com/images/manual/Medvedev.png,,2026-08-25T01:35:16.221-04:00,2026-08-25T16:30:42-04:00,match_total_games,0,,0,2383,ATP,sibling_or_pp,2,,N/A,,OK,,,0.6364811020478724,,,,,33,22,22,38,25,33,20,19,20,24,28,25.6,25.6,,hard,0,8.1,4.322222222222222,0.7590058255502423,0.6813186813186813,91,True,False,,,OK,5,3,2,0,0.6,0.4,0.6,0.4,3,2,3,2,0,10,4,6,0,0.4,0.6,0.4,0.6,,0,8,,,ATP,NEUTRAL,ELITE,LOW,202,39,5,92,2026-05-25,202,1,,0.5,1,28,3.5,0.58,-0.3907,4.033123431635389,0.5,0.05200000000000005,3.831467260053619,?,0.95,0.524,OVER,distance,distance,B,,2383,3.5,OVER,OVER,FORCED_OVER_ONLY_GOB_DEM,OVER,ml_prob_unified,10,6.6533
14114166,Daniil Medvedev,DANIIL MEDVEDEV,Total Games,23.5,2026-08-25T18:30:00.000-04:00,Tennis,ATP / HARD,Demon,22.5,,,14114166,201271,182439,Daniil Medvedev,23.5,Player,UNKNOWN_OPP,,,https://static.prizepicks.com/images/manual/Medvedev.png,,2026-08-25T01:35:16.221-04:00,2026-08-25T16:30:42-04:00,match_total_games,0,,0,2383,ATP,sibling_or_pp,1,,N/A,,OK,,,0.6364811020478724,,,,,33,22,22,38,25,33,20,19,20,24,28,25.6,25.6,,hard,0,8.1,4.322222222222222,0.7590058255502423,0.6813186813186813,91,True,False,,,OK,5,3,2,0,0.6,0.4,0.6,0.4,3,2,3,2,0,10,5,5,0,0.5,0.5,0.5,0.5,,0,8,,,ATP,NEUTRAL,ELITE,LOW,202,39,5,92,2026-05-25,202,1,,0.55,1.1,28,4.5,0.58,-0.409,4.514759903485255,0.55,0.05200000000000005,4.289021908310993,?,0.95,0.559,OVER,distance,distance,A,,2383,4.5,OVER,OVER,FORCED_OVER_ONLY_GOB_DEM,OVER,ml_prob_unified,10,6.6533
14113697,Daniil Medvedev,DANIIL MEDVEDEV,Total Games,22.5,2026-08-25T18:30:00.000-04:00,Tennis,ATP / HARD,Standard,22.5,,,14113697,201271,182439,Daniil Medvedev,22.5,Player,UNKNOWN_OPP,,,https://static.prizepicks.com/images/manual/Medvedev.png,,2026-08-25T04:09:18.023-04:00,2026-08-25T16:30:42-04:00,match_total_games,0,,0,2383,ATP,pp_or_step1,0,,N/A,,OK,,,0.6364811020478724,,,,,33,22,22,38,25,33,20,19,20,24,28,25.6,25.6,,hard,0,8.1,4.322222222222222,0.7590058255502423,0.6813186813186813,91,True,False,,,OK,5,3,2,0,0.6,0.4,0.6,0.4,3,2,3,2,0,10,5,5,0,0.5,0.5,0.5,0.5,,0,8,,,ATP,NEUTRAL,ELITE,LOW,202,39,5,92,2026-05-25,202,1,,0.55,1.1,28,5.5,0.58,-0.4159,4.514759903485255,0.55,0.05200000000000005,4.289021908310993,?,0.95,0.559,OVER,ml_prob,ml_prob,B,,2383,5.5,OVER,OVER,STANDARD_L5AVG_OVER,OVER,ml_prob_unified,10,6.6533
14115502,Daniil Medvedev,DANIIL MEDVEDEV,Total Games,20.5,2026-08-25T18:30:00.000-04:00,Tennis,ATP / HARD,Goblin,22.5,,,14115502,201271,182439,Daniil Medvedev,20.5,Player,UNKNOWN_OPP,,,https://static.prizepicks.com/images/manual/Medvedev.png,,2026-08-25T01:35:16.221-04:00,2026-08-25T16:30:42-04:00,match_total_games,0,,0,2383,ATP,sibling_or_pp,1,,N/A,,OK,,,0.6364811020478724,,,,,33,22,22,38,25,33,20,19,20,24,28,25.6,25.6,,hard,0,8.1,4.322222222222222,0.7590058255502423,0.6813186813186813,91,True,False,,,OK,5,5,0,0,1,0,1,0,5,0,5,0,0,10,7,3,0,0.7,0.3,0.7,0.3,,0,8,,,ATP,NEUTRAL,ELITE,LOW,202,39,5,92,2026-05-25,202,1,,0.85,1.7,28,7.5,0.58,-0.4194,7.427730095442359,0.85,0.07840000000000003,7.056343590670241,?,0.95,0.769,OVER,distance,distance,B,,2383,7.5,OVER,OVER,FORCED_OVER_ONLY_GOB_DEM,OVER,ml_prob_unified,10,6.6533
14114167,Daniil Medvedev,DANIIL MEDVEDEV,Total Games,19.5,2026-08-25T18:30:00.000-04:00,Tennis,ATP / HARD,Goblin,22.5,,,14114167,201271,182439,Daniil Medvedev,19.5,Player,UNKNOWN_OPP,,,https://static.prizepicks.com/images/manual/Medvedev.png,,2026-08-25T01:35:16.221-04:00,2026-08-25T16:30:42-04:00,match_total_games,0,,0,2383,ATP,sibling_or_pp,2,,N/A,,OK,,,0.6364811020478724,,,,,33,22,22,38,25,33,20,19,20,24,28,25.6,25.6,,hard,0,8.1,4.322222222222222,0.7590058255502423,0.6813186813186813,91,True,False,,,OK,5,5,0,0,1,0,1,0,5,0,5,0,0,10,9,1,0,0.9,0.1,0.9,0.1,,0,8,,,ATP,NEUTRAL,ELITE,LOW,202,39,5,92,2026-05-25,202,1,,0.95,1.9,28,8.5,0.6362,-0.3636,8.441243429490616,0.95,0.07840000000000003,8.019181258016085,?,0.95,0.8559,OVER,distance,distance,B,,2383,8.5,OVER,OVER,FORCED_OVER_ONLY_GOB_DEM,OVER,ml_prob_unified,10,6.6533
14122948,Daniil Medvedev,DANIIL MEDVEDEV,Aces,12.5,2026-08-25T18:30:00.000-04:00,Tennis,ATP / HARD,Demon,,,,14122948,201271,182439,Daniil Medvedev,12.5,Player,UNKNOWN_OPP,,,https://static.prizepicks.com/images/manual/Medvedev.png,,2026-08-25T05:28:51.405-04:00,2026-08-25T16:30:42-04:00,aces,0,,0,2383,ATP,,3,,N/A,,OK,,,0.6364811020478724,,,,,11,11,3,10,13,16,5,3,8,8,9.6,8.8,8.8,,hard,0,8.1,4.322222222222222,0.7590058255502423,0.6813186813186813,91,True,False,,,OK,5,1,4,0,0.2,0.8,0.2,0.8,1,4,1,4,0,10,2,8,0,0.2,0.8,0.2,0.8,,0,8,,,ATP,SERVE_HEAVY,ELITE,LOW,202,39,5,92,2026-05-25,202,1,,0.2,0.4,9.6,-2.9000000000000004,0.0558,0.0036,1.49193291152815,0.2,-0.003000000000000003,1.417336265951743,?,0.95,0.1567,OVER,ml_prob_fallback,ml_prob_fallback,C,,2383,2.9000000000000004,UNDER,OVER,FORCED_OVER_ONLY_GOB_DEM,OVER,ml_prob_unified,10,4.2635
14122947,Daniil Medvedev,DANIIL MEDVEDEV,Aces,11.5,2026-08-25T18:30:00.000-04:00,Tennis,ATP / HARD,Demon,,,,14122947,201271,182439,Daniil Medvedev,11.5,Player,UNKNOWN_OPP,,,https://static.prizepicks.com/images/manual/Medvedev.png,,2026-08-25T05:28:51.355-04:00,2026-08-25T16:30:42-04:00,aces,0,,0,2383,ATP,,2,,N/A,,OK,,,0.6364811020478724,,,,,11,11,3,10,13,16,5,3,8,8,9.6,8.8,8.8,,hard,0,8.1,4.322222222222222,0.7590058255502423,0.6813186813186813,91,True,False,,,OK,5,1,4,0,0.2,0.8,0.2,0.8,1,4,1,4,0,10,2,8,0,0.2,0.8,0.2,0.8,,0,8,,,ATP,SERVE_HEAVY,ELITE,LOW,202,39,5,92,2026-05-25,202,1,,0.2,0.4,9.6,-1.9000000000000004,0.0564,-0.0737,1.49193291152815,0.2,-0.003000000000000003,1.417336265951743,?,0.95,0.1569,OVER,ml_prob_fallback,ml_prob_fallback,C,,2383,1.9000000000000004,UNDER,OVER,FORCED_OVER_ONLY_GOB_DEM,OVER,ml_prob_unified,10,4.2635
14122949,Daniil Medvedev,DANIIL MEDVEDEV,Aces,10.5,2026-08-25T18:30:00.000-04:00,Tennis,ATP / HARD,Demon,,,,14122949,201271,182439,Daniil Medvedev,10.5,Player,UNKNOWN_OPP,,,https://static.prizepicks.com/images/manual/Medvedev.png,,2026-08-25T05:28:51.453-04:00,2026-08-25T16:30:42-04:00,aces,0,,0,2383,ATP,,1,,N/A,,OK,,,0.6364811020478724,,,,,11,11,3,10,13,16,5,3,8,8,9.6,8.8,8.8,,hard,0,8.1,4.322222222222222,0.7590058255502423,0.6813186813186813,91,True,False,,,OK,5,3,2,0,0.6,0.4,0.6,0.4,3,2,3,2,0,10,4,6,0,0.4,0.6,0.4,0.6,,0,8,,,ATP,SERVE_HEAVY,ELITE,LOW,202,39,5,92,2026-05-25,202,1,,0.5,1,9.6,-0.9000000000000004,0.08,-0.2091,4.033123431635389,0.5,0.05200000000000005,3.831467260053619,?,0.95,0.374,OVER,ml_prob_fallback,ml_prob_fallback,B,,2383,0.9000000000000004,UNDER,OVER,FORCED_OVER_ONLY_GOB_DEM,OVER,ml_prob_unified,10,4.2635
14122946,Daniil Medvedev,DANIIL MEDVEDEV,Aces,8.5,2026-08-25T18:30:00.000-04:00,Tennis,ATP / HARD,Goblin,10,,,14122946,201271,182439,Daniil Medvedev,8.5,Player,UNKNOWN_OPP,,,https://static.prizepicks.com/images/manual/Medvedev.png,,2026-08-25T05:28:51.303-04:00,2026-08-25T16:30:42-04:00,aces,0,,0,2383,ATP,offset_estimate,1,,N/A,,OK,,,0.6364811020478724,,,,,11,11,3,10,13,16,5,3,8,8,9.6,8.8,8.8,,hard,0,8.1,4.322222222222222,0.7590058255502423,0.6813186813186813,91,True,False,,,OK,5,4,1,0,0.8,0.2,0.8,0.2,4,1,4,1,0,10,5,5,0,0.5,0.5,0.5,0.5,,0,8,,,ATP,SERVE_HEAVY,ELITE,LOW,202,39,5,92,2026-05-25,202,1,,0.65,1.3,9.6,1.0999999999999996,0.08,-0.6703,5.46120369544236,0.65,0.07840000000000003,5.188143510670241,?,0.95,0.479,OVER,distance,distance,C,,2383,1.0999999999999996,OVER,OVER,FORCED_OVER_ONLY_GOB_DEM,OVER,ml_prob_unified,10,4.2635
14122953,Daniil Medvedev,DANIIL MEDVEDEV,Double Faults,7.5,2026-08-25T18:30:00.000-04:00,Tennis,ATP / HARD,Demon,,,,14122953,201271,182439,Daniil Medvedev,7.5,Player,UNKNOWN_OPP,,,https://static.prizepicks.com/images/manual/Medvedev.png,,2026-08-25T05:28:51.726-04:00,2026-08-25T16:30:42-04:00,double_faults,0,,0,2383,ATP,,3,,N/A,,OK,,,0.6364811020478724,,,,,10,9,9,10,3,5,4,2,2,7,8.2,6.1,6.1,,hard,0,8.1,4.322222222222222,0.7590058255502423,0.6813186813186813,91,True,False,,,OK,5,4,1,0,0.8,0.2,0.8,0.2,4,1,4,1,0,10,4,6,0,0.4,0.6,0.4,0.6,,0,8,,,ATP,NEUTRAL,ELITE,LOW,202,39,5,92,2026-05-25,202,1,,0.6000000000000001,1.2,8.2,0.6999999999999993,0.08,-0.5882,4.983655875603216,0.6000000000000001,0.07840000000000003,4.734473081823055,?,0.95,0.444,OVER,ml_prob_fallback,ml_prob_fallback,B,,2383,0.6999999999999993,OVER,OVER,FORCED_OVER_ONLY_GOB_DEM,OVER,ml_prob_unified,10,3.2813
14122952,Daniil Medvedev,DANIIL MEDVEDEV,Double Faults,6.5,2026-08-25T18:30:00.000-04:00,Tennis,ATP / HARD,Demon,,,,14122952,201271,182439,Daniil Medvedev,6.5,Player,UNKNOWN_OPP,,,https://static.prizepicks.com/images/manual/Medvedev.png,,2026-08-25T05:28:51.676-04:00,2026-08-25T16:30:42-04:00,double_faults,0,,0,2383,ATP,,2,,N/A,,OK,,,0.6364811020478724,,,,,10,9,9,10,3,5,4,2,2,7,8.2,6.1,6.1,,hard,0,8.1,4.322222222222222,0.7590058255502423,0.6813186813186813,91,True,False,,,OK,5,4,1,0,0.8,0.2,0.8,0.2,4,1,4,1,0,10,5,5,0,0.5,0.5,0.5,0.5,,0,8,,,ATP,NEUTRAL,ELITE,LOW,202,39,5,92,2026-05-25,202,1,,0.65,1.3,8.2,1.6999999999999993,0.08,-0.7655,5.46120369544236,0.65,0.07840000000000003,5.188143510670241,?,0.95,0.479,OVER,ml_prob_fallback,ml_prob_fallback,B,,2383,1.6999999999999993,OVER,OVER,FORCED_OVER_ONLY_GOB_DEM,OVER,ml_prob_unified,10,3.2813
14122954,Daniil Medvedev,DANIIL MEDVEDEV,Double Faults,5.5,2026-08-25T18:30:00.000-04:00,Tennis,ATP / HARD,Demon,,,,14122954,201271,182439,Daniil Medvedev,5.5,Player,UNKNOWN_OPP,,,https://static.prizepicks.com/images/manual/Medvedev.png,,2026-08-25T05:28:51.784-04:00,2026-08-25T16:30:42-04:00,double_faults,0,,0,2383,ATP,,1,,N/A,,OK,,,0.6364811020478724,,,,,10,9,9,10,3,5,4,2,2,7,8.2,6.1,6.1,,hard,0,8.1,4.322222222222222,0.7590058255502423,0.6813186813186813,91,True,False,,,OK,5,4,1,0,0.8,0.2,0.8,0.2,4,1,4,1,0,10,5,5,0,0.5,0.5,0.5,0.5,,0,8,,,ATP,NEUTRAL,ELITE,LOW,202,39,5,92,2026-05-25,202,1,,0.65,1.3,8.2,2.6999999999999993,0.08,-0.857,5.46120369544236,0.65,0.07840000000000003,5.188143510670241,?,0.95,0.479,OVER,ml_prob_fallback,ml_prob_fallback,B,,2383,2.6999999999999993,OVER,OVER,FORCED_OVER_ONLY_GOB_DEM,OVER,ml_prob_unified,10,3.2813
14122951,Daniil Medvedev,DANIIL MEDVEDEV,Double Faults,4.5,2026-08-25T18:30:00.000-04:00,Tennis,ATP / HARD,Goblin,6,,,14122951,201271,182439,Daniil Medvedev,4.5,Player,UNKNOWN_OPP,,,https://static.prizepicks.com/images/manual/Medvedev.png,,2026-08-25T05:28:51.628-04:00,2026-08-25T16:30:42-04:00,double_faults,0,,0,2383,ATP,offset_estimate,1,,N/A,,OK,,,0.6364811020478724,,,,,10,9,9,10,3,5,4,2,2,7,8.2,6.1,6.1,,hard,0,8.1,4.322222222222222,0.7590058255502423,0.6813186813186813,91,True,False,,,OK,5,4,1,0,0.8,0.2,0.8,0.2,4,1,4,1,0,10,6,4,0,0.6,0.4,0.6,0.4,,0,8,,,ATP,NEUTRAL,ELITE,LOW,202,39,5,92,2026-05-25,202,1,,0.7,1.4,8.2,3.6999999999999993,0.08,-0.8959,5.948515054155497,0.7,0.07840000000000003,5.651089301447722,?,0.95,0.514,OVER,distance,distance,C,,2383,3.6999999999999993,OVER,OVER,FORCED_OVER_ONLY_GOB_DEM,OVER,ml_prob_unified,10,3.2813
14122950,Daniil Medvedev,DANIIL MEDVEDEV,Double Faults,3.5,2026-08-25T18:30:00.000-04:00,Tennis,ATP / HARD,Goblin,5.5,,,14122950,201271,182439,Daniil Medvedev,3.5,Player,UNKNOWN_OPP,,,https://static.prizepicks.com/images/manual/Medvedev.png,,2026-08-25T05:28:51.577-04:00,2026-08-25T16:30:42-04:00,double_faults,0,,0,2383,ATP,offset_estimate,2,,N/A,,OK,,,0.6364811020478724,,,,,10,9,9,10,3,5,4,2,2,7,8.2,6.1,6.1,,hard,0,8.1,4.322222222222222,0.7590058255502423,0.6813186813186813,91,True,False,,,OK,5,4,1,0,0.8,0.2,0.8,0.2,4,1,4,1,0,10,7,3,0,0.7,0.3,0.7,0.3,,0,8,,,ATP,NEUTRAL,ELITE,LOW,202,39,5,92,2026-05-25,202,1,,0.75,1.5,8.2,4.699999999999999,0.08,-0.911,6.43577761930295,0.75,0.07840000000000003,6.113988738337802,?,0.95,0.549,OVER,distance,distance,B,,2383,4.699999999999999,OVER,OVER,FORCED_OVER_ONLY_GOB_DEM,OVER,ml_prob_unified,10,3.2813
14113554,Daniil Medvedev,DANIIL MEDVEDEV,Total Sets,2.5,2026-08-25T18:30:00.000-04:00,Tennis,ATP / HARD,Demon,,,,14113554,201271,182439,Daniil Medvedev,2.5,Player,UNKNOWN_OPP,,,https://static.prizepicks.com/images/manual/Medvedev.png,,2026-08-25T01:35:16.221-04:00,2026-08-25T16:30:42-04:00,total_sets,0,,0,2383,ATP,,1,,N/A,,OK,,,0.6364811020478724,,,,,3,2,2,3,3,3,2,2,2,3,2.6,2.5,2.5,,hard,0,8.1,4.322222222222222,0.7590058255502423,0.6813186813186813,91,True,False,,,OK,5,3,2,0,0.6,0.4,0.6,0.4,3,2,3,2,0,10,5,5,0,0.5,0.5,0.5,0.5,,0,8,,,ATP,NEUTRAL,ELITE,LOW,202,39,5,92,2026-05-25,202,1,,0.55,1.1,2.6,0.10000000000000009,0.3659,-0.1591,4.514759903485255,0.55,0.05200000000000005,4.289021908310993,?,0.95,0.4948,OVER,ml_prob_fallback,ml_prob_fallback,B,,2383,0.10000000000000009,OVER,OVER,FORCED_OVER_ONLY_GOB_DEM,OVER,ml_prob_unified,10,0.527
14127541,Daniil Medvedev,DANIIL MEDVEDEV,Break Points Won,2.5,2026-08-25T18:30:00.000-04:00,Tennis,ATP / HARD,Standard,2.5,,,14127541,201271,182439,Daniil Medvedev,2.5,Player,UNKNOWN_OPP,,,https://static.prizepicks.com/images/manual/Medvedev.png,,2026-08-25T08:31:50.917-04:00,2026-08-25T16:30:42-04:00,break_points_won,0,,0,2383,ATP,pp_or_step1,0,,N/A,,OK,,,0.6364811020478724,,,,,1,3,4,4,5,7,1,2,3,0,3.4,3,3,,hard,0,8.1,4.322222222222222,0.7590058255502423,0.6813186813186813,91,True,False,,,OK,5,4,1,0,0.8,0.2,0.8,0.2,4,1,4,1,0,10,6,4,0,0.6,0.4,0.6,0.4,,0,8,,,ATP,NEUTRAL,ELITE,LOW,202,39,5,92,2026-05-25,202,1,,0.7,1.4,3.4,0.8999999999999999,0.9159,0.205,5.948515054155497,0.7,0.07840000000000003,5.651089301447722,?,0.95,0.7648,OVER,ml_prob,ml_prob,B,,2383,0.8999999999999999,OVER,OVER,STANDARD_L5AVG_OVER,OVER,ml_prob_unified,10,2.1082
14131772,Kempen M / Panova A,KEMPEN M / PANOVA A,Total Games,19,2026-08-25T18:40:00.000-04:00,Tennis,WTA / HARD,Standard,19,,,14131772,329878,181797,Kempen M / Panova A,19,Player,Chwalinska M / Kraus S,,,https://static.prizepicks.com/images/manual/KempenPanova.png,,2026-08-25T13:36:18.797-04:00,2026-08-25T16:30:42-04:00,match_total_games,1,Chwalinska M / Kraus S,0,4477,WTA,pp_or_step1,0,,N/A,,PENDING,,,,,,,,,,,,,,,,,,,,,,hard,0,,,,,,,,,,MISSING_STAT_VALUES,,,,,,,,,,,,,,,,,,,,,,,0,999,21.0,978,WTA,NEUTRAL,FIELD,UNKNOWN,,,,,,,1,,0.5,1.05,19,0.0,0.58,0.08,4.254852225201073,0.5,0.03000000000000003,4.04210961394102,?,0.95,0.524,OVER,ml_prob,ml_prob,C,,4477,0.0,OVER,OVER,STANDARD_TIEBREAK_HR5_OVER,OVER,ml_prob_unified,0,
14117891,Maya Joint,MAYA JOINT,Total Games,22.5,2026-08-25T18:40:00.000-04:00,Tennis,WTA / HARD,Demon,20.5,,,14117891,203793,182486,Maya Joint,22.5,Player,PANNA UDVARDY,,,https://static.prizepicks.com/images/manual/MayaJoint.webp,,2026-08-25T01:35:16.221-04:00,2026-08-25T16:30:42-04:00,match_total_games,0,,0,14146,WTA,sibling_or_pp,2,,N/A,,OK,,,0.6403430393710771,,,,,25,33,20,26,27,17,22,27,23,31,26.2,25.1,25.1,,hard,0,1.291666666666667,3.145833333333333,0.5937369964941172,0.48,50,False,False,,,OK,5,4,1,0,0.8,0.2,0.8,0.2,4,1,4,1,0,10,7,3,0,0.7,0.3,0.7,0.3,,0,75,76.0,-1,WTA,NEUTRAL,FIELD,HIGH,69,15,2,92,2026-05-25,69,1,,0.75,1.5,26.2,3.6999999999999993,0.58,-0.3959,6.43577761930295,0.75,0.07840000000000003,6.113988738337802,?,0.95,0.699,OVER,distance,distance,B,,14146,3.6999999999999993,OVER,OVER,FORCED_OVER_ONLY_GOB_DEM,OVER,ml_prob_unified,10,4.8408
14117892,Maya Joint,MAYA JOINT,Total Games,21.5,2026-08-25T18:40:00.000-04:00,Tennis,WTA / HARD,Demon,20.5,,,14117892,203793,182486,Maya Joint,21.5,Player,PANNA UDVARDY,,,https://static.prizepicks.com/images/manual/MayaJoint.webp,,2026-08-25T01:35:16.221-04:00,2026-08-25T16:30:42-04:00,match_total_games,0,,0,14146,WTA,sibling_or_pp,1,,N/A,,OK,,,0.6403430393710771,,,,,25,33,20,26,27,17,22,27,23,31,26.2,25.1,25.1,,hard,0,1.291666666666667,3.145833333333333,0.5937369964941172,0.48,50,False,False,,,OK,5,4,1,0,0.8,0.2,0.8,0.2,4,1,4,1,0,10,8,2,0,0.8,0.2,0.8,0.2,,0,75,76.0,-1,WTA,NEUTRAL,FIELD,HIGH,69,15,2,92,2026-05-25,69,1,,0.8,1.6,26.2,4.699999999999999,0.58,-0.411,6.928782275603218,0.8,0.07840000000000003,6.582343161823056,?,0.95,0.734,OVER,distance,distance,A,,14146,4.699999999999999,OVER,OVER,FORCED_OVER_ONLY_GOB_DEM,OVER,ml_prob_unified,10,4.8408
14117221,Maya Joint,MAYA JOINT,Total Games,20.5,2026-08-25T18:40:00.000-04:00,Tennis,WTA / HARD,Standard,20.5,,,14117221,203793,182486,Maya Joint,20.5,Player,PANNA UDVARDY,,,https://static.prizepicks.com/images/manual/MayaJoint.webp,,2026-08-25T06:23:57.054-04:00,2026-08-25T16:30:42-04:00,match_total_games,0,,0,14146,WTA,pp_or_step1,0,,N/A,,OK,,,0.6403430393710771,,,,,25,33,20,26,27,17,22,27,23,31,26.2,25.1,25.1,,hard,0,1.291666666666667,3.145833333333333,0.5937369964941172,0.48,50,False,False,,,OK,5,4,1,0,0.8,0.2,0.8,0.2,4,1,4,1,0,10,8,2,0,0.8,0.2,0.8,0.2,,0,75,76.0,-1,WTA,NEUTRAL,FIELD,HIGH,69,15,2,92,2026-05-25,69,1,,0.8,1.6,26.2,5.699999999999999,0.58,-0.4167,6.928782275603218,0.8,0.07840000000000003,6.582343161823056,?,0.95,0.734,OVER,ml_prob,ml_prob,B,,14146,5.699999999999999,OVER,OVER,STANDARD_L5AVG_OVER,OVER,ml_prob_unified,10,4.8408
14117890,Maya Joint,MAYA JOINT,Total Games,17.5,2026-08-25T18:40:00.000-04:00,Tennis,WTA / HARD,Goblin,20.5,,,14117890,203793,182486,Maya Joint,17.5,Player,PANNA UDVARDY,,,https://static.prizepicks.com/images/manual/MayaJoint.webp,,2026-08-25T01:35:16.221-04:00,2026-08-25T16:30:42-04:00,match_total_games,0,,0,14146,WTA,sibling_or_pp,1,,N/A,,OK,,,0.6403430393710771,,,,,25,33,20,26,27,17,22,27,23,31,26.2,25.1,25.1,,hard,0,1.291666666666667,3.145833333333333,0.5937369964941172,0.48,50,False,False,,,OK,5,5,0,0,1,0,1,0,5,0,5,0,0,10,9,1,0,0.9,0.1,0.9,0.1,,0,75,76.0,-1,WTA,NEUTRAL,FIELD,HIGH,69,15,2,92,2026-05-25,69,1,,0.95,1.9,26.2,8.7,0.6297,-0.3702,8.441243429490616,0.95,0.07840000000000003,8.019181258016085,?,0.95,0.8539,OVER,distance,distance,B,,14146,8.7,OVER,OVER,FORCED_OVER_ONLY_GOB_DEM,OVER,ml_prob_unified,10,4.8408
14117889,Maya Joint,MAYA JOINT,Total Games,16.5,2026-08-25T18:40:00.000-04:00,Tennis,WTA / HARD,Goblin,20.5,,,14117889,203793,182486,Maya Joint,16.5,Player,PANNA UDVARDY,,,https://static.prizepicks.com/images/manual/MayaJoint.webp,,2026-08-25T02:13:52.378-04:00,2026-08-25T16:30:42-04:00,match_total_games,0,,0,14146,WTA,sibling_or_pp,2,,N/A,,OK,,,0.6403430393710771,,,,,25,33,20,26,27,17,22,27,23,31,26.2,25.1,25.1,,hard,0,1.291666666666667,3.145833333333333,0.5937369964941172,0.48,50,False,False,,,OK,5,5,0,0,1,0,1,0,5,0,5,0,0,10,10,0,0,1,0,1,0,,0,75,76.0,-1,WTA,NEUTRAL,FIELD,HIGH,69,15,2,92,2026-05-25,69,1,,1.0,2,26.2,9.7,0.6297,-0.3703,8.972719506702413,1,0.07840000000000003,8.524083531367292,?,0.95,0.8889,OVER,distance,distance,A,,14146,9.7,OVER,OVER,FORCED_OVER_ONLY_GOB_DEM,OVER,ml_prob_unified,10,4.8408
14117894,Maya Joint,MAYA JOINT,Total Games Won,12.5,2026-08-25T18:40:00.000-04:00,Tennis,WTA / HARD,Demon,,,,14117894,203793,182486,Maya Joint,12.5,Player,PANNA UDVARDY,,,https://static.prizepicks.com/images/manual/MayaJoint.webp,,2026-08-25T01:35:16.221-04:00,2026-08-25T16:30:42-04:00,games_won,0,,0,14146,WTA,,1,,N/A,,OK,,,0.6403430393710771,,,,,13,14,12,16,12,12,9,15,8,18,13.4,12.9,12.9,,hard,0,1.291666666666667,3.145833333333333,0.5937369964941172,0.48,50,False,False,,,OK,5,3,2,0,0.6,0.4,0.6,0.4,3,2,3,2,0,10,5,5,0,0.5,0.5,0.5,0.5,,0,75,76.0,-1,WTA,NEUTRAL,FIELD,HIGH,69,15,2,92,2026-05-25,69,1,,0.55,1.1,13.4,0.9000000000000004,0.58,-0.1309,4.514759903485255,0.55,0.05200000000000005,4.289021908310993,?,0.95,0.559,OVER,ml_prob_fallback,ml_prob_fallback,B,,14146,0.9000000000000004,OVER,OVER,FORCED_OVER_ONLY_GOB_DEM,OVER,ml_prob_unified,10,3.035
14117895,Panna Udvardy,PANNA UDVARDY,Total Games Won,9.5,2026-08-25T18:40:00.000-04:00,Tennis,WTA / HARD,Standard,9.5,,,14117895,218752,182486,Panna Udvardy,9.5,Player,MAYA JOINT,,,https://static.flashscore.com/res/image/data/t0KLGnhl-ObUykGn9.png,,2026-08-25T06:35:28.224-04:00,2026-08-25T16:30:42-04:00,games_won,0,,0,3000,WTA,pp_or_step1,0,,N/A,,OK,,,0.5209529921414676,,,,,13,6,5,12,10,14,16,6,9,14,9.2,10.5,10.5,,hard,0,1.428571428571429,2.428571428571428,0.7046526489383631,0.4285714285714285,7,False,False,,,OK,5,3,2,0,0.6,0.4,0.6,0.4,3,2,3,2,0,10,6,4,0,0.6,0.4,0.6,0.4,,0,76,75.0,1,WTA,NEUTRAL,FIELD,HIGH,64,14,2,92,2026-05-25,64,1,,0.6,1.2,9.2,-0.3000000000000007,0.5073,-0.0672,4.976052675603216,0.6,0.05200000000000005,4.727250041823055,?,0.95,0.5722,UNDER,ml_prob,ml_prob,B,,3000,0.3000000000000007,UNDER,UNDER,STANDARD_L5AVG_UNDER,UNDER,ml_prob_unified,10,3.8944
14120524,Panna Udvardy,PANNA UDVARDY,Double Faults,7.5,2026-08-25T18:40:00.000-04:00,Tennis,WTA / HARD,Demon,,,,14120524,218752,182486,Panna Udvardy,7.5,Player,MAYA JOINT,,,https://static.flashscore.com/res/image/data/t0KLGnhl-ObUykGn9.png,,2026-08-25T03:44:52.819-04:00,2026-08-25T16:30:42-04:00,double_faults,0,,0,3000,WTA,,3,,N/A,,OK,,,0.5209529921414676,,,,,3,3,0,2,1,2,6,2,5,3,1.8,2.7,2.7,,hard,0,1.428571428571429,2.428571428571428,0.7046526489383631,0.4285714285714285,7,False,False,,,OK,5,0,5,0,0,1,0,1,0,5,0,5,0,10,0,10,0,0,1,0,1,,0,76,75.0,1,WTA,NEUTRAL,FIELD,HIGH,64,14,2,92,2026-05-25,64,1,,0.0,0,1.8,-5.7,0.0586,0.0553,0,0,-0.003000000000000003,0,?,0.95,0.0176,OVER,ml_prob_fallback,ml_prob_fallback,C,,3000,5.7,UNDER,OVER,FORCED_OVER_ONLY_GOB_DEM,OVER,ml_prob_unified,10,1.767
14120520,Maya Joint,MAYA JOINT,Double Faults,6.5,2026-08-25T18:40:00.000-04:00,Tennis,WTA / HARD,Demon,,,,14120520,203793,182486,Maya Joint,6.5,Player,PANNA UDVARDY,,,https://static.prizepicks.com/images/manual/MayaJoint.webp,,2026-08-25T03:44:52.424-04:00,2026-08-25T16:30:42-04:00,double_faults,0,,0,14146,WTA,,4,,N/A,,OK,,,0.6403430393710771,,,,,2,4,6,5,8,3,3,4,3,5,5,4.3,4.3,,hard,0,1.291666666666667,3.145833333333333,0.5937369964941172,0.48,50,False,False,,,OK,5,1,4,0,0.2,0.8,0.2,0.8,1,4,1,4,0,10,1,9,0,0.1,0.9,0.1,0.9,,0,75,76.0,-1,WTA,NEUTRAL,FIELD,HIGH,69,15,2,92,2026-05-25,69,1,,0.15000000000000002,0.3,5,-1.5,0.0512,-0.1312,1.104585876675603,0.15,-0.003000000000000003,1.049356582841823,?,0.95,0.1204,OVER,ml_prob_fallback,ml_prob_fallback,C,,14146,1.5,UNDER,OVER,FORCED_OVER_ONLY_GOB_DEM,OVER,ml_prob_unified,10,1.767
14120523,Panna Udvardy,PANNA UDVARDY,Double Faults,6.5,2026-08-25T18:40:00.000-04:00,Tennis,WTA / HARD,Demon,,,,14120523,218752,182486,Panna Udvardy,6.5,Player,MAYA JOINT,,,https://static.flashscore.com/res/image/data/t0KLGnhl-ObUykGn9.png,,2026-08-25T03:44:52.756-04:00,2026-08-25T16:30:42-04:00,double_faults,0,,0,3000,WTA,,2,,N/A,,OK,,,0.5209529921414676,,,,,3,3,0,2,1,2,6,2,5,3,1.8,2.7,2.7,,hard,0,1.428571428571429,2.428571428571428,0.7046526489383631,0.4285714285714285,7,False,False,,,OK,5,0,5,0,0,1,0,1,0,5,0,5,0,10,0,10,0,0,1,0,1,,0,76,75.0,1,WTA,NEUTRAL,FIELD,HIGH,64,14,2,92,2026-05-25,64,1,,0.0,0,1.8,-4.7,0.0503,0.0413,0,0,-0.003000000000000003,0,?,0.95,0.0151,OVER,ml_prob_fallback,ml_prob_fallback,C,,3000,4.7,UNDER,OVER,FORCED_OVER_ONLY_GOB_DEM,OVER,ml_prob_unified,10,1.767
14120587,Panna Udvardy,PANNA UDVARDY,Aces,6.5,2026-08-25T18:40:00.000-04:00,Tennis,WTA / HARD,Demon,,,,14120587,218752,182486,Panna Udvardy,6.5,Player,MAYA JOINT,,,https://static.flashscore.com/res/image/data/t0KLGnhl-ObUykGn9.png,,2026-08-25T03:48:47.682-04:00,2026-08-25T16:30:42-04:00,aces,0,,0,3000,WTA,,3,,N/A,,OK,,,0.5209529921414676,,,,,10,0,3,1,4,1,0,2,5,6,3.6,3.2,3.2,,hard,0,1.428571428571429,2.428571428571428,0.7046526489383631,0.4285714285714285,7,False,False,,,OK,5,1,4,0,0.2,0.8,0.2,0.8,1,4,1,4,0,10,1,9,0,0.1,0.9,0.1,0.9,,0,76,75.0,1,WTA,SERVE_HEAVY,FIELD,HIGH,64,14,2,92,2026-05-25,64,1,,0.15000000000000002,0.3,3.6,-2.9,0.0512,-0.0009,1.104585876675603,0.15,-0.003000000000000003,1.049356582841823,?,0.95,0.1204,OVER,ml_prob_fallback,ml_prob_fallback,C,,3000,2.9,UNDER,OVER,FORCED_OVER_ONLY_GOB_DEM,OVER,ml_prob_unified,10,3.1552
14120518,Maya Joint,MAYA JOINT,Double Faults,5.5,2026-08-25T18:40:00.000-04:00,Tennis,WTA / HARD,Demon,,,,14120518,203793,182486,Maya Joint,5.5,Player,PANNA UDVARDY,,,https://static.prizepicks.com/images/manual/MayaJoint.webp,,2026-08-25T03:44:52.304-04:00,2026-08-25T16:30:42-04:00,double_faults,0,,0,14146,WTA,,3,,N/A,,OK,,,0.6403430393710771,,,,,2,4,6,5,8,3,3,4,3,5,5,4.3,4.3,,hard,0,1.291666666666667,3.145833333333333,0.5937369964941172,0.48,50,False,False,,,OK,5,2,3,0,0.4,0.6,0.4,0.6,2,3,2,3,0,10,2,8,0,0.2,0.8,0.2,0.8,,0,75,76.0,-1,WTA,NEUTRAL,FIELD,HIGH,69,15,2,92,2026-05-25,69,1,,0.30000000000000004,0.6000000000000001,5,-0.5,0.0705,-0.3071,2.297179882037534,0.3,0.008000000000000007,2.182320887935657,?,0.95,0.2312,OVER,ml_prob_fallback,ml_prob_fallback,C,,14146,0.5,UNDER,OVER,FORCED_OVER_ONLY_GOB_DEM,OVER,ml_prob_unified,10,1.767
14120525,Panna Udvardy,PANNA UDVARDY,Double Faults,5.5,2026-08-25T18:40:00.000-04:00,Tennis,WTA / HARD,Demon,,,,14120525,218752,182486,Panna Udvardy,5.5,Player,MAYA JOINT,,,https://static.flashscore.com/res/image/data/t0KLGnhl-ObUykGn9.png,,2026-08-25T03:44:52.877-04:00,2026-08-25T16:30:42-04:00,double_faults,0,,0,3000,WTA,,1,,N/A,,OK,,,0.5209529921414676,,,,,3,3,0,2,1,2,6,2,5,3,1.8,2.7,2.7,,hard,0,1.428571428571429,2.428571428571428,0.7046526489383631,0.4285714285714285,7,False,False,,,OK,5,0,5,0,0,1,0,1,0,5,0,5,0,10,1,9,0,0.1,0.9,0.1,0.9,,0,76,75.0,1,WTA,NEUTRAL,FIELD,HIGH,64,14,2,92,2026-05-25,64,1,,0.05,0.1,1.8,-3.7,0.028,0.0039,0.3596515924932976,0.05,-0.003000000000000003,0.3416690128686327,?,0.95,0.0434,OVER,ml_prob_fallback,ml_prob_fallback,C,,3000,3.7,UNDER,OVER,FORCED_OVER_ONLY_GOB_DEM,OVER,ml_prob_unified,10,1.767
14120588,Panna Udvardy,PANNA UDVARDY,Aces,5.5,2026-08-25T18:40:00.000-04:00,Tennis,WTA / HARD,Demon,,,,14120588,218752,182486,Panna Udvardy,5.5,Player,MAYA JOINT,,,https://static.flashscore.com/res/image/data/t0KLGnhl-ObUykGn9.png,,2026-08-25T03:48:47.743-04:00,2026-08-25T16:30:42-04:00,aces,0,,0,3000,WTA,,2,,N/A,,OK,,,0.5209529921414676,,,,,10,0,3,1,4,1,0,2,5,6,3.6,3.2,3.2,,hard,0,1.428571428571429,2.428571428571428,0.7046526489383631,0.4285714285714285,7,False,False,,,OK,5,1,4,0,0.2,0.8,0.2,0.8,1,4,1,4,0,10,2,8,0,0.2,0.8,0.2,0.8,,0,76,75.0,1,WTA,SERVE_HEAVY,FIELD,HIGH,64,14,2,92,2026-05-25,64,1,,0.2,0.4,3.6,-1.9,0.08,-0.0501,1.49193291152815,0.2,-0.003000000000000003,1.417336265951743,?,0.95,0.164,OVER,ml_prob_fallback,ml_prob_fallback,C,,3000,1.9,UNDER,OVER,FORCED_OVER_ONLY_GOB_DEM,OVER,ml_prob_unified,10,3.1552
14120515,Maya Joint,MAYA JOINT,Aces,4.5,2026-08-25T18:40:00.000-04:00,Tennis,WTA / HARD,Demon,,,,14120515,203793,182486,Maya Joint,4.5,Player,PANNA UDVARDY,,,https://static.prizepicks.com/images/manual/MayaJoint.webp,,2026-08-25T03:44:52.035-04:00,2026-08-25T16:30:42-04:00,aces,0,,0,14146,WTA,,2,,N/A,,OK,,,0.6403430393710771,,,,,1,2,1,3,4,0,2,1,1,10,2.2,2.5,2.5,,hard,0,1.291666666666667,3.145833333333333,0.5937369964941172,0.48,50,False,False,,,OK,5,0,5,0,0,1,0,1,0,5,0,5,0,10,1,9,0,0.1,0.9,0.1,0.9,,0,75,76.0,-1,WTA,SERVE_HEAVY,FIELD,HIGH,69,15,2,92,2026-05-25,69,1,,0.05,0.1,2.2,-2.3,0.0481,-0.043,0.3596515924932976,0.05,-0.003000000000000003,0.3416690128686327,?,0.95,0.0494,OVER,ml_prob_fallback,ml_prob_fallback,C,,14146,2.3,UNDER,OVER,FORCED_OVER_ONLY_GOB_DEM,OVER,ml_prob_unified,10,2.8771
14120519,Maya Joint,MAYA JOINT,Double Faults,4.5,2026-08-25T18:40:00.000-04:00,Tennis,WTA / HARD,Demon,,,,14120519,203793,182486,Maya Joint,4.5,Player,PANNA UDVARDY,,,https://static.prizepicks.com/images/manual/MayaJoint.webp,,2026-08-25T03:44:52.363-04:00,2026-08-25T16:30:42-04:00,double_faults,0,,0,14146,WTA,,2,,N/A,,OK,,,0.6403430393710771,,,,,2,4,6,5,8,3,3,4,3,5,5,4.3,4.3,,hard,0,1.291666666666667,3.145833333333333,0.5937369964941172,0.48,50,False,False,,,OK,5,3,2,0,0.6,0.4,0.6,0.4,3,2,3,2,0,10,4,6,0,0.4,0.6,0.4,0.6,,0,75,76.0,-1,WTA,NEUTRAL,FIELD,HIGH,69,15,2,92,2026-05-25,69,1,,0.5,1,5,0.5,0.08,-0.5425,4.033123431635389,0.5,0.05200000000000005,3.831467260053619,?,0.95,0.374,OVER,ml_prob_fallback,ml_prob_fallback,B,,14146,0.5,OVER,OVER,FORCED_OVER_ONLY_GOB_DEM,OVER,ml_prob_unified,10,1.767
14120527,Panna Udvardy,PANNA UDVARDY,Double Faults,4.5,2026-08-25T18:40:00.000-04:00,Tennis,WTA / HARD,Goblin,6,,,14120527,218752,182486,Panna Udvardy,4.5,Player,MAYA JOINT,,,https://static.flashscore.com/res/image/data/t0KLGnhl-ObUykGn9.png,,2026-08-25T03:44:52.995-04:00,2026-08-25T16:30:42-04:00,double_faults,0,,0,3000,WTA,offset_estimate,1,,N/A,,OK,,,0.5209529921414676,,,,,3,3,0,2,1,2,6,2,5,3,1.8,2.7,2.7,,hard,0,1.428571428571429,2.428571428571428,0.7046526489383631,0.4285714285714285,7,False,False,,,OK,5,0,5,0,0,1,0,1,0,5,0,5,0,10,2,8,0,0.2,0.8,0.2,0.8,,0,76,75.0,1,WTA,NEUTRAL,FIELD,HIGH,64,14,2,92,2026-05-25,64,1,,0.1,0.2,1.8,-2.7,0.08,0.017,0.727511764075067,0.1,-0.003000000000000003,0.6911361758713136,?,0.95,0.094,OVER,distance,distance,C,,3000,2.7,UNDER,OVER,FORCED_OVER_ONLY_GOB_DEM,OVER,ml_prob_unified,10,1.767
14127542,Maya Joint,MAYA JOINT,Break Points Won,4.5,2026-08-25T18:40:00.000-04:00,Tennis,WTA / HARD,Standard,4.5,,,14127542,203793,182486,Maya Joint,4.5,Player,PANNA UDVARDY,,,https://static.prizepicks.com/images/manual/MayaJoint.webp,,2026-08-25T08:31:51.115-04:00,2026-08-25T16:30:42-04:00,break_points_won,0,,0,14146,WTA,pp_or_step1,0,,N/A,,OK,,,0.6403430393710771,,,,,8,4,5,7,3,6,3,5,2,5,5.4,4.8,4.8,,hard,0,1.291666666666667,3.145833333333333,0.5937369964941172,0.48,50,False,False,,,OK,5,3,2,0,0.6,0.4,0.6,0.4,3,2,3,2,0,10,6,4,0,0.6,0.4,0.6,0.4,,0,75,76.0,-1,WTA,NEUTRAL,FIELD,HIGH,69,15,2,92,2026-05-25,69,1,,0.6,1.2,5.4,0.9000000000000004,0.9159,0.205,4.976052675603216,0.6,0.05200000000000005,4.727250041823055,?,0.95,0.6948,OVER,ml_prob,ml_prob,B,,14146,0.9000000000000004,OVER,OVER,STANDARD_L5AVG_OVER,OVER,ml_prob_unified,10,1.8738
14128852,Panna Udvardy,PANNA UDVARDY,Aces,4.5,2026-08-25T18:40:00.000-04:00,Tennis,WTA / HARD,Demon,,,,14128852,218752,182486,Panna Udvardy,4.5,Player,MAYA JOINT,,,https://static.flashscore.com/res/image/data/t0KLGnhl-ObUykGn9.png,,2026-08-25T09:43:13.225-04:00,2026-08-25T16:30:42-04:00,aces,0,,0,3000,WTA,,1,,N/A,,OK,,,0.5209529921414676,,,,,10,0,3,1,4,1,0,2,5,6,3.6,3.2,3.2,,hard,0,1.428571428571429,2.428571428571428,0.7046526489383631,0.4285714285714285,7,False,False,,,OK,5,1,4,0,0.2,0.8,0.2,0.8,1,4,1,4,0,10,3,7,0,0.3,0.7,0.3,0.7,,0,76,75.0,1,WTA,SERVE_HEAVY,FIELD,HIGH,64,14,2,92,2026-05-25,64,1,,0.25,0.5,3.6,-0.8999999999999999,0.08,-0.2091,1.889257962466488,0.25,-0.003000000000000003,1.794795064343164,?,0.95,0.199,OVER,ml_prob_fallback,ml_prob_fallback,C,,3000,0.8999999999999999,UNDER,OVER,FORCED_OVER_ONLY_GOB_DEM,OVER,ml_prob_unified,10,3.1552
14120516,Maya Joint,MAYA JOINT,Aces,3.5,2026-08-25T18:40:00.000-04:00,Tennis,WTA / HARD,Demon,,,,14120516,203793,182486,Maya Joint,3.5,Player,PANNA UDVARDY,,,https://static.prizepicks.com/images/manual/MayaJoint.webp,,2026-08-25T03:44:52.098-04:00,2026-08-25T16:30:42-04:00,aces,0,,0,14146,WTA,,1,,N/A,,OK,,,0.6403430393710771,,,,,1,2,1,3,4,0,2,1,1,10,2.2,2.5,2.5,,hard,0,1.291666666666667,3.145833333333333,0.5937369964941172,0.48,50,False,False,,,OK,5,1,4,0,0.2,0.8,0.2,0.8,1,4,1,4,0,10,2,8,0,0.2,0.8,0.2,0.8,,0,75,76.0,-1,WTA,SERVE_HEAVY,FIELD,HIGH,69,15,2,92,2026-05-25,69,1,,0.2,0.4,2.2,-1.2999999999999998,0.08,-0.1342,1.49193291152815,0.2,-0.003000000000000003,1.417336265951743,?,0.95,0.164,OVER,ml_prob_fallback,ml_prob_fallback,C,,14146,1.2999999999999998,UNDER,OVER,FORCED_OVER_ONLY_GOB_DEM,OVER,ml_prob_unified,10,2.8771
14120522,Maya Joint,MAYA JOINT,Double Faults,3.5,2026-08-25T18:40:00.000-04:00,Tennis,WTA / HARD,Demon,,,,14120522,203793,182486,Maya Joint,3.5,Player,PANNA UDVARDY,,,https://static.prizepicks.com/images/manual/MayaJoint.webp,,2026-08-25T03:44:52.542-04:00,2026-08-25T16:30:42-04:00,double_faults,0,,0,14146,WTA,,1,,N/A,,OK,,,0.6403430393710771,,,,,2,4,6,5,8,3,3,4,3,5,5,4.3,4.3,,hard,0,1.291666666666667,3.145833333333333,0.5937369964941172,0.48,50,False,False,,,OK,5,4,1,0,0.8,0.2,0.8,0.2,4,1,4,1,0,10,6,4,0,0.6,0.4,0.6,0.4,,0,75,76.0,-1,WTA,NEUTRAL,FIELD,HIGH,69,15,2,92,2026-05-25,69,1,,0.7,1.4,5,1.5,0.08,-0.7376,5.948515054155497,0.7,0.07840000000000003,5.651089301447722,?,0.95,0.514,OVER,ml_prob_fallback,ml_prob_fallback,B,,14146,1.5,OVER,OVER,FORCED_OVER_ONLY_GOB_DEM,OVER,ml_prob_unified,10,1.767
14120589,Panna Udvardy,PANNA UDVARDY,Aces,3.5,2026-08-25T18:40:00.000-04:00,Tennis,WTA / HARD,Goblin,5,,,14120589,218752,182486,Panna Udvardy,3.5,Player,MAYA JOINT,,,https://static.flashscore.com/res/image/data/t0KLGnhl-ObUykGn9.png,,2026-08-25T03:48:47.799-04:00,2026-08-25T16:30:42-04:00,aces,0,,0,3000,WTA,offset_estimate,1,,N/A,,OK,,,0.5209529921414676,,,,,10,0,3,1,4,1,0,2,5,6,3.6,3.2,3.2,,hard,0,1.428571428571429,2.428571428571428,0.7046526489383631,0.4285714285714285,7,False,False,,,OK,5,2,3,0,0.4,0.6,0.4,0.6,2,3,2,3,0,10,4,6,0,0.4,0.6,0.4,0.6,,0,76,75.0,1,WTA,SERVE_HEAVY,FIELD,HIGH,64,14,2,92,2026-05-25,64,1,,0.4,0.8,3.6,0.10000000000000009,0.08,-0.445,3.138762809651475,0.4,0.008000000000000007,2.981824669168901,?,0.95,0.304,OVER,distance,distance,C,,3000,0.10000000000000009,OVER,OVER,FORCED_OVER_ONLY_GOB_DEM,OVER,ml_prob_unified,10,3.1552
14127543,Panna Udvardy,PANNA UDVARDY,Break Points Won,3.5,2026-08-25T18:40:00.000-04:00,Tennis,WTA / HARD,Demon,,,,14127543,218752,182486,Panna Udvardy,3.5,Player,MAYA JOINT,,,https://static.flashscore.com/res/image/data/t0KLGnhl-ObUykGn9.png,,2026-08-25T08:31:51.328-04:00,2026-08-25T16:30:42-04:00,break_points_won,0,,0,3000,WTA,,1,,N/A,,OK,,,0.5209529921414676,,,,,2,1,2,3,4,2,7,4,1,3,2.4,2.9,2.9,,hard,0,1.428571428571429,2.428571428571428,0.7046526489383631,0.4285714285714285,7,False,False,,,OK,5,1,4,0,0.2,0.8,0.2,0.8,1,4,1,4,0,10,3,7,0,0.3,0.7,0.3,0.7,,0,76,75.0,1,WTA,NEUTRAL,FIELD,HIGH,64,14,2,92,2026-05-25,64,1,,0.25,0.5,2.4,-1.1,0.164,-0.0857,1.889257962466488,0.25,-0.003000000000000003,1.794795064343164,?,0.95,0.2242,OVER,ml_prob_fallback,ml_prob_fallback,C,,3000,1.1,UNDER,OVER,FORCED_OVER_ONLY_GOB_DEM,OVER,ml_prob_unified,10,1.792
14117666,Maya Joint,MAYA JOINT,Total Sets,2.5,2026-08-25T18:40:00.000-04:00,Tennis,WTA / HARD,Demon,,,,14117666,203793,182486,Maya Joint,2.5,Player,PANNA UDVARDY,,,https://static.prizepicks.com/images/manual/MayaJoint.webp,,2026-08-25T01:35:16.221-04:00,2026-08-25T16:30:42-04:00,total_sets,0,,0,14146,WTA,,1,,N/A,,OK,,,0.6403430393710771,,,,,3,3,2,3,3,2,3,3,3,3,2.8,2.8,2.8,,hard,0,1.291666666666667,3.145833333333333,0.5937369964941172,0.48,50,False,False,,,OK,5,4,1,0,0.8,0.2,0.8,0.2,4,1,4,1,0,10,8,2,0,0.8,0.2,0.8,0.2,,0,75,76.0,-1,WTA,NEUTRAL,FIELD,HIGH,69,15,2,92,2026-05-25,69,1,,0.8,1.6,2.8,0.2999999999999998,0.3659,-0.2086,6.928782275603218,0.8,0.07840000000000003,6.582343161823056,?,0.95,0.6698,OVER,ml_prob_fallback,ml_prob_fallback,B,,14146,0.2999999999999998,OVER,OVER,FORCED_OVER_ONLY_GOB_DEM,OVER,ml_prob_unified,10,0.4216
14120521,Maya Joint,MAYA JOINT,Double Faults,2.5,2026-08-25T18:40:00.000-04:00,Tennis,WTA / HARD,Goblin,4,,,14120521,203793,182486,Maya Joint,2.5,Player,PANNA UDVARDY,,,https://static.prizepicks.com/images/manual/MayaJoint.webp,,2026-08-25T03:44:52.484-04:00,2026-08-25T16:30:42-04:00,double_faults,0,,0,14146,WTA,offset_estimate,1,,N/A,,OK,,,0.6403430393710771,,,,,2,4,6,5,8,3,3,4,3,5,5,4.3,4.3,,hard,0,1.291666666666667,3.145833333333333,0.5937369964941172,0.48,50,False,False,,,OK,5,4,1,0,0.8,0.2,0.8,0.2,4,1,4,1,0,10,9,1,0,0.9,0.1,0.9,0.1,,0,75,76.0,-1,WTA,NEUTRAL,FIELD,HIGH,69,15,2,92,2026-05-25,69,1,,0.8500000000000001,1.7,5,2.5,0.08,-0.8441,7.427730095442359,0.8500000000000001,0.07840000000000003,7.056343590670241,?,0.95,0.619,OVER,distance,distance,C,,14146,2.5,OVER,OVER,FORCED_OVER_ONLY_GOB_DEM,OVER,ml_prob_unified,10,1.767
14128939,Maya Joint,MAYA JOINT,Aces,0.5,2026-08-25T18:40:00.000-04:00,Tennis,WTA / HARD,Goblin,2,,,14128939,203793,182486,Maya Joint,0.5,Player,PANNA UDVARDY,,,https://static.prizepicks.com/images/manual/MayaJoint.webp,,2026-08-25T09:45:38.907-04:00,2026-08-25T16:30:42-04:00,aces,0,,0,14146,WTA,offset_estimate,1,,N/A,,OK,,,0.6403430393710771,,,,,1,2,1,3,4,0,2,1,1,10,2.2,2.5,2.5,,hard,0,1.291666666666667,3.145833333333333,0.5937369964941172,0.48,50,False,False,,,OK,5,5,0,0,1,0,1,0,5,0,5,0,0,10,9,1,0,0.9,0.1,0.9,0.1,,0,75,76.0,-1,WTA,SERVE_HEAVY,FIELD,HIGH,69,15,2,92,2026-05-25,69,1,,0.95,1.9,2.2,1.7000000000000002,0.08,-0.7655,8.441243429490616,0.95,0.07840000000000003,8.019181258016085,?,0.95,0.689,OVER,distance,distance,C,,14146,1.7000000000000002,OVER,OVER,FORCED_OVER_ONLY_GOB_DEM,OVER,ml_prob_unified,10,2.8771
14118865,Lammons N / Withrow J,LAMMONS N / WITHROW J,Total Games,22,2026-08-25T17:50:00.000-04:00,Tennis,ATP / HARD,Standard,22,,,14118865,201874,181953,Lammons N / Withrow J,22,Player,Schnaitter J / Wallner M,,,https://static.prizepicks.com/images/manual/LammonsWithrow.png,,2026-08-25T15:14:01.792-04:00,2026-08-25T16:30:42-04:00,match_total_games,1,Schnaitter J / Wallner M,0,3628,ATP,pp_or_step1,0,,N/A,,PENDING,,,,,,,,,,,,,,,,,,,,,,hard,0,,,,,,,,,,MISSING_STAT_VALUES,,,,,,,,,,,,,,,,,,,,,,,0,999,250.0,749,ATP,NEUTRAL,FIELD,UNKNOWN,,,,,,,1,,0.5,1.05,22,0.0,0.58,0.08,4.254852225201073,0.5,0.03000000000000003,4.04210961394102,?,0.95,0.524,OVER,ml_prob,ml_prob,C,,3628,0.0,OVER,OVER,STANDARD_TIEBREAK_HR5_OVER,OVER,ml_prob_unified,0,
14078786,Fabian Marozsan,FABIAN MAROZSAN,Total Games,28.5,2026-08-25T19:40:00.000-04:00,Tennis,ATP / HARD,Demon,23,,,14078786,203186,182253,Fabian Marozsan,28.5,Player,MIOMIR KECMANOVIC,,,https://www.flashscore.com/res/image/data/Ycea58fM-hhmDzIFI.png,,2026-08-25T01:35:16.221-04:00,2026-08-25T16:30:42-04:00,match_total_games,0,,0,9213,ATP,sibling_or_pp,3,,N/A,,OK,,,0.6513296214335349,,,,,29,30,19,24,31,30,19,17,34,18,26.6,25.1,25.1,,hard,0,5.692307692307693,2.288461538461538,0.714575519067468,0.4821428571428571,56,False,False,,,OK,5,3,2,0,0.6,0.4,0.6,0.4,3,2,3,2,0,10,5,5,0,0.5,0.5,0.5,0.5,,0,63,64.0,-1,ATP,NEUTRAL,FIELD,HIGH,146,32,3,92,2026-05-25,146,1,,0.55,1.1,26.6,-1.8999999999999986,0.58,0.4499,4.514759903485255,0.55,0.05200000000000005,4.289021908310993,?,0.95,0.559,OVER,distance,distance,C,,9213,1.8999999999999986,UNDER,OVER,FORCED_OVER_ONLY_GOB_DEM,OVER,ml_prob_unified,10,6.4023
14078214,Fabian Marozsan,FABIAN MAROZSAN,Total Games,27.5,2026-08-25T19:40:00.000-04:00,Tennis,ATP / HARD,Demon,23,,,14078214,203186,182253,Fabian Marozsan,27.5,Player,MIOMIR KECMANOVIC,,,https://www.flashscore.com/res/image/data/Ycea58fM-hhmDzIFI.png,,2026-08-25T01:35:16.221-04:00,2026-08-25T16:30:42-04:00,match_total_games,0,,0,9213,ATP,sibling_or_pp,2,,N/A,,OK,,,0.6513296214335349,,,,,29,30,19,24,31,30,19,17,34,18,26.6,25.1,25.1,,hard,0,5.692307692307693,2.288461538461538,0.714575519067468,0.4821428571428571,56,False,False,,,OK,5,3,2,0,0.6,0.4,0.6,0.4,3,2,3,2,0,10,5,5,0,0.5,0.5,0.5,0.5,,0,63,64.0,-1,ATP,NEUTRAL,FIELD,HIGH,146,32,3,92,2026-05-25,146,1,,0.55,1.1,26.6,-0.8999999999999986,0.58,0.2909,4.514759903485255,0.55,0.05200000000000005,4.289021908310993,?,0.95,0.559,OVER,distance,distance,C,,9213,0.8999999999999986,UNDER,OVER,FORCED_OVER_ONLY_GOB_DEM,OVER,ml_prob_unified,10,6.4023
14078215,Fabian Marozsan,FABIAN MAROZSAN,Total Games,26.5,2026-08-25T19:40:00.000-04:00,Tennis,ATP / HARD,Demon,23,,,14078215,203186,182253,Fabian Marozsan,26.5,Player,MIOMIR KECMANOVIC,,,https://www.flashscore.com/res/image/data/Ycea58fM-hhmDzIFI.png,,2026-08-25T11:47:18.989-04:00,2026-08-25T16:30:42-04:00,match_total_games,0,,0,9213,ATP,sibling_or_pp,1,,N/A,,OK,,,0.6513296214335349,,,,,29,30,19,24,31,30,19,17,34,18,26.6,25.1,25.1,,hard,0,5.692307692307693,2.288461538461538,0.714575519067468,0.4821428571428571,56,False,False,,,OK,5,3,2,0,0.6,0.4,0.6,0.4,3,2,3,2,0,10,5,5,0,0.5,0.5,0.5,0.5,,0,63,64.0,-1,ATP,NEUTRAL,FIELD,HIGH,146,32,3,92,2026-05-25,146,1,,0.55,1.1,26.6,0.10000000000000142,0.58,0.055,4.514759903485255,0.55,0.05200000000000005,4.289021908310993,?,0.95,0.559,OVER,distance,distance,C,,9213,0.10000000000000142,OVER,OVER,FORCED_OVER_ONLY_GOB_DEM,OVER,ml_prob_unified,10,6.4023
14077970,Fabian Marozsan,FABIAN MAROZSAN,Total Games,23,2026-08-25T19:40:00.000-04:00,Tennis,ATP / HARD,Standard,23,,,14077970,203186,182253,Fabian Marozsan,23,Player,MIOMIR KECMANOVIC,,,https://www.flashscore.com/res/image/data/Ycea58fM-hhmDzIFI.png,,2026-08-25T11:47:19.047-04:00,2026-08-25T16:30:42-04:00,match_total_games,0,,0,9213,ATP,pp_or_step1,0,,N/A,,OK,,,0.6513296214335349,,,,,29,30,19,24,31,30,19,17,34,18,26.6,25.1,25.1,,hard,0,5.692307692307693,2.288461538461538,0.714575519067468,0.4821428571428571,56,False,False,,,OK,5,4,1,0,0.8,0.2,0.8,0.2,4,1,4,1,0,10,6,4,0,0.6,0.4,0.6,0.4,,0,63,64.0,-1,ATP,NEUTRAL,FIELD,HIGH,146,32,3,92,2026-05-25,146,1,,0.7,1.4,26.6,3.6000000000000014,0.58,-0.3934,5.948515054155497,0.7,0.07840000000000003,5.651089301447722,?,0.95,0.664,OVER,ml_prob,ml_prob,B,,9213,3.6000000000000014,OVER,OVER,STANDARD_L5AVG_OVER,OVER,ml_prob_unified,10,6.4023
14078216,Fabian Marozsan,FABIAN MAROZSAN,Total Games,21.5,2026-08-25T19:40:00.000-04:00,Tennis,ATP / HARD,Goblin,23,,,14078216,203186,182253,Fabian Marozsan,21.5,Player,MIOMIR KECMANOVIC,,,https://www.flashscore.com/res/image/data/Ycea58fM-hhmDzIFI.png,,2026-08-25T01:35:16.221-04:00,2026-08-25T16:30:42-04:00,match_total_games,0,,0,9213,ATP,sibling_or_pp,1,,N/A,,OK,,,0.6513296214335349,,,,,29,30,19,24,31,30,19,17,34,18,26.6,25.1,25.1,,hard,0,5.692307692307693,2.288461538461538,0.714575519067468,0.4821428571428571,56,False,False,,,OK,5,4,1,0,0.8,0.2,0.8,0.2,4,1,4,1,0,10,6,4,0,0.6,0.4,0.6,0.4,,0,63,64.0,-1,ATP,NEUTRAL,FIELD,HIGH,146,32,3,92,2026-05-25,146,1,,0.7,1.4,26.6,5.100000000000001,0.6297,-0.3643,5.948515054155497,0.7,0.07840000000000003,5.651089301447722,?,0.95,0.6789,OVER,distance,distance,C,,9213,5.100000000000001,OVER,OVER,FORCED_OVER_ONLY_GOB_DEM,OVER,ml_prob_unified,10,6.4023
14083841,Fabian Marozsan,FABIAN MAROZSAN,Total Games,20.5,2026-08-25T19:40:00.000-04:00,Tennis,ATP / HARD,Goblin,23,,,14083841,203186,182253,Fabian Marozsan,20.5,Player,MIOMIR KECMANOVIC,,,https://www.flashscore.com/res/image/data/Ycea58fM-hhmDzIFI.png,,2026-08-25T01:35:16.221-04:00,2026-08-25T16:30:42-04:00,match_total_games,0,,0,9213,ATP,sibling_or_pp,2,,N/A,,OK,,,0.6513296214335349,,,,,29,30,19,24,31,30,19,17,34,18,26.6,25.1,25.1,,hard,0,5.692307692307693,2.288461538461538,0.714575519067468,0.4821428571428571,56,False,False,,,OK,5,4,1,0,0.8,0.2,0.8,0.2,4,1,4,1,0,10,6,4,0,0.6,0.4,0.6,0.4,,0,63,64.0,-1,ATP,NEUTRAL,FIELD,HIGH,146,32,3,92,2026-05-25,146,1,,0.7,1.4,26.6,6.100000000000001,0.6066,-0.3912,5.948515054155497,0.7,0.07840000000000003,5.651089301447722,?,0.95,0.672,OVER,distance,distance,B,,9213,6.100000000000001,OVER,OVER,FORCED_OVER_ONLY_GOB_DEM,OVER,ml_prob_unified,10,6.4023
14083851,Miomir Kecmanovic,MIOMIR KECMANOVIC,Total Games Won,16.5,2026-08-25T19:40:00.000-04:00,Tennis,ATP / HARD,Demon,,,,14083851,203337,182253,Miomir Kecmanovic,16.5,Player,FABIAN MAROZSAN,,,https://www.atptour.com/-/media/alias/player-headshot/KI95,,2026-08-25T01:35:16.221-04:00,2026-08-25T16:30:42-04:00,games_won,0,,0,2874,ATP,,3,,N/A,,OK,,,0.6168756112692229,,,,,12,10,12,15,17,13,14,13,7,15,13.2,12.8,12.8,,hard,0,5.621212121212121,2.484848484848485,0.7470094220108798,0.5,70,False,False,,,OK,5,1,4,0,0.2,0.8,0.2,0.8,1,4,1,4,0,10,1,9,0,0.1,0.9,0.1,0.9,,0,64,63.0,1,ATP,NEUTRAL,FIELD,LOW,131,32,4,92,2026-05-25,131,1,,0.15000000000000002,0.3,13.2,-3.3000000000000007,0.58,0.5444,1.104585876675603,0.15,-0.003000000000000003,1.049356582841823,?,0.95,0.279,OVER,ml_prob_fallback,ml_prob_fallback,C,,2874,3.3000000000000007,UNDER,OVER,FORCED_OVER_ONLY_GOB_DEM,OVER,ml_prob_unified,10,2.8206
14083845,Fabian Marozsan,FABIAN MAROZSAN,Total Games Won,15.5,2026-08-25T19:40:00.000-04:00,Tennis,ATP / HARD,Demon,12.5,,,14083845,203186,182253,Fabian Marozsan,15.5,Player,MIOMIR KECMANOVIC,,,https://www.flashscore.com/res/image/data/Ycea58fM-hhmDzIFI.png,,2026-08-25T01:35:16.221-04:00,2026-08-25T16:30:42-04:00,games_won,0,,0,9213,ATP,sibling_or_pp,3,,N/A,,OK,,,0.6513296214335349,,,,,13,15,12,6,19,13,12,12,16,6,13,12.4,12.4,,hard,0,5.692307692307693,2.288461538461538,0.714575519067468,0.4821428571428571,56,False,False,,,OK,5,1,4,0,0.2,0.8,0.2,0.8,1,4,1,4,0,10,2,8,0,0.2,0.8,0.2,0.8,,0,63,64.0,-1,ATP,NEUTRAL,FIELD,HIGH,146,32,3,92,2026-05-25,146,1,,0.2,0.4,13,-2.5,0.58,0.5041,1.49193291152815,0.2,-0.003000000000000003,1.417336265951743,?,0.95,0.314,OVER,distance,distance,B,,9213,2.5,UNDER,OVER,FORCED_OVER_ONLY_GOB_DEM,OVER,ml_prob_unified,10,4.0332
14083849,Miomir Kecmanovic,MIOMIR KECMANOVIC,Total Games Won,15.5,2026-08-25T19:40:00.000-04:00,Tennis,ATP / HARD,Demon,,,,14083849,203337,182253,Miomir Kecmanovic,15.5,Player,FABIAN MAROZSAN,,,https://www.atptour.com/-/media/alias/player-headshot/KI95,,2026-08-25T01:35:16.221-04:00,2026-08-25T16:30:42-04:00,games_won,0,,0,2874,ATP,,2,,N/A,,OK,,,0.6168756112692229,,,,,12,10,12,15,17,13,14,13,7,15,13.2,12.8,12.8,,hard,0,5.621212121212121,2.484848484848485,0.7470094220108798,0.5,70,False,False,,,OK,5,1,4,0,0.2,0.8,0.2,0.8,1,4,1,4,0,10,1,9,0,0.1,0.9,0.1,0.9,,0,64,63.0,1,ATP,NEUTRAL,FIELD,LOW,131,32,4,92,2026-05-25,131,1,,0.15000000000000002,0.3,13.2,-2.3000000000000007,0.58,0.4889,1.104585876675603,0.15,-0.003000000000000003,1.049356582841823,?,0.95,0.279,OVER,ml_prob_fallback,ml_prob_fallback,C,,2874,2.3000000000000007,UNDER,OVER,FORCED_OVER_ONLY_GOB_DEM,OVER,ml_prob_unified,10,2.8206
14083844,Fabian Marozsan,FABIAN MAROZSAN,Total Games Won,14.5,2026-08-25T19:40:00.000-04:00,Tennis,ATP / HARD,Demon,12.5,,,14083844,203186,182253,Fabian Marozsan,14.5,Player,MIOMIR KECMANOVIC,,,https://www.flashscore.com/res/image/data/Ycea58fM-hhmDzIFI.png,,2026-08-25T01:35:16.221-04:00,2026-08-25T16:30:42-04:00,games_won,0,,0,9213,ATP,sibling_or_pp,2,,N/A,,OK,,,0.6513296214335349,,,,,13,15,12,6,19,13,12,12,16,6,13,12.4,12.4,,hard,0,5.692307692307693,2.288461538461538,0.714575519067468,0.4821428571428571,56,False,False,,,OK,5,2,3,0,0.4,0.6,0.4,0.6,2,3,2,3,0,10,3,7,0,0.3,0.7,0.3,0.7,,0,63,64.0,-1,ATP,NEUTRAL,FIELD,HIGH,146,32,3,92,2026-05-25,146,1,,0.35,0.7,13,-1.5,0.58,0.3976,2.713746412868633,0.35,0.008000000000000007,2.578059092225201,?,0.95,0.419,OVER,distance,distance,B,,9213,1.5,UNDER,OVER,FORCED_OVER_ONLY_GOB_DEM,OVER,ml_prob_unified,10,4.0332
14083850,Miomir Kecmanovic,MIOMIR KECMANOVIC,Total Games Won,14.5,2026-08-25T19:40:00.000-04:00,Tennis,ATP / HARD,Demon,,,,14083850,203337,182253,Miomir Kecmanovic,14.5,Player,FABIAN MAROZSAN,,,https://www.atptour.com/-/media/alias/player-headshot/KI95,,2026-08-25T01:35:16.221-04:00,2026-08-25T16:30:42-04:00,games_won,0,,0,2874,ATP,,1,,N/A,,OK,,,0.6168756112692229,,,,,12,10,12,15,17,13,14,13,7,15,13.2,12.8,12.8,,hard,0,5.621212121212121,2.484848484848485,0.7470094220108798,0.5,70,False,False,,,OK,5,2,3,0,0.4,0.6,0.4,0.6,2,3,2,3,0,10,3,7,0,0.3,0.7,0.3,0.7,,0,64,63.0,1,ATP,NEUTRAL,FIELD,LOW,131,32,4,92,2026-05-25,131,1,,0.35,0.7,13.2,-1.3000000000000007,0.58,0.3658,2.713746412868633,0.35,0.008000000000000007,2.578059092225201,?,0.95,0.419,OVER,ml_prob_fallback,ml_prob_fallback,C,,2874,1.3000000000000007,UNDER,OVER,FORCED_OVER_ONLY_GOB_DEM,OVER,ml_prob_unified,10,2.8206
14083846,Fabian Marozsan,FABIAN MAROZSAN,Total Games Won,13.5,2026-08-25T19:40:00.000-04:00,Tennis,ATP / HARD,Demon,12.5,,,14083846,203186,182253,Fabian Marozsan,13.5,Player,MIOMIR KECMANOVIC,,,https://www.flashscore.com/res/image/data/Ycea58fM-hhmDzIFI.png,,2026-08-25T01:35:16.221-04:00,2026-08-25T16:30:42-04:00,games_won,0,,0,9213,ATP,sibling_or_pp,1,,N/A,,OK,,,0.6513296214335349,,,,,13,15,12,6,19,13,12,12,16,6,13,12.4,12.4,,hard,0,5.692307692307693,2.288461538461538,0.714575519067468,0.4821428571428571,56,False,False,,,OK,5,2,3,0,0.4,0.6,0.4,0.6,2,3,2,3,0,10,3,7,0,0.3,0.7,0.3,0.7,,0,63,64.0,-1,ATP,NEUTRAL,FIELD,HIGH,146,32,3,92,2026-05-25,146,1,,0.35,0.7,13,-0.5,0.58,0.2025,2.713746412868633,0.35,0.008000000000000007,2.578059092225201,?,0.95,0.419,OVER,distance,distance,A,,9213,0.5,UNDER,OVER,FORCED_OVER_ONLY_GOB_DEM,OVER,ml_prob_unified,10,4.0332
14078218,Fabian Marozsan,FABIAN MAROZSAN,Total Games Won,12.5,2026-08-25T19:40:00.000-04:00,Tennis,ATP / HARD,Standard,12.5,,,14078218,203186,182253,Fabian Marozsan,12.5,Player,MIOMIR KECMANOVIC,,,https://www.flashscore.com/res/image/data/Ycea58fM-hhmDzIFI.png,,2026-08-25T01:35:16.221-04:00,2026-08-25T16:30:42-04:00,games_won,0,,0,9213,ATP,pp_or_step1,0,,N/A,,OK,,,0.6513296214335349,,,,,13,15,12,6,19,13,12,12,16,6,13,12.4,12.4,,hard,0,5.692307692307693,2.288461538461538,0.714575519067468,0.4821428571428571,56,False,False,,,OK,5,3,2,0,0.6,0.4,0.6,0.4,3,2,3,2,0,10,5,5,0,0.5,0.5,0.5,0.5,,0,63,64.0,-1,ATP,NEUTRAL,FIELD,HIGH,146,32,3,92,2026-05-25,146,1,,0.55,1.1,13,0.5,0.58,-0.0425,4.514759903485255,0.55,0.05200000000000005,4.289021908310993,?,0.95,0.559,OVER,ml_prob,ml_prob,B,,9213,0.5,OVER,OVER,STANDARD_L5AVG_OVER,OVER,ml_prob_unified,10,4.0332
14083847,Miomir Kecmanovic,MIOMIR KECMANOVIC,Total Games Won,11.5,2026-08-25T19:40:00.000-04:00,Tennis,ATP / HARD,Goblin,13,,,14083847,203337,182253,Miomir Kecmanovic,11.5,Player,FABIAN MAROZSAN,,,https://www.atptour.com/-/media/alias/player-headshot/KI95,,2026-08-25T01:35:16.221-04:00,2026-08-25T16:30:42-04:00,games_won,0,,0,2874,ATP,offset_estimate,1,,N/A,,OK,,,0.6168756112692229,,,,,12,10,12,15,17,13,14,13,7,15,13.2,12.8,12.8,,hard,0,5.621212121212121,2.484848484848485,0.7470094220108798,0.5,70,False,False,,,OK,5,4,1,0,0.8,0.2,0.8,0.2,4,1,4,1,0,10,8,2,0,0.8,0.2,0.8,0.2,,0,64,63.0,1,ATP,NEUTRAL,FIELD,LOW,131,32,4,92,2026-05-25,131,1,,0.8,1.6,13.2,1.6999999999999993,0.58,-0.2655,6.928782275603218,0.8,0.07840000000000003,6.582343161823056,?,0.95,0.734,OVER,distance,distance,C,,2874,1.6999999999999993,OVER,OVER,FORCED_OVER_ONLY_GOB_DEM,OVER,ml_prob_unified,10,2.8206
14084272,Fabian Marozsan,FABIAN MAROZSAN,Total Games Won,11.5,2026-08-25T19:40:00.000-04:00,Tennis,ATP / HARD,Goblin,12.5,,,14084272,203186,182253,Fabian Marozsan,11.5,Player,MIOMIR KECMANOVIC,,,https://www.flashscore.com/res/image/data/Ycea58fM-hhmDzIFI.png,,2026-08-25T01:35:16.221-04:00,2026-08-25T16:30:42-04:00,games_won,0,,0,9213,ATP,sibling_or_pp,1,,N/A,,OK,,,0.6513296214335349,,,,,13,15,12,6,19,13,12,12,16,6,13,12.4,12.4,,hard,0,5.692307692307693,2.288461538461538,0.714575519067468,0.4821428571428571,56,False,False,,,OK,5,4,1,0,0.8,0.2,0.8,0.2,4,1,4,1,0,10,8,2,0,0.8,0.2,0.8,0.2,,0,63,64.0,-1,ATP,NEUTRAL,FIELD,HIGH,146,32,3,92,2026-05-25,146,1,,0.8,1.6,13,1.5,0.58,-0.2376,6.928782275603218,0.8,0.07840000000000003,6.582343161823056,?,0.95,0.734,OVER,distance,distance,C,,9213,1.5,OVER,OVER,FORCED_OVER_ONLY_GOB_DEM,OVER,ml_prob_unified,10,4.0332
14083842,Fabian Marozsan,FABIAN MAROZSAN,Total Games Won,10.5,2026-08-25T19:40:00.000-04:00,Tennis,ATP / HARD,Goblin,12.5,,,14083842,203186,182253,Fabian Marozsan,10.5,Player,MIOMIR KECMANOVIC,,,https://www.flashscore.com/res/image/data/Ycea58fM-hhmDzIFI.png,,2026-08-25T01:35:16.221-04:00,2026-08-25T16:30:42-04:00,games_won,0,,0,9213,ATP,sibling_or_pp,2,,N/A,,OK,,,0.6513296214335349,,,,,13,15,12,6,19,13,12,12,16,6,13,12.4,12.4,,hard,0,5.692307692307693,2.288461538461538,0.714575519067468,0.4821428571428571,56,False,False,,,OK,5,4,1,0,0.8,0.2,0.8,0.2,4,1,4,1,0,10,8,2,0,0.8,0.2,0.8,0.2,,0,63,64.0,-1,ATP,NEUTRAL,FIELD,HIGH,146,32,3,92,2026-05-25,146,1,,0.8,1.6,13,2.5,0.58,-0.3441,6.928782275603218,0.8,0.07840000000000003,6.582343161823056,?,0.95,0.734,OVER,distance,distance,B,,9213,2.5,OVER,OVER,FORCED_OVER_ONLY_GOB_DEM,OVER,ml_prob_unified,10,4.0332
14083848,Miomir Kecmanovic,MIOMIR KECMANOVIC,Total Games Won,10.5,2026-08-25T19:40:00.000-04:00,Tennis,ATP / HARD,Goblin,12.5,,,14083848,203337,182253,Miomir Kecmanovic,10.5,Player,FABIAN MAROZSAN,,,https://www.atptour.com/-/media/alias/player-headshot/KI95,,2026-08-25T01:35:16.221-04:00,2026-08-25T16:30:42-04:00,games_won,0,,0,2874,ATP,offset_estimate,2,,N/A,,OK,,,0.6168756112692229,,,,,12,10,12,15,17,13,14,13,7,15,13.2,12.8,12.8,,hard,0,5.621212121212121,2.484848484848485,0.7470094220108798,0.5,70,False,False,,,OK,5,4,1,0,0.8,0.2,0.8,0.2,4,1,4,1,0,10,8,2,0,0.8,0.2,0.8,0.2,,0,64,63.0,1,ATP,NEUTRAL,FIELD,LOW,131,32,4,92,2026-05-25,131,1,,0.8,1.6,13.2,2.6999999999999993,0.58,-0.357,6.928782275603218,0.8,0.07840000000000003,6.582343161823056,?,0.95,0.734,OVER,distance,distance,B,,2874,2.6999999999999993,OVER,OVER,FORCED_OVER_ONLY_GOB_DEM,OVER,ml_prob_unified,10,2.8206
14083843,Fabian Marozsan,FABIAN MAROZSAN,Total Games Won,9.5,2026-08-25T19:40:00.000-04:00,Tennis,ATP / HARD,Goblin,12.5,,,14083843,203186,182253,Fabian Marozsan,9.5,Player,MIOMIR KECMANOVIC,,,https://www.flashscore.com/res/image/data/Ycea58fM-hhmDzIFI.png,,2026-08-25T01:35:16.221-04:00,2026-08-25T16:30:42-04:00,games_won,0,,0,9213,ATP,sibling_or_pp,3,,N/A,,OK,,,0.6513296214335349,,,,,13,15,12,6,19,13,12,12,16,6,13,12.4,12.4,,hard,0,5.692307692307693,2.288461538461538,0.714575519067468,0.4821428571428571,56,False,False,,,OK,5,4,1,0,0.8,0.2,0.8,0.2,4,1,4,1,0,10,8,2,0,0.8,0.2,0.8,0.2,,0,63,64.0,-1,ATP,NEUTRAL,FIELD,HIGH,146,32,3,92,2026-05-25,146,1,,0.8,1.6,13,3.5,0.58,-0.3907,6.928782275603218,0.8,0.07840000000000003,6.582343161823056,?,0.95,0.734,OVER,distance,distance,B,,9213,3.5,OVER,OVER,FORCED_OVER_ONLY_GOB_DEM,OVER,ml_prob_unified,10,4.0332
14087304,Fabian Marozsan,FABIAN MAROZSAN,Aces,9.5,2026-08-25T19:40:00.000-04:00,Tennis,ATP / HARD,Demon,,,,14087304,203186,182253,Fabian Marozsan,9.5,Player,MIOMIR KECMANOVIC,,,https://www.flashscore.com/res/image/data/Ycea58fM-hhmDzIFI.png,,2026-08-25T01:35:16.221-04:00,2026-08-25T16:30:42-04:00,aces,0,,0,9213,ATP,,2,,N/A,,OK,,,0.6513296214335349,,,,,12,4,1,6,6,9,5,9,4,3,5.8,5.9,5.9,,hard,0,5.692307692307693,2.288461538461538,0.714575519067468,0.4821428571428571,56,False,False,,,OK,5,1,4,0,0.2,0.8,0.2,0.8,1,4,1,4,0,10,1,9,0,0.1,0.9,0.1,0.9,,0,63,64.0,-1,ATP,SERVE_HEAVY,FIELD,HIGH,146,32,3,92,2026-05-25,146,1,,0.15000000000000002,0.3,5.8,-3.7,0.0072,-0.0169,1.104585876675603,0.15,-0.003000000000000003,1.049356582841823,?,0.95,0.1072,OVER,ml_prob_fallback,ml_prob_fallback,C,,9213,3.7,UNDER,OVER,FORCED_OVER_ONLY_GOB_DEM,OVER,ml_prob_unified,10,3.2813
14087305,Fabian Marozsan,FABIAN MAROZSAN,Aces,8.5,2026-08-25T19:40:00.000-04:00,Tennis,ATP / HARD,Demon,,,,14087305,203186,182253,Fabian Marozsan,8.5,Player,MIOMIR KECMANOVIC,,,https://www.flashscore.com/res/image/data/Ycea58fM-hhmDzIFI.png,,2026-08-25T01:35:16.221-04:00,2026-08-25T16:30:42-04:00,aces,0,,0,9213,ATP,,1,,N/A,,OK,,,0.6513296214335349,,,,,12,4,1,6,6,9,5,9,4,3,5.8,5.9,5.9,,hard,0,5.692307692307693,2.288461538461538,0.714575519067468,0.4821428571428571,56,False,False,,,OK,5,1,4,0,0.2,0.8,0.2,0.8,1,4,1,4,0,10,3,7,0,0.3,0.7,0.3,0.7,,0,63,64.0,-1,ATP,SERVE_HEAVY,FIELD,HIGH,146,32,3,92,2026-05-25,146,1,,0.25,0.5,5.8,-2.7,0.0255,-0.0375,1.889257962466488,0.25,-0.003000000000000003,1.794795064343164,?,0.95,0.1826,OVER,ml_prob_fallback,ml_prob_fallback,C,,9213,2.7,UNDER,OVER,FORCED_OVER_ONLY_GOB_DEM,OVER,ml_prob_unified,10,3.2813
14087311,Miomir Kecmanovic,MIOMIR KECMANOVIC,Aces,8.5,2026-08-25T19:40:00.000-04:00,Tennis,ATP / HARD,Demon,,,,14087311,203337,182253,Miomir Kecmanovic,8.5,Player,FABIAN MAROZSAN,,,https://www.atptour.com/-/media/alias/player-headshot/KI95,,2026-08-25T01:35:16.221-04:00,2026-08-25T16:30:42-04:00,aces,0,,0,2874,ATP,,2,,N/A,,OK,,,0.6168756112692229,,,,,3,3,5,3,5,6,2,3,1,3,3.8,3.4,3.4,,hard,0,5.621212121212121,2.484848484848485,0.7470094220108798,0.5,70,False,False,,,OK,5,0,5,0,0,1,0,1,0,5,0,5,0,10,0,10,0,0,1,0,1,,0,64,63.0,1,ATP,SERVE_HEAVY,FIELD,LOW,131,32,4,92,2026-05-25,131,1,,0.0,0,3.8,-4.7,0.0378,0.0288,0,0,-0.003000000000000003,0,?,0.95,0.0113,OVER,ml_prob_fallback,ml_prob_fallback,C,,2874,4.7,UNDER,OVER,FORCED_OVER_ONLY_GOB_DEM,OVER,ml_prob_unified,10,1.5055
14087312,Miomir Kecmanovic,MIOMIR KECMANOVIC,Aces,7.5,2026-08-25T19:40:00.000-04:00,Tennis,ATP / HARD,Demon,,,,14087312,203337,182253,Miomir Kecmanovic,7.5,Player,FABIAN MAROZSAN,,,https://www.atptour.com/-/media/alias/player-headshot/KI95,,2026-08-25T01:35:16.221-04:00,2026-08-25T16:30:42-04:00,aces,0,,0,2874,ATP,,1,,N/A,,OK,,,0.6168756112692229,,,,,3,3,5,3,5,6,2,3,1,3,3.8,3.4,3.4,,hard,0,5.621212121212121,2.484848484848485,0.7470094220108798,0.5,70,False,False,,,OK,5,0,5,0,0,1,0,1,0,5,0,5,0,10,0,10,0,0,1,0,1,,0,64,63.0,1,ATP,SERVE_HEAVY,FIELD,LOW,131,32,4,92,2026-05-25,131,1,,0.0,0,3.8,-3.7,0.0586,0.0345,0,0,-0.003000000000000003,0,?,0.95,0.0176,OVER,ml_prob_fallback,ml_prob_fallback,C,,2874,3.7,UNDER,OVER,FORCED_OVER_ONLY_GOB_DEM,OVER,ml_prob_unified,10,1.5055
14087309,Fabian Marozsan,FABIAN MAROZSAN,Double Faults,5.5,2026-08-25T19:40:00.000-04:00,Tennis,ATP / HARD,Demon,,,,14087309,203186,182253,Fabian Marozsan,5.5,Player,MIOMIR KECMANOVIC,,,https://www.flashscore.com/res/image/data/Ycea58fM-hhmDzIFI.png,,2026-08-25T01:35:16.221-04:00,2026-08-25T16:30:42-04:00,double_faults,0,,0,9213,ATP,,3,,N/A,,OK,,,0.6513296214335349,,,,,3,2,2,4,2,1,0,5,1,3,2.6,2.3,2.3,,hard,0,5.692307692307693,2.288461538461538,0.714575519067468,0.4821428571428571,56,False,False,,,OK,5,0,5,0,0,1,0,1,0,5,0,5,0,10,0,10,0,0,1,0,1,,0,63,64.0,-1,ATP,NEUTRAL,FIELD,HIGH,146,32,3,92,2026-05-25,146,1,,0.0,0,2.6,-2.9,0.0547,0.0026,0,0,-0.003000000000000003,0,?,0.95,0.0164,OVER,ml_prob_fallback,ml_prob_fallback,C,,9213,2.9,UNDER,OVER,FORCED_OVER_ONLY_GOB_DEM,OVER,ml_prob_unified,10,1.4944
14087310,Miomir Kecmanovic,MIOMIR KECMANOVIC,Aces,5.5,2026-08-25T19:40:00.000-04:00,Tennis,ATP / HARD,Goblin,7,,,14087310,203337,182253,Miomir Kecmanovic,5.5,Player,FABIAN MAROZSAN,,,https://www.atptour.com/-/media/alias/player-headshot/KI95,,2026-08-25T01:35:16.221-04:00,2026-08-25T16:30:42-04:00,aces,0,,0,2874,ATP,offset_estimate,1,,N/A,,OK,,,0.6168756112692229,,,,,3,3,5,3,5,6,2,3,1,3,3.8,3.4,3.4,,hard,0,5.621212121212121,2.484848484848485,0.7470094220108798,0.5,70,False,False,,,OK,5,0,5,0,0,1,0,1,0,5,0,5,0,10,1,9,0,0.1,0.9,0.1,0.9,,0,64,63.0,1,ATP,SERVE_HEAVY,FIELD,LOW,131,32,4,92,2026-05-25,131,1,,0.05,0.1,3.8,-1.7000000000000002,0.08,-0.0745,0.3596515924932976,0.05,-0.003000000000000003,0.3416690128686327,?,0.95,0.059,OVER,distance,distance,C,,2874,1.7000000000000002,UNDER,OVER,FORCED_OVER_ONLY_GOB_DEM,OVER,ml_prob_unified,10,1.5055
14087316,Miomir Kecmanovic,MIOMIR KECMANOVIC,Double Faults,5.5,2026-08-25T19:40:00.000-04:00,Tennis,ATP / HARD,Demon,,,,14087316,203337,182253,Miomir Kecmanovic,5.5,Player,FABIAN MAROZSAN,,,https://www.atptour.com/-/media/alias/player-headshot/KI95,,2026-08-25T01:35:16.221-04:00,2026-08-25T16:30:42-04:00,double_faults,0,,0,2874,ATP,,3,,N/A,,OK,,,0.6168756112692229,,,,,6,0,3,7,8,2,1,1,5,1,4.8,3.4,3.4,,hard,0,5.621212121212121,2.484848484848485,0.7470094220108798,0.5,70,False,False,,,OK,5,3,2,0,0.6,0.4,0.6,0.4,3,2,3,2,0,10,3,7,0,0.3,0.7,0.3,0.7,,0,64,63.0,1,ATP,NEUTRAL,FIELD,LOW,131,32,4,92,2026-05-25,131,1,,0.44999999999999996,0.8999999999999999,4.8,-0.7000000000000002,0.08,-0.2518,3.580084278820375,0.45,0.05200000000000005,3.401080064879356,?,0.95,0.339,OVER,ml_prob_fallback,ml_prob_fallback,B,,2874,0.7000000000000002,UNDER,OVER,FORCED_OVER_ONLY_GOB_DEM,OVER,ml_prob_unified,10,2.8752
14087308,Fabian Marozsan,FABIAN MAROZSAN,Double Faults,4.5,2026-08-25T19:40:00.000-04:00,Tennis,ATP / HARD,Demon,,,,14087308,203186,182253,Fabian Marozsan,4.5,Player,MIOMIR KECMANOVIC,,,https://www.flashscore.com/res/image/data/Ycea58fM-hhmDzIFI.png,,2026-08-25T01:35:16.221-04:00,2026-08-25T16:30:42-04:00,double_faults,0,,0,9213,ATP,,2,,N/A,,OK,,,0.6513296214335349,,,,,3,2,2,4,2,1,0,5,1,3,2.6,2.3,2.3,,hard,0,5.692307692307693,2.288461538461538,0.714575519067468,0.4821428571428571,56,False,False,,,OK,5,0,5,0,0,1,0,1,0,5,0,5,0,10,1,9,0,0.1,0.9,0.1,0.9,,0,63,64.0,-1,ATP,NEUTRAL,FIELD,HIGH,146,32,3,92,2026-05-25,146,1,,0.05,0.1,2.6,-1.9,0.0481,-0.082,0.3596515924932976,0.05,-0.003000000000000003,0.3416690128686327,?,0.95,0.0494,OVER,ml_prob_fallback,ml_prob_fallback,C,,9213,1.9,UNDER,OVER,FORCED_OVER_ONLY_GOB_DEM,OVER,ml_prob_unified,10,1.4944
14087314,Miomir Kecmanovic,MIOMIR KECMANOVIC,Double Faults,4.5,2026-08-25T19:40:00.000-04:00,Tennis,ATP / HARD,Demon,,,,14087314,203337,182253,Miomir Kecmanovic,4.5,Player,FABIAN MAROZSAN,,,https://www.atptour.com/-/media/alias/player-headshot/KI95,,2026-08-25T01:35:16.221-04:00,2026-08-25T16:30:42-04:00,double_faults,0,,0,2874,ATP,,2,,N/A,,OK,,,0.6168756112692229,,,,,6,0,3,7,8,2,1,1,5,1,4.8,3.4,3.4,,hard,0,5.621212121212121,2.484848484848485,0.7470094220108798,0.5,70,False,False,,,OK,5,3,2,0,0.6,0.4,0.6,0.4,3,2,3,2,0,10,4,6,0,0.4,0.6,0.4,0.6,,0,64,63.0,1,ATP,NEUTRAL,FIELD,LOW,131,32,4,92,2026-05-25,131,1,,0.5,1,4.8,0.2999999999999998,0.08,-0.4944,4.033123431635389,0.5,0.05200000000000005,3.831467260053619,?,0.95,0.374,OVER,ml_prob_fallback,ml_prob_fallback,B,,2874,0.2999999999999998,OVER,OVER,FORCED_OVER_ONLY_GOB_DEM,OVER,ml_prob_unified,10,2.8752
14087307,Fabian Marozsan,FABIAN MAROZSAN,Double Faults,3.5,2026-08-25T19:40:00.000-04:00,Tennis,ATP / HARD,Demon,,,,14087307,203186,182253,Fabian Marozsan,3.5,Player,MIOMIR KECMANOVIC,,,https://www.flashscore.com/res/image/data/Ycea58fM-hhmDzIFI.png,,2026-08-25T01:35:16.221-04:00,2026-08-25T16:30:42-04:00,double_faults,0,,0,9213,ATP,,1,,N/A,,OK,,,0.6513296214335349,,,,,3,2,2,4,2,1,0,5,1,3,2.6,2.3,2.3,,hard,0,5.692307692307693,2.288461538461538,0.714575519067468,0.4821428571428571,56,False,False,,,OK,5,1,4,0,0.2,0.8,0.2,0.8,1,4,1,4,0,10,2,8,0,0.2,0.8,0.2,0.8,,0,63,64.0,-1,ATP,NEUTRAL,FIELD,HIGH,146,32,3,92,2026-05-25,146,1,,0.2,0.4,2.6,-0.8999999999999999,0.08,-0.2091,1.49193291152815,0.2,-0.003000000000000003,1.417336265951743,?,0.95,0.164,OVER,ml_prob_fallback,ml_prob_fallback,C,,9213,0.8999999999999999,UNDER,OVER,FORCED_OVER_ONLY_GOB_DEM,OVER,ml_prob_unified,10,1.4944
14087315,Miomir Kecmanovic,MIOMIR KECMANOVIC,Double Faults,3.5,2026-08-25T19:40:00.000-04:00,Tennis,ATP / HARD,Demon,,,,14087315,203337,182253,Miomir Kecmanovic,3.5,Player,FABIAN MAROZSAN,,,https://www.atptour.com/-/media/alias/player-headshot/KI95,,2026-08-25T01:35:16.221-04:00,2026-08-25T16:30:42-04:00,double_faults,0,,0,2874,ATP,,1,,N/A,,OK,,,0.6168756112692229,,,,,6,0,3,7,8,2,1,1,5,1,4.8,3.4,3.4,,hard,0,5.621212121212121,2.484848484848485,0.7470094220108798,0.5,70,False,False,,,OK,5,3,2,0,0.6,0.4,0.6,0.4,3,2,3,2,0,10,4,6,0,0.4,0.6,0.4,0.6,,0,64,63.0,1,ATP,NEUTRAL,FIELD,LOW,131,32,4,92,2026-05-25,131,1,,0.5,1,4.8,1.2999999999999998,0.08,-0.7058,4.033123431635389,0.5,0.05200000000000005,3.831467260053619,?,0.95,0.374,OVER,ml_prob_fallback,ml_prob_fallback,B,,2874,1.2999999999999998,OVER,OVER,FORCED_OVER_ONLY_GOB_DEM,OVER,ml_prob_unified,10,2.8752
14076896,Fabian Marozsan,FABIAN MAROZSAN,Total Sets,2.5,2026-08-25T19:40:00.000-04:00,Tennis,ATP / HARD,Demon,,,,14076896,203186,182253,Fabian Marozsan,2.5,Player,MIOMIR KECMANOVIC,,,https://www.flashscore.com/res/image/data/Ycea58fM-hhmDzIFI.png,,2026-08-25T01:35:16.221-04:00,2026-08-25T16:30:42-04:00,total_sets,0,,0,9213,ATP,,1,,N/A,,OK,,,0.6513296214335349,,,,,3,3,2,3,3,3,2,2,3,2,2.8,2.6,2.6,,hard,0,5.692307692307693,2.288461538461538,0.714575519067468,0.4821428571428571,56,False,False,,,OK,5,4,1,0,0.8,0.2,0.8,0.2,4,1,4,1,0,10,6,4,0,0.6,0.4,0.6,0.4,,0,63,64.0,-1,ATP,NEUTRAL,FIELD,HIGH,146,32,3,92,2026-05-25,146,1,,0.7,1.4,2.8,0.2999999999999998,0.3659,-0.2086,5.948515054155497,0.7,0.07840000000000003,5.651089301447722,?,0.95,0.5998,OVER,ml_prob_fallback,ml_prob_fallback,B,,9213,0.2999999999999998,OVER,OVER,FORCED_OVER_ONLY_GOB_DEM,OVER,ml_prob_unified,10,0.5164
14087313,Miomir Kecmanovic,MIOMIR KECMANOVIC,Double Faults,2.5,2026-08-25T19:40:00.000-04:00,Tennis,ATP / HARD,Goblin,4,,,14087313,203337,182253,Miomir Kecmanovic,2.5,Player,FABIAN MAROZSAN,,,https://www.atptour.com/-/media/alias/player-headshot/KI95,,2026-08-25T01:35:16.221-04:00,2026-08-25T16:30:42-04:00,double_faults,0,,0,2874,ATP,offset_estimate,1,,N/A,,OK,,,0.6168756112692229,,,,,6,0,3,7,8,2,1,1,5,1,4.8,3.4,3.4,,hard,0,5.621212121212121,2.484848484848485,0.7470094220108798,0.5,70,False,False,,,OK,5,4,1,0,0.8,0.2,0.8,0.2,4,1,4,1,0,10,5,5,0,0.5,0.5,0.5,0.5,,0,64,63.0,1,ATP,NEUTRAL,FIELD,LOW,131,32,4,92,2026-05-25,131,1,,0.65,1.3,4.8,2.3,0.08,-0.8289,5.46120369544236,0.65,0.07840000000000003,5.188143510670241,?,0.95,0.479,OVER,distance,distance,C,,2874,2.3,OVER,OVER,FORCED_OVER_ONLY_GOB_DEM,OVER,ml_prob_unified,10,2.8752
14090167,Fabian Marozsan,FABIAN MAROZSAN,Break Points Won,2.5,2026-08-25T19:40:00.000-04:00,Tennis,ATP / HARD,Demon,,,,14090167,203186,182253,Fabian Marozsan,2.5,Player,MIOMIR KECMANOVIC,,,https://www.flashscore.com/res/image/data/Ycea58fM-hhmDzIFI.png,,2026-08-25T01:35:16.221-04:00,2026-08-25T16:30:42-04:00,break_points_won,0,,0,9213,ATP,,1,,N/A,,OK,,,0.6513296214335349,,,,,2,3,4,0,3,3,5,0,1,1,2.4,2.2,2.2,,hard,0,5.692307692307693,2.288461538461538,0.714575519067468,0.4821428571428571,56,False,False,,,OK,5,3,2,0,0.6,0.4,0.6,0.4,3,2,3,2,0,10,5,5,0,0.5,0.5,0.5,0.5,,0,63,64.0,-1,ATP,NEUTRAL,FIELD,HIGH,146,32,3,92,2026-05-25,146,1,,0.55,1.1,2.4,-0.10000000000000009,0.3659,-0.1092,4.514759903485255,0.55,0.05200000000000005,4.289021908310993,?,0.95,0.4948,OVER,ml_prob_fallback,ml_prob_fallback,B,,9213,0.10000000000000009,UNDER,OVER,FORCED_OVER_ONLY_GOB_DEM,OVER,ml_prob_unified,10,1.6865
14090168,Miomir Kecmanovic,MIOMIR KECMANOVIC,Break Points Won,2.5,2026-08-25T19:40:00.000-04:00,Tennis,ATP / HARD,Standard,2.5,,,14090168,203337,182253,Miomir Kecmanovic,2.5,Player,FABIAN MAROZSAN,,,https://www.atptour.com/-/media/alias/player-headshot/KI95,,2026-08-25T01:35:16.221-04:00,2026-08-25T16:30:42-04:00,break_points_won,0,,0,2874,ATP,pp_or_step1,0,,N/A,,OK,,,0.6168756112692229,,,,,4,2,4,2,4,2,1,5,1,1,3.2,2.6,2.6,,hard,0,5.621212121212121,2.484848484848485,0.7470094220108798,0.5,70,False,False,,,OK,5,3,2,0,0.6,0.4,0.6,0.4,3,2,3,2,0,10,4,6,0,0.4,0.6,0.4,0.6,,0,64,63.0,1,ATP,NEUTRAL,FIELD,LOW,131,32,4,92,2026-05-25,131,1,,0.5,1,3.2,0.7000000000000002,0.3771,-0.2911,4.033123431635389,0.5,0.05200000000000005,3.831467260053619,?,0.95,0.4631,OVER,ml_prob,ml_prob,B,,2874,0.7000000000000002,OVER,OVER,STANDARD_L5AVG_OVER,OVER,ml_prob_unified,10,1.5055
14083852,Miomir Kecmanovic,MIOMIR KECMANOVIC,Total Tie Breaks,1.5,2026-08-25T19:40:00.000-04:00,Tennis,ATP / HARD,Demon,,,,14083852,203337,182253,Miomir Kecmanovic,1.5,Player,FABIAN MAROZSAN,,,https://www.atptour.com/-/media/alias/player-headshot/KI95,,2026-08-25T01:35:16.221-04:00,2026-08-25T16:30:42-04:00,total_tie_breaks,0,,0,2874,ATP,,1,,N/A,,OK,,,0.6168756112692229,,,,,0,0,0,1,1,0,0,0,1,0,0.4,0.3,0.3,,hard,0,5.621212121212121,2.484848484848485,0.7470094220108798,0.5,70,False,False,,,OK,5,0,5,0,0,1,0,1,0,5,0,5,0,10,0,10,0,0,1,0,1,,0,64,63.0,1,ATP,NEUTRAL,FIELD,LOW,131,32,4,92,2026-05-25,131,1,,0.0,0,0.4,-1.1,0.183,-0.0668,0,0,-0.003000000000000003,0,?,0.95,0.0549,OVER,ml_prob_fallback,ml_prob_fallback,C,,2874,1.1,UNDER,OVER,FORCED_OVER_ONLY_GOB_DEM,OVER,ml_prob_unified,10,0.483
14087306,Fabian Marozsan,FABIAN MAROZSAN,Double Faults,1.5,2026-08-25T19:40:00.000-04:00,Tennis,ATP / HARD,Goblin,3,,,14087306,203186,182253,Fabian Marozsan,1.5,Player,MIOMIR KECMANOVIC,,,https://www.flashscore.com/res/image/data/Ycea58fM-hhmDzIFI.png,,2026-08-25T01:35:16.221-04:00,2026-08-25T16:30:42-04:00,double_faults,0,,0,9213,ATP,offset_estimate,1,,N/A,,OK,,,0.6513296214335349,,,,,3,2,2,4,2,1,0,5,1,3,2.6,2.3,2.3,,hard,0,5.692307692307693,2.288461538461538,0.714575519067468,0.4821428571428571,56,False,False,,,OK,5,5,0,0,1,0,1,0,5,0,5,0,0,10,7,3,0,0.7,0.3,0.7,0.3,,0,63,64.0,-1,ATP,NEUTRAL,FIELD,HIGH,146,32,3,92,2026-05-25,146,1,,0.85,1.7,2.6,1.1,0.08,-0.6703,7.427730095442359,0.85,0.07840000000000003,7.056343590670241,?,0.95,0.619,OVER,distance,distance,C,,9213,1.1,OVER,OVER,FORCED_OVER_ONLY_GOB_DEM,OVER,ml_prob_unified,10,1.4944
14114161,Lorenzo Sonego,LORENZO SONEGO,Total Games,27.5,2026-08-25T18:40:00.000-04:00,Tennis,ATP / HARD,Demon,22.5,,,14114161,203341,182435,Lorenzo Sonego,27.5,Player,ADRIAN MANNARINO,,,https://www.flashscore.com/res/image/data/WfbI2IDa-OGaImkR1.png,,2026-08-25T15:38:39.624-04:00,2026-08-25T16:30:42-04:00,match_total_games,0,,0,3052,ATP,sibling_or_pp,3,,N/A,,OK,,,0.6565287725349218,,,,,32,19,18,25,26,23,31,31,21,27,24,25.3,25.3,,hard,0,6.592592592592593,2.185185185185185,0.7375422283590843,0.4444444444444444,54,False,False,,,OK,5,1,4,0,0.2,0.8,0.2,0.8,1,4,1,4,0,10,3,7,0,0.3,0.7,0.3,0.7,,0,91,67.0,24,ATP,NEUTRAL,FIELD,HIGH,128,27,3,92,2026-05-25,128,1,,0.25,0.5,24,-3.5,0.58,0.5507,1.889257962466488,0.25,-0.003000000000000003,1.794795064343164,?,0.95,0.349,OVER,distance,distance,C,,3052,3.5,UNDER,OVER,FORCED_OVER_ONLY_GOB_DEM,OVER,ml_prob_unified,10,5.0563
14113548,Lorenzo Sonego,LORENZO SONEGO,Total Games,26.5,2026-08-25T18:40:00.000-04:00,Tennis,ATP / HARD,Demon,22.5,,,14113548,203341,182435,Lorenzo Sonego,26.5,Player,ADRIAN MANNARINO,,,https://www.flashscore.com/res/image/data/WfbI2IDa-OGaImkR1.png,,2026-08-25T15:38:39.624-04:00,2026-08-25T16:30:42-04:00,match_total_games,0,,0,3052,ATP,sibling_or_pp,2,,N/A,,OK,,,0.6565287725349218,,,,,32,19,18,25,26,23,31,31,21,27,24,25.3,25.3,,hard,0,6.592592592592593,2.185185185185185,0.7375422283590843,0.4444444444444444,54,False,False,,,OK,5,1,4,0,0.2,0.8,0.2,0.8,1,4,1,4,0,10,4,6,0,0.4,0.6,0.4,0.6,,0,91,67.0,24,ATP,NEUTRAL,FIELD,HIGH,128,27,3,92,2026-05-25,128,1,,0.30000000000000004,0.6000000000000001,24,-2.5,0.58,0.5041,2.295595882037533,0.3,-0.003000000000000003,2.180816087935657,?,0.95,0.384,OVER,distance,distance,C,,3052,2.5,UNDER,OVER,FORCED_OVER_ONLY_GOB_DEM,OVER,ml_prob_unified,10,5.0563
14113549,Lorenzo Sonego,LORENZO SONEGO,Total Games,25.5,2026-08-25T18:40:00.000-04:00,Tennis,ATP / HARD,Demon,22.5,,,14113549,203341,182435,Lorenzo Sonego,25.5,Player,ADRIAN MANNARINO,,,https://www.flashscore.com/res/image/data/WfbI2IDa-OGaImkR1.png,,2026-08-25T15:38:39.624-04:00,2026-08-25T16:30:42-04:00,match_total_games,0,,0,3052,ATP,sibling_or_pp,1,,N/A,,OK,,,0.6565287725349218,,,,,32,19,18,25,26,23,31,31,21,27,24,25.3,25.3,,hard,0,6.592592592592593,2.185185185185185,0.7375422283590843,0.4444444444444444,54,False,False,,,OK,5,2,3,0,0.4,0.6,0.4,0.6,2,3,2,3,0,10,5,5,0,0.5,0.5,0.5,0.5,,0,91,67.0,24,ATP,NEUTRAL,FIELD,HIGH,128,27,3,92,2026-05-25,128,1,,0.45,0.9,24,-1.5,0.58,0.3976,3.570580278820376,0.45,0.008000000000000007,3.392051264879357,?,0.95,0.489,OVER,distance,distance,B,,3052,1.5,UNDER,OVER,FORCED_OVER_ONLY_GOB_DEM,OVER,ml_prob_unified,10,5.0563
14113550,Lorenzo Sonego,LORENZO SONEGO,Total Games,22.5,2026-08-25T18:40:00.000-04:00,Tennis,ATP / HARD,Standard,22.5,,,14113550,203341,182435,Lorenzo Sonego,22.5,Player,ADRIAN MANNARINO,,,https://www.flashscore.com/res/image/data/WfbI2IDa-OGaImkR1.png,,2026-08-25T15:38:39.624-04:00,2026-08-25T16:30:42-04:00,match_total_games,0,,0,3052,ATP,pp_or_step1,0,,N/A,,OK,,,0.6565287725349218,,,,,32,19,18,25,26,23,31,31,21,27,24,25.3,25.3,,hard,0,6.592592592592593,2.185185185185185,0.7375422283590843,0.4444444444444444,54,False,False,,,OK,5,3,2,0,0.6,0.4,0.6,0.4,3,2,3,2,0,10,7,3,0,0.7,0.3,0.7,0.3,,0,91,67.0,24,ATP,NEUTRAL,FIELD,HIGH,128,27,3,92,2026-05-25,128,1,,0.6499999999999999,1.3,24,1.5,0.58,-0.2376,5.452966895442359,0.6499999999999999,0.05200000000000005,5.180318550670241,?,0.95,0.629,OVER,ml_prob,ml_prob,B,,3052,1.5,OVER,OVER,STANDARD_L5AVG_OVER,OVER,ml_prob_unified,10,5.0563
14113552,Lorenzo Sonego,LORENZO SONEGO,Total Games,21.5,2026-08-25T18:40:00.000-04:00,Tennis,ATP / HARD,Goblin,22.5,,,14113552,203341,182435,Lorenzo Sonego,21.5,Player,ADRIAN MANNARINO,,,https://www.flashscore.com/res/image/data/WfbI2IDa-OGaImkR1.png,,2026-08-25T15:38:39.624-04:00,2026-08-25T16:30:42-04:00,match_total_games,0,,0,3052,ATP,sibling_or_pp,1,,N/A,,OK,,,0.6565287725349218,,,,,32,19,18,25,26,23,31,31,21,27,24,25.3,25.3,,hard,0,6.592592592592593,2.185185185185185,0.7375422283590843,0.4444444444444444,54,False,False,,,OK,5,3,2,0,0.6,0.4,0.6,0.4,3,2,3,2,0,10,7,3,0,0.7,0.3,0.7,0.3,,0,91,67.0,24,ATP,NEUTRAL,FIELD,HIGH,128,27,3,92,2026-05-25,128,1,,0.6499999999999999,1.3,24,2.5,0.58,-0.3441,5.452966895442359,0.6499999999999999,0.05200000000000005,5.180318550670241,?,0.95,0.629,OVER,distance,distance,C,,3052,2.5,OVER,OVER,FORCED_OVER_ONLY_GOB_DEM,OVER,ml_prob_unified,10,5.0563
14113551,Lorenzo Sonego,LORENZO SONEGO,Total Games,20.5,2026-08-25T18:40:00.000-04:00,Tennis,ATP / HARD,Goblin,22.5,,,14113551,203341,182435,Lorenzo Sonego,20.5,Player,ADRIAN MANNARINO,,,https://www.flashscore.com/res/image/data/WfbI2IDa-OGaImkR1.png,,2026-08-25T15:38:39.624-04:00,2026-08-25T16:30:42-04:00,match_total_games,0,,0,3052,ATP,sibling_or_pp,2,,N/A,,OK,,,0.6565287725349218,,,,,32,19,18,25,26,23,31,31,21,27,24,25.3,25.3,,hard,0,6.592592592592593,2.185185185185185,0.7375422283590843,0.4444444444444444,54,False,False,,,OK,5,3,2,0,0.6,0.4,0.6,0.4,3,2,3,2,0,10,8,2,0,0.8,0.2,0.8,0.2,,0,91,67.0,24,ATP,NEUTRAL,FIELD,HIGH,128,27,3,92,2026-05-25,128,1,,0.7,1.4,24,3.5,0.5883,-0.3824,5.939644654155496,0.7,0.05200000000000005,5.642662421447722,?,0.95,0.6665,OVER,distance,distance,B,,3052,3.5,OVER,OVER,FORCED_OVER_ONLY_GOB_DEM,OVER,ml_prob_unified,10,5.0563
14113957,Lorenzo Sonego,LORENZO SONEGO,Total Games Won,12.5,2026-08-25T18:40:00.000-04:00,Tennis,ATP / HARD,Goblin,14,,,14113957,203341,182435,Lorenzo Sonego,12.5,Player,ADRIAN MANNARINO,,,https://www.flashscore.com/res/image/data/WfbI2IDa-OGaImkR1.png,,2026-08-25T15:38:39.624-04:00,2026-08-25T16:30:42-04:00,games_won,0,,0,3052,ATP,offset_estimate,1,,N/A,,OK,,,0.6565287725349218,,,,,17,7,12,11,12,13,16,15,8,9,11.8,12,12,,hard,0,6.592592592592593,2.185185185185185,0.7375422283590843,0.4444444444444444,54,False,False,,,OK,5,1,4,0,0.2,0.8,0.2,0.8,1,4,1,4,0,10,4,6,0,0.4,0.6,0.4,0.6,,0,91,67.0,24,ATP,NEUTRAL,FIELD,HIGH,128,27,3,92,2026-05-25,128,1,,0.30000000000000004,0.6000000000000001,11.8,-0.6999999999999993,0.58,0.2482,2.295595882037533,0.3,-0.003000000000000003,2.180816087935657,?,0.95,0.384,OVER,distance,distance,C,,3052,0.6999999999999993,UNDER,OVER,FORCED_OVER_ONLY_GOB_DEM,OVER,ml_prob_unified,10,3.3665
14122930,Lorenzo Sonego,LORENZO SONEGO,Aces,12.5,2026-08-25T18:40:00.000-04:00,Tennis,ATP / HARD,Demon,,,,14122930,203341,182435,Lorenzo Sonego,12.5,Player,ADRIAN MANNARINO,,,https://www.flashscore.com/res/image/data/WfbI2IDa-OGaImkR1.png,,2026-08-25T15:38:39.624-04:00,2026-08-25T16:30:42-04:00,aces,0,,0,3052,ATP,,4,,N/A,,OK,,,0.6565287725349218,,,,,10,7,7,9,5,8,16,14,14,15,7.6,10.5,10.5,,hard,0,6.592592592592593,2.185185185185185,0.7375422283590843,0.4444444444444444,54,False,False,,,OK,5,0,5,0,0,1,0,1,0,5,0,5,0,10,4,6,0,0.4,0.6,0.4,0.6,,0,91,67.0,24,ATP,SERVE_HEAVY,FIELD,HIGH,128,27,3,92,2026-05-25,128,1,,0.2,0.4,7.6,-4.9,0.08,0.0726,1.49193291152815,0.2,-0.003000000000000003,1.417336265951743,?,0.95,0.164,OVER,ml_prob_fallback,ml_prob_fallback,C,,3052,4.9,UNDER,OVER,FORCED_OVER_ONLY_GOB_DEM,OVER,ml_prob_unified,10,3.9229
14122929,Lorenzo Sonego,LORENZO SONEGO,Aces,11.5,2026-08-25T18:40:00.000-04:00,Tennis,ATP / HARD,Demon,,,,14122929,203341,182435,Lorenzo Sonego,11.5,Player,ADRIAN MANNARINO,,,https://www.flashscore.com/res/image/data/WfbI2IDa-OGaImkR1.png,,2026-08-25T15:38:39.624-04:00,2026-08-25T16:30:42-04:00,aces,0,,0,3052,ATP,,3,,N/A,,OK,,,0.6565287725349218,,,,,10,7,7,9,5,8,16,14,14,15,7.6,10.5,10.5,,hard,0,6.592592592592593,2.185185185185185,0.7375422283590843,0.4444444444444444,54,False,False,,,OK,5,0,5,0,0,1,0,1,0,5,0,5,0,10,4,6,0,0.4,0.6,0.4,0.6,,0,91,67.0,24,ATP,SERVE_HEAVY,FIELD,HIGH,128,27,3,92,2026-05-25,128,1,,0.2,0.4,7.6,-3.9000000000000004,0.08,0.0602,1.49193291152815,0.2,-0.003000000000000003,1.417336265951743,?,0.95,0.164,OVER,ml_prob_fallback,ml_prob_fallback,C,,3052,3.9000000000000004,UNDER,OVER,FORCED_OVER_ONLY_GOB_DEM,OVER,ml_prob_unified,10,3.9229
14122931,Lorenzo Sonego,LORENZO SONEGO,Aces,10.5,2026-08-25T18:40:00.000-04:00,Tennis,ATP / HARD,Demon,,,,14122931,203341,182435,Lorenzo Sonego,10.5,Player,ADRIAN MANNARINO,,,https://www.flashscore.com/res/image/data/WfbI2IDa-OGaImkR1.png,,2026-08-25T15:38:39.624-04:00,2026-08-25T16:30:42-04:00,aces,0,,0,3052,ATP,,2,,N/A,,OK,,,0.6565287725349218,,,,,10,7,7,9,5,8,16,14,14,15,7.6,10.5,10.5,,hard,0,6.592592592592593,2.185185185185185,0.7375422283590843,0.4444444444444444,54,False,False,,,OK,5,0,5,0,0,1,0,1,0,5,0,5,0,10,4,6,0,0.4,0.6,0.4,0.6,,0,91,67.0,24,ATP,SERVE_HEAVY,FIELD,HIGH,128,27,3,92,2026-05-25,128,1,,0.2,0.4,7.6,-2.9000000000000004,0.08,0.0278,1.49193291152815,0.2,-0.003000000000000003,1.417336265951743,?,0.95,0.164,OVER,ml_prob_fallback,ml_prob_fallback,C,,3052,2.9000000000000004,UNDER,OVER,FORCED_OVER_ONLY_GOB_DEM,OVER,ml_prob_unified,10,3.9229
14122928,Lorenzo Sonego,LORENZO SONEGO,Aces,8.5,2026-08-25T18:40:00.000-04:00,Tennis,ATP / HARD,Demon,,,,14122928,203341,182435,Lorenzo Sonego,8.5,Player,ADRIAN MANNARINO,,,https://www.flashscore.com/res/image/data/WfbI2IDa-OGaImkR1.png,,2026-08-25T15:38:39.624-04:00,2026-08-25T16:30:42-04:00,aces,0,,0,3052,ATP,,1,,N/A,,OK,,,0.6565287725349218,,,,,10,7,7,9,5,8,16,14,14,15,7.6,10.5,10.5,,hard,0,6.592592592592593,2.185185185185185,0.7375422283590843,0.4444444444444444,54,False,False,,,OK,5,2,3,0,0.4,0.6,0.4,0.6,2,3,2,3,0,10,6,4,0,0.6,0.4,0.6,0.4,,0,91,67.0,24,ATP,SERVE_HEAVY,FIELD,HIGH,128,27,3,92,2026-05-25,128,1,,0.5,1,7.6,-0.9000000000000004,0.08,-0.2091,4.022563431635389,0.5,0.008000000000000007,3.821435260053619,?,0.95,0.374,OVER,ml_prob_fallback,ml_prob_fallback,C,,3052,0.9000000000000004,UNDER,OVER,FORCED_OVER_ONLY_GOB_DEM,OVER,ml_prob_unified,10,3.9229
14122922,Adrian Mannarino,ADRIAN MANNARINO,Aces,6.5,2026-08-25T18:40:00.000-04:00,Tennis,ATP / HARD,Demon,,,,14122922,202891,182435,Adrian Mannarino,6.5,Player,LORENZO SONEGO,,,https://www.flashscore.com/res/image/data/6X67JIYA-lv9JJTen.png,,2026-08-25T15:38:39.624-04:00,2026-08-25T16:30:42-04:00,aces,0,,0,1266,ATP,,3,,N/A,,OK,,,0.5916945572490452,,,,,3,2,1,5,7,3,0,2,1,3,3.6,2.7,2.7,,hard,0,5.42,2.2,0.7194304994020837,0.44,50,False,False,,,OK,5,1,4,0,0.2,0.8,0.2,0.8,1,4,1,4,0,10,1,9,0,0.1,0.9,0.1,0.9,,0,67,91.0,-24,ATP,SERVE_HEAVY,FIELD,HIGH,120,28,3,92,2026-05-25,120,1,,0.15000000000000002,0.3,3.6,-2.9,0.0512,-0.0009,1.104585876675603,0.15,-0.003000000000000003,1.049356582841823,?,0.95,0.1204,OVER,ml_prob_fallback,ml_prob_fallback,C,,1266,2.9,UNDER,OVER,FORCED_OVER_ONLY_GOB_DEM,OVER,ml_prob_unified,10,2.0575
14122927,Adrian Mannarino,ADRIAN MANNARINO,Double Faults,6.5,2026-08-25T18:40:00.000-04:00,Tennis,ATP / HARD,Demon,,,,14122927,202891,182435,Adrian Mannarino,6.5,Player,LORENZO SONEGO,,,https://www.flashscore.com/res/image/data/6X67JIYA-lv9JJTen.png,,2026-08-25T15:38:39.624-04:00,2026-08-25T16:30:42-04:00,double_faults,0,,0,1266,ATP,,3,,N/A,,OK,,,0.5916945572490452,,,,,4,7,3,1,4,1,4,1,1,1,3.8,2.7,2.7,,hard,0,5.42,2.2,0.7194304994020837,0.44,50,False,False,,,OK,5,1,4,0,0.2,0.8,0.2,0.8,1,4,1,4,0,10,1,9,0,0.1,0.9,0.1,0.9,,0,67,91.0,-24,ATP,NEUTRAL,FIELD,HIGH,120,28,3,92,2026-05-25,120,1,,0.15000000000000002,0.3,3.8,-2.7,0.0512,-0.0117,1.104585876675603,0.15,-0.003000000000000003,1.049356582841823,?,0.95,0.1204,OVER,ml_prob_fallback,ml_prob_fallback,C,,1266,2.7,UNDER,OVER,FORCED_OVER_ONLY_GOB_DEM,OVER,ml_prob_unified,10,2.0575
14122923,Adrian Mannarino,ADRIAN MANNARINO,Aces,5.5,2026-08-25T18:40:00.000-04:00,Tennis,ATP / HARD,Demon,,,,14122923,202891,182435,Adrian Mannarino,5.5,Player,LORENZO SONEGO,,,https://www.flashscore.com/res/image/data/6X67JIYA-lv9JJTen.png,,2026-08-25T15:38:39.624-04:00,2026-08-25T16:30:42-04:00,aces,0,,0,1266,ATP,,2,,N/A,,OK,,,0.5916945572490452,,,,,3,2,1,5,7,3,0,2,1,3,3.6,2.7,2.7,,hard,0,5.42,2.2,0.7194304994020837,0.44,50,False,False,,,OK,5,1,4,0,0.2,0.8,0.2,0.8,1,4,1,4,0,10,1,9,0,0.1,0.9,0.1,0.9,,0,67,91.0,-24,ATP,SERVE_HEAVY,FIELD,HIGH,120,28,3,92,2026-05-25,120,1,,0.15000000000000002,0.3,3.6,-1.9,0.0557,-0.0744,1.104585876675603,0.15,-0.003000000000000003,1.049356582841823,?,0.95,0.1217,OVER,ml_prob_fallback,ml_prob_fallback,C,,1266,1.9,UNDER,OVER,FORCED_OVER_ONLY_GOB_DEM,OVER,ml_prob_unified,10,2.0575
14122926,Adrian Mannarino,ADRIAN MANNARINO,Double Faults,5.5,2026-08-25T18:40:00.000-04:00,Tennis,ATP / HARD,Demon,,,,14122926,202891,182435,Adrian Mannarino,5.5,Player,LORENZO SONEGO,,,https://www.flashscore.com/res/image/data/6X67JIYA-lv9JJTen.png,,2026-08-25T15:38:39.624-04:00,2026-08-25T16:30:42-04:00,double_faults,0,,0,1266,ATP,,2,,N/A,,OK,,,0.5916945572490452,,,,,4,7,3,1,4,1,4,1,1,1,3.8,2.7,2.7,,hard,0,5.42,2.2,0.7194304994020837,0.44,50,False,False,,,OK,5,1,4,0,0.2,0.8,0.2,0.8,1,4,1,4,0,10,1,9,0,0.1,0.9,0.1,0.9,,0,67,91.0,-24,ATP,NEUTRAL,FIELD,HIGH,120,28,3,92,2026-05-25,120,1,,0.15000000000000002,0.3,3.8,-1.7000000000000002,0.0557,-0.0988,1.104585876675603,0.15,-0.003000000000000003,1.049356582841823,?,0.95,0.1217,OVER,ml_prob_fallback,ml_prob_fallback,C,,1266,1.7000000000000002,UNDER,OVER,FORCED_OVER_ONLY_GOB_DEM,OVER,ml_prob_unified,10,2.0575
14122925,Adrian Mannarino,ADRIAN MANNARINO,Double Faults,4.5,2026-08-25T18:40:00.000-04:00,Tennis,ATP / HARD,Demon,,,,14122925,202891,182435,Adrian Mannarino,4.5,Player,LORENZO SONEGO,,,https://www.flashscore.com/res/image/data/6X67JIYA-lv9JJTen.png,,2026-08-25T15:38:39.624-04:00,2026-08-25T16:30:42-04:00,double_faults,0,,0,1266,ATP,,1,,N/A,,OK,,,0.5916945572490452,,,,,4,7,3,1,4,1,4,1,1,1,3.8,2.7,2.7,,hard,0,5.42,2.2,0.7194304994020837,0.44,50,False,False,,,OK,5,1,4,0,0.2,0.8,0.2,0.8,1,4,1,4,0,10,1,9,0,0.1,0.9,0.1,0.9,,0,67,91.0,-24,ATP,NEUTRAL,FIELD,HIGH,120,28,3,92,2026-05-25,120,1,,0.15000000000000002,0.3,3.8,-0.7000000000000002,0.0796,-0.2522,1.104585876675603,0.15,-0.003000000000000003,1.049356582841823,?,0.95,0.1289,OVER,ml_prob_fallback,ml_prob_fallback,C,,1266,0.7000000000000002,UNDER,OVER,FORCED_OVER_ONLY_GOB_DEM,OVER,ml_prob_unified,10,2.0575
14122934,Lorenzo Sonego,LORENZO SONEGO,Double Faults,4.5,2026-08-25T18:40:00.000-04:00,Tennis,ATP / HARD,Demon,,,,14122934,203341,182435,Lorenzo Sonego,4.5,Player,ADRIAN MANNARINO,,,https://www.flashscore.com/res/image/data/WfbI2IDa-OGaImkR1.png,,2026-08-25T15:38:39.624-04:00,2026-08-25T16:30:42-04:00,double_faults,0,,0,3052,ATP,,2,,N/A,,OK,,,0.6565287725349218,,,,,7,1,2,4,2,2,2,3,1,1,3.2,2.5,2.5,,hard,0,6.592592592592593,2.185185185185185,0.7375422283590843,0.4444444444444444,54,False,False,,,OK,5,1,4,0,0.2,0.8,0.2,0.8,1,4,1,4,0,10,1,9,0,0.1,0.9,0.1,0.9,,0,91,67.0,24,ATP,NEUTRAL,FIELD,HIGH,128,27,3,92,2026-05-25,128,1,,0.15000000000000002,0.3,3.2,-1.2999999999999998,0.0796,-0.1345,1.104585876675603,0.15,-0.003000000000000003,1.049356582841823,?,0.95,0.1289,OVER,ml_prob_fallback,ml_prob_fallback,C,,3052,1.2999999999999998,UNDER,OVER,FORCED_OVER_ONLY_GOB_DEM,OVER,ml_prob_unified,10,1.8409
14129830,Lorenzo Sonego,LORENZO SONEGO,Aces,4.5,2026-08-25T18:40:00.000-04:00,Tennis,ATP / HARD,Goblin,6,,,14129830,203341,182435,Lorenzo Sonego,4.5,Player,ADRIAN MANNARINO,,,https://www.flashscore.com/res/image/data/WfbI2IDa-OGaImkR1.png,,2026-08-25T15:38:39.624-04:00,2026-08-25T16:30:42-04:00,aces,0,,0,3052,ATP,offset_estimate,1,,N/A,,OK,,,0.6565287725349218,,,,,10,7,7,9,5,8,16,14,14,15,7.6,10.5,10.5,,hard,0,6.592592592592593,2.185185185185185,0.7375422283590843,0.4444444444444444,54,False,False,,,OK,5,5,0,0,1,0,1,0,5,0,5,0,0,10,10,0,0,1,0,1,0,,0,91,67.0,24,ATP,SERVE_HEAVY,FIELD,HIGH,128,27,3,92,2026-05-25,128,1,,1.0,2,7.6,3.0999999999999996,0.08,-0.8769,8.972719506702413,1,0.07840000000000003,8.524083531367292,?,0.95,0.724,OVER,distance,distance,C,,3052,3.0999999999999996,OVER,OVER,FORCED_OVER_ONLY_GOB_DEM,OVER,ml_prob_unified,10,3.9229
14122921,Adrian Mannarino,ADRIAN MANNARINO,Aces,3.5,2026-08-25T18:40:00.000-04:00,Tennis,ATP / HARD,Goblin,5,,,14122921,202891,182435,Adrian Mannarino,3.5,Player,LORENZO SONEGO,,,https://www.flashscore.com/res/image/data/6X67JIYA-lv9JJTen.png,,2026-08-25T15:38:39.624-04:00,2026-08-25T16:30:42-04:00,aces,0,,0,1266,ATP,offset_estimate,1,,N/A,,OK,,,0.5916945572490452,,,,,3,2,1,5,7,3,0,2,1,3,3.6,2.7,2.7,,hard,0,5.42,2.2,0.7194304994020837,0.44,50,False,False,,,OK,5,2,3,0,0.4,0.6,0.4,0.6,2,3,2,3,0,10,2,8,0,0.2,0.8,0.2,0.8,,0,67,91.0,-24,ATP,SERVE_HEAVY,FIELD,HIGH,120,28,3,92,2026-05-25,120,1,,0.30000000000000004,0.6000000000000001,3.6,0.10000000000000009,0.08,-0.445,2.297179882037534,0.3,0.008000000000000007,2.182320887935657,?,0.95,0.234,OVER,distance,distance,C,,1266,0.10000000000000009,OVER,OVER,FORCED_OVER_ONLY_GOB_DEM,OVER,ml_prob_unified,10,2.0575
14122933,Lorenzo Sonego,LORENZO SONEGO,Double Faults,3.5,2026-08-25T18:40:00.000-04:00,Tennis,ATP / HARD,Demon,,,,14122933,203341,182435,Lorenzo Sonego,3.5,Player,ADRIAN MANNARINO,,,https://www.flashscore.com/res/image/data/WfbI2IDa-OGaImkR1.png,,2026-08-25T15:38:39.624-04:00,2026-08-25T16:30:42-04:00,double_faults,0,,0,3052,ATP,,1,,N/A,,OK,,,0.6565287725349218,,,,,7,1,2,4,2,2,2,3,1,1,3.2,2.5,2.5,,hard,0,6.592592592592593,2.185185185185185,0.7375422283590843,0.4444444444444444,54,False,False,,,OK,5,2,3,0,0.4,0.6,0.4,0.6,2,3,2,3,0,10,2,8,0,0.2,0.8,0.2,0.8,,0,91,67.0,24,ATP,NEUTRAL,FIELD,HIGH,128,27,3,92,2026-05-25,128,1,,0.30000000000000004,0.6000000000000001,3.2,-0.2999999999999998,0.0766,-0.349,2.297179882037534,0.3,0.008000000000000007,2.182320887935657,?,0.95,0.233,OVER,ml_prob_fallback,ml_prob_fallback,C,,3052,0.2999999999999998,UNDER,OVER,FORCED_OVER_ONLY_GOB_DEM,OVER,ml_prob_unified,10,1.8409
14113553,Lorenzo Sonego,LORENZO SONEGO,Total Sets,2.5,2026-08-25T18:40:00.000-04:00,Tennis,ATP / HARD,Demon,,,,14113553,203341,182435,Lorenzo Sonego,2.5,Player,ADRIAN MANNARINO,,,https://www.flashscore.com/res/image/data/WfbI2IDa-OGaImkR1.png,,2026-08-25T15:38:39.624-04:00,2026-08-25T16:30:42-04:00,total_sets,0,,0,3052,ATP,,1,,N/A,,OK,,,0.6565287725349218,,,,,3,2,2,2,2,2,3,3,2,3,2.2,2.4,2.4,,hard,0,6.592592592592593,2.185185185185185,0.7375422283590843,0.4444444444444444,54,False,False,,,OK,5,1,4,0,0.2,0.8,0.2,0.8,1,4,1,4,0,10,4,6,0,0.4,0.6,0.4,0.6,,0,91,67.0,24,ATP,NEUTRAL,FIELD,HIGH,128,27,3,92,2026-05-25,128,1,,0.30000000000000004,0.6000000000000001,2.2,-0.2999999999999998,0.2003,-0.2252,2.295595882037533,0.3,-0.003000000000000003,2.180816087935657,?,0.95,0.2701,OVER,ml_prob_fallback,ml_prob_fallback,C,,3052,0.2999999999999998,UNDER,OVER,FORCED_OVER_ONLY_GOB_DEM,OVER,ml_prob_unified,10,0.5164
14122924,Adrian Mannarino,ADRIAN MANNARINO,Double Faults,2.5,2026-08-25T18:40:00.000-04:00,Tennis,ATP / HARD,Goblin,4,,,14122924,202891,182435,Adrian Mannarino,2.5,Player,LORENZO SONEGO,,,https://www.flashscore.com/res/image/data/6X67JIYA-lv9JJTen.png,,2026-08-25T15:38:39.624-04:00,2026-08-25T16:30:42-04:00,double_faults,0,,0,1266,ATP,offset_estimate,1,,N/A,,OK,,,0.5916945572490452,,,,,4,7,3,1,4,1,4,1,1,1,3.8,2.7,2.7,,hard,0,5.42,2.2,0.7194304994020837,0.44,50,False,False,,,OK,5,4,1,0,0.8,0.2,0.8,0.2,4,1,4,1,0,10,5,5,0,0.5,0.5,0.5,0.5,,0,67,91.0,-24,ATP,NEUTRAL,FIELD,HIGH,120,28,3,92,2026-05-25,120,1,,0.65,1.3,3.8,1.2999999999999998,0.08,-0.7058,5.46120369544236,0.65,0.07840000000000003,5.188143510670241,?,0.95,0.479,OVER,distance,distance,C,,1266,1.2999999999999998,OVER,OVER,FORCED_OVER_ONLY_GOB_DEM,OVER,ml_prob_unified,10,2.0575
14127537,Adrian Mannarino,ADRIAN MANNARINO,Break Points Won,2.5,2026-08-25T18:40:00.000-04:00,Tennis,ATP / HARD,Demon,,,,14127537,202891,182435,Adrian Mannarino,2.5,Player,LORENZO SONEGO,,,https://www.flashscore.com/res/image/data/6X67JIYA-lv9JJTen.png,,2026-08-25T15:38:39.624-04:00,2026-08-25T16:30:42-04:00,break_points_won,0,,0,1266,ATP,,1,,N/A,,OK,,,0.5916945572490452,,,,,1,3,1,2,4,5,2,6,1,1,2.2,2.6,2.6,,hard,0,5.42,2.2,0.7194304994020837,0.44,50,False,False,,,OK,5,2,3,0,0.4,0.6,0.4,0.6,2,3,2,3,0,10,4,6,0,0.4,0.6,0.4,0.6,,0,67,91.0,-24,ATP,NEUTRAL,FIELD,HIGH,120,28,3,92,2026-05-25,120,1,,0.4,0.8,2.2,-0.2999999999999998,0.3659,-0.0597,3.138762809651475,0.4,0.008000000000000007,2.981824669168901,?,0.95,0.3898,OVER,ml_prob_fallback,ml_prob_fallback,C,,1266,0.2999999999999998,UNDER,OVER,FORCED_OVER_ONLY_GOB_DEM,OVER,ml_prob_unified,10,1.8379
14127539,Lorenzo Sonego,LORENZO SONEGO,Break Points Won,2.5,2026-08-25T18:40:00.000-04:00,Tennis,ATP / HARD,Standard,2.5,,,14127539,203341,182435,Lorenzo Sonego,2.5,Player,ADRIAN MANNARINO,,,https://www.flashscore.com/res/image/data/WfbI2IDa-OGaImkR1.png,,2026-08-25T15:38:39.624-04:00,2026-08-25T16:30:42-04:00,break_points_won,0,,0,3052,ATP,pp_or_step1,0,,N/A,,OK,,,0.6565287725349218,,,,,4,0,4,1,1,1,1,4,3,3,2,2.2,2.2,,hard,0,6.592592592592593,2.185185185185185,0.7375422283590843,0.4444444444444444,54,False,False,,,OK,5,2,3,0,0.4,0.6,0.4,0.6,2,3,2,3,0,10,5,5,0,0.5,0.5,0.5,0.5,,0,91,67.0,24,ATP,NEUTRAL,FIELD,HIGH,128,27,3,92,2026-05-25,128,1,,0.45,0.9,2,-0.5,0.4765,-0.146,3.570580278820376,0.45,0.008000000000000007,3.392051264879357,?,0.95,0.458,UNDER,ml_prob,ml_prob,C,,3052,0.5,UNDER,UNDER,STANDARD_L5AVG_UNDER,UNDER,ml_prob_unified,10,1.5492
14129829,Adrian Mannarino,ADRIAN MANNARINO,Aces,2.5,2026-08-25T18:40:00.000-04:00,Tennis,ATP / HARD,Demon,,,,14129829,202891,182435,Adrian Mannarino,2.5,Player,LORENZO SONEGO,,,https://www.flashscore.com/res/image/data/6X67JIYA-lv9JJTen.png,,2026-08-25T15:38:39.624-04:00,2026-08-25T16:30:42-04:00,aces,0,,0,1266,ATP,,1,,N/A,,OK,,,0.5916945572490452,,,,,3,2,1,5,7,3,0,2,1,3,3.6,2.7,2.7,,hard,0,5.42,2.2,0.7194304994020837,0.44,50,False,False,,,OK,5,3,2,0,0.6,0.4,0.6,0.4,3,2,3,2,0,10,5,5,0,0.5,0.5,0.5,0.5,,0,67,91.0,-24,ATP,SERVE_HEAVY,FIELD,HIGH,120,28,3,92,2026-05-25,120,1,,0.55,1.1,3.6,1.1,0.08,-0.6703,4.514759903485255,0.55,0.05200000000000005,4.289021908310993,?,0.95,0.409,OVER,ml_prob_fallback,ml_prob_fallback,B,,1266,1.1,OVER,OVER,FORCED_OVER_ONLY_GOB_DEM,OVER,ml_prob_unified,10,2.0575
14122932,Lorenzo Sonego,LORENZO SONEGO,Double Faults,1.5,2026-08-25T18:40:00.000-04:00,Tennis,ATP / HARD,Goblin,3,,,14122932,203341,182435,Lorenzo Sonego,1.5,Player,ADRIAN MANNARINO,,,https://www.flashscore.com/res/image/data/WfbI2IDa-OGaImkR1.png,,2026-08-25T15:38:39.624-04:00,2026-08-25T16:30:42-04:00,double_faults,0,,0,3052,ATP,offset_estimate,1,,N/A,,OK,,,0.6565287725349218,,,,,7,1,2,4,2,2,2,3,1,1,3.2,2.5,2.5,,hard,0,6.592592592592593,2.185185185185185,0.7375422283590843,0.4444444444444444,54,False,False,,,OK,5,4,1,0,0.8,0.2,0.8,0.2,4,1,4,1,0,10,7,3,0,0.7,0.3,0.7,0.3,,0,91,67.0,24,ATP,NEUTRAL,FIELD,HIGH,128,27,3,92,2026-05-25,128,1,,0.75,1.5,3.2,1.7000000000000002,0.08,-0.7655,6.43577761930295,0.75,0.07840000000000003,6.113988738337802,?,0.95,0.549,OVER,distance,distance,C,,3052,1.7000000000000002,OVER,OVER,FORCED_OVER_ONLY_GOB_DEM,OVER,ml_prob_unified,10,1.8409
14131773,Danilina A / Kato M,DANILINA A / KATO M,Total Games,19,2026-08-25T20:00:00.000-04:00,Tennis,WTA / HARD,Standard,19,,,14131773,338060,182581,Danilina A / Kato M,19,Player,Tang Q / Zarazua R,,,https://static.prizepicks.com/images/manual/DaniKato.png,,2026-08-25T13:36:34.796-04:00,2026-08-25T16:30:42-04:00,match_total_games,1,Tang Q / Zarazua R,0,3744,WTA,pp_or_step1,0,,N/A,,PENDING,,,,,,,,,,,,,,,,,,,,,,hard,0,,,,,,,,,,MISSING_STAT_VALUES,,,,,,,,,,,,,,,,,,,,,,,0,250,71.0,179,WTA,NEUTRAL,FIELD,UNKNOWN,,,,,,,1,,0.5,1.05,19,0.0,0.58,0.08,4.254852225201073,0.5,0.03000000000000003,4.04210961394102,?,0.95,0.524,OVER,ml_prob,ml_prob,C,,3744,0.0,OVER,OVER,STANDARD_TIEBREAK_HR5_OVER,OVER,ml_prob_unified,0,
14120627,Diane Parry,DIANE PARRY,Aces,7.5,2026-08-25T21:30:00.000-04:00,Tennis,WTA / HARD,Demon,,,,14120627,201868,182532,Diane Parry,7.5,Player,OLEKSANDRA OLIYNYKOVA,,,https://static.prizepicks.com/images/manual/parryd.png,,2026-08-25T03:51:28.892-04:00,2026-08-25T16:30:42-04:00,aces,0,,0,3332,WTA,,2,,N/A,,OK,,,0.5705693248307514,,,,,8,1,3,1,4,5,2,9,8,3,3.4,4.4,4.4,,hard,0,4.846153846153846,2.576923076923077,0.6982488501919089,0.5384615384615384,26,False,False,,,OK,5,1,4,0,0.2,0.8,0.2,0.8,1,4,1,4,0,10,3,7,0,0.3,0.7,0.3,0.7,,0,50,46.0,4,WTA,SERVE_HEAVY,FIELD,HIGH,93,17,2,92,2026-05-25,93,1,,0.25,0.5,3.4,-4.1,0.0446,0.0283,1.889257962466488,0.25,-0.003000000000000003,1.794795064343164,?,0.95,0.1884,OVER,ml_prob_fallback,ml_prob_fallback,C,,3332,4.1,UNDER,OVER,FORCED_OVER_ONLY_GOB_DEM,OVER,ml_prob_unified,10,2.9889
14120651,Oleksandra Oliynykova,OLEKSANDRA OLIYNYKOVA,Double Faults,7.5,2026-08-25T21:30:00.000-04:00,Tennis,WTA / HARD,Demon,,,,14120651,219585,182532,Oleksandra Oliynykova,7.5,Player,DIANE PARRY,,,https://static.flashscore.com/res/image/data/69GmP2dM-0Iz51jL5.png,,2026-08-25T03:51:31.054-04:00,2026-08-25T16:30:42-04:00,double_faults,0,,0,5705,WTA,,3,,N/A,,OK,,,0.7402701286715343,,,,,3,2,8,6,4,5,2,4,1,5,4.6,4,4,,hard,0,0.4,2.6,0.6288092601317633,0.6,5,False,False,,,OK,5,1,4,0,0.2,0.8,0.2,0.8,1,4,1,4,0,10,1,9,0,0.1,0.9,0.1,0.9,,0,46,50.0,-4,WTA,NEUTRAL,FIELD,HIGH,103,19,2,92,2026-05-25,103,1,,0.15000000000000002,0.3,4.6,-2.9000000000000004,0.039,-0.0131,1.104585876675603,0.15,-0.003000000000000003,1.049356582841823,?,0.95,0.1167,OVER,ml_prob_fallback,ml_prob_fallback,C,,5705,2.9000000000000004,UNDER,OVER,FORCED_OVER_ONLY_GOB_DEM,OVER,ml_prob_unified,10,2.1082
14120628,Diane Parry,DIANE PARRY,Aces,6.5,2026-08-25T21:30:00.000-04:00,Tennis,WTA / HARD,Demon,,,,14120628,201868,182532,Diane Parry,6.5,Player,OLEKSANDRA OLIYNYKOVA,,,https://static.prizepicks.com/images/manual/parryd.png,,2026-08-25T03:51:28.954-04:00,2026-08-25T16:30:42-04:00,aces,0,,0,3332,WTA,,1,,N/A,,OK,,,0.5705693248307514,,,,,8,1,3,1,4,5,2,9,8,3,3.4,4.4,4.4,,hard,0,4.846153846153846,2.576923076923077,0.6982488501919089,0.5384615384615384,26,False,False,,,OK,5,1,4,0,0.2,0.8,0.2,0.8,1,4,1,4,0,10,3,7,0,0.3,0.7,0.3,0.7,,0,50,46.0,4,WTA,SERVE_HEAVY,FIELD,HIGH,93,17,2,92,2026-05-25,93,1,,0.25,0.5,3.4,-3.1,0.0616,0.0185,1.889257962466488,0.25,-0.003000000000000003,1.794795064343164,?,0.95,0.1935,OVER,ml_prob_fallback,ml_prob_fallback,C,,3332,3.1,UNDER,OVER,FORCED_OVER_ONLY_GOB_DEM,OVER,ml_prob_unified,10,2.9889
14120632,Diane Parry,DIANE PARRY,Double Faults,6.5,2026-08-25T21:30:00.000-04:00,Tennis,WTA / HARD,Demon,,,,14120632,201868,182532,Diane Parry,6.5,Player,OLEKSANDRA OLIYNYKOVA,,,https://static.prizepicks.com/images/manual/parryd.png,,2026-08-25T03:51:29.314-04:00,2026-08-25T16:30:42-04:00,double_faults,0,,0,3332,WTA,,3,,N/A,,OK,,,0.5705693248307514,,,,,3,4,4,4,3,4,3,6,1,4,3.6,3.6,3.6,,hard,0,4.846153846153846,2.576923076923077,0.6982488501919089,0.5384615384615384,26,False,False,,,OK,5,0,5,0,0,1,0,1,0,5,0,5,0,10,0,10,0,0,1,0,1,,0,50,46.0,4,WTA,NEUTRAL,FIELD,HIGH,93,17,2,92,2026-05-25,93,1,,0.0,0,3.6,-2.9,0.0503,-0.0019,0,0,-0.003000000000000003,0,?,0.95,0.0151,OVER,ml_prob_fallback,ml_prob_fallback,C,,3332,2.9,UNDER,OVER,FORCED_OVER_ONLY_GOB_DEM,OVER,ml_prob_unified,10,1.2649
14120650,Oleksandra Oliynykova,OLEKSANDRA OLIYNYKOVA,Double Faults,6.5,2026-08-25T21:30:00.000-04:00,Tennis,WTA / HARD,Demon,,,,14120650,219585,182532,Oleksandra Oliynykova,6.5,Player,DIANE PARRY,,,https://static.flashscore.com/res/image/data/69GmP2dM-0Iz51jL5.png,,2026-08-25T03:51:30.992-04:00,2026-08-25T16:30:42-04:00,double_faults,0,,0,5705,WTA,,2,,N/A,,OK,,,0.7402701286715343,,,,,3,2,8,6,4,5,2,4,1,5,4.6,4,4,,hard,0,0.4,2.6,0.6288092601317633,0.6,5,False,False,,,OK,5,1,4,0,0.2,0.8,0.2,0.8,1,4,1,4,0,10,1,9,0,0.1,0.9,0.1,0.9,,0,46,50.0,-4,WTA,NEUTRAL,FIELD,HIGH,103,19,2,92,2026-05-25,103,1,,0.15000000000000002,0.3,4.6,-1.9000000000000004,0.0512,-0.0789,1.104585876675603,0.15,-0.003000000000000003,1.049356582841823,?,0.95,0.1204,OVER,ml_prob_fallback,ml_prob_fallback,C,,5705,1.9000000000000004,UNDER,OVER,FORCED_OVER_ONLY_GOB_DEM,OVER,ml_prob_unified,10,2.1082
14120630,Diane Parry,DIANE PARRY,Double Faults,5.5,2026-08-25T21:30:00.000-04:00,Tennis,WTA / HARD,Demon,,,,14120630,201868,182532,Diane Parry,5.5,Player,OLEKSANDRA OLIYNYKOVA,,,https://static.prizepicks.com/images/manual/parryd.png,,2026-08-25T03:51:29.192-04:00,2026-08-25T16:30:42-04:00,double_faults,0,,0,3332,WTA,,2,,N/A,,OK,,,0.5705693248307514,,,,,3,4,4,4,3,4,3,6,1,4,3.6,3.6,3.6,,hard,0,4.846153846153846,2.576923076923077,0.6982488501919089,0.5384615384615384,26,False,False,,,OK,5,0,5,0,0,1,0,1,0,5,0,5,0,10,1,9,0,0.1,0.9,0.1,0.9,,0,50,46.0,4,WTA,NEUTRAL,FIELD,HIGH,93,17,2,92,2026-05-25,93,1,,0.05,0.1,3.6,-1.9,0.028,-0.1021,0.3596515924932976,0.05,-0.003000000000000003,0.3416690128686327,?,0.95,0.0434,OVER,ml_prob_fallback,ml_prob_fallback,C,,3332,1.9,UNDER,OVER,FORCED_OVER_ONLY_GOB_DEM,OVER,ml_prob_unified,10,1.2649
14120652,Oleksandra Oliynykova,OLEKSANDRA OLIYNYKOVA,Double Faults,5.5,2026-08-25T21:30:00.000-04:00,Tennis,WTA / HARD,Demon,,,,14120652,219585,182532,Oleksandra Oliynykova,5.5,Player,DIANE PARRY,,,https://static.flashscore.com/res/image/data/69GmP2dM-0Iz51jL5.png,,2026-08-25T03:51:31.114-04:00,2026-08-25T16:30:42-04:00,double_faults,0,,0,5705,WTA,,1,,N/A,,OK,,,0.7402701286715343,,,,,3,2,8,6,4,5,2,4,1,5,4.6,4,4,,hard,0,0.4,2.6,0.6288092601317633,0.6,5,False,False,,,OK,5,2,3,0,0.4,0.6,0.4,0.6,2,3,2,3,0,10,2,8,0,0.2,0.8,0.2,0.8,,0,46,50.0,-4,WTA,NEUTRAL,FIELD,HIGH,103,19,2,92,2026-05-25,103,1,,0.30000000000000004,0.6000000000000001,4.6,-0.9000000000000004,0.0705,-0.2186,2.297179882037534,0.3,0.008000000000000007,2.182320887935657,?,0.95,0.2312,OVER,ml_prob_fallback,ml_prob_fallback,C,,5705,0.9000000000000004,UNDER,OVER,FORCED_OVER_ONLY_GOB_DEM,OVER,ml_prob_unified,10,2.1082
14127320,Diane Parry,DIANE PARRY,Aces,5.5,2026-08-25T21:30:00.000-04:00,Tennis,WTA / HARD,Goblin,7,,,14127320,201868,182532,Diane Parry,5.5,Player,OLEKSANDRA OLIYNYKOVA,,,https://static.prizepicks.com/images/manual/parryd.png,,2026-08-25T08:13:07.251-04:00,2026-08-25T16:30:42-04:00,aces,0,,0,3332,WTA,offset_estimate,1,,N/A,,OK,,,0.5705693248307514,,,,,8,1,3,1,4,5,2,9,8,3,3.4,4.4,4.4,,hard,0,4.846153846153846,2.576923076923077,0.6982488501919089,0.5384615384615384,26,False,False,,,OK,5,1,4,0,0.2,0.8,0.2,0.8,1,4,1,4,0,10,3,7,0,0.3,0.7,0.3,0.7,,0,50,46.0,4,WTA,SERVE_HEAVY,FIELD,HIGH,93,17,2,92,2026-05-25,93,1,,0.25,0.5,3.4,-2.1,0.08,-0.0291,1.889257962466488,0.25,-0.003000000000000003,1.794795064343164,?,0.95,0.199,OVER,distance,distance,C,,3332,2.1,UNDER,OVER,FORCED_OVER_ONLY_GOB_DEM,OVER,ml_prob_unified,10,2.9889
14120626,Diane Parry,DIANE PARRY,Aces,4.5,2026-08-25T21:30:00.000-04:00,Tennis,WTA / HARD,Goblin,6.5,,,14120626,201868,182532,Diane Parry,4.5,Player,OLEKSANDRA OLIYNYKOVA,,,https://static.prizepicks.com/images/manual/parryd.png,,2026-08-25T03:51:28.815-04:00,2026-08-25T16:30:42-04:00,aces,0,,0,3332,WTA,offset_estimate,2,,N/A,,OK,,,0.5705693248307514,,,,,8,1,3,1,4,5,2,9,8,3,3.4,4.4,4.4,,hard,0,4.846153846153846,2.576923076923077,0.6982488501919089,0.5384615384615384,26,False,False,,,OK,5,1,4,0,0.2,0.8,0.2,0.8,1,4,1,4,0,10,4,6,0,0.4,0.6,0.4,0.6,,0,50,46.0,4,WTA,SERVE_HEAVY,FIELD,HIGH,93,17,2,92,2026-05-25,93,1,,0.30000000000000004,0.6000000000000001,3.4,-1.1,0.08,-0.1697,2.295595882037533,0.3,-0.003000000000000003,2.180816087935657,?,0.95,0.234,OVER,distance,distance,B,,3332,1.1,UNDER,OVER,FORCED_OVER_ONLY_GOB_DEM,OVER,ml_prob_unified,10,2.9889
14120631,Diane Parry,DIANE PARRY,Double Faults,4.5,2026-08-25T21:30:00.000-04:00,Tennis,WTA / HARD,Demon,,,,14120631,201868,182532,Diane Parry,4.5,Player,OLEKSANDRA OLIYNYKOVA,,,https://static.prizepicks.com/images/manual/parryd.png,,2026-08-25T03:51:29.254-04:00,2026-08-25T16:30:42-04:00,double_faults,0,,0,3332,WTA,,1,,N/A,,OK,,,0.5705693248307514,,,,,3,4,4,4,3,4,3,6,1,4,3.6,3.6,3.6,,hard,0,4.846153846153846,2.576923076923077,0.6982488501919089,0.5384615384615384,26,False,False,,,OK,5,0,5,0,0,1,0,1,0,5,0,5,0,10,1,9,0,0.1,0.9,0.1,0.9,,0,50,46.0,4,WTA,NEUTRAL,FIELD,HIGH,93,17,2,92,2026-05-25,93,1,,0.05,0.1,3.6,-0.8999999999999999,0.0481,-0.2409,0.3596515924932976,0.05,-0.003000000000000003,0.3416690128686327,?,0.95,0.0494,OVER,ml_prob_fallback,ml_prob_fallback,C,,3332,0.8999999999999999,UNDER,OVER,FORCED_OVER_ONLY_GOB_DEM,OVER,ml_prob_unified,10,1.2649
14120649,Oleksandra Oliynykova,OLEKSANDRA OLIYNYKOVA,Double Faults,4.5,2026-08-25T21:30:00.000-04:00,Tennis,WTA / HARD,Goblin,6,,,14120649,219585,182532,Oleksandra Oliynykova,4.5,Player,DIANE PARRY,,,https://static.flashscore.com/res/image/data/69GmP2dM-0Iz51jL5.png,,2026-08-25T03:51:30.921-04:00,2026-08-25T16:30:42-04:00,double_faults,0,,0,5705,WTA,offset_estimate,1,,N/A,,OK,,,0.7402701286715343,,,,,3,2,8,6,4,5,2,4,1,5,4.6,4,4,,hard,0,0.4,2.6,0.6288092601317633,0.6,5,False,False,,,OK,5,2,3,0,0.4,0.6,0.4,0.6,2,3,2,3,0,10,4,6,0,0.4,0.6,0.4,0.6,,0,46,50.0,-4,WTA,NEUTRAL,FIELD,HIGH,103,19,2,92,2026-05-25,103,1,,0.4,0.8,4.6,0.09999999999999964,0.08,-0.445,3.138762809651475,0.4,0.008000000000000007,2.981824669168901,?,0.95,0.304,OVER,distance,distance,C,,5705,0.09999999999999964,OVER,OVER,FORCED_OVER_ONLY_GOB_DEM,OVER,ml_prob_unified,10,2.1082
14120647,Oleksandra Oliynykova,OLEKSANDRA OLIYNYKOVA,Aces,3.5,2026-08-25T21:30:00.000-04:00,Tennis,WTA / HARD,Demon,,,,14120647,219585,182532,Oleksandra Oliynykova,3.5,Player,DIANE PARRY,,,https://static.flashscore.com/res/image/data/69GmP2dM-0Iz51jL5.png,,2026-08-25T03:51:30.714-04:00,2026-08-25T16:30:42-04:00,aces,0,,0,5705,WTA,,2,,N/A,,OK,,,0.7402701286715343,,,,,1,0,2,1,0,2,0,0,1,0,0.8,0.7,0.7,,hard,0,0.4,2.6,0.6288092601317633,0.6,5,False,False,,,OK,5,0,5,0,0,1,0,1,0,5,0,5,0,10,0,10,0,0,1,0,1,,0,46,50.0,-4,WTA,SERVE_HEAVY,FIELD,HIGH,103,19,2,92,2026-05-25,103,1,,0.0,0,0.8,-2.7,0.0662,0.0033,0,0,-0.003000000000000003,0,?,0.95,0.0199,OVER,ml_prob_fallback,ml_prob_fallback,C,,5705,2.7,UNDER,OVER,FORCED_OVER_ONLY_GOB_DEM,OVER,ml_prob_unified,10,0.8233
14120648,Oleksandra Oliynykova,OLEKSANDRA OLIYNYKOVA,Double Faults,3.5,2026-08-25T21:30:00.000-04:00,Tennis,WTA / HARD,Goblin,5.5,,,14120648,219585,182532,Oleksandra Oliynykova,3.5,Player,DIANE PARRY,,,https://static.flashscore.com/res/image/data/69GmP2dM-0Iz51jL5.png,,2026-08-25T03:51:30.858-04:00,2026-08-25T16:30:42-04:00,double_faults,0,,0,5705,WTA,offset_estimate,2,,N/A,,OK,,,0.7402701286715343,,,,,3,2,8,6,4,5,2,4,1,5,4.6,4,4,,hard,0,0.4,2.6,0.6288092601317633,0.6,5,False,False,,,OK,5,3,2,0,0.6,0.4,0.6,0.4,3,2,3,2,0,10,6,4,0,0.6,0.4,0.6,0.4,,0,46,50.0,-4,WTA,NEUTRAL,FIELD,HIGH,103,19,2,92,2026-05-25,103,1,,0.6,1.2,4.6,1.0999999999999996,0.08,-0.6703,4.976052675603216,0.6,0.05200000000000005,4.727250041823055,?,0.95,0.444,OVER,distance,distance,B,,5705,1.0999999999999996,OVER,OVER,FORCED_OVER_ONLY_GOB_DEM,OVER,ml_prob_unified,10,2.1082
14126394,Diane Parry,DIANE PARRY,Double Faults,3.5,2026-08-25T21:30:00.000-04:00,Tennis,WTA / HARD,Goblin,5,,,14126394,201868,182532,Diane Parry,3.5,Player,OLEKSANDRA OLIYNYKOVA,,,https://static.prizepicks.com/images/manual/parryd.png,,2026-08-25T07:38:15.451-04:00,2026-08-25T16:30:42-04:00,double_faults,0,,0,3332,WTA,offset_estimate,1,,N/A,,OK,,,0.5705693248307514,,,,,3,4,4,4,3,4,3,6,1,4,3.6,3.6,3.6,,hard,0,4.846153846153846,2.576923076923077,0.6982488501919089,0.5384615384615384,26,False,False,,,OK,5,3,2,0,0.6,0.4,0.6,0.4,3,2,3,2,0,10,6,4,0,0.6,0.4,0.6,0.4,,0,50,46.0,4,WTA,NEUTRAL,FIELD,HIGH,93,17,2,92,2026-05-25,93,1,,0.6,1.2,3.6,0.10000000000000009,0.08,-0.445,4.976052675603216,0.6,0.05200000000000005,4.727250041823055,?,0.95,0.444,OVER,distance,distance,C,,3332,0.10000000000000009,OVER,OVER,FORCED_OVER_ONLY_GOB_DEM,OVER,ml_prob_unified,10,1.2649
14120629,Diane Parry,DIANE PARRY,Double Faults,2.5,2026-08-25T21:30:00.000-04:00,Tennis,WTA / HARD,Goblin,4.5,,,14120629,201868,182532,Diane Parry,2.5,Player,OLEKSANDRA OLIYNYKOVA,,,https://static.prizepicks.com/images/manual/parryd.png,,2026-08-25T03:51:29.127-04:00,2026-08-25T16:30:42-04:00,double_faults,0,,0,3332,WTA,offset_estimate,2,,N/A,,OK,,,0.5705693248307514,,,,,3,4,4,4,3,4,3,6,1,4,3.6,3.6,3.6,,hard,0,4.846153846153846,2.576923076923077,0.6982488501919089,0.5384615384615384,26,False,False,,,OK,5,5,0,0,1,0,1,0,5,0,5,0,0,10,9,1,0,0.9,0.1,0.9,0.1,,0,50,46.0,4,WTA,NEUTRAL,FIELD,HIGH,93,17,2,92,2026-05-25,93,1,,0.95,1.9,3.6,1.1,0.08,-0.6703,8.441243429490616,0.95,0.07840000000000003,8.019181258016085,?,0.95,0.689,OVER,distance,distance,B,,3332,1.1,OVER,OVER,FORCED_OVER_ONLY_GOB_DEM,OVER,ml_prob_unified,10,1.2649
14120646,Oleksandra Oliynykova,OLEKSANDRA OLIYNYKOVA,Aces,2.5,2026-08-25T21:30:00.000-04:00,Tennis,WTA / HARD,Demon,,,,14120646,219585,182532,Oleksandra Oliynykova,2.5,Player,DIANE PARRY,,,https://static.flashscore.com/res/image/data/69GmP2dM-0Iz51jL5.png,,2026-08-25T03:51:30.656-04:00,2026-08-25T16:30:42-04:00,aces,0,,0,5705,WTA,,1,,N/A,,OK,,,0.7402701286715343,,,,,1,0,2,1,0,2,0,0,1,0,0.8,0.7,0.7,,hard,0,0.4,2.6,0.6288092601317633,0.6,5,False,False,,,OK,5,0,5,0,0,1,0,1,0,5,0,5,0,10,0,10,0,0,1,0,1,,0,46,50.0,-4,WTA,SERVE_HEAVY,FIELD,HIGH,103,19,2,92,2026-05-25,103,1,,0.0,0,0.8,-1.7,0.08,-0.0745,0,0,-0.003000000000000003,0,?,0.95,0.024,OVER,ml_prob_fallback,ml_prob_fallback,C,,5705,1.7,UNDER,OVER,FORCED_OVER_ONLY_GOB_DEM,OVER,ml_prob_unified,10,0.8233
14120645,Oleksandra Oliynykova,OLEKSANDRA OLIYNYKOVA,Aces,1.5,2026-08-25T21:30:00.000-04:00,Tennis,WTA / HARD,Goblin,3,,,14120645,219585,182532,Oleksandra Oliynykova,1.5,Player,DIANE PARRY,,,https://static.flashscore.com/res/image/data/69GmP2dM-0Iz51jL5.png,,2026-08-25T03:51:30.593-04:00,2026-08-25T16:30:42-04:00,aces,0,,0,5705,WTA,offset_estimate,1,,N/A,,OK,,,0.7402701286715343,,,,,1,0,2,1,0,2,0,0,1,0,0.8,0.7,0.7,,hard,0,0.4,2.6,0.6288092601317633,0.6,5,False,False,,,OK,5,1,4,0,0.2,0.8,0.2,0.8,1,4,1,4,0,10,2,8,0,0.2,0.8,0.2,0.8,,0,46,50.0,-4,WTA,SERVE_HEAVY,FIELD,HIGH,103,19,2,92,2026-05-25,103,1,,0.2,0.4,0.8,-0.7,0.08,-0.2518,1.49193291152815,0.2,-0.003000000000000003,1.417336265951743,?,0.95,0.164,OVER,distance,distance,C,,5705,0.7,UNDER,OVER,FORCED_OVER_ONLY_GOB_DEM,OVER,ml_prob_unified,10,0.8233
14127545,Nikola Bartunkova,NIKOLA BARTUNKOVA,Break Points Won,4.5,2026-08-25T22:40:00.000-04:00,Tennis,WTA / HARD,Standard,4.5,,,14127545,261471,182334,Nikola Bartunkova,4.5,Player,ANASTASIA POTAPOVA,,,https://static.flashscore.com/res/image/data/U1bZs9e5-SUaUoUDh.png,,2026-08-25T08:31:52.165-04:00,2026-08-25T16:30:42-04:00,break_points_won,0,,0,7804,WTA,pp_or_step1,0,,N/A,,OK,,,0.5313678295707619,,,,,4,1,5,5,5,4,7,5,4,4,4,4.4,4.4,,hard,0,3.428571428571428,5.357142857142857,0.6713286206914747,0.5714285714285714,14,False,False,,,OK,5,3,2,0,0.6,0.4,0.6,0.4,3,2,3,2,0,10,5,5,0,0.5,0.5,0.5,0.5,,0,38,25.0,13,WTA,NEUTRAL,FIELD,HIGH,69,15,2,92,2026-05-25,69,1,,0.55,1.1,4,-0.5,0.6547,0.0323,4.514759903485255,0.55,0.05200000000000005,4.289021908310993,?,0.95,0.5814,UNDER,ml_prob,ml_prob,B,,7804,0.5,UNDER,UNDER,STANDARD_L5AVG_UNDER,UNDER,ml_prob_unified,10,1.5055
14127544,Anastasia Potapova,ANASTASIA POTAPOVA,Break Points Won,3.5,2026-08-25T22:40:00.000-04:00,Tennis,WTA / HARD,Standard,3.5,,,14127544,204692,182334,Anastasia Potapova,3.5,Player,NIKOLA BARTUNKOVA,,,https://www.flashscore.com/res/image/data/vVMPN8HG-zuZBrv4G.png,,2026-08-25T08:31:51.992-04:00,2026-08-25T16:30:42-04:00,break_points_won,0,,0,2971,WTA,pp_or_step1,0,,N/A,,OK,,,0.5441912596565515,,,,,2,0,4,2,3,1,0,0,4,3,2.2,1.9,1.9,,hard,0,2.51063829787234,4.680851063829787,0.6437098651226064,0.5531914893617021,47,False,False,,,OK,5,1,4,0,0.2,0.8,0.2,0.8,1,4,1,4,0,10,2,8,0,0.2,0.8,0.2,0.8,,0,25,38.0,-13,WTA,NEUTRAL,ELITE,LOW,169,31,3,92,2026-05-25,169,1,,0.2,0.4,2.2,-1.2999999999999998,0.9275,0.1416,1.49193291152815,0.2,-0.003000000000000003,1.417336265951743,?,0.95,0.4182,UNDER,ml_prob,ml_prob,C,,2971,1.2999999999999998,UNDER,UNDER,STANDARD_L5AVG_UNDER,UNDER,ml_prob_unified,10,1.5951
14083716,Nikola Bartunkova,NIKOLA BARTUNKOVA,Total Games,23.5,2026-08-25T22:40:00.000-04:00,Tennis,WTA / HARD,Demon,21.5,,,14083716,261471,182334,Nikola Bartunkova,23.5,Player,ANASTASIA POTAPOVA,,,https://static.flashscore.com/res/image/data/U1bZs9e5-SUaUoUDh.png,,2026-08-25T01:35:16.221-04:00,2026-08-25T16:30:42-04:00,match_total_games,0,,0,7804,WTA,sibling_or_pp,2,,N/A,,OK,,,0.5313678295707619,,,,,19,22,29,25,19,22,35,26,21,18,22.8,23.6,23.6,,hard,0,3.428571428571428,5.357142857142857,0.6713286206914747,0.5714285714285714,14,False,False,,,OK,5,2,3,0,0.4,0.6,0.4,0.6,2,3,2,3,0,10,4,6,0,0.4,0.6,0.4,0.6,,0,38,25.0,13,WTA,NEUTRAL,FIELD,HIGH,69,15,2,92,2026-05-25,69,1,,0.4,0.8,22.8,-0.6999999999999993,0.58,0.2482,3.138762809651475,0.4,0.008000000000000007,2.981824669168901,?,0.95,0.454,OVER,distance,distance,B,,7804,0.6999999999999993,UNDER,OVER,FORCED_OVER_ONLY_GOB_DEM,OVER,ml_prob_unified,10,5.2957
14083717,Nikola Bartunkova,NIKOLA BARTUNKOVA,Total Games,22.5,2026-08-25T22:40:00.000-04:00,Tennis,WTA / HARD,Demon,21.5,,,14083717,261471,182334,Nikola Bartunkova,22.5,Player,ANASTASIA POTAPOVA,,,https://static.flashscore.com/res/image/data/U1bZs9e5-SUaUoUDh.png,,2026-08-25T01:35:16.221-04:00,2026-08-25T16:30:42-04:00,match_total_games,0,,0,7804,WTA,sibling_or_pp,1,,N/A,,OK,,,0.5313678295707619,,,,,19,22,29,25,19,22,35,26,21,18,22.8,23.6,23.6,,hard,0,3.428571428571428,5.357142857142857,0.6713286206914747,0.5714285714285714,14,False,False,,,OK,5,2,3,0,0.4,0.6,0.4,0.6,2,3,2,3,0,10,4,6,0,0.4,0.6,0.4,0.6,,0,38,25.0,13,WTA,NEUTRAL,FIELD,HIGH,69,15,2,92,2026-05-25,69,1,,0.4,0.8,22.8,0.3000000000000007,0.58,0.0056,3.138762809651475,0.4,0.008000000000000007,2.981824669168901,?,0.95,0.454,OVER,distance,distance,A,,7804,0.3000000000000007,OVER,OVER,FORCED_OVER_ONLY_GOB_DEM,OVER,ml_prob_unified,10,5.2957
14083643,Nikola Bartunkova,NIKOLA BARTUNKOVA,Total Games,21.5,2026-08-25T22:40:00.000-04:00,Tennis,WTA / HARD,Standard,21.5,,,14083643,261471,182334,Nikola Bartunkova,21.5,Player,ANASTASIA POTAPOVA,,,https://static.flashscore.com/res/image/data/U1bZs9e5-SUaUoUDh.png,,2026-08-25T04:35:16.577-04:00,2026-08-25T16:30:42-04:00,match_total_games,0,,0,7804,WTA,pp_or_step1,0,,N/A,,OK,,,0.5313678295707619,,,,,19,22,29,25,19,22,35,26,21,18,22.8,23.6,23.6,,hard,0,3.428571428571428,5.357142857142857,0.6713286206914747,0.5714285714285714,14,False,False,,,OK,5,3,2,0,0.6,0.4,0.6,0.4,3,2,3,2,0,10,6,4,0,0.6,0.4,0.6,0.4,,0,38,25.0,13,WTA,NEUTRAL,FIELD,HIGH,69,15,2,92,2026-05-25,69,1,,0.6,1.2,22.8,1.3000000000000007,0.58,-0.2058,4.976052675603216,0.6,0.05200000000000005,4.727250041823055,?,0.95,0.594,OVER,ml_prob,ml_prob,B,,7804,1.3000000000000007,OVER,OVER,STANDARD_L5AVG_OVER,OVER,ml_prob_unified,10,5.2957
14083720,Nikola Bartunkova,NIKOLA BARTUNKOVA,Total Games,18.5,2026-08-25T22:40:00.000-04:00,Tennis,WTA / HARD,Goblin,21.5,,,14083720,261471,182334,Nikola Bartunkova,18.5,Player,ANASTASIA POTAPOVA,,,https://static.flashscore.com/res/image/data/U1bZs9e5-SUaUoUDh.png,,2026-08-25T01:35:16.221-04:00,2026-08-25T16:30:42-04:00,match_total_games,0,,0,7804,WTA,sibling_or_pp,1,,N/A,,OK,,,0.5313678295707619,,,,,19,22,29,25,19,22,35,26,21,18,22.8,23.6,23.6,,hard,0,3.428571428571428,5.357142857142857,0.6713286206914747,0.5714285714285714,14,False,False,,,OK,5,5,0,0,1,0,1,0,5,0,5,0,0,10,9,1,0,0.9,0.1,0.9,0.1,,0,38,25.0,13,WTA,NEUTRAL,FIELD,HIGH,69,15,2,92,2026-05-25,69,1,,0.95,1.9,22.8,4.300000000000001,0.6297,-0.357,8.441243429490616,0.95,0.07840000000000003,8.019181258016085,?,0.95,0.8539,OVER,distance,distance,B,,7804,4.300000000000001,OVER,OVER,FORCED_OVER_ONLY_GOB_DEM,OVER,ml_prob_unified,10,5.2957
14083719,Nikola Bartunkova,NIKOLA BARTUNKOVA,Total Games,17.5,2026-08-25T22:40:00.000-04:00,Tennis,WTA / HARD,Goblin,21.5,,,14083719,261471,182334,Nikola Bartunkova,17.5,Player,ANASTASIA POTAPOVA,,,https://static.flashscore.com/res/image/data/U1bZs9e5-SUaUoUDh.png,,2026-08-25T01:35:16.221-04:00,2026-08-25T16:30:42-04:00,match_total_games,0,,0,7804,WTA,sibling_or_pp,2,,N/A,,OK,,,0.5313678295707619,,,,,19,22,29,25,19,22,35,26,21,18,22.8,23.6,23.6,,hard,0,3.428571428571428,5.357142857142857,0.6713286206914747,0.5714285714285714,14,False,False,,,OK,5,5,0,0,1,0,1,0,5,0,5,0,0,10,10,0,0,1,0,1,0,,0,38,25.0,13,WTA,NEUTRAL,FIELD,HIGH,69,15,2,92,2026-05-25,69,1,,1.0,2,22.8,5.300000000000001,0.82,-0.175,8.972719506702413,1,0.07840000000000003,8.524083531367292,?,0.95,0.946,OVER,distance,distance,A,,7804,5.300000000000001,OVER,OVER,FORCED_OVER_ONLY_GOB_DEM,OVER,ml_prob_unified,10,5.2957
14083953,Nikola Bartunkova,NIKOLA BARTUNKOVA,Total Games,16.5,2026-08-25T22:40:00.000-04:00,Tennis,WTA / HARD,Goblin,21.5,,,14083953,261471,182334,Nikola Bartunkova,16.5,Player,ANASTASIA POTAPOVA,,,https://static.flashscore.com/res/image/data/U1bZs9e5-SUaUoUDh.png,,2026-08-25T01:35:16.221-04:00,2026-08-25T16:30:42-04:00,match_total_games,0,,0,7804,WTA,sibling_or_pp,3,,N/A,,OK,,,0.5313678295707619,,,,,19,22,29,25,19,22,35,26,21,18,22.8,23.6,23.6,,hard,0,3.428571428571428,5.357142857142857,0.6713286206914747,0.5714285714285714,14,False,False,,,OK,5,5,0,0,1,0,1,0,5,0,5,0,0,10,10,0,0,1,0,1,0,,0,38,25.0,13,WTA,NEUTRAL,FIELD,HIGH,69,15,2,92,2026-05-25,69,1,,1.0,2,22.8,6.300000000000001,0.6297,-0.3685,8.972719506702413,1,0.07840000000000003,8.524083531367292,?,0.95,0.8889,OVER,distance,distance,A,,7804,6.300000000000001,OVER,OVER,FORCED_OVER_ONLY_GOB_DEM,OVER,ml_prob_unified,10,5.2957
14083958,Nikola Bartunkova,NIKOLA BARTUNKOVA,Total Games Won,14.5,2026-08-25T22:40:00.000-04:00,Tennis,WTA / HARD,Demon,,,,14083958,261471,182334,Nikola Bartunkova,14.5,Player,ANASTASIA POTAPOVA,,,https://static.flashscore.com/res/image/data/U1bZs9e5-SUaUoUDh.png,,2026-08-25T01:35:16.221-04:00,2026-08-25T16:30:42-04:00,games_won,0,,0,7804,WTA,,3,,N/A,,OK,,,0.5313678295707619,,,,,12,9,16,10,12,13,18,15,8,12,11.8,12.5,12.5,,hard,0,3.428571428571428,5.357142857142857,0.6713286206914747,0.5714285714285714,14,False,False,,,OK,5,1,4,0,0.2,0.8,0.2,0.8,1,4,1,4,0,10,3,7,0,0.3,0.7,0.3,0.7,,0,38,25.0,13,WTA,NEUTRAL,FIELD,HIGH,69,15,2,92,2026-05-25,69,1,,0.25,0.5,11.8,-2.6999999999999993,0.58,0.517,1.889257962466488,0.25,-0.003000000000000003,1.794795064343164,?,0.95,0.349,OVER,ml_prob_fallback,ml_prob_fallback,C,,7804,2.6999999999999993,UNDER,OVER,FORCED_OVER_ONLY_GOB_DEM,OVER,ml_prob_unified,10,3.1358
14083951,Anastasia Potapova,ANASTASIA POTAPOVA,Total Games Won,13.5,2026-08-25T22:40:00.000-04:00,Tennis,WTA / HARD,Demon,11.5,,,14083951,204692,182334,Anastasia Potapova,13.5,Player,NIKOLA BARTUNKOVA,,,https://www.flashscore.com/res/image/data/vVMPN8HG-zuZBrv4G.png,,2026-08-25T01:35:16.221-04:00,2026-08-25T16:30:42-04:00,games_won,0,,0,2971,WTA,sibling_or_pp,2,,N/A,,OK,,,0.5441912596565515,,,,,6,2,12,3,12,5,18,16,17,17,7,10.8,10.8,,hard,0,2.51063829787234,4.680851063829787,0.6437098651226064,0.5531914893617021,47,False,False,,,OK,5,0,5,0,0,1,0,1,0,5,0,5,0,10,4,6,0,0.4,0.6,0.4,0.6,,0,25,38.0,-13,WTA,NEUTRAL,ELITE,LOW,169,31,3,92,2026-05-25,169,1,,0.2,0.4,7,-6.5,0.58,0.5785,1.49193291152815,0.2,-0.003000000000000003,1.417336265951743,?,0.95,0.314,OVER,distance,distance,B,,2971,6.5,UNDER,OVER,FORCED_OVER_ONLY_GOB_DEM,OVER,ml_prob_unified,10,6.2681
14083957,Nikola Bartunkova,NIKOLA BARTUNKOVA,Total Games Won,13.5,2026-08-25T22:40:00.000-04:00,Tennis,WTA / HARD,Demon,,,,14083957,261471,182334,Nikola Bartunkova,13.5,Player,ANASTASIA POTAPOVA,,,https://static.flashscore.com/res/image/data/U1bZs9e5-SUaUoUDh.png,,2026-08-25T01:35:16.221-04:00,2026-08-25T16:30:42-04:00,games_won,0,,0,7804,WTA,,2,,N/A,,OK,,,0.5313678295707619,,,,,12,9,16,10,12,13,18,15,8,12,11.8,12.5,12.5,,hard,0,3.428571428571428,5.357142857142857,0.6713286206914747,0.5714285714285714,14,False,False,,,OK,5,1,4,0,0.2,0.8,0.2,0.8,1,4,1,4,0,10,3,7,0,0.3,0.7,0.3,0.7,,0,38,25.0,13,WTA,NEUTRAL,FIELD,HIGH,69,15,2,92,2026-05-25,69,1,,0.25,0.5,11.8,-1.6999999999999993,0.58,0.4255,1.889257962466488,0.25,-0.003000000000000003,1.794795064343164,?,0.95,0.349,OVER,ml_prob_fallback,ml_prob_fallback,C,,7804,1.6999999999999993,UNDER,OVER,FORCED_OVER_ONLY_GOB_DEM,OVER,ml_prob_unified,10,3.1358
14083729,Nikola Bartunkova,NIKOLA BARTUNKOVA,Total Games Won,12.5,2026-08-25T22:40:00.000-04:00,Tennis,WTA / HARD,Demon,,,,14083729,261471,182334,Nikola Bartunkova,12.5,Player,ANASTASIA POTAPOVA,,,https://static.flashscore.com/res/image/data/U1bZs9e5-SUaUoUDh.png,,2026-08-25T01:35:16.221-04:00,2026-08-25T16:30:42-04:00,games_won,0,,0,7804,WTA,,1,,N/A,,OK,,,0.5313678295707619,,,,,12,9,16,10,12,13,18,15,8,12,11.8,12.5,12.5,,hard,0,3.428571428571428,5.357142857142857,0.6713286206914747,0.5714285714285714,14,False,False,,,OK,5,1,4,0,0.2,0.8,0.2,0.8,1,4,1,4,0,10,4,6,0,0.4,0.6,0.4,0.6,,0,38,25.0,13,WTA,NEUTRAL,FIELD,HIGH,69,15,2,92,2026-05-25,69,1,,0.30000000000000004,0.6000000000000001,11.8,-0.6999999999999993,0.58,0.2482,2.295595882037533,0.3,-0.003000000000000003,2.180816087935657,?,0.95,0.384,OVER,ml_prob_fallback,ml_prob_fallback,C,,7804,0.6999999999999993,UNDER,OVER,FORCED_OVER_ONLY_GOB_DEM,OVER,ml_prob_unified,10,3.1358
14083952,Anastasia Potapova,ANASTASIA POTAPOVA,Total Games Won,12.5,2026-08-25T22:40:00.000-04:00,Tennis,WTA / HARD,Demon,11.5,,,14083952,204692,182334,Anastasia Potapova,12.5,Player,NIKOLA BARTUNKOVA,,,https://www.flashscore.com/res/image/data/vVMPN8HG-zuZBrv4G.png,,2026-08-25T01:35:16.221-04:00,2026-08-25T16:30:42-04:00,games_won,0,,0,2971,WTA,sibling_or_pp,1,,N/A,,OK,,,0.5441912596565515,,,,,6,2,12,3,12,5,18,16,17,17,7,10.8,10.8,,hard,0,2.51063829787234,4.680851063829787,0.6437098651226064,0.5531914893617021,47,False,False,,,OK,5,0,5,0,0,1,0,1,0,5,0,5,0,10,4,6,0,0.4,0.6,0.4,0.6,,0,25,38.0,-13,WTA,NEUTRAL,ELITE,LOW,169,31,3,92,2026-05-25,169,1,,0.2,0.4,7,-5.5,0.58,0.5759,1.49193291152815,0.2,-0.003000000000000003,1.417336265951743,?,0.95,0.314,OVER,distance,distance,A,,2971,5.5,UNDER,OVER,FORCED_OVER_ONLY_GOB_DEM,OVER,ml_prob_unified,10,6.2681
14083728,Anastasia Potapova,ANASTASIA POTAPOVA,Total Games Won,11.5,2026-08-25T22:40:00.000-04:00,Tennis,WTA / HARD,Standard,11.5,,,14083728,204692,182334,Anastasia Potapova,11.5,Player,NIKOLA BARTUNKOVA,,,https://www.flashscore.com/res/image/data/vVMPN8HG-zuZBrv4G.png,,2026-08-25T05:27:15.078-04:00,2026-08-25T16:30:42-04:00,games_won,0,,0,2971,WTA,pp_or_step1,0,,N/A,,OK,,,0.5441912596565515,,,,,6,2,12,3,12,5,18,16,17,17,7,10.8,10.8,,hard,0,2.51063829787234,4.680851063829787,0.6437098651226064,0.5531914893617021,47,False,False,,,OK,5,2,3,0,0.4,0.6,0.4,0.6,2,3,2,3,0,10,6,4,0,0.6,0.4,0.6,0.4,,0,25,38.0,-13,WTA,NEUTRAL,ELITE,LOW,169,31,3,92,2026-05-25,169,1,,0.5,1,7,-4.5,0.4286,-0.5604,4.022563431635389,0.5,0.008000000000000007,3.821435260053619,?,0.95,0.4786,UNDER,ml_prob,ml_prob,C,,2971,4.5,UNDER,UNDER,STANDARD_L5AVG_UNDER,UNDER,ml_prob_unified,10,6.2681
14083954,Nikola Bartunkova,NIKOLA BARTUNKOVA,Total Games Won,11.5,2026-08-25T22:40:00.000-04:00,Tennis,WTA / HARD,Goblin,13,,,14083954,261471,182334,Nikola Bartunkova,11.5,Player,ANASTASIA POTAPOVA,,,https://static.flashscore.com/res/image/data/U1bZs9e5-SUaUoUDh.png,,2026-08-25T01:35:16.221-04:00,2026-08-25T16:30:42-04:00,games_won,0,,0,7804,WTA,offset_estimate,1,,N/A,,OK,,,0.5313678295707619,,,,,12,9,16,10,12,13,18,15,8,12,11.8,12.5,12.5,,hard,0,3.428571428571428,5.357142857142857,0.6713286206914747,0.5714285714285714,14,False,False,,,OK,5,3,2,0,0.6,0.4,0.6,0.4,3,2,3,2,0,10,7,3,0,0.7,0.3,0.7,0.3,,0,38,25.0,13,WTA,NEUTRAL,FIELD,HIGH,69,15,2,92,2026-05-25,69,1,,0.6499999999999999,1.3,11.8,0.3000000000000007,0.58,0.0056,5.452966895442359,0.6499999999999999,0.05200000000000005,5.180318550670241,?,0.95,0.629,OVER,distance,distance,C,,7804,0.3000000000000007,OVER,OVER,FORCED_OVER_ONLY_GOB_DEM,OVER,ml_prob_unified,10,3.1358
14083955,Nikola Bartunkova,NIKOLA BARTUNKOVA,Total Games Won,10.5,2026-08-25T22:40:00.000-04:00,Tennis,WTA / HARD,Goblin,12.5,,,14083955,261471,182334,Nikola Bartunkova,10.5,Player,ANASTASIA POTAPOVA,,,https://static.flashscore.com/res/image/data/U1bZs9e5-SUaUoUDh.png,,2026-08-25T01:35:16.221-04:00,2026-08-25T16:30:42-04:00,games_won,0,,0,7804,WTA,offset_estimate,2,,N/A,,OK,,,0.5313678295707619,,,,,12,9,16,10,12,13,18,15,8,12,11.8,12.5,12.5,,hard,0,3.428571428571428,5.357142857142857,0.6713286206914747,0.5714285714285714,14,False,False,,,OK,5,3,2,0,0.6,0.4,0.6,0.4,3,2,3,2,0,10,7,3,0,0.7,0.3,0.7,0.3,,0,38,25.0,13,WTA,NEUTRAL,FIELD,HIGH,69,15,2,92,2026-05-25,69,1,,0.6499999999999999,1.3,11.8,1.3000000000000007,0.58,-0.2058,5.452966895442359,0.6499999999999999,0.05200000000000005,5.180318550670241,?,0.95,0.629,OVER,distance,distance,B,,7804,1.3000000000000007,OVER,OVER,FORCED_OVER_ONLY_GOB_DEM,OVER,ml_prob_unified,10,3.1358
14083956,Nikola Bartunkova,NIKOLA BARTUNKOVA,Total Games Won,9.5,2026-08-25T22:40:00.000-04:00,Tennis,WTA / HARD,Goblin,12.5,,,14083956,261471,182334,Nikola Bartunkova,9.5,Player,ANASTASIA POTAPOVA,,,https://static.flashscore.com/res/image/data/U1bZs9e5-SUaUoUDh.png,,2026-08-25T01:35:16.221-04:00,2026-08-25T16:30:42-04:00,games_won,0,,0,7804,WTA,offset_estimate,3,,N/A,,OK,,,0.5313678295707619,,,,,12,9,16,10,12,13,18,15,8,12,11.8,12.5,12.5,,hard,0,3.428571428571428,5.357142857142857,0.6713286206914747,0.5714285714285714,14,False,False,,,OK,5,4,1,0,0.8,0.2,0.8,0.2,4,1,4,1,0,10,8,2,0,0.8,0.2,0.8,0.2,,0,38,25.0,13,WTA,NEUTRAL,FIELD,HIGH,69,15,2,92,2026-05-25,69,1,,0.8,1.6,11.8,2.3000000000000007,0.58,-0.3289,6.928782275603218,0.8,0.07840000000000003,6.582343161823056,?,0.95,0.734,OVER,distance,distance,B,,7804,2.3000000000000007,OVER,OVER,FORCED_OVER_ONLY_GOB_DEM,OVER,ml_prob_unified,10,3.1358
14086052,Anastasia Potapova,ANASTASIA POTAPOVA,Double Faults,8.5,2026-08-25T22:40:00.000-04:00,Tennis,WTA / HARD,Demon,,,,14086052,204692,182334,Anastasia Potapova,8.5,Player,NIKOLA BARTUNKOVA,,,https://www.flashscore.com/res/image/data/vVMPN8HG-zuZBrv4G.png,,2026-08-25T01:35:16.221-04:00,2026-08-25T16:30:42-04:00,double_faults,0,,0,2971,WTA,,3,,N/A,,OK,,,0.5441912596565515,,,,,9,2,3,8,3,6,2,2,4,0,5,3.9,3.9,,hard,0,2.51063829787234,4.680851063829787,0.6437098651226064,0.5531914893617021,47,False,False,,,OK,5,1,4,0,0.2,0.8,0.2,0.8,1,4,1,4,0,10,1,9,0,0.1,0.9,0.1,0.9,,0,25,38.0,-13,WTA,NEUTRAL,ELITE,LOW,169,31,3,92,2026-05-25,169,1,,0.15000000000000002,0.3,5,-3.5,0.0206,-0.0087,1.104585876675603,0.15,-0.003000000000000003,1.049356582841823,?,0.95,0.1112,OVER,ml_prob_fallback,ml_prob_fallback,C,,2971,3.5,UNDER,OVER,FORCED_OVER_ONLY_GOB_DEM,OVER,ml_prob_unified,10,2.8848
14083949,Anastasia Potapova,ANASTASIA POTAPOVA,Total Games Won,7.5,2026-08-25T22:40:00.000-04:00,Tennis,WTA / HARD,Goblin,11.5,,,14083949,204692,182334,Anastasia Potapova,7.5,Player,NIKOLA BARTUNKOVA,,,https://www.flashscore.com/res/image/data/vVMPN8HG-zuZBrv4G.png,,2026-08-25T01:35:16.221-04:00,2026-08-25T16:30:42-04:00,games_won,0,,0,2971,WTA,sibling_or_pp,1,,N/A,,OK,,,0.5441912596565515,,,,,6,2,12,3,12,5,18,16,17,17,7,10.8,10.8,,hard,0,2.51063829787234,4.680851063829787,0.6437098651226064,0.5531914893617021,47,False,False,,,OK,5,2,3,0,0.4,0.6,0.4,0.6,2,3,2,3,0,10,6,4,0,0.6,0.4,0.6,0.4,,0,25,38.0,-13,WTA,NEUTRAL,ELITE,LOW,169,31,3,92,2026-05-25,169,1,,0.5,1,7,-0.5,0.58,0.2025,4.022563431635389,0.5,0.008000000000000007,3.821435260053619,?,0.95,0.524,OVER,distance,distance,A,,2971,0.5,UNDER,OVER,FORCED_OVER_ONLY_GOB_DEM,OVER,ml_prob_unified,10,6.2681
14086050,Anastasia Potapova,ANASTASIA POTAPOVA,Double Faults,7.5,2026-08-25T22:40:00.000-04:00,Tennis,WTA / HARD,Demon,,,,14086050,204692,182334,Anastasia Potapova,7.5,Player,NIKOLA BARTUNKOVA,,,https://www.flashscore.com/res/image/data/vVMPN8HG-zuZBrv4G.png,,2026-08-25T01:35:16.221-04:00,2026-08-25T16:30:42-04:00,double_faults,0,,0,2971,WTA,,2,,N/A,,OK,,,0.5441912596565515,,,,,9,2,3,8,3,6,2,2,4,0,5,3.9,3.9,,hard,0,2.51063829787234,4.680851063829787,0.6437098651226064,0.5531914893617021,47,False,False,,,OK,5,2,3,0,0.4,0.6,0.4,0.6,2,3,2,3,0,10,2,8,0,0.2,0.8,0.2,0.8,,0,25,38.0,-13,WTA,NEUTRAL,ELITE,LOW,169,31,3,92,2026-05-25,169,1,,0.30000000000000004,0.6000000000000001,5,-2.5,0.0483,-0.0276,2.297179882037534,0.3,0.008000000000000007,2.182320887935657,?,0.95,0.2245,OVER,ml_prob_fallback,ml_prob_fallback,C,,2971,2.5,UNDER,OVER,FORCED_OVER_ONLY_GOB_DEM,OVER,ml_prob_unified,10,2.8848
14086087,Nikola Bartunkova,NIKOLA BARTUNKOVA,Double Faults,7.5,2026-08-25T22:40:00.000-04:00,Tennis,WTA / HARD,Demon,,,,14086087,261471,182334,Nikola Bartunkova,7.5,Player,ANASTASIA POTAPOVA,,,https://static.flashscore.com/res/image/data/U1bZs9e5-SUaUoUDh.png,,2026-08-25T01:35:16.221-04:00,2026-08-25T16:30:42-04:00,double_faults,0,,0,7804,WTA,,3,,N/A,,OK,,,0.5313678295707619,,,,,3,2,7,3,5,4,6,1,5,2,4,3.8,3.8,,hard,0,3.428571428571428,5.357142857142857,0.6713286206914747,0.5714285714285714,14,False,False,,,OK,5,0,5,0,0,1,0,1,0,5,0,5,0,10,0,10,0,0,1,0,1,,0,38,25.0,13,WTA,NEUTRAL,FIELD,HIGH,69,15,2,92,2026-05-25,69,1,,0.0,0,4,-3.5,0.0586,0.0293,0,0,-0.003000000000000003,0,?,0.95,0.0176,OVER,ml_prob_fallback,ml_prob_fallback,C,,7804,3.5,UNDER,OVER,FORCED_OVER_ONLY_GOB_DEM,OVER,ml_prob_unified,10,1.9322
14083948,Anastasia Potapova,ANASTASIA POTAPOVA,Total Games Won,6.5,2026-08-25T22:40:00.000-04:00,Tennis,WTA / HARD,Goblin,11.5,,,14083948,204692,182334,Anastasia Potapova,6.5,Player,NIKOLA BARTUNKOVA,,,https://www.flashscore.com/res/image/data/vVMPN8HG-zuZBrv4G.png,,2026-08-25T01:35:16.221-04:00,2026-08-25T16:30:42-04:00,games_won,0,,0,2971,WTA,sibling_or_pp,2,,N/A,,OK,,,0.5441912596565515,,,,,6,2,12,3,12,5,18,16,17,17,7,10.8,10.8,,hard,0,2.51063829787234,4.680851063829787,0.6437098651226064,0.5531914893617021,47,False,False,,,OK,5,2,3,0,0.4,0.6,0.4,0.6,2,3,2,3,0,10,6,4,0,0.6,0.4,0.6,0.4,,0,25,38.0,-13,WTA,NEUTRAL,ELITE,LOW,169,31,3,92,2026-05-25,169,1,,0.5,1,7,0.5,0.5856,-0.0369,4.022563431635389,0.5,0.008000000000000007,3.821435260053619,?,0.95,0.5257,OVER,distance,distance,A,,2971,0.5,OVER,OVER,FORCED_OVER_ONLY_GOB_DEM,OVER,ml_prob_unified,10,6.2681
14086051,Anastasia Potapova,ANASTASIA POTAPOVA,Double Faults,6.5,2026-08-25T22:40:00.000-04:00,Tennis,WTA / HARD,Demon,,,,14086051,204692,182334,Anastasia Potapova,6.5,Player,NIKOLA BARTUNKOVA,,,https://www.flashscore.com/res/image/data/vVMPN8HG-zuZBrv4G.png,,2026-08-25T01:35:16.221-04:00,2026-08-25T16:30:42-04:00,double_faults,0,,0,2971,WTA,,1,,N/A,,OK,,,0.5441912596565515,,,,,9,2,3,8,3,6,2,2,4,0,5,3.9,3.9,,hard,0,2.51063829787234,4.680851063829787,0.6437098651226064,0.5531914893617021,47,False,False,,,OK,5,2,3,0,0.4,0.6,0.4,0.6,2,3,2,3,0,10,2,8,0,0.2,0.8,0.2,0.8,,0,25,38.0,-13,WTA,NEUTRAL,ELITE,LOW,169,31,3,92,2026-05-25,169,1,,0.30000000000000004,0.6000000000000001,5,-1.5,0.0656,-0.1168,2.297179882037534,0.3,0.008000000000000007,2.182320887935657,?,0.95,0.2297,OVER,ml_prob_fallback,ml_prob_fallback,C,,2971,1.5,UNDER,OVER,FORCED_OVER_ONLY_GOB_DEM,OVER,ml_prob_unified,10,2.8848
14086079,Nikola Bartunkova,NIKOLA BARTUNKOVA,Aces,6.5,2026-08-25T22:40:00.000-04:00,Tennis,WTA / HARD,Demon,,,,14086079,261471,182334,Nikola Bartunkova,6.5,Player,ANASTASIA POTAPOVA,,,https://static.flashscore.com/res/image/data/U1bZs9e5-SUaUoUDh.png,,2026-08-25T01:35:16.221-04:00,2026-08-25T16:30:42-04:00,aces,0,,0,7804,WTA,,1,,N/A,,OK,,,0.5313678295707619,,,,,3,3,6,1,8,8,5,9,5,2,4.2,5,5,,hard,0,3.428571428571428,5.357142857142857,0.6713286206914747,0.5714285714285714,14,False,False,,,OK,5,1,4,0,0.2,0.8,0.2,0.8,1,4,1,4,0,10,3,7,0,0.3,0.7,0.3,0.7,,0,38,25.0,13,WTA,SERVE_HEAVY,FIELD,HIGH,69,15,2,92,2026-05-25,69,1,,0.25,0.5,4.2,-2.3,0.0616,-0.0296,1.889257962466488,0.25,-0.003000000000000003,1.794795064343164,?,0.95,0.1935,OVER,ml_prob_fallback,ml_prob_fallback,C,,7804,2.3,UNDER,OVER,FORCED_OVER_ONLY_GOB_DEM,OVER,ml_prob_unified,10,2.7487
14086086,Nikola Bartunkova,NIKOLA BARTUNKOVA,Double Faults,6.5,2026-08-25T22:40:00.000-04:00,Tennis,WTA / HARD,Demon,,,,14086086,261471,182334,Nikola Bartunkova,6.5,Player,ANASTASIA POTAPOVA,,,https://static.flashscore.com/res/image/data/U1bZs9e5-SUaUoUDh.png,,2026-08-25T01:35:16.221-04:00,2026-08-25T16:30:42-04:00,double_faults,0,,0,7804,WTA,,2,,N/A,,OK,,,0.5313678295707619,,,,,3,2,7,3,5,4,6,1,5,2,4,3.8,3.8,,hard,0,3.428571428571428,5.357142857142857,0.6713286206914747,0.5714285714285714,14,False,False,,,OK,5,1,4,0,0.2,0.8,0.2,0.8,1,4,1,4,0,10,1,9,0,0.1,0.9,0.1,0.9,,0,38,25.0,13,WTA,NEUTRAL,FIELD,HIGH,69,15,2,92,2026-05-25,69,1,,0.15000000000000002,0.3,4,-2.5,0.0512,-0.0246,1.104585876675603,0.15,-0.003000000000000003,1.049356582841823,?,0.95,0.1204,OVER,ml_prob_fallback,ml_prob_fallback,C,,7804,2.5,UNDER,OVER,FORCED_OVER_ONLY_GOB_DEM,OVER,ml_prob_unified,10,1.9322
14083950,Anastasia Potapova,ANASTASIA POTAPOVA,Total Games Won,5.5,2026-08-25T22:40:00.000-04:00,Tennis,WTA / HARD,Goblin,11.5,,,14083950,204692,182334,Anastasia Potapova,5.5,Player,NIKOLA BARTUNKOVA,,,https://www.flashscore.com/res/image/data/vVMPN8HG-zuZBrv4G.png,,2026-08-25T05:30:31.480-04:00,2026-08-25T16:30:42-04:00,games_won,0,,0,2971,WTA,sibling_or_pp,3,,N/A,,OK,,,0.5441912596565515,,,,,6,2,12,3,12,5,18,16,17,17,7,10.8,10.8,,hard,0,2.51063829787234,4.680851063829787,0.6437098651226064,0.5531914893617021,47,False,False,,,OK,5,3,2,0,0.6,0.4,0.6,0.4,3,2,3,2,0,10,7,3,0,0.7,0.3,0.7,0.3,,0,25,38.0,-13,WTA,NEUTRAL,ELITE,LOW,169,31,3,92,2026-05-25,169,1,,0.6499999999999999,1.3,7,1.5,0.6121,-0.2055,5.452966895442359,0.6499999999999999,0.05200000000000005,5.180318550670241,?,0.95,0.6386,OVER,distance,distance,A,,2971,1.5,OVER,OVER,FORCED_OVER_ONLY_GOB_DEM,OVER,ml_prob_unified,10,6.2681
14086048,Anastasia Potapova,ANASTASIA POTAPOVA,Aces,5.5,2026-08-25T22:40:00.000-04:00,Tennis,WTA / HARD,Demon,,,,14086048,204692,182334,Anastasia Potapova,5.5,Player,NIKOLA BARTUNKOVA,,,https://www.flashscore.com/res/image/data/vVMPN8HG-zuZBrv4G.png,,2026-08-25T01:35:16.221-04:00,2026-08-25T16:30:42-04:00,aces,0,,0,2971,WTA,,2,,N/A,,OK,,,0.5441912596565515,,,,,2,1,0,2,2,0,1,0,3,2,1.4,1.3,1.3,,hard,0,2.51063829787234,4.680851063829787,0.6437098651226064,0.5531914893617021,47,False,False,,,OK,5,0,5,0,0,1,0,1,0,5,0,5,0,10,0,10,0,0,1,0,1,,0,25,38.0,-13,WTA,SERVE_HEAVY,ELITE,LOW,169,31,3,92,2026-05-25,169,1,,0.0,0,1.4,-4.1,0.0547,0.0384,0,0,-0.003000000000000003,0,?,0.95,0.0164,OVER,ml_prob_fallback,ml_prob_fallback,C,,2971,4.1,UNDER,OVER,FORCED_OVER_ONLY_GOB_DEM,OVER,ml_prob_unified,10,1.0593
14086089,Nikola Bartunkova,NIKOLA BARTUNKOVA,Double Faults,5.5,2026-08-25T22:40:00.000-04:00,Tennis,WTA / HARD,Demon,,,,14086089,261471,182334,Nikola Bartunkova,5.5,Player,ANASTASIA POTAPOVA,,,https://static.flashscore.com/res/image/data/U1bZs9e5-SUaUoUDh.png,,2026-08-25T01:35:16.221-04:00,2026-08-25T16:30:42-04:00,double_faults,0,,0,7804,WTA,,1,,N/A,,OK,,,0.5313678295707619,,,,,3,2,7,3,5,4,6,1,5,2,4,3.8,3.8,,hard,0,3.428571428571428,5.357142857142857,0.6713286206914747,0.5714285714285714,14,False,False,,,OK,5,1,4,0,0.2,0.8,0.2,0.8,1,4,1,4,0,10,2,8,0,0.2,0.8,0.2,0.8,,0,38,25.0,13,WTA,NEUTRAL,FIELD,HIGH,69,15,2,92,2026-05-25,69,1,,0.2,0.4,4,-1.5,0.08,-0.1024,1.49193291152815,0.2,-0.003000000000000003,1.417336265951743,?,0.95,0.164,OVER,ml_prob_fallback,ml_prob_fallback,C,,7804,1.5,UNDER,OVER,FORCED_OVER_ONLY_GOB_DEM,OVER,ml_prob_unified,10,1.9322
14086047,Anastasia Potapova,ANASTASIA POTAPOVA,Aces,4.5,2026-08-25T22:40:00.000-04:00,Tennis,WTA / HARD,Demon,,,,14086047,204692,182334,Anastasia Potapova,4.5,Player,NIKOLA BARTUNKOVA,,,https://www.flashscore.com/res/image/data/vVMPN8HG-zuZBrv4G.png,,2026-08-25T01:35:16.221-04:00,2026-08-25T16:30:42-04:00,aces,0,,0,2971,WTA,,1,,N/A,,OK,,,0.5441912596565515,,,,,2,1,0,2,2,0,1,0,3,2,1.4,1.3,1.3,,hard,0,2.51063829787234,4.680851063829787,0.6437098651226064,0.5531914893617021,47,False,False,,,OK,5,0,5,0,0,1,0,1,0,5,0,5,0,10,0,10,0,0,1,0,1,,0,25,38.0,-13,WTA,SERVE_HEAVY,ELITE,LOW,169,31,3,92,2026-05-25,169,1,,0.0,0,1.4,-3.1,0.0785,0.0354,0,0,-0.003000000000000003,0,?,0.95,0.0235,OVER,ml_prob_fallback,ml_prob_fallback,C,,2971,3.1,UNDER,OVER,FORCED_OVER_ONLY_GOB_DEM,OVER,ml_prob_unified,10,1.0593
14086049,Anastasia Potapova,ANASTASIA POTAPOVA,Double Faults,4.5,2026-08-25T22:40:00.000-04:00,Tennis,WTA / HARD,Goblin,6,,,14086049,204692,182334,Anastasia Potapova,4.5,Player,NIKOLA BARTUNKOVA,,,https://www.flashscore.com/res/image/data/vVMPN8HG-zuZBrv4G.png,,2026-08-25T01:35:16.221-04:00,2026-08-25T16:30:42-04:00,double_faults,0,,0,2971,WTA,offset_estimate,1,,N/A,,OK,,,0.5441912596565515,,,,,9,2,3,8,3,6,2,2,4,0,5,3.9,3.9,,hard,0,2.51063829787234,4.680851063829787,0.6437098651226064,0.5531914893617021,47,False,False,,,OK,5,2,3,0,0.4,0.6,0.4,0.6,2,3,2,3,0,10,3,7,0,0.3,0.7,0.3,0.7,,0,25,38.0,-13,WTA,NEUTRAL,ELITE,LOW,169,31,3,92,2026-05-25,169,1,,0.35,0.7,5,0.5,0.08,-0.5425,2.713746412868633,0.35,0.008000000000000007,2.578059092225201,?,0.95,0.269,OVER,distance,distance,C,,2971,0.5,OVER,OVER,FORCED_OVER_ONLY_GOB_DEM,OVER,ml_prob_unified,10,2.8848
14086085,Nikola Bartunkova,NIKOLA BARTUNKOVA,Double Faults,4.5,2026-08-25T22:40:00.000-04:00,Tennis,WTA / HARD,Goblin,6,,,14086085,261471,182334,Nikola Bartunkova,4.5,Player,ANASTASIA POTAPOVA,,,https://static.flashscore.com/res/image/data/U1bZs9e5-SUaUoUDh.png,,2026-08-25T01:35:16.221-04:00,2026-08-25T16:30:42-04:00,double_faults,0,,0,7804,WTA,offset_estimate,1,,N/A,,OK,,,0.5313678295707619,,,,,3,2,7,3,5,4,6,1,5,2,4,3.8,3.8,,hard,0,3.428571428571428,5.357142857142857,0.6713286206914747,0.5714285714285714,14,False,False,,,OK,5,2,3,0,0.4,0.6,0.4,0.6,2,3,2,3,0,10,4,6,0,0.4,0.6,0.4,0.6,,0,38,25.0,13,WTA,NEUTRAL,FIELD,HIGH,69,15,2,92,2026-05-25,69,1,,0.4,0.8,4,-0.5,0.08,-0.2975,3.138762809651475,0.4,0.008000000000000007,2.981824669168901,?,0.95,0.304,OVER,distance,distance,C,,7804,0.5,UNDER,OVER,FORCED_OVER_ONLY_GOB_DEM,OVER,ml_prob_unified,10,1.9322
14086070,Nikola Bartunkova,NIKOLA BARTUNKOVA,Aces,3.5,2026-08-25T22:40:00.000-04:00,Tennis,WTA / HARD,Goblin,5,,,14086070,261471,182334,Nikola Bartunkova,3.5,Player,ANASTASIA POTAPOVA,,,https://static.flashscore.com/res/image/data/U1bZs9e5-SUaUoUDh.png,,2026-08-25T01:35:16.221-04:00,2026-08-25T16:30:42-04:00,aces,0,,0,7804,WTA,offset_estimate,1,,N/A,,OK,,,0.5313678295707619,,,,,3,3,6,1,8,8,5,9,5,2,4.2,5,5,,hard,0,3.428571428571428,5.357142857142857,0.6713286206914747,0.5714285714285714,14,False,False,,,OK,5,2,3,0,0.4,0.6,0.4,0.6,2,3,2,3,0,10,6,4,0,0.6,0.4,0.6,0.4,,0,38,25.0,13,WTA,SERVE_HEAVY,FIELD,HIGH,69,15,2,92,2026-05-25,69,1,,0.5,1,4.2,0.7000000000000002,0.08,-0.5882,4.022563431635389,0.5,0.008000000000000007,3.821435260053619,?,0.95,0.374,OVER,distance,distance,C,,7804,0.7000000000000002,OVER,OVER,FORCED_OVER_ONLY_GOB_DEM,OVER,ml_prob_unified,10,2.7487
14086084,Nikola Bartunkova,NIKOLA BARTUNKOVA,Double Faults,3.5,2026-08-25T22:40:00.000-04:00,Tennis,WTA / HARD,Goblin,5.5,,,14086084,261471,182334,Nikola Bartunkova,3.5,Player,ANASTASIA POTAPOVA,,,https://static.flashscore.com/res/image/data/U1bZs9e5-SUaUoUDh.png,,2026-08-25T01:35:16.221-04:00,2026-08-25T16:30:42-04:00,double_faults,0,,0,7804,WTA,offset_estimate,2,,N/A,,OK,,,0.5313678295707619,,,,,3,2,7,3,5,4,6,1,5,2,4,3.8,3.8,,hard,0,3.428571428571428,5.357142857142857,0.6713286206914747,0.5714285714285714,14,False,False,,,OK,5,2,3,0,0.4,0.6,0.4,0.6,2,3,2,3,0,10,5,5,0,0.5,0.5,0.5,0.5,,0,38,25.0,13,WTA,NEUTRAL,FIELD,HIGH,69,15,2,92,2026-05-25,69,1,,0.45,0.9,4,0.5,0.08,-0.5425,3.570580278820376,0.45,0.008000000000000007,3.392051264879357,?,0.95,0.339,OVER,distance,distance,B,,7804,0.5,OVER,OVER,FORCED_OVER_ONLY_GOB_DEM,OVER,ml_prob_unified,10,1.9322
14083656,Nikola Bartunkova,NIKOLA BARTUNKOVA,Total Sets,2.5,2026-08-25T22:40:00.000-04:00,Tennis,WTA / HARD,Demon,,,,14083656,261471,182334,Nikola Bartunkova,2.5,Player,ANASTASIA POTAPOVA,,,https://static.flashscore.com/res/image/data/U1bZs9e5-SUaUoUDh.png,,2026-08-25T01:35:16.221-04:00,2026-08-25T16:30:42-04:00,total_sets,0,,0,7804,WTA,,1,,N/A,,OK,,,0.5313678295707619,,,,,2,2,3,3,2,2,3,3,2,2,2.4,2.4,2.4,,hard,0,3.428571428571428,5.357142857142857,0.6713286206914747,0.5714285714285714,14,False,False,,,OK,5,2,3,0,0.4,0.6,0.4,0.6,2,3,2,3,0,10,4,6,0,0.4,0.6,0.4,0.6,,0,38,25.0,13,WTA,NEUTRAL,FIELD,HIGH,69,15,2,92,2026-05-25,69,1,,0.4,0.8,2.4,-0.10000000000000009,0.3659,-0.1092,3.138762809651475,0.4,0.008000000000000007,2.981824669168901,?,0.95,0.3898,OVER,ml_prob_fallback,ml_prob_fallback,C,,7804,0.10000000000000009,UNDER,OVER,FORCED_OVER_ONLY_GOB_DEM,OVER,ml_prob_unified,10,0.5164
14086046,Anastasia Potapova,ANASTASIA POTAPOVA,Aces,2.5,2026-08-25T22:40:00.000-04:00,Tennis,WTA / HARD,Goblin,4,,,14086046,204692,182334,Anastasia Potapova,2.5,Player,NIKOLA BARTUNKOVA,,,https://www.flashscore.com/res/image/data/vVMPN8HG-zuZBrv4G.png,,2026-08-25T01:35:16.221-04:00,2026-08-25T16:30:42-04:00,aces,0,,0,2971,WTA,offset_estimate,1,,N/A,,OK,,,0.5441912596565515,,,,,2,1,0,2,2,0,1,0,3,2,1.4,1.3,1.3,,hard,0,2.51063829787234,4.680851063829787,0.6437098651226064,0.5531914893617021,47,False,False,,,OK,5,0,5,0,0,1,0,1,0,5,0,5,0,10,1,9,0,0.1,0.9,0.1,0.9,,0,25,38.0,-13,WTA,SERVE_HEAVY,ELITE,LOW,169,31,3,92,2026-05-25,169,1,,0.05,0.1,1.4,-1.1,0.08,-0.1697,0.3596515924932976,0.05,-0.003000000000000003,0.3416690128686327,?,0.95,0.059,OVER,distance,distance,C,,2971,1.1,UNDER,OVER,FORCED_OVER_ONLY_GOB_DEM,OVER,ml_prob_unified,10,1.0593
14083959,Nikola Bartunkova,NIKOLA BARTUNKOVA,Total Tie Breaks,0.5,2026-08-25T22:40:00.000-04:00,Tennis,WTA / HARD,Demon,,,,14083959,261471,182334,Nikola Bartunkova,0.5,Player,ANASTASIA POTAPOVA,,,https://static.flashscore.com/res/image/data/U1bZs9e5-SUaUoUDh.png,,2026-08-25T01:35:16.221-04:00,2026-08-25T16:30:42-04:00,total_tie_breaks,0,,0,7804,WTA,,1,,N/A,,OK,,,0.5313678295707619,,,,,0,1,0,0,0,0,2,0,0,0,0.2,0.3,0.3,,hard,0,3.428571428571428,5.357142857142857,0.6713286206914747,0.5714285714285714,14,False,False,,,OK,5,1,4,0,0.2,0.8,0.2,0.8,1,4,1,4,0,10,2,8,0,0.2,0.8,0.2,0.8,,0,38,25.0,13,WTA,NEUTRAL,FIELD,HIGH,69,15,2,92,2026-05-25,69,1,,0.2,0.4,0.2,-0.3,0.3659,-0.0597,1.49193291152815,0.2,-0.003000000000000003,1.417336265951743,?,0.95,0.2498,OVER,ml_prob_fallback,ml_prob_fallback,C,,7804,0.3,UNDER,OVER,FORCED_OVER_ONLY_GOB_DEM,OVER,ml_prob_unified,10,0.6749
14074394,Mary Stoiana,MARY STOIANA,Total Games Won,12.5,2026-08-25T15:15:00.000-04:00,Tennis,WTA / HARD,Demon,,,,14074394,254294,182147,Mary Stoiana,12.5,Player,UNKNOWN_OPP,,,https://static.flashscore.com/res/image/data/noNuvweM-Mw4eGYvN.png,,2026-08-25T16:30:05.046-04:00,2026-08-25T16:30:42-04:00,games_won,0,,0,13479,WTA,,1,,N/A,,OK,,,,,,,,8,11,13,15,12,13,13,12,13,10,11.8,12,12,,hard,0,,,,,,,,,,OK,5,2,3,0,0.4,0.6,0.4,0.6,2,3,2,3,0,10,5,5,0,0.5,0.5,0.5,0.5,,0,122,,,WTA,NEUTRAL,FIELD,HIGH,122,25,3,148,2026-03-30,122,1,,0.45,0.9,11.8,-0.6999999999999993,0.58,0.2482,3.570580278820376,0.45,0.008000000000000007,3.392051264879357,?,0.95,0.489,OVER,ml_prob_fallback,ml_prob_fallback,C,,13479,0.6999999999999993,UNDER,OVER,FORCED_OVER_ONLY_GOB_DEM,OVER,ml_prob_unified,10,1.9437
14080233,Alexandra Shubladze,ALEXANDRA SHUBLADZE,Total Games Won,12.5,2026-08-25T15:20:00.000-04:00,Tennis,WTA / HARD,Demon,,,,14080233,325078,182151,Alexandra Shubladze,12.5,Player,UNKNOWN_OPP,,,https://static.prizepicks.com/images/manual/Alexandra Shubladze.png,,2026-08-25T15:40:54.832-04:00,2026-08-25T16:30:42-04:00,games_won,0,,0,10858,WTA,,1,,N/A,,OK,,,,,,,,12,14,,,,,,,,,13,13,13,,hard,0,,,,,,,,,,OK,2,1,1,0,0.5,0.5,0.5,0.5,1,1,1,1,0,2,1,1,0,0.5,0.5,0.5,0.5,,0,250,,,WTA,NEUTRAL,FIELD,UNKNOWN,,,,,,,1,,0.5,1,13,0.5,0.58,-0.0425,4.027843431635389,0.5,0.03000000000000003,3.826451260053619,?,0.95,0.524,OVER,ml_prob_fallback,ml_prob_fallback,B,,10858,0.5,OVER,OVER,FORCED_OVER_ONLY_GOB_DEM,OVER,ml_prob_unified,2,1.4142
14081142,Seongchan Hong,SEONGCHAN HONG,Total Games Won,11.5,2026-08-25T17:45:00.000-04:00,Tennis,ATP / HARD,Standard,11.5,,,14081142,207765,182232,Seongchan Hong,11.5,Player,NIKOLOZ BASILASHVILI,,,https://static.flashscore.com/res/image/data/S8ElDmg5-fPiFSNkg.png,,2026-08-25T11:01:37.516-04:00,2026-08-25T16:30:42-04:00,games_won,0,,0,,ATP,pp_or_step1,0,,N/A,,NO_ID,,,,,,,,,,,,,,,,,,,,,,hard,0,,,,,,,,,,MISSING_STAT_VALUES,,,,,,,,,,,,,,,,,,,,,,,0,999,132.0,867,ATP,NEUTRAL,FIELD,UNKNOWN,,,,,,,1,,0.5,1.05,11.5,0.0,0.58,0.08,4.254852225201073,0.5,0.03000000000000003,4.04210961394102,?,0.95,0.524,OVER,ml_prob,ml_prob,C,WEAK_MATCH_HISTORY,,0.0,OVER,OVER,STANDARD_TIEBREAK_HR5_OVER,OVER,ml_prob_unified,0,
14080083,Darja Semenistaja,DARJA SEMENISTAJA,Total Games Won,12.5,2026-08-25T16:20:00.000-04:00,Tennis,WTA / HARD,Demon,,,,14080083,201870,182243,Darja Semenistaja,12.5,Player,HAYU KINOSHITA,,,https://static.flashscore.com/res/image/data/S8CnKvWg-6ePIwAcO.png,,2026-08-25T16:30:05.073-04:00,2026-08-25T16:30:42-04:00,games_won,0,,0,6769,WTA,,1,,N/A,,OK,,,,,,,,5,11,8,10,12,7,15,5,12,17,9.2,10.2,10.2,,hard,0,,,,,,,,,,OK,5,0,5,0,0,1,0,1,0,5,0,5,0,10,2,8,0,0.2,0.8,0.2,0.8,,0,109,250.0,-141,WTA,NEUTRAL,FIELD,HIGH,99,19,2,148,2026-03-30,99,1,,0.1,0.15,9.2,-3.3000000000000007,0.58,0.5444,0.5450507131367293,0.1,-0.003000000000000003,0.5177981774798928,?,0.95,0.244,OVER,ml_prob_fallback,ml_prob_fallback,C,,6769,3.3000000000000007,UNDER,OVER,FORCED_OVER_ONLY_GOB_DEM,OVER,ml_prob_unified,10,4.0222
14089577,Tristan Boyer,TRISTAN BOYER,Total Games Won,15.5,2026-08-25T15:05:00.000-04:00,Tennis,ATP / HARD,Goblin,17,,,14089577,212542,182181,Tristan Boyer,15.5,Player,ANDRE ILAGAN,,,https://static.prizepicks.com/images/manual/Tristan Boyer.png,,2026-08-25T16:29:03.150-04:00,2026-08-25T16:30:42-04:00,games_won,0,,0,10373,ATP,offset_estimate,1,,N/A,,OK,,,0.6094281204716706,,,,,13,13,,,,,,,,,13,13,13,,hard,0,4.727272727272728,2.363636363636364,0.7247852350129768,0.4545454545454545,11,False,False,,,OK,2,0,2,0,0,1,0,1,0,2,0,2,0,2,0,2,0,0,1,0,1,,0,250,250.0,0,ATP,NEUTRAL,FIELD,LOW,175,43,4,365,2025-08-25,175,1,,0.0,0,13,-2.5,0.58,0.5041,0,0,-0.003000000000000003,0,?,0.95,0.174,OVER,distance,distance,C,,10373,2.5,UNDER,OVER,FORCED_OVER_ONLY_GOB_DEM,OVER,ml_prob_unified,2,0.0
14077183,Andre Ilagan,ANDRE ILAGAN,Total Games Won,13.5,2026-08-25T15:05:00.000-04:00,Tennis,ATP / HARD,Standard,13.5,,,14077183,237325,182181,Andre Ilagan,13.5,Player,TRISTAN BOYER,,,https://static.flashscore.com/res/image/data/CfLnazzB-xpN5xc8b.png,,2026-08-25T16:26:30.727-04:00,2026-08-25T16:30:42-04:00,games_won,0,,0,13358,ATP,pp_or_step1,0,,N/A,,STALE_HISTORY,,,,,,,,,,,,,,,,,,,,,,hard,0,,,,,,,,,,MISSING_STAT_VALUES,,,,,,,,,,,,,,,,,,,,,,,0,250,250.0,0,ATP,NEUTRAL,FIELD,UNKNOWN,,,,,,,1,,0.5,1,13.5,0.0,0.58,0.08,4.027843431635389,0.5,0.03000000000000003,3.826451260053619,?,0.95,0.524,OVER,ml_prob,ml_prob,C,WEAK_MATCH_HISTORY,13358,0.0,OVER,OVER,STANDARD_TIEBREAK_HR5_OVER,OVER,ml_prob_unified,0,
14076734,Martyna Kubka,MARTYNA KUBKA,Total Games,32.5,2026-08-25T14:10:00.000-04:00,Tennis,WTA / HARD,Demon,,,,14076734,249177,182280,Martyna Kubka,32.5,Player,ANNIKA PENICKOVA,,,https://static.prizepicks.com/images/manual/martyna kubka.png,,2026-08-25T16:30:23.852-04:00,2026-08-25T16:30:42-04:00,match_total_games,0,,0,6419,WTA,,1,,N/A,,OK,,,,,,,,22,28,26,35,,,,,,,27.75,27.75,27.75,,hard,0,,,,,,,,,,OK,4,1,3,0,0.25,0.75,0.25,0.75,1,3,1,3,0,4,1,3,0,0.25,0.75,0.25,0.75,,0,250,250.0,0,WTA,NEUTRAL,FIELD,HIGH,112,22,2,435,2025-06-16,112,1,,0.25,0.5,27.75,-4.75,0.58,0.5714,1.889257962466488,0.25,-0.003000000000000003,1.794795064343164,?,0.95,0.349,OVER,ml_prob_fallback,ml_prob_fallback,C,,6419,4.75,UNDER,OVER,FORCED_OVER_ONLY_GOB_DEM,OVER,ml_prob_unified,4,5.4391
14076738,Martyna Kubka,MARTYNA KUBKA,Total Games Won,17.5,2026-08-25T14:10:00.000-04:00,Tennis,WTA / HARD,Goblin,19,,,14076738,249177,182280,Martyna Kubka,17.5,Player,ANNIKA PENICKOVA,,,https://static.prizepicks.com/images/manual/martyna kubka.png,,2026-08-25T16:29:12.532-04:00,2026-08-25T16:30:42-04:00,games_won,0,,0,6419,WTA,offset_estimate,1,,N/A,,OK,,,,,,,,9,15,11,18,,,,,,,13.25,13.25,13.25,,hard,0,,,,,,,,,,OK,4,1,3,0,0.25,0.75,0.25,0.75,1,3,1,3,0,4,1,3,0,0.25,0.75,0.25,0.75,,0,250,250.0,0,WTA,NEUTRAL,FIELD,HIGH,112,22,2,435,2025-06-16,112,1,,0.25,0.5,13.25,-4.25,0.6234,0.6093,1.889257962466488,0.25,-0.003000000000000003,1.794795064343164,?,0.95,0.362,OVER,distance,distance,C,,6419,4.25,UNDER,OVER,FORCED_OVER_ONLY_GOB_DEM,OVER,ml_prob_unified,4,4.0311
14089119,Maks Kasnikowski,MAKS KASNIKOWSKI,Total Games Won,16.5,2026-08-25T14:10:00.000-04:00,Tennis,ATP / HARD,Standard,16.5,,,14089119,202399,182258,Maks Kasnikowski,16.5,Player,NICOLAI BUDKOV KJAER,,,https://static.prizepicks.com/images/manual/Maks Kasnikowski.WEBP,,2026-08-25T16:29:03.135-04:00,2026-08-25T16:30:42-04:00,games_won,0,,0,8789,ATP,pp_or_step1,0,,N/A,,STALE_HISTORY,,,,,,,,,,,,,,,,,,,,,,hard,0,,,,,,,,,,MISSING_STAT_VALUES,,,,,,,,,,,,,,,,,,,,,,,0,250,149.0,101,ATP,NEUTRAL,FIELD,HIGH,,20,2,199,2026-02-07,,1,,0.5,1.05,16.5,0.0,0.58,0.08,4.254852225201073,0.5,0.03000000000000003,4.04210961394102,?,0.95,0.524,OVER,ml_prob,ml_prob,C,WEAK_MATCH_HISTORY,8789,0.0,OVER,OVER,STANDARD_TIEBREAK_HR5_OVER,OVER,ml_prob_unified,0,
14072476,Nicolai Budkov Kjaer,NICOLAI BUDKOV KJAER,Total Sets,2.5,2026-08-25T14:10:00.000-04:00,Tennis,ATP / HARD,Goblin,4,,,14072476,219976,182258,Nicolai Budkov Kjaer,2.5,Player,MAKS KASNIKOWSKI,,,https://static.prizepicks.com/images/manual/kjaer.webp,,2026-08-25T16:27:40.100-04:00,2026-08-25T16:30:42-04:00,total_sets,0,,0,13829,ATP,offset_estimate,1,,N/A,,OK,,,0.6477992024832014,,,,,2,,,,,,,,,,2,2,2,,hard,0,6.375,1.875,0.6808458760051801,0.3333333333333333,15,False,True,,,OK,1,0,1,0,0,1,0,1,0,1,0,1,0,1,0,1,0,0,1,0,1,,0,149,250.0,-101,ATP,NEUTRAL,FIELD,HIGH,69,17,2,125,2026-04-22,69,1,,0.0,-0.05,2,-0.5,0.4475,0.07,0,0,-0.003000000000000003,0,?,0.95,0.1342,OVER,distance,distance,C,,13829,0.5,UNDER,OVER,FORCED_OVER_ONLY_GOB_DEM,OVER,ml_prob_unified,1,
14077164,Hugo Gaston,HUGO GASTON,Total Games,21.5,2026-08-25T14:50:00.000-04:00,Tennis,ATP / HARD,Goblin,23,,,14077164,206203,182262,Hugo Gaston,21.5,Player,GUIDO IVAN JUSTO,,,https://static.prizepicks.com/images/manual/Hugo Gaston.png,,2026-08-25T16:30:22.981-04:00,2026-08-25T16:30:42-04:00,match_total_games,0,,0,3375,ATP,offset_estimate,1,,N/A,,OK,,,0.5785937299469591,,,,,22,19,15,20,25,,,,,,20.2,20.2,20.2,,hard,0,3.166666666666667,2.083333333333333,0.6867451733325476,0.375,24,False,False,,,OK,5,2,3,0,0.4,0.6,0.4,0.6,2,3,2,3,0,5,2,3,0,0.4,0.6,0.4,0.6,,0,88,250.0,-162,ATP,NEUTRAL,FIELD,LOW,166,33,4,92,2026-05-25,166,1,,0.4,0.75,20.2,-1.3000000000000007,0.58,0.3658,2.937362252010724,0.4,0.008000000000000007,2.790494139410187,?,0.95,0.454,OVER,distance,distance,C,,3375,1.3000000000000007,UNDER,OVER,FORCED_OVER_ONLY_GOB_DEM,OVER,ml_prob_unified,5,3.7014
14077165,Hugo Gaston,HUGO GASTON,Total Games Won,13.5,2026-08-25T14:50:00.000-04:00,Tennis,ATP / HARD,Demon,,,,14077165,206203,182262,Hugo Gaston,13.5,Player,GUIDO IVAN JUSTO,,,https://static.prizepicks.com/images/manual/Hugo Gaston.png,,2026-08-25T16:25:51.606-04:00,2026-08-25T16:30:42-04:00,games_won,0,,0,3375,ATP,,1,,N/A,,OK,,,0.5785937299469591,,,,,9,12,12,7,7,,,,,,9.4,9.4,9.4,,hard,0,3.166666666666667,2.083333333333333,0.6867451733325476,0.375,24,False,False,,,OK,5,0,5,0,0,1,0,1,0,5,0,5,0,5,0,5,0,0,1,0,1,,0,88,250.0,-162,ATP,NEUTRAL,FIELD,LOW,166,33,4,92,2026-05-25,166,1,,0.0,-0.05,9.4,-4.1,0.58,0.5637,0,0,-0.003000000000000003,0,?,0.95,0.174,OVER,ml_prob_fallback,ml_prob_fallback,C,,3375,4.1,UNDER,OVER,FORCED_OVER_ONLY_GOB_DEM,OVER,ml_prob_unified,5,2.51
14077160,Guido Ivan Justo,GUIDO IVAN JUSTO,Total Games Won,8.5,2026-08-25T14:50:00.000-04:00,Tennis,ATP / HARD,Goblin,10,,,14077160,337552,182262,Guido Ivan Justo,8.5,Player,HUGO GASTON,,,https://static.prizepicks.com/images/manual/Guido Ivan Justo.webp,,2026-08-25T16:30:31.487-04:00,2026-08-25T16:30:42-04:00,games_won,0,,0,9943,ATP,offset_estimate,1,,N/A,,STALE_HISTORY,,,,,,,,,,,,,,,,,,,,,,hard,0,,,,,,,,,,MISSING_STAT_VALUES,,,,,,,,,,,,,,,,,,,,,,,0,250,88.0,162,ATP,NEUTRAL,FIELD,UNKNOWN,,,,,,,1,,0.5,1.05,8.5,0.0,0.58,0.08,4.254852225201073,0.5,0.03000000000000003,4.04210961394102,?,0.95,0.524,OVER,distance,distance,C,WEAK_MATCH_HISTORY,9943,0.0,OVER,OVER,FORCED_OVER_ONLY_GOB_DEM,OVER,ml_prob_unified,0,
14072508,Hugo Gaston,HUGO GASTON,Total Sets,2.5,2026-08-25T14:50:00.000-04:00,Tennis,ATP / HARD,Demon,,,,14072508,206203,182262,Hugo Gaston,2.5,Player,GUIDO IVAN JUSTO,,,https://static.prizepicks.com/images/manual/Hugo Gaston.png,,2026-08-25T16:29:22.534-04:00,2026-08-25T16:30:42-04:00,total_sets,0,,0,3375,ATP,,1,,N/A,,OK,,,0.5785937299469591,,,,,2,2,2,2,3,,,,,,2.2,2.2,2.2,,hard,0,3.166666666666667,2.083333333333333,0.6867451733325476,0.375,24,False,False,,,OK,5,1,4,0,0.2,0.8,0.2,0.8,1,4,1,4,0,5,1,4,0,0.2,0.8,0.2,0.8,,0,88,250.0,-162,ATP,NEUTRAL,FIELD,LOW,166,33,4,92,2026-05-25,166,1,,0.2,0.35,2.2,-0.2999999999999998,0.1992,-0.2264,1.302907785522788,0.2,-0.003000000000000003,1.237762396246649,?,0.95,0.1998,OVER,ml_prob_fallback,ml_prob_fallback,C,,3375,0.2999999999999998,UNDER,OVER,FORCED_OVER_ONLY_GOB_DEM,OVER,ml_prob_unified,5,0.4472
14099379,Annika Penickova,ANNIKA PENICKOVA,Total Games Won,15.5,2026-08-25T14:10:00.000-04:00,Tennis,WTA / HARD,Standard,15.5,,,14099379,337547,182280,Annika Penickova,15.5,Player,MARTYNA KUBKA,,,https://static.prizepicks.com/images/manual/Annika Penickova.webp,,2026-08-25T16:30:24.762-04:00,2026-08-25T16:30:42-04:00,games_won,0,,0,13963,WTA,pp_or_step1,0,,N/A,,STALE_HISTORY,,,,,,,,,,,,,,,,,,,,,,hard,0,,,,,,,,,,MISSING_STAT_VALUES,,,,,,,,,,,,,,,,,,,,,,,0,250,250.0,0,WTA,NEUTRAL,FIELD,UNKNOWN,,,,,,,1,,0.5,1,15.5,0.0,0.58,0.08,4.027843431635389,0.5,0.03000000000000003,3.826451260053619,?,0.95,0.524,OVER,ml_prob,ml_prob,C,WEAK_MATCH_HISTORY,13963,0.0,OVER,OVER,STANDARD_TIEBREAK_HR5_OVER,OVER,ml_prob_unified,0,
14074210,Mary Stoiana,MARY STOIANA,Total Games,20.5,2026-08-25T15:15:00.000-04:00,Tennis,WTA / HARD,Standard,20.5,,,14074210,254294,182147,Mary Stoiana,20.5,Player,UNKNOWN_OPP,,,https://static.flashscore.com/res/image/data/noNuvweM-Mw4eGYvN.png,,2026-08-25T14:30:00.272-04:00,2026-08-25T16:30:42-04:00,match_total_games,0,,0,13479,WTA,pp_or_step1,0,,N/A,,OK,,,,,,,,21,29,29,26,16,26,19,17,22,25,24.2,23,23,,hard,0,,,,,,,,,,OK,5,4,1,0,0.8,0.2,0.8,0.2,4,1,4,1,0,10,7,3,0,0.7,0.3,0.7,0.3,,0,122,,,WTA,NEUTRAL,FIELD,HIGH,122,25,3,148,2026-03-30,122,1,,0.75,1.5,24.2,3.6999999999999993,0.58,-0.3959,6.43577761930295,0.75,0.07840000000000003,6.113988738337802,?,0.95,0.699,OVER,ml_prob,ml_prob,B,,13479,3.6999999999999993,OVER,OVER,STANDARD_L5AVG_OVER,OVER,ml_prob_unified,10,4.714
14074248,Mary Stoiana,MARY STOIANA,Total Sets,2.5,2026-08-25T15:15:00.000-04:00,Tennis,WTA / HARD,Demon,,,,14074248,254294,182147,Mary Stoiana,2.5,Player,UNKNOWN_OPP,,,https://static.flashscore.com/res/image/data/noNuvweM-Mw4eGYvN.png,,2026-08-25T14:30:00.110-04:00,2026-08-25T16:30:42-04:00,total_sets,0,,0,13479,WTA,,1,,N/A,,OK,,,,,,,,2,3,3,3,2,3,2,2,2,3,2.6,2.5,2.5,,hard,0,,,,,,,,,,OK,5,3,2,0,0.6,0.4,0.6,0.4,3,2,3,2,0,10,5,5,0,0.5,0.5,0.5,0.5,,0,122,,,WTA,NEUTRAL,FIELD,HIGH,122,25,3,148,2026-03-30,122,1,,0.55,1.1,2.6,0.10000000000000009,0.3659,-0.1591,4.514759903485255,0.55,0.05200000000000005,4.289021908310993,?,0.95,0.4948,OVER,ml_prob_fallback,ml_prob_fallback,B,,13479,0.10000000000000009,OVER,OVER,FORCED_OVER_ONLY_GOB_DEM,OVER,ml_prob_unified,10,0.527
14073793,Alexandra Shubladze,ALEXANDRA SHUBLADZE,Total Sets,2.5,2026-08-25T15:20:00.000-04:00,Tennis,WTA / HARD,Demon,,,,14073793,325078,182151,Alexandra Shubladze,2.5,Player,UNKNOWN_OPP,,,https://static.prizepicks.com/images/manual/Alexandra Shubladze.png,,2026-08-25T15:40:54.738-04:00,2026-08-25T16:30:42-04:00,total_sets,0,,0,10858,WTA,,1,,N/A,,OK,,,,,,,,2,2,,,,,,,,,2,2,2,,hard,0,,,,,,,,,,OK,2,0,2,0,0,1,0,1,0,2,0,2,0,2,0,2,0,0,1,0,1,,0,250,,,WTA,NEUTRAL,FIELD,UNKNOWN,,,,,,,1,,0.0,0,2,-0.5,0.0758,-0.3018,0,0,-0.003000000000000003,0,?,0.95,0.0227,OVER,ml_prob_fallback,ml_prob_fallback,C,,10858,0.5,UNDER,OVER,FORCED_OVER_ONLY_GOB_DEM,OVER,ml_prob_unified,2,0.0
14079872,Yue Yuan,YUE YUAN,Total Games Won,12.5,2026-08-25T16:35:00.000-04:00,Tennis,WTA / HARD,Standard,12.5,,,14079872,205615,182173,Yue Yuan,12.5,Player,HANYU GUO,,,https://static.flashscore.com/res/image/data/hnrWYAYA-fqM7pEOt.png,,2026-08-25T14:30:00.351-04:00,2026-08-25T16:30:42-04:00,games_won,0,,0,15790,WTA,pp_or_step1,0,,N/A,,STALE_HISTORY,,,0.6064180948356362,,,,,,,,,,,,,,,,,,,hard,0,2.714285714285714,1.761904761904762,0.6375888891830419,0.4090909090909091,44,False,False,,,MISSING_STAT_VALUES,,,,,,,,,,,,,,,,,,,,,,,0,250,,,WTA,NEUTRAL,FIELD,HIGH,97,18,2,148,2026-03-30,97,1,,0.5,1,12.5,0.0,0.58,0.08,4.027843431635389,0.5,0.03000000000000003,3.826451260053619,?,0.95,0.524,OVER,ml_prob,ml_prob,C,WEAK_MATCH_HISTORY,15790,0.0,OVER,OVER,STANDARD_TIEBREAK_HR5_OVER,OVER,ml_prob_unified,0,
14088297,Hanyu Guo,HANYU GUO,Total Games Won,11.5,2026-08-25T16:35:00.000-04:00,Tennis,ATP / HARD,Standard,11.5,,,14088297,249107,182173,Hanyu Guo,11.5,Player,YUE YUAN,,,https://static.flashscore.com/res/image/data/pnnLCWCr-6Lh2o9rN.png,,2026-08-25T14:30:00.296-04:00,2026-08-25T16:30:42-04:00,games_won,0,,0,,ATP,pp_or_step1,0,,N/A,,NO_ID,,,0.5994099547960323,,,,,,,,,,,,,,,,,,,hard,0,1.571428571428571,3.857142857142857,0.5675312365741194,0.2857142857142857,7,False,False,,,MISSING_STAT_VALUES,,,,,,,,,,,,,,,,,,,,,,,0,999,250.0,749,ATP,NEUTRAL,FIELD,LOW,168,35,3,92,2026-05-25,168,1,,0.5,1.05,11.5,0.0,0.58,0.08,4.254852225201073,0.5,0.03000000000000003,4.04210961394102,?,0.95,0.524,OVER,ml_prob,ml_prob,C,WEAK_MATCH_HISTORY,,0.0,OVER,OVER,STANDARD_TIEBREAK_HR5_OVER,OVER,ml_prob_unified,0,
14075819,Yue Yuan,YUE YUAN,Total Sets,2.5,2026-08-25T16:35:00.000-04:00,Tennis,WTA / HARD,Demon,,,,14075819,205615,182173,Yue Yuan,2.5,Player,HANYU GUO,,,https://static.flashscore.com/res/image/data/hnrWYAYA-fqM7pEOt.png,,2026-08-25T14:30:00.113-04:00,2026-08-25T16:30:42-04:00,total_sets,0,,0,15790,WTA,,1,,N/A,,STALE_HISTORY,,,0.6064180948356362,,,,,,,,,,,,,,,,,,,hard,0,2.714285714285714,1.761904761904762,0.6375888891830419,0.4090909090909091,44,False,False,,,MISSING_STAT_VALUES,,,,,,,,,,,,,,,,,,,,,,,0,250,,,WTA,NEUTRAL,FIELD,HIGH,97,18,2,148,2026-03-30,97,1,,0.5,1,2.5,0.0,0.2024,-0.2976,4.027843431635389,0.5,0.03000000000000003,3.826451260053619,?,0.95,0.4107,OVER,ml_prob_fallback,ml_prob_fallback,B,WEAK_MATCH_HISTORY,15790,0.0,OVER,OVER,FORCED_OVER_ONLY_GOB_DEM,OVER,ml_prob_unified,0,
14076264,Hayu Kinoshita,HAYU KINOSHITA,Total Games Won,11.5,2026-08-25T16:20:00.000-04:00,Tennis,WTA / HARD,Goblin,13,,,14076264,268978,182243,Hayu Kinoshita,11.5,Player,DARJA SEMENISTAJA,,,https://static.prizepicks.com/images/manual/Kinoshita.png,,2026-08-25T16:30:05.026-04:00,2026-08-25T16:30:42-04:00,games_won,0,,0,10864,WTA,offset_estimate,1,,N/A,,OK,,,,,,,,15,12,5,2,,,,,,,8.5,8.5,8.5,,hard,0,,,,,,,,,,OK,4,2,2,0,0.5,0.5,0.5,0.5,2,2,2,2,0,4,2,2,0,0.5,0.5,0.5,0.5,,0,250,109.0,141,WTA,NEUTRAL,FIELD,UNKNOWN,,,,,,,1,,0.5,1.05,8.5,-3.0,0.58,0.5326,4.254852225201073,0.5,0.03000000000000003,4.04210961394102,?,0.95,0.524,OVER,distance,distance,C,,10864,3.0,UNDER,OVER,FORCED_OVER_ONLY_GOB_DEM,OVER,ml_prob_unified,4,6.0277
14073786,Hayu Kinoshita,HAYU KINOSHITA,Total Sets,2.5,2026-08-25T16:20:00.000-04:00,Tennis,WTA / HARD,Demon,,,,14073786,268978,182243,Hayu Kinoshita,2.5,Player,DARJA SEMENISTAJA,,,https://static.prizepicks.com/images/manual/Kinoshita.png,,2026-08-25T16:20:05.797-04:00,2026-08-25T16:30:42-04:00,total_sets,0,,0,10864,WTA,,1,,N/A,,OK,,,,,,,,3,2,2,2,,,,,,,2.25,2.25,2.25,,hard,0,,,,,,,,,,OK,4,1,3,0,0.25,0.75,0.25,0.75,1,3,1,3,0,4,1,3,0,0.25,0.75,0.25,0.75,,0,250,109.0,141,WTA,NEUTRAL,FIELD,UNKNOWN,,,,,,,1,,0.25,0.55,2.25,-0.25,0.1874,-0.2504,2.082017538873995,0.25,-0.003000000000000003,1.977916661930295,?,0.95,0.2312,OVER,ml_prob_fallback,ml_prob_fallback,C,,10864,0.25,UNDER,OVER,FORCED_OVER_ONLY_GOB_DEM,OVER,ml_prob_unified,4,0.5
14083732,Christopher O'Connell,CHRISTOPHER O'CONNELL,Total Games Won,12.5,2026-08-25T15:25:00.000-04:00,Tennis,ATP / HARD,Standard,12.5,,,14083732,204731,182179,Christopher O'Connell,12.5,Player,UNKNOWN_OPP,,,https://www.flashscore.com/res/image/data/WYaiW6Yg-pUKR1TPB.png,,2026-08-25T16:30:06.740-04:00,2026-08-25T16:30:42-04:00,games_won,0,,0,3301,ATP,pp_or_step1,0,,N/A,,OK,,,,,,,,7,13,4,,,,,,,,8,8,8,,hard,0,,,,,,,,,,OK,3,1,2,0,0.3333333333333333,0.6666666666666666,0.3333333333333333,0.6666666666666666,1,2,1,2,0,3,1,2,0,0.3333333333333333,0.6666666666666666,0.3333333333333333,0.6666666666666666,,0,105,,,ATP,NEUTRAL,FIELD,HIGH,120,23,2,148,2026-03-30,120,1,,0.3333333333333333,0.6666666666666666,8,-4.5,0.702,-0.287,2.572956987297587,0.3333333333333333,-0.003000000000000003,2.444309137932708,?,0.95,0.4439,UNDER,ml_prob,ml_prob,C,,3301,4.5,UNDER,UNDER,STANDARD_L5AVG_UNDER,UNDER,ml_prob_unified,3,4.5826
14072520,Tristan Boyer,TRISTAN BOYER,Total Sets,2.5,2026-08-25T15:05:00.000-04:00,Tennis,ATP / HARD,Goblin,4,,,14072520,212542,182181,Tristan Boyer,2.5,Player,ANDRE ILAGAN,,,https://static.prizepicks.com/images/manual/Tristan Boyer.png,,2026-08-25T16:30:03.598-04:00,2026-08-25T16:30:42-04:00,total_sets,0,,0,10373,ATP,offset_estimate,1,,N/A,,OK,,,0.6094281204716706,,,,,2,3,,,,,,,,,2.5,2.5,2.5,,hard,0,4.727272727272728,2.363636363636364,0.7247852350129768,0.4545454545454545,11,False,False,,,OK,2,1,1,0,0.5,0.5,0.5,0.5,1,1,1,1,0,2,1,1,0,0.5,0.5,0.5,0.5,,0,250,250.0,0,ATP,NEUTRAL,FIELD,LOW,175,43,4,365,2025-08-25,175,1,,0.5,1,2.5,0.0,0.518,0.018,4.027843431635389,0.5,0.03000000000000003,3.826451260053619,?,0.95,0.5054,OVER,distance,distance,C,,10373,0.0,OVER,OVER,FORCED_OVER_ONLY_GOB_DEM,OVER,ml_prob_unified,2,0.7071
14076961,Kristina Liutova,KRISTINA LIUTOVA,Total Games,27.5,2026-08-25T14:50:00.000-04:00,Tennis,WTA / HARD,Standard,27.5,,,14076961,329962,182245,Kristina Liutova,27.5,Player,TATIANA PROZOROVA,,,https://static.prizepicks.com/images/manual/Kristina Liutova.png,,2026-08-25T16:30:39.976-04:00,2026-08-25T16:30:42-04:00,match_total_games,0,,0,18772,WTA,pp_or_step1,0,,N/A,,OK,,,,,,,,23,19,19,27,,,,,,,22,22,22,,hard,0,,,,,,,,,,OK,4,0,4,0,0,1,0,1,0,4,0,4,0,4,0,4,0,0,1,0,1,,0,125,,,WTA,NEUTRAL,FIELD,UNKNOWN,,,,,,,1,,0.0,0,22,-5.5,0.5621,-0.4338,0,0,-0.003000000000000003,0,?,0.95,0.1686,UNDER,ml_prob,ml_prob,C,,18772,5.5,UNDER,UNDER,STANDARD_L5AVG_UNDER,UNDER,ml_prob_unified,4,3.8297
14084487,Kristina Liutova,KRISTINA LIUTOVA,Total Games Won,13.5,2026-08-25T14:50:00.000-04:00,Tennis,WTA / HARD,Demon,,,,14084487,329962,182245,Kristina Liutova,13.5,Player,TATIANA PROZOROVA,,,https://static.prizepicks.com/images/manual/Kristina Liutova.png,,2026-08-25T16:29:10.058-04:00,2026-08-25T16:30:42-04:00,games_won,0,,0,18772,WTA,,1,,N/A,,OK,,,,,,,,13,13,12,15,,,,,,,13.25,13.25,13.25,,hard,0,,,,,,,,,,OK,4,1,3,0,0.25,0.75,0.25,0.75,1,3,1,3,0,4,1,3,0,0.25,0.75,0.25,0.75,,0,125,,,WTA,NEUTRAL,FIELD,UNKNOWN,,,,,,,1,,0.25,0.5,13.25,-0.25,0.58,0.1422,1.889257962466488,0.25,-0.003000000000000003,1.794795064343164,?,0.95,0.349,OVER,ml_prob_fallback,ml_prob_fallback,C,,18772,0.25,UNDER,OVER,FORCED_OVER_ONLY_GOB_DEM,OVER,ml_prob_unified,4,1.2583
14086932,Tatiana Prozorova,TATIANA PROZOROVA,Total Games Won,12.5,2026-08-25T14:50:00.000-04:00,Tennis,ATP / HARD,Standard,12.5,,,14086932,213073,182245,Tatiana Prozorova,12.5,Player,KRISTINA LIUTOVA,,,https://static.flashscore.com/res/image/data/AVWZtAyB-jTCBB5gt.png,,2026-08-25T16:30:34.313-04:00,2026-08-25T16:30:42-04:00,games_won,0,,0,,ATP,pp_or_step1,0,,N/A,,NO_ID,,,0.6641201326646925,,,,,,,,,,,,,,,,,,,hard,0,1.2,2.6,0.5828902928902929,0,5,False,False,,,MISSING_STAT_VALUES,,,,,,,,,,,,,,,,,,,,,,,0,999,125.0,874,ATP,NEUTRAL,FIELD,HIGH,98,22,2,302,2025-10-27,98,1,,0.5,1.05,12.5,0.0,0.58,0.08,4.254852225201073,0.5,0.03000000000000003,4.04210961394102,?,0.95,0.524,OVER,ml_prob,ml_prob,C,WEAK_MATCH_HISTORY,,0.0,OVER,OVER,STANDARD_TIEBREAK_HR5_OVER,OVER,ml_prob_unified,0,
14075823,Kristina Liutova,KRISTINA LIUTOVA,Total Sets,2.5,2026-08-25T14:50:00.000-04:00,Tennis,WTA / HARD,Goblin,4,,,14075823,329962,182245,Kristina Liutova,2.5,Player,TATIANA PROZOROVA,,,https://static.prizepicks.com/images/manual/Kristina Liutova.png,,2026-08-25T16:28:18.377-04:00,2026-08-25T16:30:42-04:00,total_sets,0,,0,18772,WTA,offset_estimate,1,,N/A,,OK,,,,,,,,3,2,2,3,,,,,,,2.5,2.5,2.5,,hard,0,,,,,,,,,,OK,4,2,2,0,0.5,0.5,0.5,0.5,2,2,2,2,0,4,2,2,0,0.5,0.5,0.5,0.5,,0,125,,,WTA,NEUTRAL,FIELD,UNKNOWN,,,,,,,1,,0.5,1,2.5,0.0,0.4892,-0.0108,4.027843431635389,0.5,0.03000000000000003,3.826451260053619,?,0.95,0.4968,OVER,distance,distance,C,,18772,0.0,OVER,OVER,FORCED_OVER_ONLY_GOB_DEM,OVER,ml_prob_unified,4,0.5774
14083641,Leyre Romero Gormaz,LEYRE ROMERO GORMAZ,Total Games Won,12.5,2026-08-25T15:20:00.000-04:00,Tennis,WTA / CLAY,Demon,,,,14083641,201929,182208,Leyre Romero Gormaz,12.5,Player,JOANNA GARLAND,,,https://static.prizepicks.com/images/manual/lorireyes12.png,,2026-08-25T16:25:28.889-04:00,2026-08-25T16:30:42-04:00,games_won,0,,0,10676,WTA,,1,,N/A,,OK,,,,,,,,12,14,12,12,3,12,14,9,12,12,10.6,11.2,11.2,,clay,0,,,,,,,,,,OK,5,1,4,0,0.2,0.8,0.2,0.8,1,4,1,4,0,10,2,8,0,0.2,0.8,0.2,0.8,,0,145,250.0,-105,WTA,NEUTRAL,FIELD,HIGH,,19,2,137,2026-04-10,,1,,0.2,0.35,10.6,-1.9000000000000004,0.58,0.4499,1.302907785522788,0.2,-0.003000000000000003,1.237762396246649,?,0.95,0.314,OVER,ml_prob_fallback,ml_prob_fallback,C,,10676,1.9000000000000004,UNDER,OVER,FORCED_OVER_ONLY_GOB_DEM,OVER,ml_prob_unified,10,3.1903
14080107,Joanna Garland,JOANNA GARLAND,Total Games Won,9.5,2026-08-25T15:20:00.000-04:00,Tennis,WTA / HARD,Standard,9.5,,,14080107,239108,182208,Joanna Garland,9.5,Player,LEYRE ROMERO GORMAZ,,,https://static.flashscore.com/res/image/data/KA9SyrCr-CATFiMbO.png,,2026-08-25T16:27:34.950-04:00,2026-08-25T16:30:42-04:00,games_won,0,,0,3705,WTA,pp_or_step1,0,,N/A,,OK,,,0.6217103200169921,,,,,9,,,,,,,,,,9,9,9,,hard,0,4,4.2,0.6297102897102898,0.6,5,False,False,,,OK,1,0,1,0,0,1,0,1,0,1,0,1,0,1,0,1,0,0,1,0,1,,0,250,145.0,105,WTA,NEUTRAL,FIELD,LOW,204,34,3,302,2025-10-27,204,1,,0.0,0.05,9,-0.5,0.4914,-0.1311,0.1777932466487936,0,-0.003000000000000003,0.1689035843163539,?,0.95,0.1474,UNDER,ml_prob,ml_prob,C,,3705,0.5,UNDER,UNDER,STANDARD_L5AVG_UNDER,UNDER,ml_prob_unified,1,
14073799,Joanna Garland,JOANNA GARLAND,Total Sets,2.5,2026-08-25T15:20:00.000-04:00,Tennis,WTA / HARD,Demon,,,,14073799,239108,182208,Joanna Garland,2.5,Player,LEYRE ROMERO GORMAZ,,,https://static.flashscore.com/res/image/data/KA9SyrCr-CATFiMbO.png,,2026-08-25T16:25:29.379-04:00,2026-08-25T16:30:42-04:00,total_sets,0,,0,3705,WTA,,1,,N/A,,OK,,,0.6217103200169921,,,,,2,,,,,,,,,,2,2,2,,hard,0,4,4.2,0.6297102897102898,0.6,5,False,False,,,OK,1,0,1,0,0,1,0,1,0,1,0,1,0,1,0,1,0,0,1,0,1,,0,250,145.0,105,WTA,NEUTRAL,FIELD,LOW,204,34,3,302,2025-10-27,204,1,,0.0,0.05,2,-0.5,0.1576,-0.22,0.1777932466487936,0,-0.003000000000000003,0.1689035843163539,?,0.95,0.0473,OVER,ml_prob_fallback,ml_prob_fallback,C,,3705,0.5,UNDER,OVER,FORCED_OVER_ONLY_GOB_DEM,OVER,ml_prob_unified,1,
14073796,Priscilla Hon,PRISCILLA HON,Total Sets,2.5,2026-08-25T15:00:00.000-04:00,Tennis,WTA / HARD,Standard,2.5,,,14073796,203070,182138,Priscilla Hon,2.5,Player,UNKNOWN_OPP,,,https://static.flashscore.com/res/image/data/EXUCT6eM-jFmCNqO6.png,,2026-08-25T16:29:58.096-04:00,2026-08-25T16:30:42-04:00,total_sets,0,,0,2582,WTA,pp_or_step1,0,,N/A,,OK,,,0.5745050517822459,,,,,2,2,2,2,,,,,,,2,2,2,,hard,0,5.388888888888889,3.444444444444445,0.6264495425194876,0.3888888888888889,18,False,False,,,OK,4,0,4,0,0,1,0,1,0,4,0,4,0,4,0,4,0,0,1,0,1,,0,250,,,WTA,NEUTRAL,FIELD,HIGH,71,14,2,183,2026-02-23,71,1,,0.0,0,2,-0.5,0.9664,0.3439,0,0,-0.003000000000000003,0,?,0.95,0.2899,UNDER,ml_prob,ml_prob,C,,2582,0.5,UNDER,UNDER,STANDARD_L5AVG_UNDER,UNDER,ml_prob_unified,4,0.0
14077115,Pedro Martinez,PEDRO MARTINEZ,Total Games,16.5,2026-08-25T15:05:00.000-04:00,Tennis,ATP / HARD,Goblin,18,,,14077115,202814,182222,Pedro Martinez,16.5,Player,UNKNOWN_OPP,,,https://img0.aiscore.com/v2/team/53d6cce0a1ce01bbddd053f87227ca9e.png!w80,,2026-08-25T16:28:25.300-04:00,2026-08-25T16:30:42-04:00,match_total_games,0,,0,2623,ATP,offset_estimate,1,,N/A,,OK,,,0.6423904943611607,,,,,13,24,20,,,,,,,,19,19,19,,hard,0,2.303030303030303,3.757575757575758,0.6584831142881797,0.2941176470588235,34,False,True,,,OK,3,2,1,0,0.6666666666666666,0.3333333333333333,0.6666666666666666,0.3333333333333333,2,1,2,1,0,3,2,1,0,0.6666666666666666,0.3333333333333333,0.6666666666666666,0.3333333333333333,,0,148,,,ATP,NEUTRAL,FIELD,LOW,156,26,3,134,2026-04-13,156,1,,0.6666666666666666,1.333333333333333,19,2.5,0.6074,-0.3167,5.619618139008043,0.6666666666666666,0.06666666666666665,5.338637232057641,?,0.95,0.6489,OVER,distance,distance,C,,2623,2.5,OVER,OVER,FORCED_OVER_ONLY_GOB_DEM,OVER,ml_prob_unified,3,5.5678
14083751,Pedro Martinez,PEDRO MARTINEZ,Total Games Won,4.5,2026-08-25T15:05:00.000-04:00,Tennis,ATP / HARD,Goblin,6,,,14083751,202814,182222,Pedro Martinez,4.5,Player,UNKNOWN_OPP,,,https://img0.aiscore.com/v2/team/53d6cce0a1ce01bbddd053f87227ca9e.png!w80,,2026-08-25T16:28:25.306-04:00,2026-08-25T16:30:42-04:00,games_won,0,,0,2623,ATP,offset_estimate,1,,N/A,,OK,,,0.6423904943611607,,,,,1,14,7,,,,,,,,7.333333333333333,7.333333333333333,7.333333333333333,,hard,0,2.303030303030303,3.757575757575758,0.6584831142881797,0.2941176470588235,34,False,True,,,OK,3,2,1,0,0.6666666666666666,0.3333333333333333,0.6666666666666666,0.3333333333333333,2,1,2,1,0,3,2,1,0,0.6666666666666666,0.3333333333333333,0.6666666666666666,0.3333333333333333,,0,148,,,ATP,NEUTRAL,FIELD,LOW,156,26,3,134,2026-04-13,156,1,,0.6666666666666666,1.333333333333333,7.333333333333333,2.833333333333333,0.82,-0.1245,5.619618139008043,0.6666666666666666,0.06666666666666665,5.338637232057641,?,0.95,0.7127,OVER,distance,distance,C,,2623,2.833333333333333,OVER,OVER,FORCED_OVER_ONLY_GOB_DEM,OVER,ml_prob_unified,3,6.5064
14080097,Mona Barthel,MONA BARTHEL,Total Games Won,13.5,2026-08-25T15:05:00.000-04:00,Tennis,WTA / HARD,Demon,,,,14080097,202408,182146,Mona Barthel,13.5,Player,WHITNEY OSUIGWE,,,https://static.prizepicks.com/images/manual/Mona Barthel .png,,2026-08-25T16:30:24.669-04:00,2026-08-25T16:30:42-04:00,games_won,0,,0,1913,WTA,,1,,N/A,,OK,,,,,,,,16,13,13,8,5,18,6,,,,11,11.28571428571429,11.28571428571429,,hard,0,,,,,,,,,,OK,5,1,4,0,0.2,0.8,0.2,0.8,1,4,1,4,0,7,2,5,0,0.2857142857142857,0.7142857142857143,0.2857142857142857,0.7142857142857143,,0,250,250.0,0,WTA,NEUTRAL,FIELD,HIGH,107,23,2,205,2026-02-01,107,1,,0.24285714285714285,0.4857142857142857,11,-2.5,0.58,0.5041,1.831336925874378,0.2428571428571429,-0.003000000000000003,1.739770079580659,?,0.95,0.344,OVER,ml_prob_fallback,ml_prob_fallback,C,,1913,2.5,UNDER,OVER,FORCED_OVER_ONLY_GOB_DEM,OVER,ml_prob_unified,7,5.0238
14088451,Whitney Osuigwe,WHITNEY OSUIGWE,Total Games Won,12.5,2026-08-25T15:05:00.000-04:00,Tennis,WTA / HARD,Standard,12.5,,,14088451,249062,182146,Whitney Osuigwe,12.5,Player,MONA BARTHEL,,,https://static.flashscore.com/res/image/data/rsEC6cWg-MHneogQa.png,,2026-08-25T16:30:24.627-04:00,2026-08-25T16:30:42-04:00,games_won,0,,0,3406,WTA,pp_or_step1,0,,N/A,,OK,,,0.6401570982331427,,,,,5,,,,,,,,,,5,5,5,,hard,0,0.875,4.5,0.5324330991639834,0.25,8,False,False,,,OK,1,0,1,0,0,1,0,1,0,1,0,1,0,1,0,1,0,0,1,0,1,,0,250,250.0,0,WTA,NEUTRAL,FIELD,HIGH,91,22,2,183,2026-02-23,91,1,,0.0,0,5,-7.5,0.4986,-0.5008,0,0,-0.003000000000000003,0,?,0.95,0.1496,UNDER,ml_prob,ml_prob,C,,3406,7.5,UNDER,UNDER,STANDARD_L5AVG_UNDER,UNDER,ml_prob_unified,1,
14073794,Mona Barthel,MONA BARTHEL,Total Sets,2.5,2026-08-25T15:05:00.000-04:00,Tennis,WTA / HARD,Goblin,4,,,14073794,202408,182146,Mona Barthel,2.5,Player,WHITNEY OSUIGWE,,,https://static.prizepicks.com/images/manual/Mona Barthel .png,,2026-08-25T16:28:32.694-04:00,2026-08-25T16:30:42-04:00,total_sets,0,,0,1913,WTA,offset_estimate,1,,N/A,,OK,,,,,,,,3,2,2,2,2,3,2,,,,2.2,2.285714285714286,2.285714285714286,,hard,0,,,,,,,,,,OK,5,1,4,0,0.2,0.8,0.2,0.8,1,4,1,4,0,7,2,5,0,0.2857142857142857,0.7142857142857143,0.2857142857142857,0.7142857142857143,,0,250,250.0,0,WTA,NEUTRAL,FIELD,HIGH,107,23,2,205,2026-02-01,107,1,,0.24285714285714285,0.4857142857142857,2.2,-0.2999999999999998,0.5439,0.1183,1.831336925874378,0.2428571428571429,-0.003000000000000003,1.739770079580659,?,0.95,0.3332,OVER,distance,distance,C,,1913,0.2999999999999998,UNDER,OVER,FORCED_OVER_ONLY_GOB_DEM,OVER,ml_prob_unified,7,0.488
14072473,Christopher O'Connell,CHRISTOPHER O'CONNELL,Total Sets,2.5,2026-08-25T15:25:00.000-04:00,Tennis,ATP / HARD,Demon,,,,14072473,204731,182179,Christopher O'Connell,2.5,Player,UNKNOWN_OPP,,,https://www.flashscore.com/res/image/data/WYaiW6Yg-pUKR1TPB.png,,2026-08-25T16:23:07.008-04:00,2026-08-25T16:30:42-04:00,total_sets,0,,0,3301,ATP,,1,,N/A,,OK,,,,,,,,2,2,2,,,,,,,,2,2,2,,hard,0,,,,,,,,,,OK,3,0,3,0,0,1,0,1,0,3,0,3,0,3,0,3,0,0,1,0,1,,0,105,,,ATP,NEUTRAL,FIELD,HIGH,120,23,2,148,2026-03-30,120,1,,0.0,0,2,-0.5,0.1632,-0.2144,0,0,-0.003000000000000003,0,?,0.95,0.049,OVER,ml_prob_fallback,ml_prob_fallback,C,,3301,0.5,UNDER,OVER,FORCED_OVER_ONLY_GOB_DEM,OVER,ml_prob_unified,3,0.0
14077129,Zsombor Piros,ZSOMBOR PIROS,Total Games,15.5,2026-08-25T15:33:00.000-04:00,Tennis,ATP / HARD,Demon,,,,14077129,210580,182259,Zsombor Piros,15.5,Player,MAX ALCALA GURRI,,,https://www.atptour.com/-/media/alias/player-headshot/P09O,,2026-08-25T16:30:31.330-04:00,2026-08-25T16:30:42-04:00,match_total_games,0,,0,3110,ATP,,1,,N/A,,STALE_HISTORY,,,,,,,,,,,,,,,,,,,,,,hard,0,,,,,,,,,,MISSING_STAT_VALUES,,,,,,,,,,,,,,,,,,,,,,,0,118,250.0,-132,ATP,NEUTRAL,FIELD,HIGH,,22,2,199,2026-02-07,,1,,0.5,0.95,15.5,0.0,0.58,0.08,3.811042412868632,0.5,0.03000000000000003,3.6204902922252,?,0.95,0.524,OVER,ml_prob_fallback,ml_prob_fallback,B,WEAK_MATCH_HISTORY,3110,0.0,OVER,OVER,FORCED_OVER_ONLY_GOB_DEM,OVER,ml_prob_unified,0,
14077125,Max Alcala Gurri,MAX ALCALA GURRI,Total Games Won,3.5,2026-08-25T15:33:00.000-04:00,Tennis,ATP / HARD,Demon,,,,14077125,337551,182259,Max Alcala Gurri,3.5,Player,ZSOMBOR PIROS,,,https://static.prizepicks.com/images/manual/Max Alcala Gurri.WEBP,,2026-08-25T16:30:31.207-04:00,2026-08-25T16:30:42-04:00,games_won,0,,0,10318,ATP,,1,,N/A,,STALE_HISTORY,,,,,,,,,,,,,,,,,,,,,,hard,0,,,,,,,,,,MISSING_STAT_VALUES,,,,,,,,,,,,,,,,,,,,,,,0,250,118.0,132,ATP,NEUTRAL,FIELD,UNKNOWN,,,,,,,1,,0.5,1.05,3.5,0.0,0.58,0.08,4.254852225201073,0.5,0.03000000000000003,4.04210961394102,?,0.95,0.524,OVER,ml_prob_fallback,ml_prob_fallback,B,WEAK_MATCH_HISTORY,10318,0.0,OVER,OVER,FORCED_OVER_ONLY_GOB_DEM,OVER,ml_prob_unified,0,
14083159,Francesca Jones,FRANCESCA JONES,Total Games Won,12.5,2026-08-25T15:50:00.000-04:00,Tennis,WTA / HARD,Demon,,,,14083159,219538,182148,Francesca Jones,12.5,Player,UNKNOWN_OPP,,,https://static.prizepicks.com/images/manual/Francesca Jones.png,,2026-08-25T16:30:18.660-04:00,2026-08-25T16:30:42-04:00,games_won,0,,0,7815,WTA,,1,,N/A,,OK,,,0.669283620253672,,,,,12,13,13,17,12,16,12,12,12,14,13.4,13.3,13.3,,hard,0,1.333333333333333,2.888888888888889,0.581393607482743,0.3888888888888889,18,False,False,,,OK,5,3,2,0,0.6,0.4,0.6,0.4,3,2,3,2,0,10,5,5,0,0.5,0.5,0.5,0.5,,0,104,,,WTA,NEUTRAL,FIELD,HIGH,96,19,2,92,2026-05-25,96,1,,0.55,1.1,13.4,0.9000000000000004,0.58,-0.1309,4.514759903485255,0.55,0.05200000000000005,4.289021908310993,?,0.95,0.559,OVER,ml_prob_fallback,ml_prob_fallback,B,,7815,0.9000000000000004,OVER,OVER,FORCED_OVER_ONLY_GOB_DEM,OVER,ml_prob_unified,10,1.8288
14073790,Francesca Jones,FRANCESCA JONES,Total Sets,2.5,2026-08-25T15:50:00.000-04:00,Tennis,WTA / HARD,Demon,,,,14073790,219538,182148,Francesca Jones,2.5,Player,UNKNOWN_OPP,,,https://static.prizepicks.com/images/manual/Francesca Jones.png,,2026-08-25T16:30:18.583-04:00,2026-08-25T16:30:42-04:00,total_sets,0,,0,7815,WTA,,1,,N/A,,OK,,,0.669283620253672,,,,,2,2,3,3,2,3,2,2,2,3,2.4,2.4,2.4,,hard,0,1.333333333333333,2.888888888888889,0.581393607482743,0.3888888888888889,18,False,False,,,OK,5,2,3,0,0.4,0.6,0.4,0.6,2,3,2,3,0,10,4,6,0,0.4,0.6,0.4,0.6,,0,104,,,WTA,NEUTRAL,FIELD,HIGH,96,19,2,92,2026-05-25,96,1,,0.4,0.8,2.4,-0.10000000000000009,0.3659,-0.1092,3.138762809651475,0.4,0.008000000000000007,2.981824669168901,?,0.95,0.3898,OVER,ml_prob_fallback,ml_prob_fallback,C,,7815,0.10000000000000009,UNDER,OVER,FORCED_OVER_ONLY_GOB_DEM,OVER,ml_prob_unified,10,0.5164
14072481,Nikoloz Basilashvili,NIKOLOZ BASILASHVILI,Total Sets,2.5,2026-08-25T17:45:00.000-04:00,Tennis,ATP / HARD,Demon,,,,14072481,218481,182232,Nikoloz Basilashvili,2.5,Player,SEONGCHAN HONG,,,https://static.prizepicks.com/images/manual/nikolaz.webp,,2026-08-25T15:40:00.089-04:00,2026-08-25T16:30:42-04:00,total_sets,0,,0,2498,ATP,,1,,N/A,,OK,,,0.5397428945254791,,,,,2,3,2,2,,,,,,,2.25,2.25,2.25,,hard,0,6.615384615384615,2.923076923076923,0.7454847961160596,0.3846153846153846,13,False,False,,,OK,4,1,3,0,0.25,0.75,0.25,0.75,1,3,1,3,0,4,1,3,0,0.25,0.75,0.25,0.75,,0,132,,,ATP,NEUTRAL,FIELD,HIGH,133,30,3,111,2026-05-06,133,1,,0.25,0.5,2.25,-0.25,0.2021,-0.2357,1.889257962466488,0.25,-0.003000000000000003,1.794795064343164,?,0.95,0.2356,OVER,ml_prob_fallback,ml_prob_fallback,C,,2498,0.25,UNDER,OVER,FORCED_OVER_ONLY_GOB_DEM,OVER,ml_prob_unified,4,0.5
14072510,Federico Cina,FEDERICO CINA,Total Sets,2.5,2026-08-25T16:20:00.000-04:00,Tennis,ATP / HARD,Demon,,,,14072510,219857,182189,Federico Cina,2.5,Player,UNKNOWN_OPP,,,https://www.atptour.com/-/media/alias/player-headshot/C0NB,,2026-08-25T16:25:00.048-04:00,2026-08-25T16:30:42-04:00,total_sets,0,,0,14601,ATP,,1,,N/A,,OK,,,,,,,,3,3,3,,,,,,,,3,3,3,,hard,0,,,,,,,,,,OK,3,3,0,0,1,0,1,0,3,0,3,0,0,3,3,0,0,1,0,1,0,,0,250,,,ATP,NEUTRAL,FIELD,HIGH,108,25,3,92,2026-05-25,108,1,,1.0,2,3,0.5,0.3659,-0.2566,8.972719506702413,1,0.07840000000000003,8.524083531367292,?,0.95,0.8098,OVER,ml_prob_fallback,ml_prob_fallback,B,,14601,0.5,OVER,OVER,FORCED_OVER_ONLY_GOB_DEM,OVER,ml_prob_unified,3,0.0
14073526,Borna Gojo,BORNA GOJO,Total Sets,2.5,2026-08-25T16:20:00.000-04:00,Tennis,ATP / HARD,Demon,,,,14073526,207848,182217,Borna Gojo,2.5,Player,UNKNOWN_OPP,,,https://www.flashscore.com/res/image/data/Y3GXOyAr-pAQL4sPK.png,,2026-08-25T16:25:00.038-04:00,2026-08-25T16:30:42-04:00,total_sets,0,,0,3449,ATP,,1,,N/A,,STALE_HISTORY,,,,,,,,,,,,,,,,,,,,,,hard,0,,,,,,,,,,MISSING_STAT_VALUES,,,,,,,,,,,,,,,,,,,,,,,0,250,,,ATP,NEUTRAL,FIELD,HIGH,115,27,3,464,2025-05-18,115,1,,0.5,1,2.5,0.0,0.2024,-0.2976,4.027843431635389,0.5,0.03000000000000003,3.826451260053619,?,0.95,0.4107,OVER,ml_prob_fallback,ml_prob_fallback,B,WEAK_MATCH_HISTORY,3449,0.0,OVER,OVER,FORCED_OVER_ONLY_GOB_DEM,OVER,ml_prob_unified,0,
14077135,Jerome Kym,JEROME KYM,Total Games,20.5,2026-08-25T16:15:00.000-04:00,Tennis,ATP / CLAY,Standard,20.5,,,14077135,202395,182249,Jerome Kym,20.5,Player,DAN ADDED,,,https://static.flashscore.com/res/image/data/O6K0m1Ea-0WZbqqxh.png,,2026-08-25T16:30:12.484-04:00,2026-08-25T16:30:42-04:00,match_total_games,0,,0,3752,ATP,pp_or_step1,0,,N/A,,OK,,,0.6187785782117413,,,,,36,34,,,,,,,,,35,35,35,,clay,0,16,4.5,0.7532846892880571,0.5,8,False,False,,,OK,2,2,0,0,1,0,1,0,2,0,2,0,0,2,2,0,0,1,0,1,0,,0,250,250.0,0,ATP,NEUTRAL,FIELD,HIGH,,23,2,200,2026-02-06,,1,,1.0,2,35,14.5,0.58,-0.42,8.972719506702413,1,0.07840000000000003,8.524083531367292,?,0.95,0.874,OVER,ml_prob,ml_prob,B,,3752,14.5,OVER,OVER,STANDARD_L5AVG_OVER,OVER,ml_prob_unified,2,1.4142
14077136,Jerome Kym,JEROME KYM,Total Games Won,12.5,2026-08-25T16:15:00.000-04:00,Tennis,ATP / CLAY,Standard,12.5,,,14077136,202395,182249,Jerome Kym,12.5,Player,DAN ADDED,,,https://static.flashscore.com/res/image/data/O6K0m1Ea-0WZbqqxh.png,,2026-08-25T16:30:00.265-04:00,2026-08-25T16:30:42-04:00,games_won,0,,0,3752,ATP,pp_or_step1,0,,N/A,,OK,,,0.6187785782117413,,,,,17,16,,,,,,,,,16.5,16.5,16.5,,clay,0,16,4.5,0.7532846892880571,0.5,8,False,False,,,OK,2,2,0,0,1,0,1,0,2,0,2,0,0,2,2,0,0,1,0,1,0,,0,250,250.0,0,ATP,NEUTRAL,FIELD,HIGH,,23,2,200,2026-02-06,,1,,1.0,2,16.5,4.0,0.58,-0.402,8.972719506702413,1,0.07840000000000003,8.524083531367292,?,0.95,0.874,OVER,ml_prob,ml_prob,B,,3752,4.0,OVER,OVER,STANDARD_L5AVG_OVER,OVER,ml_prob_unified,2,0.7071
14086254,Dan Added,DAN ADDED,Total Games Won,8.5,2026-08-25T16:15:00.000-04:00,Tennis,ATP / HARD,Standard,8.5,,,14086254,264439,182249,Dan Added,8.5,Player,JEROME KYM,,,https://static.flashscore.com/res/image/data/zyXExNEa-j3a2pWiJ.png,,2026-08-25T16:30:00.206-04:00,2026-08-25T16:30:42-04:00,games_won,0,,0,3830,ATP,pp_or_step1,0,,N/A,,STALE_HISTORY,,,,,,,,,,,,,,,,,,,,,,hard,0,,,,,,,,,,MISSING_STAT_VALUES,,,,,,,,,,,,,,,,,,,,,,,0,250,250.0,0,ATP,NEUTRAL,FIELD,HIGH,54,14,2,296,2025-11-02,54,1,,0.5,1,8.5,0.0,0.58,0.08,4.027843431635389,0.5,0.03000000000000003,3.826451260053619,?,0.95,0.524,OVER,ml_prob,ml_prob,C,WEAK_MATCH_HISTORY,3830,0.0,OVER,OVER,STANDARD_TIEBREAK_HR5_OVER,OVER,ml_prob_unified,0,
14072480,Jerome Kym,JEROME KYM,Total Sets,2.5,2026-08-25T16:15:00.000-04:00,Tennis,ATP / CLAY,Demon,,,,14072480,202395,182249,Jerome Kym,2.5,Player,DAN ADDED,,,https://static.flashscore.com/res/image/data/O6K0m1Ea-0WZbqqxh.png,,2026-08-25T16:30:00.031-04:00,2026-08-25T16:30:42-04:00,total_sets,0,,0,3752,ATP,,1,,N/A,,OK,,,0.6187785782117413,,,,,3,3,,,,,,,,,3,3,3,,clay,0,16,4.5,0.7532846892880571,0.5,8,False,False,,,OK,2,2,0,0,1,0,1,0,2,0,2,0,0,2,2,0,0,1,0,1,0,,0,250,250.0,0,ATP,NEUTRAL,FIELD,HIGH,,23,2,200,2026-02-06,,1,,1.0,2,3,0.5,0.3659,-0.2566,8.972719506702413,1,0.07840000000000003,8.524083531367292,?,0.95,0.8098,OVER,ml_prob_fallback,ml_prob_fallback,B,,3752,0.5,OVER,OVER,FORCED_OVER_ONLY_GOB_DEM,OVER,ml_prob_unified,2,0.0
