team,opp_pts,opp_reb,opp_ast,opp_stl,opp_blk,opp_tov,opp_fg3m,opp_pra,opp_pr,opp_pa,opp_ra,opp_bs,games,team_id,stat_source,pts_rank,pts_tier,reb_rank,reb_tier,ast_rank,ast_tier,stl_rank,stl_tier,blk_rank,blk_tier,tov_rank,tov_tier,fg3m_rank,fg3m_tier,pra_rank,pra_tier,pr_rank,pr_tier,pa_rank,pa_tier,ra_rank,ra_tier,bs_rank,bs_tier,n_teams,overall_rank,torvik_available
AAMU,72.08,29.92,13.88,6.04,3.04,10.24,0.0,115.88,102.0,85.96,43.8,9.08,25,2010,box,119.0,HARD_MID,110.0,HARD_MID,216.0,MID,124.0,HARD_MID,146.0,MID,157.0,MID,1.0,HARD,134.0,HARD_MID,112.0,HARD_MID,145.0,HARD_MID,152.0,MID,106.0,HARD_MID,364,119.0,1
ACU,75.30434782608695,29.304347826086957,12.652173913043478,8.565217391304348,4.826086956521739,16.304347826086957,0.0,117.26086956521739,104.6086956521739,87.95652173913044,41.95652173913044,13.391304347826088,23,2000,box,210.0,MID,76.0,HARD_MID,114.0,HARD_MID,357.0,EASY,360.0,EASY,364.0,EASY,1.0,HARD,160.0,MID,166.0,MID,186.0,MID,85.0,HARD_MID,362.0,EASY,364,210.0,1
AF,83.19047619047619,34.476190476190474,16.428571428571427,8.476190476190476,3.8095238095238093,9.095238095238095,0.0,134.0952380952381,117.66666666666667,99.61904761904762,50.904761904761905,12.285714285714286,21,2005,box,342.0,EASY,336.0,EASY,336.0,EASY,354.0,EASY,288.0,EASY_MID,59.0,HARD,1.0,HARD,351.0,EASY,347.0,EASY,348.0,EASY,346.0,EASY,354.0,EASY,364,342.0,1
AKR,73.68,29.04,12.92,6.68,2.72,12.48,0.84,115.64,102.72,86.6,41.96,9.4,25,2006,box,163.0,MID,62.0,HARD,141.0,HARD_MID,228.0,EASY_MID,78.0,HARD_MID,322.0,EASY,342.0,EASY,129.0,HARD_MID,127.0,HARD_MID,157.0,MID,87.0,HARD_MID,143.0,HARD_MID,364,163.0,1
ALA,83.96153846153847,36.57692307692308,13.884615384615385,6.461538461538462,4.3076923076923075,8.884615384615385,1.0769230769230769,134.42307692307693,120.53846153846153,97.84615384615384,50.46153846153846,10.76923076923077,26,333,box,352.0,EASY,357.0,EASY,217.0,MID,199.0,MID,338.0,EASY,48.0,HARD,349.0,EASY,352.0,EASY,359.0,EASY,338.0,EASY,342.0,EASY,293.0,EASY,364,352.0,1
ALCN,75.5909090909091,33.77272727272727,15.272727272727273,6.2272727272727275,4.7272727272727275,11.681818181818182,0.0,124.63636363636364,109.36363636363636,90.86363636363636,49.04545454545455,10.954545454545455,22,2016,box,220.0,EASY_MID,318.0,EASY,293.0,EASY,148.0,MID,356.0,EASY,287.0,EASY_MID,1.0,HARD,284.0,EASY_MID,274.0,EASY_MID,252.0,EASY_MID,323.0,EASY,309.0,EASY,364,220.0,1
ALST,75.22727272727273,33.45454545454545,13.045454545454545,8.045454545454545,4.045454545454546,12.5,0.0,121.72727272727273,108.68181818181819,88.27272727272727,46.5,12.090909090909092,22,2011,box,203.0,MID,311.0,EASY,157.0,MID,343.0,EASY,315.0,EASY,324.0,EASY,1.0,HARD,237.0,EASY_MID,256.0,EASY_MID,197.0,MID,259.0,EASY_MID,353.0,EASY,364,203.0,1
AMCC,66.45833333333333,27.916666666666668,9.875,7.25,3.5,12.541666666666666,0.0,104.25,94.375,76.33333333333333,37.791666666666664,10.75,24,357,box,26.0,HARD,29.0,HARD,4.0,HARD,294.0,EASY,240.0,EASY_MID,326.0,EASY,1.0,HARD,9.0,HARD,14.0,HARD,14.0,HARD,5.0,HARD,290.0,EASY_MID,364,26.0,1
AMER,71.80952380952381,30.38095238095238,14.0,5.476190476190476,3.0476190476190474,11.19047619047619,0.0,116.19047619047619,102.19047619047619,85.80952380952381,44.38095238095238,8.523809523809524,21,44,box,117.0,HARD_MID,144.0,HARD_MID,225.0,EASY_MID,64.0,HARD,152.0,MID,246.0,EASY_MID,1.0,HARD,140.0,HARD_MID,115.0,HARD_MID,141.0,HARD_MID,182.0,MID,72.0,HARD,364,117.0,1
APP,66.0952380952381,28.904761904761905,11.476190476190476,4.904761904761905,2.6666666666666665,8.047619047619047,0.0,106.47619047619048,95.0,77.57142857142857,40.38095238095238,7.571428571428571,21,2026,box,21.0,HARD,56.0,HARD,39.0,HARD,20.0,HARD,66.0,HARD,15.0,HARD,1.0,HARD,16.0,HARD,17.0,HARD,23.0,HARD,30.0,HARD,18.0,HARD,364,21.0,1
APSU,75.0952380952381,30.571428571428573,13.476190476190476,6.523809523809524,2.9523809523809526,12.19047619047619,0.0,119.14285714285714,105.66666666666667,88.57142857142857,44.04761904761905,9.476190476190476,21,2046,box,198.0,MID,154.0,MID,194.0,MID,205.0,MID,125.0,HARD_MID,315.0,EASY,1.0,HARD,185.0,MID,192.0,MID,203.0,MID,167.0,MID,156.0,MID,364,198.0,1
ARIZ,69.96774193548387,28.70967741935484,12.67741935483871,5.903225806451613,4.0,10.96774193548387,1.5806451612903225,111.35483870967742,98.6774193548387,82.64516129032258,41.38709677419355,9.903225806451612,31,12,box,78.0,HARD_MID,48.0,HARD,116.0,HARD_MID,99.0,HARD_MID,309.0,EASY,224.0,EASY_MID,362.0,EASY,64.0,HARD,65.0,HARD,78.0,HARD_MID,61.0,HARD,207.0,MID,364,78.0,1
ARK,83.66666666666667,31.0,14.444444444444445,5.2592592592592595,3.0,10.444444444444445,0.9259259259259259,129.11111111111111,114.66666666666667,98.11111111111111,45.44444444444444,8.25925925925926,26,8,box,349.0,EASY,192.0,MID,252.0,EASY_MID,42.0,HARD,138.0,HARD_MID,176.0,MID,345.0,EASY,330.0,EASY,337.0,EASY,340.0,EASY,222.0,EASY_MID,55.0,HARD,364,349.0,1
ARMY,77.8,30.35,14.15,7.05,3.0,10.2,0.0,122.3,108.15,91.95,44.5,10.05,20,349,box,280.0,EASY_MID,142.0,HARD_MID,236.0,EASY_MID,274.0,EASY_MID,138.0,HARD_MID,153.0,MID,1.0,HARD,248.0,EASY_MID,243.0,EASY_MID,272.0,EASY_MID,190.0,MID,228.0,EASY_MID,364,280.0,1
ARST,76.0952380952381,29.38095238095238,14.047619047619047,8.952380952380953,3.0952380952380953,10.904761904761905,0.0,119.52380952380952,105.47619047619048,90.14285714285714,43.42857142857143,12.047619047619047,21,2032,box,231.0,EASY_MID,79.0,HARD_MID,230.0,EASY_MID,361.0,EASY,161.0,MID,213.0,MID,1.0,HARD,193.0,MID,185.0,MID,235.0,EASY_MID,141.0,HARD_MID,351.0,EASY,364,231.0,1
ASU,80.5909090909091,33.77272727272727,16.5,8.045454545454545,3.4545454545454546,11.636363636363637,0.0,130.86363636363637,114.36363636363636,97.0909090909091,50.27272727272727,11.5,22,9,box,329.0,EASY,318.0,EASY,338.0,EASY,343.0,EASY,230.0,EASY_MID,282.0,EASY_MID,1.0,HARD,337.0,EASY,333.0,EASY,333.0,EASY,339.0,EASY,338.0,EASY,364,329.0,1
AUB,80.33333333333333,29.916666666666668,13.916666666666666,6.166666666666667,5.041666666666667,10.291666666666666,0.5416666666666666,124.16666666666667,110.25,94.25,43.833333333333336,11.208333333333334,24,2,box,327.0,EASY,109.0,HARD_MID,220.0,EASY_MID,142.0,HARD_MID,363.0,EASY,160.0,MID,317.0,EASY,275.0,EASY_MID,288.0,EASY_MID,311.0,EASY,154.0,MID,325.0,EASY,364,327.0,1
BALL,69.52380952380952,31.666666666666668,12.476190476190476,5.190476190476191,3.0952380952380953,11.285714285714286,0.0,113.66666666666667,101.19047619047619,82.0,44.142857142857146,8.285714285714286,21,2050,box,73.0,HARD_MID,232.0,EASY_MID,105.0,HARD_MID,37.0,HARD,161.0,MID,255.0,EASY_MID,1.0,HARD,99.0,HARD_MID,105.0,HARD_MID,70.0,HARD,173.0,MID,56.0,HARD,364,73.0,1
BAY,76.26086956521739,28.608695652173914,13.91304347826087,7.086956521739131,3.3043478260869565,10.391304347826088,0.0,118.78260869565217,104.8695652173913,90.17391304347827,42.52173913043478,10.391304347826088,23,239,box,238.0,EASY_MID,44.0,HARD,219.0,EASY_MID,275.0,EASY_MID,205.0,MID,170.0,MID,1.0,HARD,178.0,MID,172.0,MID,236.0,EASY_MID,107.0,HARD_MID,253.0,EASY_MID,364,238.0,1
BC,72.45,34.7,13.05,6.3,3.1,9.5,0.0,120.2,107.15,85.5,47.75,9.4,20,103,box,127.0,HARD_MID,342.0,EASY,159.0,MID,167.0,MID,164.0,MID,87.0,HARD_MID,1.0,HARD,207.0,MID,223.0,EASY_MID,138.0,HARD_MID,302.0,EASY,143.0,HARD_MID,364,127.0,1
BCU,76.21739130434783,30.73913043478261,11.91304347826087,9.08695652173913,2.652173913043478,11.304347826086957,0.0,118.8695652173913,106.95652173913044,88.1304347826087,42.65217391304348,11.73913043478261,23,2065,box,237.0,EASY_MID,168.0,MID,63.0,HARD,363.0,EASY,60.0,HARD,258.0,EASY_MID,1.0,HARD,180.0,MID,218.0,MID,191.0,MID,109.0,HARD_MID,345.0,EASY,364,237.0,1
BEL,76.0,28.571428571428573,14.666666666666666,6.190476190476191,3.238095238095238,11.142857142857142,0.0,119.23809523809524,104.57142857142857,90.66666666666667,43.23809523809524,9.428571428571429,21,2057,box,227.0,EASY_MID,43.0,HARD,267.0,EASY_MID,145.0,HARD_MID,191.0,MID,243.0,EASY_MID,1.0,HARD,188.0,MID,163.0,MID,247.0,EASY_MID,135.0,HARD_MID,149.0,MID,364,227.0,1
BELL,83.13636363636364,29.454545454545453,18.5,5.818181818181818,2.8636363636363638,8.909090909090908,0.0,131.0909090909091,112.5909090909091,101.63636363636364,47.95454545454545,8.681818181818182,22,91,box,341.0,EASY,85.0,HARD_MID,362.0,EASY,95.0,HARD_MID,105.0,HARD_MID,49.0,HARD,1.0,HARD,338.0,EASY,322.0,EASY,357.0,EASY,308.0,EASY,81.0,HARD_MID,364,341.0,1
BGSU,74.18181818181819,30.90909090909091,13.0,6.318181818181818,3.772727272727273,11.909090909090908,0.0,118.0909090909091,105.0909090909091,87.18181818181819,43.90909090909091,10.090909090909092,22,189,box,179.0,MID,183.0,MID,150.0,MID,170.0,MID,285.0,EASY_MID,304.0,EASY,1.0,HARD,173.0,MID,179.0,MID,169.0,MID,159.0,MID,231.0,EASY_MID,364,179.0,1
BING,75.45,31.45,12.95,6.55,2.75,8.5,0.0,119.85,106.9,88.4,44.4,9.3,20,2066,box,215.0,MID,219.0,EASY_MID,143.0,HARD_MID,211.0,MID,86.0,HARD_MID,31.0,HARD,1.0,HARD,198.0,MID,215.0,MID,200.0,MID,185.0,MID,136.0,HARD_MID,364,215.0,1
BOIS,75.18181818181819,26.045454545454547,12.409090909090908,5.7727272727272725,2.8181818181818183,8.590909090909092,0.0,113.63636363636364,101.22727272727273,87.5909090909091,38.45454545454545,8.590909090909092,22,68,box,201.0,MID,5.0,HARD,100.0,HARD_MID,89.0,HARD_MID,97.0,HARD_MID,35.0,HARD,1.0,HARD,98.0,HARD_MID,106.0,HARD_MID,177.0,MID,8.0,HARD,76.0,HARD_MID,364,201.0,1
BRAD,75.79166666666667,32.666666666666664,14.083333333333334,4.708333333333333,2.9583333333333335,11.833333333333334,0.375,122.54166666666667,108.45833333333333,89.875,46.75,7.666666666666667,23,71,box,224.0,EASY_MID,277.0,EASY_MID,233.0,EASY_MID,11.0,HARD,136.0,HARD_MID,298.0,EASY,294.0,EASY,250.0,EASY_MID,248.0,EASY_MID,229.0,EASY_MID,271.0,EASY_MID,20.0,HARD,364,224.0,1
BRWN,73.86666666666666,30.4,14.0,7.133333333333334,3.6,12.133333333333333,0.0,118.26666666666667,104.26666666666667,87.86666666666666,44.4,10.733333333333333,12,225,box,170.0,MID,145.0,HARD_MID,225.0,EASY_MID,279.0,EASY_MID,264.0,EASY_MID,311.0,EASY,1.0,HARD,175.0,MID,161.0,MID,181.0,MID,185.0,MID,289.0,EASY_MID,364,170.0,1
BRY,73.10526315789474,29.210526315789473,11.947368421052632,7.631578947368421,2.4210526315789473,9.105263157894736,0.0,114.26315789473684,102.3157894736842,85.05263157894737,41.1578947368421,10.052631578947368,19,2803,box,146.0,MID,72.0,HARD,65.0,HARD,325.0,EASY,29.0,HARD,60.0,HARD,1.0,HARD,112.0,HARD_MID,118.0,HARD_MID,127.0,HARD_MID,56.0,HARD,229.0,EASY_MID,364,146.0,1
BU,73.0,26.727272727272727,12.454545454545455,7.409090909090909,2.590909090909091,7.2727272727272725,0.0,112.18181818181819,99.72727272727273,85.45454545454545,39.18181818181818,10.0,22,104,box,142.0,HARD_MID,11.0,HARD,103.0,HARD_MID,308.0,EASY,52.0,HARD,4.0,HARD,1.0,HARD,77.0,HARD_MID,80.0,HARD_MID,135.0,HARD_MID,15.0,HARD,221.0,EASY_MID,364,142.0,1
BUCK,76.0,31.80952380952381,16.095238095238095,7.333333333333333,3.619047619047619,11.523809523809524,0.0,123.9047619047619,107.80952380952381,92.0952380952381,47.904761904761905,10.952380952380953,21,2083,box,227.0,EASY_MID,236.0,EASY_MID,332.0,EASY,301.0,EASY,266.0,EASY_MID,276.0,EASY_MID,1.0,HARD,273.0,EASY_MID,232.0,EASY_MID,274.0,EASY_MID,306.0,EASY,308.0,EASY,364,227.0,1
BUF,78.45454545454545,30.818181818181817,16.545454545454547,7.0,2.590909090909091,10.863636363636363,0.0,125.81818181818181,109.27272727272727,95.0,47.36363636363637,9.590909090909092,22,2084,box,294.0,EASY,174.0,MID,340.0,EASY,264.0,EASY_MID,52.0,HARD,211.0,MID,1.0,HARD,300.0,EASY,271.0,EASY_MID,318.0,EASY,292.0,EASY,169.0,MID,364,294.0,1
BUT,78.22727272727273,30.863636363636363,16.863636363636363,6.454545454545454,4.636363636363637,9.681818181818182,0.0,125.95454545454545,109.0909090909091,95.0909090909091,47.72727272727273,11.090909090909092,22,2086,box,288.0,EASY_MID,177.0,MID,349.0,EASY,195.0,MID,354.0,EASY,99.0,HARD_MID,1.0,HARD,303.0,EASY,264.0,EASY_MID,321.0,EASY,301.0,EASY,317.0,EASY,364,288.0,1
BYU,79.16,30.68,15.88,6.6,3.04,10.48,0.32,125.72,109.84,95.04,46.56,9.64,25,252,box,311.0,EASY,161.0,MID,320.0,EASY,220.0,EASY_MID,146.0,MID,182.0,MID,286.0,EASY_MID,299.0,EASY,282.0,EASY_MID,320.0,EASY,264.0,EASY_MID,176.0,MID,364,311.0,1
CAL,75.27272727272727,33.31818181818182,14.909090909090908,5.545454545454546,4.090909090909091,10.363636363636363,0.18181818181818182,123.5,108.5909090909091,90.18181818181819,48.22727272727273,9.636363636363637,22,25,box,207.0,MID,306.0,EASY,280.0,EASY_MID,71.0,HARD,318.0,EASY,168.0,MID,263.0,EASY_MID,265.0,EASY_MID,253.0,EASY_MID,237.0,EASY_MID,313.0,EASY,175.0,MID,364,207.0,1
CAM,77.08,30.88,13.6,6.44,4.16,11.32,0.0,121.56,107.96,90.68,44.48,10.6,25,2097,box,259.0,EASY_MID,181.0,MID,204.0,MID,191.0,MID,328.0,EASY,259.0,EASY_MID,1.0,HARD,233.0,EASY_MID,240.0,EASY_MID,249.0,EASY_MID,189.0,MID,272.0,EASY_MID,364,259.0,1
CAN,71.8,31.3,13.65,6.45,2.85,10.15,0.0,116.75,103.1,85.45,44.95,9.3,20,2099,box,116.0,HARD_MID,212.0,MID,206.0,MID,194.0,MID,102.0,HARD_MID,147.0,MID,1.0,HARD,149.0,MID,135.0,HARD_MID,134.0,HARD_MID,206.0,MID,136.0,HARD_MID,364,116.0,1
CARK,75.25,29.666666666666668,16.5,6.041666666666667,3.25,13.333333333333334,0.0,121.41666666666667,104.91666666666667,91.75,46.166666666666664,9.291666666666666,24,2110,box,205.0,MID,100.0,HARD_MID,338.0,EASY,125.0,HARD_MID,194.0,MID,348.0,EASY,1.0,HARD,229.0,EASY_MID,174.0,MID,269.0,EASY_MID,242.0,EASY_MID,135.0,HARD_MID,364,205.0,1
CBU,65.82608695652173,30.26086956521739,10.826086956521738,6.956521739130435,3.4782608695652173,11.0,0.30434782608695654,106.91304347826087,96.08695652173913,76.65217391304348,41.08695652173913,10.434782608695652,23,2856,box,18.0,HARD,135.0,HARD_MID,19.0,HARD,260.0,EASY_MID,237.0,EASY_MID,225.0,EASY_MID,282.0,EASY_MID,22.0,HARD,31.0,HARD,15.0,HARD,54.0,HARD,256.0,EASY_MID,364,18.0,1
CCSU,71.2,29.75,13.95,6.25,2.0,8.25,0.0,114.9,100.95,85.15,43.7,8.25,20,2115,box,103.0,HARD_MID,101.0,HARD_MID,223.0,EASY_MID,154.0,MID,1.0,HARD,23.0,HARD,1.0,HARD,117.0,HARD_MID,98.0,HARD_MID,129.0,HARD_MID,149.0,MID,51.0,HARD,364,103.0,1
CCU,73.14285714285714,34.523809523809526,9.238095238095237,6.0476190476190474,2.7142857142857144,8.0,0.0,116.9047619047619,107.66666666666667,82.38095238095238,43.76190476190476,8.761904761904763,21,324,box,147.0,MID,339.0,EASY,1.0,HARD,131.0,HARD_MID,76.0,HARD_MID,12.0,HARD,1.0,HARD,153.0,MID,230.0,EASY_MID,74.0,HARD_MID,150.0,MID,88.0,HARD_MID,364,147.0,1
CHAR,75.08695652173913,29.608695652173914,13.173913043478262,6.3478260869565215,3.0869565217391304,7.6521739130434785,0.0,117.8695652173913,104.69565217391305,88.26086956521739,42.78260869565217,9.434782608695652,23,2429,box,197.0,MID,97.0,HARD_MID,168.0,MID,175.0,MID,157.0,MID,6.0,HARD,1.0,HARD,170.0,MID,167.0,MID,195.0,MID,116.0,HARD_MID,153.0,MID,364,197.0,1
CHSO,83.3,33.5,10.35,8.3,3.15,9.35,0.0,127.15,116.8,93.65,43.85,11.45,20,2127,box,344.0,EASY,313.0,EASY,9.0,HARD,351.0,EASY,168.0,MID,74.0,HARD_MID,1.0,HARD,319.0,EASY,345.0,EASY,294.0,EASY,156.0,MID,337.0,EASY,364,344.0,1
CHST,71.63636363636364,32.95454545454545,17.636363636363637,4.409090909090909,3.5,12.772727272727273,0.0,122.22727272727273,104.5909090909091,89.27272727272727,50.59090909090909,7.909090909090909,22,2130,box,114.0,HARD_MID,288.0,EASY_MID,356.0,EASY,7.0,HARD,240.0,EASY_MID,333.0,EASY,1.0,HARD,247.0,EASY_MID,164.0,MID,217.0,MID,344.0,EASY,33.0,HARD,364,114.0,1
CIN,67.82608695652173,31.130434782608695,13.0,5.130434782608695,2.0434782608695654,10.608695652173912,0.0,111.95652173913044,98.95652173913044,80.82608695652173,44.130434782608695,7.173913043478261,23,2132,box,40.0,HARD,202.0,MID,150.0,MID,32.0,HARD,4.0,HARD,195.0,MID,1.0,HARD,74.0,HARD_MID,69.0,HARD,52.0,HARD,170.0,MID,5.0,HARD,364,40.0,1
CIT,78.81818181818181,32.04545454545455,14.590909090909092,6.590909090909091,2.909090909090909,9.772727272727273,0.0,125.45454545454545,110.86363636363636,93.4090909090909,46.63636363636363,9.5,22,2643,box,302.0,EASY,246.0,EASY_MID,264.0,EASY_MID,218.0,MID,115.0,HARD_MID,105.0,HARD_MID,1.0,HARD,297.0,EASY,297.0,EASY,291.0,EASY_MID,265.0,EASY_MID,158.0,MID,364,302.0,1
CLE,86.0,33.04545454545455,17.40909090909091,6.2272727272727275,3.590909090909091,10.090909090909092,0.0,136.45454545454547,119.04545454545455,103.4090909090909,50.45454545454545,9.818181818181818,22,325,box,361.0,EASY,294.0,EASY,354.0,EASY,148.0,MID,261.0,EASY_MID,137.0,HARD_MID,1.0,HARD,355.0,EASY,352.0,EASY,361.0,EASY,341.0,EASY,192.0,MID,364,361.0,1
CLEM,66.91666666666667,30.125,10.541666666666666,5.375,2.875,11.125,0.2916666666666667,107.58333333333333,97.04166666666667,77.45833333333333,40.666666666666664,8.25,24,228,box,30.0,HARD,129.0,HARD_MID,11.0,HARD,55.0,HARD,108.0,HARD_MID,238.0,EASY_MID,279.0,EASY_MID,27.0,HARD,38.0,HARD,22.0,HARD,40.0,HARD,51.0,HARD,364,30.0,1
CLT,86.0,34.0,16.0,12.0,2.0,11.0,0.0,136.0,120.0,102.0,50.0,14.0,1,2429,box,361.0,EASY,327.0,EASY,328.0,EASY,364.0,EASY,1.0,HARD,225.0,EASY_MID,1.0,HARD,354.0,EASY,355.0,EASY,359.0,EASY,336.0,EASY,363.0,EASY,364,361.0,1
CMU,76.0952380952381,31.523809523809526,15.619047619047619,7.428571428571429,3.238095238095238,11.761904761904763,0.0,123.23809523809524,107.61904761904762,91.71428571428571,47.142857142857146,10.666666666666666,21,2117,box,231.0,EASY_MID,223.0,EASY_MID,309.0,EASY,311.0,EASY,191.0,MID,291.0,EASY_MID,1.0,HARD,260.0,EASY_MID,228.0,EASY_MID,268.0,EASY_MID,283.0,EASY_MID,279.0,EASY_MID,364,231.0,1
COFC,72.68181818181819,33.40909090909091,13.818181818181818,6.863636363636363,2.727272727272727,9.363636363636363,0.0,119.9090909090909,106.0909090909091,86.5,47.22727272727273,9.590909090909092,22,232,box,137.0,HARD_MID,309.0,EASY,213.0,MID,247.0,EASY_MID,79.0,HARD_MID,75.0,HARD_MID,1.0,HARD,200.0,MID,199.0,MID,154.0,MID,286.0,EASY_MID,169.0,MID,364,137.0,1
COLG,75.86363636363636,30.181818181818183,14.181818181818182,5.681818181818182,2.3636363636363638,9.818181818181818,0.0,120.22727272727273,106.04545454545455,90.04545454545455,44.36363636363637,8.045454545454545,22,2142,box,225.0,EASY_MID,133.0,HARD_MID,239.0,EASY_MID,79.0,HARD_MID,21.0,HARD,109.0,HARD_MID,1.0,HARD,208.0,MID,197.0,MID,232.0,EASY_MID,181.0,MID,45.0,HARD,364,225.0,1
COLO,80.54545454545455,33.5,15.045454545454545,6.409090909090909,3.5,10.227272727272727,0.0,129.0909090909091,114.04545454545455,95.5909090909091,48.54545454545455,9.909090909090908,22,38,box,328.0,EASY,313.0,EASY,286.0,EASY_MID,188.0,MID,240.0,EASY_MID,155.0,MID,1.0,HARD,329.0,EASY,331.0,EASY,328.0,EASY,317.0,EASY,208.0,MID,364,328.0,1
COLU,74.94117647058823,29.058823529411764,15.764705882352942,6.823529411764706,4.176470588235294,9.470588235294118,0.0,119.76470588235294,104.0,90.70588235294117,44.8235294117647,11.0,14,171,box,193.0,MID,64.0,HARD,312.0,EASY,244.0,EASY_MID,331.0,EASY,85.0,HARD_MID,1.0,HARD,195.0,MID,152.0,MID,250.0,EASY_MID,201.0,MID,311.0,EASY,364,193.0,1
CONN,66.48275862068965,28.275862068965516,11.655172413793103,5.931034482758621,3.586206896551724,10.827586206896552,1.2758620689655173,106.41379310344827,94.75862068965517,78.13793103448276,39.93103448275862,9.517241379310345,28,41,box,27.0,HARD,34.0,HARD,46.0,HARD,109.0,HARD_MID,260.0,EASY_MID,209.0,MID,358.0,EASY,15.0,HARD,16.0,HARD,26.0,HARD,23.0,HARD,161.0,MID,364,27.0,1
COPP,77.33333333333333,30.77777777777778,15.5,9.055555555555555,4.111111111111111,12.11111111111111,0.0,123.61111111111111,108.11111111111111,92.83333333333333,46.27777777777778,13.166666666666666,18,2154,box,265.0,EASY_MID,170.0,MID,306.0,EASY,362.0,EASY,324.0,EASY,310.0,EASY,1.0,HARD,268.0,EASY_MID,242.0,EASY_MID,282.0,EASY_MID,249.0,EASY_MID,361.0,EASY,364,265.0,1
COR,77.27777777777777,27.77777777777778,16.555555555555557,6.055555555555555,2.8333333333333335,9.666666666666666,0.0,121.61111111111111,105.05555555555556,93.83333333333333,44.333333333333336,8.88888888888889,17,172,box,263.0,EASY_MID,26.0,HARD,341.0,EASY,133.0,HARD_MID,98.0,HARD_MID,98.0,HARD_MID,1.0,HARD,234.0,EASY_MID,178.0,MID,299.0,EASY,179.0,MID,97.0,HARD_MID,364,263.0,1
CP,84.36363636363636,33.18181818181818,15.681818181818182,7.454545454545454,2.9545454545454546,11.681818181818182,0.0,133.22727272727272,117.54545454545455,100.04545454545455,48.86363636363637,10.409090909090908,22,13,box,355.0,EASY,301.0,EASY,310.0,EASY,313.0,EASY,130.0,HARD_MID,287.0,EASY_MID,1.0,HARD,347.0,EASY,346.0,EASY,351.0,EASY,320.0,EASY,255.0,EASY_MID,364,355.0,1
CREI,76.13636363636364,32.86363636363637,15.363636363636363,7.0,3.0454545454545454,9.409090909090908,0.0,124.36363636363636,109.0,91.5,48.22727272727273,10.045454545454545,22,156,box,234.0,EASY_MID,282.0,EASY_MID,297.0,EASY,264.0,EASY_MID,150.0,MID,81.0,HARD_MID,1.0,HARD,277.0,EASY_MID,263.0,EASY_MID,264.0,EASY_MID,313.0,EASY,225.0,EASY_MID,364,234.0,1
CSU,71.0,28.875,11.666666666666666,6.958333333333333,2.4166666666666665,10.083333333333334,0.2916666666666667,111.54166666666667,99.875,82.66666666666667,40.541666666666664,9.375,24,36,box,99.0,HARD_MID,55.0,HARD,47.0,HARD,263.0,EASY_MID,28.0,HARD,133.0,HARD_MID,279.0,EASY_MID,69.0,HARD,83.0,HARD_MID,80.0,HARD_MID,35.0,HARD,140.0,HARD_MID,364,99.0,1
CSUB,83.6,34.2,15.05,7.25,3.7,12.3,0.0,132.85,117.8,98.65,49.25,10.95,20,2934,box,347.0,EASY,333.0,EASY,287.0,EASY_MID,294.0,EASY,276.0,EASY_MID,318.0,EASY,1.0,HARD,345.0,EASY,348.0,EASY,344.0,EASY,327.0,EASY,307.0,EASY,364,347.0,1
CSUF,80.0909090909091,34.68181818181818,17.5,6.636363636363637,2.909090909090909,14.818181818181818,0.0,132.27272727272728,114.77272727272727,97.5909090909091,52.18181818181818,9.545454545454545,22,2239,box,322.0,EASY,341.0,EASY,355.0,EASY,224.0,EASY_MID,115.0,HARD_MID,362.0,EASY,1.0,HARD,344.0,EASY,338.0,EASY,337.0,EASY,356.0,EASY,164.0,MID,364,322.0,1
CSUN,80.21739130434783,32.17391304347826,15.91304347826087,7.956521739130435,4.043478260869565,12.521739130434783,0.0,128.30434782608697,112.3913043478261,96.1304347826087,48.08695652173913,12.0,23,2463,box,323.0,EASY,251.0,EASY_MID,323.0,EASY,339.0,EASY,314.0,EASY,325.0,EASY,1.0,HARD,325.0,EASY,320.0,EASY,331.0,EASY,310.0,EASY,349.0,EASY,364,323.0,1
DART,77.72222222222223,33.44444444444444,15.38888888888889,6.0,2.8333333333333335,8.666666666666666,0.0,126.55555555555556,111.16666666666667,93.11111111111111,48.833333333333336,8.833333333333334,15,159,box,276.0,EASY_MID,310.0,EASY,299.0,EASY,117.0,HARD_MID,98.0,HARD_MID,38.0,HARD,1.0,HARD,310.0,EASY,305.0,EASY,287.0,EASY_MID,319.0,EASY,92.0,HARD_MID,364,276.0,1
DAV,67.4,30.96,12.24,5.72,3.0,10.48,0.28,110.6,98.36,79.64,43.2,8.72,25,2166,box,36.0,HARD,190.0,MID,82.0,HARD_MID,83.0,HARD_MID,138.0,HARD_MID,182.0,MID,278.0,EASY_MID,52.0,HARD,58.0,HARD,35.0,HARD,134.0,HARD_MID,82.0,HARD_MID,364,36.0,1
DAY,68.36,30.12,11.84,6.44,3.44,12.4,0.4,110.32,98.48,80.2,41.96,9.88,25,2168,box,54.0,HARD,128.0,HARD_MID,59.0,HARD,191.0,MID,227.0,EASY_MID,320.0,EASY,299.0,EASY,49.0,HARD,60.0,HARD,43.0,HARD,87.0,HARD_MID,206.0,MID,364,54.0,1
DEL,73.33333333333333,32.19047619047619,15.952380952380953,6.9523809523809526,2.4761904761904763,8.19047619047619,0.0,121.47619047619048,105.52380952380952,89.28571428571429,48.142857142857146,9.428571428571429,21,48,box,153.0,MID,252.0,EASY_MID,325.0,EASY,256.0,EASY_MID,35.0,HARD,20.0,HARD,1.0,HARD,231.0,EASY_MID,188.0,MID,218.0,MID,311.0,EASY,149.0,MID,364,153.0,1
DEN,81.65,30.85,12.1,5.2,2.55,7.85,0.0,124.6,112.5,93.75,42.95,7.75,20,2172,box,335.0,EASY,175.0,MID,76.0,HARD_MID,38.0,HARD,48.0,HARD,8.0,HARD,1.0,HARD,283.0,EASY_MID,321.0,EASY,297.0,EASY,121.0,HARD_MID,23.0,HARD,364,335.0,1
DEP,70.47619047619048,31.38095238095238,13.952380952380953,7.619047619047619,3.9047619047619047,11.0,0.0,115.80952380952381,101.85714285714286,84.42857142857143,45.333333333333336,11.523809523809524,21,305,box,84.0,HARD_MID,214.0,MID,224.0,EASY_MID,324.0,EASY,299.0,EASY,225.0,EASY_MID,1.0,HARD,133.0,HARD_MID,109.0,HARD_MID,111.0,HARD_MID,215.0,MID,339.0,EASY,364,84.0,1
DETM,76.54545454545455,29.636363636363637,14.5,6.590909090909091,3.3181818181818183,9.318181818181818,0.0,120.68181818181819,106.18181818181819,91.04545454545455,44.13636363636363,9.909090909090908,21,2174,box,244.0,EASY_MID,98.0,HARD_MID,259.0,EASY_MID,218.0,MID,207.0,MID,72.0,HARD,1.0,HARD,214.0,MID,203.0,MID,259.0,EASY_MID,171.0,MID,208.0,MID,364,244.0,1
DREX,65.56521739130434,29.956521739130434,10.73913043478261,7.6521739130434785,2.9130434782608696,10.434782608695652,0.0,106.26086956521739,95.52173913043478,76.30434782608695,40.69565217391305,10.565217391304348,23,2182,box,15.0,HARD,112.0,HARD_MID,17.0,HARD,328.0,EASY,119.0,HARD_MID,174.0,MID,1.0,HARD,14.0,HARD,26.0,HARD,13.0,HARD,42.0,HARD,266.0,EASY_MID,364,15.0,1
DRKE,77.8695652173913,34.130434782608695,15.217391304347826,6.130434782608695,2.652173913043478,10.0,0.0,127.21739130434783,112.0,93.08695652173913,49.34782608695652,8.782608695652174,23,2181,box,283.0,EASY_MID,328.0,EASY,292.0,EASY,138.0,HARD_MID,60.0,HARD,124.0,HARD_MID,1.0,HARD,320.0,EASY,314.0,EASY,286.0,EASY_MID,328.0,EASY,90.0,HARD_MID,364,283.0,1
DSU,68.84210526315789,31.05263157894737,12.736842105263158,6.684210526315789,4.105263157894737,12.31578947368421,0.0,112.63157894736842,99.89473684210526,81.57894736842105,43.78947368421053,10.789473684210526,19,2169,box,61.0,HARD,197.0,MID,122.0,HARD_MID,232.0,EASY_MID,323.0,EASY,319.0,EASY,1.0,HARD,83.0,HARD_MID,84.0,HARD_MID,62.0,HARD,151.0,MID,296.0,EASY,364,61.0,1
DUKE,63.07142857142857,24.214285714285715,11.678571428571429,6.071428571428571,3.357142857142857,10.071428571428571,1.25,98.96428571428571,87.28571428571429,74.75,35.892857142857146,9.428571428571429,28,150,box,5.0,HARD,1.0,HARD,48.0,HARD,134.0,HARD_MID,217.0,MID,132.0,HARD_MID,356.0,EASY,1.0,HARD,1.0,HARD,8.0,HARD,1.0,HARD,149.0,MID,364,5.0,1
DUQ,70.30434782608695,30.17391304347826,13.73913043478261,6.304347826086956,4.478260869565218,11.652173913043478,0.0,114.21739130434783,100.47826086956522,84.04347826086956,43.91304347826087,10.782608695652174,23,2184,box,82.0,HARD_MID,132.0,HARD_MID,210.0,MID,168.0,MID,347.0,EASY,284.0,EASY_MID,1.0,HARD,109.0,HARD_MID,95.0,HARD_MID,99.0,HARD_MID,160.0,MID,295.0,EASY,364,82.0,1
ECU,77.71428571428571,33.333333333333336,14.904761904761905,6.9523809523809526,3.1904761904761907,10.571428571428571,0.0,125.95238095238095,111.04761904761905,92.61904761904762,48.23809523809524,10.142857142857142,21,151,box,275.0,EASY_MID,307.0,EASY,278.0,EASY_MID,256.0,EASY_MID,180.0,MID,192.0,MID,1.0,HARD,302.0,EASY,303.0,EASY,279.0,EASY_MID,315.0,EASY,237.0,EASY_MID,364,275.0,1
EIU,67.95833333333333,31.833333333333332,13.583333333333334,5.75,4.416666666666667,13.25,0.0,113.375,99.79166666666667,81.54166666666667,45.416666666666664,10.166666666666666,24,2197,box,45.0,HARD,239.0,EASY_MID,201.0,MID,88.0,HARD_MID,344.0,EASY,346.0,EASY,1.0,HARD,95.0,HARD_MID,81.0,HARD_MID,61.0,HARD,219.0,EASY_MID,238.0,EASY_MID,364,45.0,1
EKU,82.52380952380952,31.38095238095238,15.380952380952381,6.571428571428571,2.5238095238095237,9.476190476190476,0.0,129.28571428571428,113.9047619047619,97.9047619047619,46.76190476190476,9.095238095238095,21,2198,box,340.0,EASY,214.0,MID,298.0,EASY,215.0,MID,43.0,HARD,86.0,HARD_MID,1.0,HARD,332.0,EASY,329.0,EASY,339.0,EASY,272.0,EASY_MID,112.0,HARD_MID,364,340.0,1
ELON,77.27272727272727,32.31818181818182,15.0,6.2727272727272725,3.772727272727273,11.227272727272727,0.0,124.5909090909091,109.5909090909091,92.27272727272727,47.31818181818182,10.045454545454545,22,2210,box,262.0,EASY_MID,257.0,EASY_MID,283.0,EASY_MID,162.0,MID,285.0,EASY_MID,249.0,EASY_MID,1.0,HARD,282.0,EASY_MID,278.0,EASY_MID,276.0,EASY_MID,291.0,EASY_MID,225.0,EASY_MID,364,262.0,1
EMU,74.95,32.95,13.4,6.4,3.1,8.95,0.0,121.3,107.9,88.35,46.35,9.5,20,2199,box,194.0,MID,287.0,EASY_MID,185.0,MID,186.0,MID,164.0,MID,50.0,HARD,1.0,HARD,226.0,EASY_MID,235.0,EASY_MID,198.0,MID,252.0,EASY_MID,158.0,MID,364,194.0,1
ETAM,74.95454545454545,34.72727272727273,14.772727272727273,7.2727272727272725,3.4545454545454546,10.045454545454545,0.0,124.45454545454545,109.68181818181819,89.72727272727273,49.5,10.727272727272727,22,2837,box,195.0,MID,344.0,EASY,272.0,EASY_MID,297.0,EASY,230.0,EASY_MID,128.0,HARD_MID,1.0,HARD,278.0,EASY_MID,280.0,EASY_MID,227.0,EASY_MID,333.0,EASY,286.0,EASY_MID,364,195.0,1
ETSU,71.1304347826087,29.08695652173913,13.043478260869565,4.956521739130435,2.260869565217391,11.130434782608695,0.0,113.26086956521739,100.21739130434783,84.17391304347827,42.130434782608695,7.217391304347826,23,2193,box,101.0,HARD_MID,65.0,HARD,155.0,MID,22.0,HARD,16.0,HARD,240.0,EASY_MID,1.0,HARD,94.0,HARD_MID,91.0,HARD_MID,104.0,HARD_MID,96.0,HARD_MID,8.0,HARD,364,101.0,1
EVAN,78.52380952380952,33.04761904761905,16.761904761904763,7.285714285714286,2.3333333333333335,8.666666666666666,0.0,128.33333333333334,111.57142857142857,95.28571428571429,49.80952380952381,9.619047619047619,21,339,box,297.0,EASY,295.0,EASY,346.0,EASY,300.0,EASY,19.0,HARD,38.0,HARD,1.0,HARD,326.0,EASY,309.0,EASY,324.0,EASY,335.0,EASY,172.0,MID,364,297.0,1
EWU,76.91304347826087,27.91304347826087,13.08695652173913,7.173913043478261,3.0,9.91304347826087,0.0,117.91304347826087,104.82608695652173,90.0,41.0,10.173913043478262,23,331,box,256.0,EASY_MID,28.0,HARD,161.0,MID,288.0,EASY_MID,138.0,HARD_MID,118.0,HARD_MID,1.0,HARD,172.0,MID,170.0,MID,231.0,EASY_MID,50.0,HARD,239.0,EASY_MID,364,256.0,1
FAIR,69.45833333333333,30.041666666666668,13.458333333333334,5.291666666666667,3.7916666666666665,11.416666666666666,0.0,112.95833333333333,99.5,82.91666666666667,43.5,9.083333333333334,24,2217,box,72.0,HARD,121.0,HARD_MID,193.0,MID,46.0,HARD,287.0,EASY_MID,267.0,EASY_MID,1.0,HARD,87.0,HARD_MID,76.0,HARD_MID,84.0,HARD_MID,143.0,HARD_MID,108.0,HARD_MID,364,72.0,1
FAMU,71.64,28.52,12.08,8.32,2.76,13.0,0.0,112.24,100.16,83.72,40.6,11.08,25,50,box,115.0,HARD_MID,40.0,HARD,74.0,HARD_MID,352.0,EASY,89.0,HARD_MID,338.0,EASY,1.0,HARD,79.0,HARD_MID,90.0,HARD_MID,94.0,HARD_MID,37.0,HARD,316.0,EASY,364,115.0,1
FAU,75.86363636363636,32.54545454545455,12.318181818181818,7.681818181818182,2.772727272727273,10.090909090909092,0.0,120.72727272727273,108.4090909090909,88.18181818181819,44.86363636363637,10.454545454545455,22,2226,box,225.0,EASY_MID,271.0,EASY_MID,90.0,HARD_MID,330.0,EASY,92.0,HARD_MID,137.0,HARD_MID,1.0,HARD,216.0,MID,246.0,EASY_MID,192.0,MID,204.0,MID,258.0,EASY_MID,364,225.0,1
FDU,66.45454545454545,27.181818181818183,10.818181818181818,5.7272727272727275,2.6818181818181817,9.909090909090908,0.0,104.45454545454545,93.63636363636364,77.27272727272727,38.0,8.409090909090908,22,161,box,24.0,HARD,16.0,HARD,18.0,HARD,85.0,HARD_MID,69.0,HARD,117.0,HARD_MID,1.0,HARD,11.0,HARD,10.0,HARD,19.0,HARD,6.0,HARD,64.0,HARD,364,24.0,1
FGCU,73.83333333333333,29.5,14.375,6.666666666666667,2.5416666666666665,10.166666666666666,0.0,117.70833333333333,103.33333333333333,88.20833333333333,43.875,9.208333333333334,24,526,box,168.0,MID,90.0,HARD_MID,247.0,EASY_MID,226.0,EASY_MID,45.0,HARD,148.0,MID,1.0,HARD,166.0,MID,143.0,HARD_MID,193.0,MID,157.0,MID,119.0,HARD_MID,364,168.0,1
FIU,78.33333333333333,30.625,16.416666666666668,8.125,3.0833333333333335,13.625,0.0,125.375,108.95833333333333,94.75,47.041666666666664,11.208333333333334,24,2229,box,292.0,EASY,157.0,MID,335.0,EASY,346.0,EASY,155.0,MID,353.0,EASY,1.0,HARD,294.0,EASY,262.0,EASY_MID,316.0,EASY,279.0,EASY_MID,325.0,EASY,364,292.0,1
FLA,71.23076923076923,26.076923076923077,11.038461538461538,6.1923076923076925,2.5384615384615383,10.384615384615385,0.5,108.34615384615384,97.3076923076923,82.26923076923077,37.11538461538461,8.73076923076923,26,57,box,105.0,HARD_MID,6.0,HARD,25.0,HARD,146.0,MID,44.0,HARD,169.0,MID,310.0,EASY,32.0,HARD,42.0,HARD,73.0,HARD_MID,3.0,HARD,86.0,HARD_MID,364,105.0,1
FOR,67.25,29.6,14.5,6.05,3.15,11.1,0.0,111.35,96.85,81.75,44.1,9.2,20,2230,box,35.0,HARD,96.0,HARD_MID,259.0,EASY_MID,132.0,HARD_MID,168.0,MID,234.0,EASY_MID,1.0,HARD,63.0,HARD,37.0,HARD,66.0,HARD,169.0,MID,116.0,HARD_MID,364,35.0,1
FRES,73.52380952380952,33.80952380952381,14.0,7.523809523809524,3.0952380952380953,10.761904761904763,0.0,121.33333333333333,107.33333333333333,87.52380952380952,47.80952380952381,10.619047619047619,21,278,box,157.0,MID,321.0,EASY,225.0,EASY_MID,320.0,EASY,161.0,MID,204.0,MID,1.0,HARD,228.0,EASY_MID,224.0,EASY_MID,175.0,MID,303.0,EASY,273.0,EASY_MID,364,157.0,1
FSU,77.75,33.25,15.0,6.25,3.9583333333333335,11.375,0.0,126.0,111.0,92.75,48.25,10.208333333333334,24,52,box,277.0,EASY_MID,303.0,EASY,283.0,EASY_MID,154.0,MID,305.0,EASY,262.0,EASY_MID,1.0,HARD,304.0,EASY,300.0,EASY,281.0,EASY_MID,316.0,EASY,246.0,EASY_MID,364,277.0,1
FUR,71.16666666666667,30.083333333333332,11.958333333333334,7.25,3.2083333333333335,8.625,0.20833333333333334,113.20833333333333,101.25,83.125,42.041666666666664,10.458333333333334,24,231,box,102.0,HARD_MID,124.0,HARD_MID,67.0,HARD,294.0,EASY,185.0,MID,36.0,HARD,266.0,EASY_MID,91.0,HARD_MID,107.0,HARD_MID,88.0,HARD_MID,92.0,HARD_MID,260.0,EASY_MID,364,102.0,1
GASO,80.25,33.958333333333336,12.458333333333334,6.375,2.5416666666666665,11.833333333333334,0.0,126.66666666666667,114.20833333333333,92.70833333333333,46.416666666666664,8.916666666666666,23,290,box,326.0,EASY,326.0,EASY,104.0,HARD_MID,183.0,MID,45.0,HARD,298.0,EASY,1.0,HARD,312.0,EASY,332.0,EASY,280.0,EASY_MID,256.0,EASY_MID,101.0,HARD_MID,364,326.0,1
GAST,73.76190476190476,34.142857142857146,13.523809523809524,5.428571428571429,2.9523809523809526,10.666666666666666,0.0,121.42857142857143,107.9047619047619,87.28571428571429,47.666666666666664,8.380952380952381,21,2247,box,167.0,MID,329.0,EASY,198.0,MID,62.0,HARD,125.0,HARD_MID,199.0,MID,1.0,HARD,230.0,EASY_MID,236.0,EASY_MID,170.0,MID,299.0,EASY,61.0,HARD,364,167.0,1
GB,74.23809523809524,26.80952380952381,14.476190476190476,5.904761904761905,3.0,8.285714285714286,0.0,115.52380952380952,101.04761904761905,88.71428571428571,41.285714285714285,8.904761904761905,21,2739,box,180.0,MID,13.0,HARD,255.0,EASY_MID,100.0,HARD_MID,138.0,HARD_MID,26.0,HARD,1.0,HARD,125.0,HARD_MID,101.0,HARD_MID,210.0,MID,59.0,HARD,99.0,HARD_MID,364,180.0,1
GCU,69.0909090909091,29.09090909090909,11.227272727272727,6.545454545454546,2.727272727272727,10.909090909090908,0.0,109.4090909090909,98.18181818181819,80.31818181818181,40.31818181818182,9.272727272727273,22,2253,box,65.0,HARD,66.0,HARD,28.0,HARD,207.0,MID,79.0,HARD_MID,215.0,MID,1.0,HARD,39.0,HARD,54.0,HARD,46.0,HARD,29.0,HARD,131.0,HARD_MID,364,65.0,1
GMU,69.22727272727273,29.09090909090909,13.363636363636363,6.363636363636363,3.5,8.181818181818182,0.2727272727272727,111.68181818181819,98.31818181818181,82.5909090909091,42.45454545454545,9.863636363636363,22,2244,box,68.0,HARD,66.0,HARD,183.0,MID,179.0,MID,240.0,EASY_MID,19.0,HARD,277.0,EASY_MID,71.0,HARD,57.0,HARD,76.0,HARD_MID,104.0,HARD_MID,201.0,MID,364,68.0,1
GONZ,66.52,28.96,12.28,5.2,2.56,12.48,0.32,107.76,95.48,78.8,41.24,7.76,25,2250,box,28.0,HARD,59.0,HARD,86.0,HARD_MID,38.0,HARD,50.0,HARD,322.0,EASY,286.0,EASY_MID,28.0,HARD,23.0,HARD,30.0,HARD,57.0,HARD,24.0,HARD,364,28.0,1
GRAM,69.125,30.5,12.208333333333334,7.541666666666667,4.166666666666667,13.541666666666666,0.0,111.83333333333333,99.625,81.33333333333333,42.708333333333336,11.708333333333334,23,2755,box,67.0,HARD,149.0,MID,81.0,HARD_MID,321.0,EASY,329.0,EASY,352.0,EASY,1.0,HARD,72.0,HARD,77.0,HARD_MID,57.0,HARD,112.0,HARD_MID,344.0,EASY,364,67.0,1
GT,81.33333333333333,33.095238095238095,15.80952380952381,8.619047619047619,4.333333333333333,9.952380952380953,0.0,130.23809523809524,114.42857142857143,97.14285714285714,48.904761904761905,12.952380952380953,21,59,box,333.0,EASY,296.0,EASY,315.0,EASY,358.0,EASY,339.0,EASY,120.0,HARD_MID,1.0,HARD,334.0,EASY,334.0,EASY,335.0,EASY,321.0,EASY,359.0,EASY,364,333.0,1
GTWN,72.24,30.28,14.56,7.0,3.48,9.88,0.0,117.08,102.52,86.8,44.84,10.48,25,46,box,123.0,HARD_MID,137.0,HARD_MID,263.0,EASY_MID,264.0,EASY_MID,239.0,EASY_MID,116.0,HARD_MID,1.0,HARD,157.0,MID,122.0,HARD_MID,160.0,MID,203.0,MID,263.0,EASY_MID,364,123.0,1
GW,73.75,30.333333333333332,15.916666666666666,8.25,3.0833333333333335,11.541666666666666,0.7916666666666666,120.0,104.08333333333333,89.66666666666667,46.25,11.333333333333334,24,45,box,166.0,MID,141.0,HARD_MID,324.0,EASY,349.0,EASY,155.0,MID,277.0,EASY_MID,338.0,EASY,202.0,MID,156.0,MID,223.0,EASY_MID,246.0,EASY_MID,331.0,EASY,364,166.0,1
GWEB,83.23809523809524,36.76190476190476,14.904761904761905,7.857142857142857,3.5714285714285716,10.476190476190476,0.0,134.9047619047619,120.0,98.14285714285714,51.666666666666664,11.428571428571429,21,2241,box,343.0,EASY,359.0,EASY,278.0,EASY_MID,336.0,EASY,257.0,EASY_MID,180.0,MID,1.0,HARD,353.0,EASY,355.0,EASY,341.0,EASY,353.0,EASY,335.0,EASY,364,343.0,1
HALL,63.78260869565217,29.17391304347826,12.434782608695652,6.173913043478261,3.739130434782609,11.652173913043478,0.0,105.3913043478261,92.95652173913044,76.21739130434783,41.608695652173914,9.91304347826087,23,2550,box,10.0,HARD,70.0,HARD,102.0,HARD_MID,144.0,HARD_MID,279.0,EASY_MID,284.0,EASY_MID,1.0,HARD,12.0,HARD,9.0,HARD,12.0,HARD,71.0,HARD,212.0,MID,364,10.0,1
HAMP,72.71428571428571,30.571428571428573,12.333333333333334,5.9523809523809526,3.9047619047619047,10.666666666666666,0.0,115.61904761904762,103.28571428571429,85.04761904761905,42.904761904761905,9.857142857142858,21,2261,box,140.0,HARD_MID,154.0,MID,91.0,HARD_MID,110.0,HARD_MID,299.0,EASY,199.0,MID,1.0,HARD,128.0,HARD_MID,141.0,HARD_MID,126.0,HARD_MID,119.0,HARD_MID,197.0,MID,364,140.0,1
HARV,65.77777777777777,28.944444444444443,12.166666666666666,6.277777777777778,2.111111111111111,10.055555555555555,0.0,106.88888888888889,94.72222222222223,77.94444444444444,41.111111111111114,8.38888888888889,16,108,box,17.0,HARD,57.0,HARD,79.0,HARD_MID,163.0,MID,10.0,HARD,131.0,HARD_MID,1.0,HARD,21.0,HARD,15.0,HARD,25.0,HARD,55.0,HARD,63.0,HARD,364,17.0,1
HAW,74.80952380952381,30.666666666666668,10.666666666666666,7.476190476190476,3.238095238095238,11.904761904761905,0.42857142857142855,116.14285714285714,105.47619047619048,85.47619047619048,41.333333333333336,10.714285714285714,21,62,box,191.0,MID,160.0,MID,15.0,HARD,315.0,EASY,191.0,MID,302.0,EASY,302.0,EASY,136.0,HARD_MID,185.0,MID,137.0,HARD_MID,60.0,HARD,283.0,EASY_MID,364,191.0,1
HC,74.31818181818181,31.818181818181817,13.590909090909092,5.545454545454546,2.6363636363636362,8.772727272727273,0.0,119.72727272727273,106.13636363636364,87.9090909090909,45.40909090909091,8.181818181818182,22,107,box,183.0,MID,238.0,EASY_MID,202.0,MID,71.0,HARD,59.0,HARD,42.0,HARD,1.0,HARD,194.0,MID,202.0,MID,183.0,MID,218.0,MID,49.0,HARD,364,183.0,1
HCU,72.13636363636364,30.90909090909091,13.863636363636363,7.2727272727272725,3.5,10.636363636363637,0.0,116.9090909090909,103.04545454545455,86.0,44.77272727272727,10.772727272727273,22,2277,box,120.0,HARD_MID,183.0,MID,215.0,MID,297.0,EASY,240.0,EASY_MID,197.0,MID,1.0,HARD,154.0,MID,134.0,HARD_MID,146.0,MID,199.0,MID,294.0,EASY,364,120.0,1
HOF,67.0,30.91304347826087,12.08695652173913,4.869565217391305,3.5652173913043477,8.217391304347826,0.5217391304347826,110.0,97.91304347826087,79.08695652173913,43.0,8.434782608695652,22,2275,box,31.0,HARD,185.0,MID,75.0,HARD_MID,17.0,HARD,256.0,EASY_MID,22.0,HARD,315.0,EASY,44.0,HARD,50.0,HARD,31.0,HARD,124.0,HARD_MID,66.0,HARD,364,31.0,1
HOU,62.370370370370374,28.962962962962962,11.555555555555555,3.962962962962963,2.4444444444444446,11.703703703703704,0.8518518518518519,102.88888888888889,91.33333333333333,73.92592592592592,40.51851851851852,6.407407407407407,26,248,box,4.0,HARD,60.0,HARD,43.0,HARD,1.0,HARD,31.0,HARD,290.0,EASY_MID,343.0,EASY,5.0,HARD,5.0,HARD,6.0,HARD,34.0,HARD,2.0,HARD,364,4.0,1
HOW,67.91304347826087,27.217391304347824,11.956521739130435,5.608695652173913,4.130434782608695,13.347826086956522,1.1304347826086956,107.08695652173913,95.1304347826087,79.8695652173913,39.17391304347826,9.73913043478261,23,47,box,43.0,HARD,18.0,HARD,66.0,HARD,76.0,HARD_MID,325.0,EASY,349.0,EASY,354.0,EASY,25.0,HARD,19.0,HARD,39.0,HARD,14.0,HARD,184.0,MID,364,43.0,1
HPU,70.56,30.56,12.4,4.88,3.88,14.64,0.36,113.52,101.12,82.96,42.96,8.76,25,2272,box,87.0,HARD_MID,152.0,MID,97.0,HARD_MID,18.0,HARD,298.0,EASY,361.0,EASY,290.0,EASY_MID,97.0,HARD_MID,103.0,HARD_MID,86.0,HARD_MID,123.0,HARD_MID,87.0,HARD_MID,364,87.0,1
IDHO,72.6923076923077,30.76923076923077,11.0,6.1923076923076925,3.0,10.346153846153847,0.3076923076923077,114.46153846153847,103.46153846153847,83.6923076923077,41.76923076923077,9.192307692307692,26,70,box,139.0,HARD_MID,169.0,MID,23.0,HARD,146.0,MID,138.0,HARD_MID,166.0,MID,285.0,EASY_MID,113.0,HARD_MID,145.0,HARD_MID,92.0,HARD_MID,78.0,HARD_MID,115.0,HARD_MID,364,139.0,1
IDST,79.9090909090909,27.59090909090909,12.954545454545455,6.136363636363637,3.090909090909091,8.818181818181818,0.0,120.45454545454545,107.5,92.86363636363636,40.54545454545455,9.227272727272727,21,304,box,320.0,EASY,25.0,HARD,144.0,HARD_MID,140.0,HARD_MID,159.0,MID,45.0,HARD,1.0,HARD,210.0,MID,226.0,EASY_MID,283.0,EASY_MID,36.0,HARD,124.0,HARD_MID,364,320.0,1
ILL,68.14814814814815,27.22222222222222,13.592592592592593,5.074074074074074,2.3703703703703702,6.703703703703703,1.7777777777777777,108.96296296296296,95.37037037037037,81.74074074074075,40.81481481481482,7.444444444444445,27,356,box,52.0,HARD,19.0,HARD,203.0,MID,29.0,HARD,23.0,HARD,1.0,HARD,363.0,EASY,37.0,HARD,21.0,HARD,65.0,HARD,46.0,HARD,15.0,HARD,364,52.0,1
ILST,69.08695652173913,29.52173913043478,13.434782608695652,6.130434782608695,2.739130434782609,10.782608695652174,0.30434782608695654,112.04347826086956,98.6086956521739,82.52173913043478,42.95652173913044,8.869565217391305,23,2287,box,64.0,HARD,91.0,HARD_MID,190.0,MID,138.0,HARD_MID,83.0,HARD_MID,207.0,MID,282.0,EASY_MID,75.0,HARD_MID,62.0,HARD,75.0,HARD_MID,122.0,HARD_MID,94.0,HARD_MID,364,64.0,1
INST,76.9090909090909,31.954545454545453,12.681818181818182,7.7727272727272725,3.8636363636363638,9.090909090909092,0.0,121.54545454545455,108.86363636363636,89.5909090909091,44.63636363636363,11.636363636363637,22,282,box,255.0,EASY_MID,244.0,EASY_MID,118.0,HARD_MID,333.0,EASY,295.0,EASY,58.0,HARD,1.0,HARD,232.0,EASY_MID,260.0,EASY_MID,222.0,EASY_MID,196.0,MID,342.0,EASY,364,255.0,1
IONA,70.9047619047619,33.285714285714285,13.714285714285714,8.0,3.5714285714285716,10.333333333333334,0.0,117.9047619047619,104.19047619047619,84.61904761904762,47.0,11.571428571428571,21,314,box,98.0,HARD_MID,304.0,EASY,208.0,MID,340.0,EASY,257.0,EASY_MID,163.0,MID,1.0,HARD,171.0,MID,160.0,MID,118.0,HARD_MID,275.0,EASY_MID,340.0,EASY,364,98.0,1
IOWA,67.51851851851852,26.444444444444443,12.88888888888889,5.222222222222222,2.6296296296296298,11.407407407407407,1.1481481481481481,106.85185185185185,93.96296296296296,80.4074074074074,39.333333333333336,7.851851851851852,27,2294,box,38.0,HARD,8.0,HARD,139.0,HARD_MID,40.0,HARD,58.0,HARD,265.0,EASY_MID,355.0,EASY,20.0,HARD,11.0,HARD,48.0,HARD,18.0,HARD,29.0,HARD,364,38.0,1
ISU,66.11111111111111,29.444444444444443,12.555555555555555,6.888888888888889,4.222222222222222,13.37037037037037,0.7777777777777778,108.11111111111111,95.55555555555556,78.66666666666667,42.0,11.11111111111111,27,66,box,22.0,HARD,83.0,HARD_MID,112.0,HARD_MID,252.0,EASY_MID,334.0,EASY,350.0,EASY,337.0,EASY,31.0,HARD,27.0,HARD,29.0,HARD,90.0,HARD_MID,319.0,EASY,364,22.0,1
IU,74.54545454545455,29.636363636363637,12.954545454545455,5.636363636363637,2.5,7.863636363636363,0.0,117.13636363636364,104.18181818181819,87.5,42.59090909090909,8.136363636363637,22,84,box,188.0,MID,98.0,HARD_MID,144.0,HARD_MID,78.0,HARD_MID,38.0,HARD,10.0,HARD,1.0,HARD,158.0,MID,159.0,MID,173.0,MID,108.0,HARD_MID,47.0,HARD,364,188.0,1
IUIN,85.2,33.0,14.85,7.5,2.9,13.05,0.0,133.05,118.2,100.05,47.85,10.4,20,85,box,357.0,EASY,289.0,EASY_MID,276.0,EASY_MID,316.0,EASY,110.0,HARD_MID,340.0,EASY,1.0,HARD,346.0,EASY,349.0,EASY,352.0,EASY,305.0,EASY,254.0,EASY_MID,364,357.0,1
JAX,74.36363636363636,28.318181818181817,12.681818181818182,6.0,2.3636363636363638,8.636363636363637,0.0,115.36363636363636,102.68181818181819,87.04545454545455,41.0,8.363636363636363,22,294,box,184.0,MID,37.0,HARD,118.0,HARD_MID,117.0,HARD_MID,21.0,HARD,37.0,HARD,1.0,HARD,123.0,HARD_MID,125.0,HARD_MID,166.0,MID,50.0,HARD,60.0,HARD,364,184.0,1
JKST,81.04347826086956,34.30434782608695,16.08695652173913,7.6521739130434785,3.9565217391304346,11.782608695652174,0.0,131.43478260869566,115.34782608695652,97.1304347826087,50.391304347826086,11.608695652173912,23,2296,box,332.0,EASY,335.0,EASY,330.0,EASY,328.0,EASY,304.0,EASY,293.0,EASY,1.0,HARD,342.0,EASY,341.0,EASY,334.0,EASY,340.0,EASY,341.0,EASY,364,332.0,1
JMU,73.68181818181819,29.818181818181817,10.681818181818182,6.7272727272727275,3.727272727272727,6.909090909090909,0.0,114.18181818181819,103.5,84.36363636363636,40.5,10.454545454545455,22,256,box,164.0,MID,106.0,HARD_MID,16.0,HARD,235.0,EASY_MID,277.0,EASY_MID,2.0,HARD,1.0,HARD,108.0,HARD_MID,147.0,MID,109.0,HARD_MID,33.0,HARD,258.0,EASY_MID,364,164.0,1
JOES,68.44,32.52,12.96,6.48,3.28,9.52,0.52,113.92,100.96,81.4,45.48,9.76,25,2603,box,56.0,HARD,269.0,EASY_MID,148.0,MID,200.0,MID,201.0,MID,91.0,HARD_MID,312.0,EASY,104.0,HARD_MID,100.0,HARD_MID,60.0,HARD,223.0,EASY_MID,187.0,MID,364,56.0,1
JXST,70.82608695652173,28.130434782608695,12.043478260869565,6.043478260869565,3.391304347826087,10.08695652173913,0.0,111.0,98.95652173913044,82.8695652173913,40.17391304347826,9.434782608695652,23,55,box,96.0,HARD_MID,32.0,HARD,71.0,HARD,126.0,HARD_MID,220.0,EASY_MID,136.0,HARD_MID,1.0,HARD,59.0,HARD,69.0,HARD,83.0,HARD_MID,28.0,HARD,153.0,MID,364,96.0,1
KC,85.45,36.85,15.8,7.45,3.75,10.75,0.0,138.1,122.3,101.25,52.65,11.2,20,140,box,359.0,EASY,361.0,EASY,314.0,EASY,312.0,EASY,282.0,EASY_MID,203.0,MID,1.0,HARD,360.0,EASY,362.0,EASY,355.0,EASY,357.0,EASY,324.0,EASY,364,359.0,1
KENN,76.28,31.4,12.96,7.56,4.88,10.52,0.2,120.64,107.68,89.24,44.36,12.44,24,338,box,239.0,EASY_MID,216.0,MID,148.0,MID,323.0,EASY,362.0,EASY,184.0,MID,264.0,EASY_MID,213.0,MID,231.0,EASY_MID,216.0,MID,180.0,MID,355.0,EASY,364,239.0,1
KENT,79.08333333333333,31.208333333333332,14.791666666666666,7.416666666666667,3.2916666666666665,10.541666666666666,0.5416666666666666,125.08333333333333,110.29166666666667,93.875,46.0,10.708333333333334,24,2309,box,309.0,EASY,206.0,MID,273.0,EASY_MID,309.0,EASY,203.0,MID,189.0,MID,317.0,EASY,289.0,EASY_MID,289.0,EASY_MID,303.0,EASY,236.0,EASY_MID,282.0,EASY_MID,364,309.0,1
KSU,84.33333333333333,35.95238095238095,17.142857142857142,7.380952380952381,4.523809523809524,11.761904761904763,0.0,137.42857142857142,120.28571428571429,101.47619047619048,53.095238095238095,11.904761904761905,21,2306,box,354.0,EASY,354.0,EASY,352.0,EASY,306.0,EASY,351.0,EASY,291.0,EASY_MID,1.0,HARD,358.0,EASY,357.0,EASY,356.0,EASY,359.0,EASY,347.0,EASY,364,354.0,1
KU,71.2,34.72,11.72,6.48,3.16,8.88,0.6,117.64,105.92,82.92,46.44,9.64,25,2305,box,103.0,HARD_MID,343.0,EASY,51.0,HARD,200.0,MID,170.0,MID,47.0,HARD,323.0,EASY,165.0,MID,195.0,MID,85.0,HARD_MID,257.0,EASY_MID,176.0,MID,364,103.0,1
L-MD,77.5,31.7,15.9,5.35,2.55,9.4,0.0,125.1,109.2,93.4,47.6,7.9,20,2352,box,268.0,EASY_MID,233.0,EASY_MID,321.0,EASY,52.0,HARD,48.0,HARD,79.0,HARD_MID,1.0,HARD,291.0,EASY_MID,267.0,EASY_MID,290.0,EASY_MID,297.0,EASY,31.0,HARD,364,268.0,1
LAF,74.14285714285714,31.80952380952381,15.904761904761905,4.809523809523809,2.9047619047619047,9.380952380952381,0.0,121.85714285714286,105.95238095238095,90.04761904761905,47.714285714285715,7.714285714285714,21,322,box,178.0,MID,236.0,EASY_MID,322.0,EASY,15.0,HARD,112.0,HARD_MID,78.0,HARD_MID,1.0,HARD,240.0,EASY_MID,196.0,MID,234.0,EASY_MID,300.0,EASY,21.0,HARD,364,178.0,1
LAM,70.5909090909091,29.272727272727273,14.0,7.7272727272727275,3.409090909090909,10.0,0.0,113.86363636363636,99.86363636363636,84.5909090909091,43.27272727272727,11.136363636363637,22,2320,box,89.0,HARD_MID,74.0,HARD_MID,225.0,EASY_MID,331.0,EASY,223.0,EASY_MID,124.0,HARD_MID,1.0,HARD,101.0,HARD_MID,82.0,HARD_MID,116.0,HARD_MID,137.0,HARD_MID,320.0,EASY,364,89.0,1
LAS,77.42857142857143,32.714285714285715,16.714285714285715,6.571428571428571,4.476190476190476,10.523809523809524,0.0,126.85714285714286,110.14285714285714,94.14285714285714,49.42857142857143,11.047619047619047,21,2325,box,266.0,EASY_MID,279.0,EASY_MID,344.0,EASY,215.0,MID,345.0,EASY,188.0,MID,1.0,HARD,315.0,EASY,286.0,EASY_MID,308.0,EASY,332.0,EASY,315.0,EASY,364,266.0,1
LBSU,77.57142857142857,31.523809523809526,14.476190476190476,6.761904761904762,3.0476190476190474,12.142857142857142,0.0,123.57142857142857,109.0952380952381,92.04761904761905,46.0,9.80952380952381,21,299,box,271.0,EASY_MID,223.0,EASY_MID,255.0,EASY_MID,237.0,EASY_MID,152.0,MID,312.0,EASY,1.0,HARD,266.0,EASY_MID,266.0,EASY_MID,273.0,EASY_MID,236.0,EASY_MID,190.0,MID,364,271.0,1
LEH,73.625,31.208333333333332,11.833333333333334,7.833333333333333,2.4583333333333335,10.083333333333334,0.125,116.66666666666667,104.83333333333333,85.45833333333333,43.041666666666664,10.291666666666666,24,2329,box,162.0,MID,206.0,MID,58.0,HARD,335.0,EASY,34.0,HARD,133.0,HARD_MID,262.0,EASY_MID,147.0,MID,171.0,MID,136.0,HARD_MID,127.0,HARD_MID,249.0,EASY_MID,364,162.0,1
LEM,71.54545454545455,33.95454545454545,13.045454545454545,7.454545454545454,3.272727272727273,9.727272727272727,0.0,118.54545454545455,105.5,84.5909090909091,47.0,10.727272727272727,22,2330,box,113.0,HARD_MID,325.0,EASY,157.0,MID,313.0,EASY,199.0,MID,102.0,HARD_MID,1.0,HARD,176.0,MID,187.0,MID,116.0,HARD_MID,275.0,EASY_MID,286.0,EASY_MID,364,113.0,1
LIB,71.83333333333333,31.291666666666668,11.875,5.291666666666667,2.9166666666666665,10.333333333333334,0.20833333333333334,115.0,103.125,83.70833333333333,43.166666666666664,8.208333333333334,24,2335,box,118.0,HARD_MID,210.0,MID,62.0,HARD,46.0,HARD,123.0,HARD_MID,163.0,MID,266.0,EASY_MID,118.0,HARD_MID,136.0,HARD_MID,93.0,HARD_MID,132.0,HARD_MID,50.0,HARD,364,118.0,1
LIP,76.5909090909091,33.59090909090909,13.090909090909092,6.7727272727272725,2.9545454545454546,11.5,0.0,123.27272727272727,110.18181818181819,89.68181818181819,46.68181818181818,9.727272727272727,22,288,box,247.0,EASY_MID,315.0,EASY,163.0,MID,238.0,EASY_MID,130.0,HARD_MID,273.0,EASY_MID,1.0,HARD,261.0,EASY_MID,287.0,EASY_MID,224.0,EASY_MID,267.0,EASY_MID,182.0,MID,364,247.0,1
LIU,68.64,29.16,12.24,6.8,3.2,11.68,0.24,110.04,97.8,80.88,41.4,10.0,25,112358,box,60.0,HARD,68.0,HARD,82.0,HARD_MID,240.0,EASY_MID,183.0,MID,286.0,EASY_MID,273.0,EASY_MID,46.0,HARD,46.0,HARD,53.0,HARD,62.0,HARD,221.0,EASY_MID,364,60.0,1
LMU,73.95454545454545,33.13636363636363,13.0,5.863636363636363,2.590909090909091,10.181818181818182,0.0,120.0909090909091,107.0909090909091,86.95454545454545,46.13636363636363,8.454545454545455,22,2351,box,173.0,MID,299.0,EASY,150.0,MID,96.0,HARD_MID,52.0,HARD,151.0,MID,1.0,HARD,203.0,MID,220.0,EASY_MID,163.0,MID,239.0,EASY_MID,68.0,HARD,364,173.0,1
LONG,73.3,27.85,11.5,7.65,3.5,13.65,0.0,112.65,101.15,84.8,39.35,11.15,20,2344,box,152.0,MID,27.0,HARD,41.0,HARD,327.0,EASY,240.0,EASY_MID,354.0,EASY,1.0,HARD,84.0,HARD_MID,104.0,HARD_MID,120.0,HARD_MID,19.0,HARD,321.0,EASY,364,152.0,1
LOU,74.28,30.32,13.24,7.16,3.84,10.4,0.64,117.84,104.6,87.52,43.56,11.0,25,97,box,181.0,MID,140.0,HARD_MID,176.0,MID,286.0,EASY_MID,292.0,EASY,171.0,MID,327.0,EASY,169.0,MID,165.0,MID,174.0,MID,144.0,HARD_MID,311.0,EASY,364,181.0,1
LR,71.5,34.72727272727273,12.772727272727273,6.681818181818182,2.409090909090909,11.863636363636363,0.0,119.0,106.22727272727273,84.27272727272727,47.5,9.090909090909092,22,2031,box,112.0,HARD_MID,344.0,EASY,127.0,HARD_MID,230.0,EASY_MID,26.0,HARD,300.0,EASY,1.0,HARD,182.0,MID,205.0,MID,107.0,HARD_MID,295.0,EASY,111.0,HARD_MID,364,112.0,1
LSU,82.0909090909091,32.45454545454545,13.136363636363637,7.090909090909091,3.5,8.545454545454545,0.0,127.68181818181819,114.54545454545455,95.22727272727273,45.59090909090909,10.590909090909092,22,99,box,338.0,EASY,267.0,EASY_MID,165.0,MID,277.0,EASY_MID,240.0,EASY_MID,33.0,HARD,1.0,HARD,321.0,EASY,336.0,EASY,323.0,EASY,228.0,EASY_MID,270.0,EASY_MID,364,338.0,1
LT,67.92,28.8,12.68,6.76,3.96,10.96,0.2,109.4,96.72,80.6,41.48,10.72,25,2348,box,44.0,HARD,52.0,HARD,117.0,HARD_MID,236.0,EASY_MID,308.0,EASY,222.0,EASY_MID,264.0,EASY_MID,38.0,HARD,36.0,HARD,51.0,HARD,68.0,HARD,285.0,EASY_MID,364,44.0,1
LUC,76.04347826086956,30.08695652173913,15.826086956521738,7.826086956521739,4.173913043478261,7.826086956521739,0.0,121.95652173913044,106.1304347826087,91.8695652173913,45.91304347826087,12.0,23,2350,box,229.0,EASY_MID,125.0,HARD_MID,317.0,EASY,334.0,EASY,330.0,EASY,7.0,HARD,1.0,HARD,244.0,EASY_MID,201.0,MID,271.0,EASY_MID,233.0,EASY_MID,349.0,EASY,364,229.0,1
M-OH,78.16666666666667,30.375,13.291666666666666,5.916666666666667,2.25,11.416666666666666,0.5833333333333334,121.83333333333333,108.54166666666667,91.45833333333333,43.666666666666664,8.166666666666666,24,193,box,287.0,EASY_MID,143.0,HARD_MID,179.0,MID,105.0,HARD_MID,14.0,HARD,267.0,EASY_MID,322.0,EASY,239.0,EASY_MID,252.0,EASY_MID,263.0,EASY_MID,146.0,MID,48.0,HARD,364,287.0,1
MAN,76.0952380952381,34.80952380952381,18.047619047619047,5.380952380952381,4.238095238095238,10.761904761904763,0.0,128.95238095238096,110.9047619047619,94.14285714285714,52.857142857142854,9.619047619047619,21,2363,box,231.0,EASY_MID,347.0,EASY,360.0,EASY,56.0,HARD,336.0,EASY,204.0,MID,1.0,HARD,328.0,EASY,298.0,EASY,308.0,EASY,358.0,EASY,172.0,MID,364,231.0,1
MARQ,75.5,35.13636363636363,16.045454545454547,7.045454545454546,3.6818181818181817,11.818181818181818,0.0,126.68181818181819,110.63636363636364,91.54545454545455,51.18181818181818,10.727272727272727,22,269,box,216.0,MID,351.0,EASY,329.0,EASY,272.0,EASY_MID,271.0,EASY_MID,296.0,EASY,1.0,HARD,313.0,EASY,296.0,EASY,266.0,EASY_MID,351.0,EASY,286.0,EASY_MID,364,216.0,1
MASS,78.0,28.565217391304348,15.434782608695652,7.086956521739131,2.652173913043478,10.521739130434783,0.0,122.0,106.56521739130434,93.43478260869566,44.0,9.73913043478261,23,113,box,284.0,EASY_MID,42.0,HARD,301.0,EASY,275.0,EASY_MID,60.0,HARD,186.0,MID,1.0,HARD,245.0,EASY_MID,209.0,MID,292.0,EASY,162.0,MID,184.0,MID,364,284.0,1
MCN,67.47826086956522,30.695652173913043,12.304347826086957,4.304347826086956,2.217391304347826,14.347826086956522,0.391304347826087,110.47826086956522,98.17391304347827,79.78260869565217,43.0,6.521739130434782,22,2377,box,37.0,HARD,163.0,MID,89.0,HARD_MID,4.0,HARD,12.0,HARD,359.0,EASY,297.0,EASY,51.0,HARD,53.0,HARD,37.0,HARD,124.0,HARD_MID,3.0,HARD,364,37.0,1
MD,75.73913043478261,28.304347826086957,15.782608695652174,5.913043478260869,3.1739130434782608,7.391304347826087,0.0,119.82608695652173,104.04347826086956,91.52173913043478,44.08695652173913,9.08695652173913,23,120,box,223.0,EASY_MID,35.0,HARD,313.0,EASY,103.0,HARD_MID,175.0,MID,5.0,HARD,1.0,HARD,196.0,MID,155.0,MID,265.0,EASY_MID,168.0,MID,110.0,HARD_MID,364,223.0,1
ME,67.15789473684211,32.78947368421053,12.736842105263158,5.105263157894737,2.6842105263157894,12.578947368421053,0.0,112.6842105263158,99.94736842105263,79.89473684210526,45.526315789473685,7.7894736842105265,19,311,box,33.0,HARD,280.0,EASY_MID,122.0,HARD_MID,30.0,HARD,72.0,HARD,328.0,EASY,1.0,HARD,85.0,HARD_MID,85.0,HARD_MID,40.0,HARD,224.0,EASY_MID,27.0,HARD,364,33.0,1
MEM,76.52173913043478,33.30434782608695,12.956521739130435,8.478260869565217,4.3478260869565215,12.869565217391305,0.0,122.78260869565217,109.82608695652173,89.47826086956522,46.26086956521739,12.826086956521738,23,235,box,243.0,EASY_MID,305.0,EASY,146.0,MID,355.0,EASY,341.0,EASY,335.0,EASY,1.0,HARD,253.0,EASY_MID,281.0,EASY_MID,220.0,EASY_MID,247.0,EASY_MID,358.0,EASY,364,243.0,1
MER,76.13636363636364,30.954545454545453,11.772727272727273,6.0,2.9545454545454546,11.0,0.0,118.86363636363636,107.0909090909091,87.9090909090909,42.72727272727273,8.954545454545455,22,2382,box,234.0,EASY_MID,187.0,MID,54.0,HARD,117.0,HARD_MID,130.0,HARD_MID,225.0,EASY_MID,1.0,HARD,179.0,MID,220.0,EASY_MID,183.0,MID,113.0,HARD_MID,103.0,HARD_MID,364,234.0,1
MERC,68.25,31.708333333333332,12.333333333333334,5.0,2.0833333333333335,11.625,0.0,112.29166666666667,99.95833333333333,80.58333333333333,44.041666666666664,7.083333333333333,24,2385,box,53.0,HARD,234.0,EASY_MID,91.0,HARD_MID,25.0,HARD,7.0,HARD,281.0,EASY_MID,1.0,HARD,80.0,HARD_MID,87.0,HARD_MID,50.0,HARD,165.0,MID,4.0,HARD,364,53.0,1
MIA,73.56,26.52,14.48,6.56,4.08,10.96,0.72,114.56,100.08,88.04,41.0,10.64,25,2390,box,158.0,MID,9.0,HARD,258.0,EASY_MID,212.0,MID,317.0,EASY,222.0,EASY_MID,332.0,EASY,115.0,HARD_MID,88.0,HARD_MID,188.0,MID,50.0,HARD,277.0,EASY_MID,364,158.0,1
MICH,68.61290322580645,27.161290322580644,11.32258064516129,6.0,2.903225806451613,9.580645161290322,1.8709677419354838,107.09677419354838,95.7741935483871,79.93548387096774,38.483870967741936,8.903225806451612,31,130,box,59.0,HARD,15.0,HARD,32.0,HARD,117.0,HARD_MID,111.0,HARD_MID,93.0,HARD_MID,364.0,EASY,26.0,HARD,29.0,HARD,41.0,HARD,10.0,HARD,98.0,HARD_MID,364,59.0,1
MILW,78.30434782608695,29.956521739130434,15.434782608695652,5.913043478260869,3.5217391304347827,9.826086956521738,0.0,123.69565217391305,108.26086956521739,93.73913043478261,45.391304347826086,9.434782608695652,23,270,box,289.0,EASY_MID,112.0,HARD_MID,301.0,EASY,103.0,HARD_MID,252.0,EASY_MID,110.0,HARD_MID,1.0,HARD,269.0,EASY_MID,244.0,EASY_MID,296.0,EASY,217.0,MID,153.0,MID,364,289.0,1
MINN,68.04545454545455,29.318181818181817,15.863636363636363,5.363636363636363,3.1818181818181817,10.136363636363637,0.0,113.22727272727273,97.36363636363636,83.9090909090909,45.18181818181818,8.545454545454545,22,135,box,48.0,HARD,78.0,HARD_MID,318.0,EASY,53.0,HARD,179.0,MID,144.0,HARD_MID,1.0,HARD,93.0,HARD_MID,43.0,HARD,95.0,HARD_MID,213.0,MID,74.0,HARD_MID,364,48.0,1
MISS,78.92307692307692,34.15384615384615,15.038461538461538,5.538461538461538,2.8461538461538463,10.423076923076923,0.0,128.1153846153846,113.07692307692308,93.96153846153847,49.19230769230769,8.384615384615385,26,145,box,306.0,EASY,331.0,EASY,285.0,EASY_MID,70.0,HARD,101.0,HARD_MID,173.0,MID,1.0,HARD,323.0,EASY,324.0,EASY,306.0,EASY,325.0,EASY,62.0,HARD,364,306.0,1
MIZ,77.86363636363636,30.954545454545453,13.727272727272727,6.681818181818182,4.0,10.090909090909092,0.5,122.54545454545455,108.81818181818181,91.5909090909091,44.68181818181818,10.681818181818182,22,142,box,282.0,EASY_MID,187.0,MID,209.0,MID,230.0,EASY_MID,309.0,EASY,137.0,HARD_MID,310.0,EASY,251.0,EASY_MID,259.0,EASY_MID,267.0,EASY_MID,198.0,MID,281.0,EASY_MID,364,282.0,1
MONM,70.125,32.5,12.0,6.25,2.9166666666666665,13.041666666666666,0.0,114.625,102.625,82.125,44.5,9.166666666666666,24,2405,box,79.0,HARD_MID,268.0,EASY_MID,68.0,HARD,154.0,MID,123.0,HARD_MID,339.0,EASY,1.0,HARD,116.0,HARD_MID,124.0,HARD_MID,71.0,HARD,190.0,MID,113.0,HARD_MID,364,79.0,1
MONT,75.56521739130434,31.217391304347824,13.043478260869565,7.521739130434782,2.4347826086956523,9.869565217391305,0.0,119.82608695652173,106.78260869565217,88.6086956521739,44.26086956521739,9.956521739130435,23,149,box,219.0,EASY_MID,208.0,MID,155.0,MID,318.0,EASY,30.0,HARD,115.0,HARD_MID,1.0,HARD,196.0,MID,213.0,MID,204.0,MID,176.0,MID,219.0,EASY_MID,364,219.0,1
MORE,71.34782608695652,28.782608695652176,13.08695652173913,6.565217391304348,3.347826086956522,9.434782608695652,0.0,113.21739130434783,100.1304347826087,84.43478260869566,41.869565217391305,9.91304347826087,23,2413,box,111.0,HARD_MID,51.0,HARD,161.0,MID,213.0,MID,215.0,MID,83.0,HARD_MID,1.0,HARD,92.0,HARD_MID,89.0,HARD_MID,113.0,HARD_MID,82.0,HARD_MID,212.0,MID,364,111.0,1
MORG,76.45,33.65,13.5,6.4,3.4,11.3,0.0,123.6,110.1,89.95,47.15,9.8,20,2415,box,242.0,EASY_MID,317.0,EASY,195.0,MID,186.0,MID,222.0,EASY_MID,256.0,EASY_MID,1.0,HARD,267.0,EASY_MID,285.0,EASY_MID,230.0,EASY_MID,284.0,EASY_MID,189.0,MID,364,242.0,1
MOST,73.44,30.04,11.92,6.44,4.48,10.44,0.0,115.4,103.48,85.36,41.96,10.92,25,2623,box,156.0,MID,120.0,HARD_MID,64.0,HARD,191.0,MID,348.0,EASY,175.0,MID,1.0,HARD,124.0,HARD_MID,146.0,MID,133.0,HARD_MID,87.0,HARD_MID,306.0,EASY,364,156.0,1
MRMK,63.18181818181818,32.86363636363637,12.727272727272727,4.318181818181818,3.6818181818181817,11.909090909090908,0.0,108.77272727272727,96.04545454545455,75.9090909090909,45.59090909090909,8.0,22,2771,box,6.0,HARD,282.0,EASY_MID,121.0,HARD_MID,5.0,HARD,271.0,EASY_MID,304.0,EASY,1.0,HARD,34.0,HARD,30.0,HARD,10.0,HARD,228.0,EASY_MID,38.0,HARD,364,6.0,1
MRSH,78.38095238095238,32.04761904761905,11.333333333333334,6.428571428571429,2.761904761904762,11.095238095238095,0.0,121.76190476190476,110.42857142857143,89.71428571428571,43.38095238095238,9.19047619047619,21,276,box,293.0,EASY,247.0,EASY_MID,33.0,HARD,190.0,MID,90.0,HARD_MID,233.0,EASY_MID,1.0,HARD,238.0,EASY_MID,292.0,EASY,225.0,EASY_MID,139.0,HARD_MID,114.0,HARD_MID,364,293.0,1
MRST,64.63636363636364,32.0,10.318181818181818,6.363636363636363,3.4545454545454546,11.636363636363637,0.0,106.95454545454545,96.63636363636364,74.95454545454545,42.31818181818182,9.818181818181818,22,2368,box,11.0,HARD,245.0,EASY_MID,8.0,HARD,179.0,MID,230.0,EASY_MID,282.0,EASY_MID,1.0,HARD,23.0,HARD,35.0,HARD,9.0,HARD,98.0,HARD_MID,192.0,MID,364,11.0,1
MSM,65.38095238095238,28.857142857142858,11.857142857142858,8.095238095238095,2.619047619047619,10.952380952380953,0.0,106.0952380952381,94.23809523809524,77.23809523809524,40.714285714285715,10.714285714285714,21,116,box,14.0,HARD,54.0,HARD,60.0,HARD,345.0,EASY,57.0,HARD,216.0,MID,1.0,HARD,13.0,HARD,12.0,HARD,17.0,HARD,43.0,HARD,283.0,EASY_MID,364,14.0,1
MSST,83.5,35.04545454545455,15.090909090909092,7.136363636363637,4.090909090909091,8.545454545454545,0.0,133.63636363636363,118.54545454545455,98.5909090909091,50.13636363636363,11.227272727272727,22,344,box,346.0,EASY,350.0,EASY,288.0,EASY_MID,280.0,EASY_MID,318.0,EASY,33.0,HARD,1.0,HARD,350.0,EASY,350.0,EASY,343.0,EASY,338.0,EASY,328.0,EASY,364,346.0,1
MSU,70.88461538461539,24.884615384615383,14.153846153846153,6.346153846153846,3.0384615384615383,8.538461538461538,1.0769230769230769,109.92307692307692,95.76923076923077,85.03846153846153,39.03846153846154,9.384615384615385,26,127,box,97.0,HARD_MID,2.0,HARD,237.0,EASY_MID,174.0,MID,145.0,HARD_MID,32.0,HARD,349.0,EASY,43.0,HARD,28.0,HARD,125.0,HARD_MID,13.0,HARD,141.0,HARD_MID,364,97.0,1
MTST,72.33333333333333,30.476190476190474,11.238095238095237,5.0,2.2857142857142856,10.285714285714286,0.0,114.04761904761905,102.80952380952381,83.57142857142857,41.714285714285715,7.285714285714286,21,147,box,124.0,HARD_MID,148.0,MID,29.0,HARD,25.0,HARD,17.0,HARD,159.0,MID,1.0,HARD,107.0,HARD_MID,128.0,HARD_MID,91.0,HARD_MID,74.0,HARD_MID,10.0,HARD,364,124.0,1
MTSU,72.56521739130434,30.26086956521739,11.695652173913043,6.565217391304348,2.652173913043478,10.173913043478262,0.0,114.52173913043478,102.82608695652173,84.26086956521739,41.95652173913044,9.217391304347826,23,2393,box,132.0,HARD_MID,135.0,HARD_MID,49.0,HARD,213.0,MID,60.0,HARD,149.0,MID,1.0,HARD,114.0,HARD_MID,130.0,HARD_MID,106.0,HARD_MID,85.0,HARD_MID,121.0,HARD_MID,364,132.0,1
MUR,81.8695652173913,31.434782608695652,13.695652173913043,6.260869565217392,2.739130434782609,10.130434782608695,0.30434782608695654,127.0,113.30434782608695,95.56521739130434,45.130434782608695,9.0,23,93,box,336.0,EASY,218.0,MID,207.0,MID,159.0,MID,83.0,HARD_MID,142.0,HARD_MID,282.0,EASY_MID,318.0,EASY,326.0,EASY,327.0,EASY,210.0,MID,104.0,HARD_MID,364,336.0,1
MVSU,79.78260869565217,32.56521739130435,14.521739130434783,8.173913043478262,3.739130434782609,11.956521739130435,0.0,126.8695652173913,112.34782608695652,94.30434782608695,47.08695652173913,11.91304347826087,23,2400,box,317.0,EASY,273.0,EASY_MID,261.0,EASY_MID,347.0,EASY,279.0,EASY_MID,307.0,EASY,1.0,HARD,316.0,EASY,319.0,EASY,312.0,EASY,282.0,EASY_MID,348.0,EASY,364,317.0,1
NAU,77.0909090909091,31.59090909090909,13.227272727272727,5.181818181818182,2.772727272727273,10.590909090909092,0.0,121.9090909090909,108.68181818181819,90.31818181818181,44.81818181818182,7.954545454545454,22,2464,box,260.0,EASY_MID,226.0,EASY_MID,174.0,MID,36.0,HARD,92.0,HARD_MID,194.0,MID,1.0,HARD,242.0,EASY_MID,256.0,EASY_MID,238.0,EASY_MID,200.0,MID,35.0,HARD,364,260.0,1
NAVY,62.0,26.73913043478261,11.73913043478261,5.608695652173913,2.3043478260869565,11.782608695652174,0.34782608695652173,100.47826086956522,88.73913043478261,73.73913043478261,38.47826086956522,7.913043478260869,23,2426,box,2.0,HARD,12.0,HARD,53.0,HARD,76.0,HARD_MID,18.0,HARD,293.0,EASY,288.0,EASY_MID,3.0,HARD,2.0,HARD,5.0,HARD,9.0,HARD,34.0,HARD,364,2.0,1
NCAT,78.85714285714286,28.761904761904763,15.80952380952381,6.333333333333333,2.9523809523809526,8.476190476190476,0.0,123.42857142857143,107.61904761904762,94.66666666666667,44.57142857142857,9.285714285714286,21,2448,box,303.0,EASY,50.0,HARD,315.0,EASY,173.0,MID,125.0,HARD_MID,29.0,HARD,1.0,HARD,263.0,EASY_MID,228.0,EASY_MID,315.0,EASY,195.0,MID,133.0,HARD_MID,364,303.0,1
NCCU,73.15,31.95,14.2,6.1,3.3,14.0,0.25,119.3,105.1,87.35,46.15,9.4,19,2428,box,149.0,MID,243.0,EASY_MID,240.0,EASY_MID,136.0,HARD_MID,204.0,MID,356.0,EASY,275.0,EASY_MID,189.0,MID,180.0,MID,172.0,MID,240.0,EASY_MID,143.0,HARD_MID,364,149.0,1
NCSU,77.75,34.25,12.916666666666666,4.791666666666667,3.1666666666666665,11.208333333333334,0.20833333333333334,124.91666666666667,112.0,90.66666666666667,47.166666666666664,7.958333333333333,24,152,box,277.0,EASY_MID,334.0,EASY,140.0,HARD_MID,14.0,HARD,172.0,MID,247.0,EASY_MID,266.0,EASY_MID,287.0,EASY_MID,314.0,EASY,247.0,EASY_MID,285.0,EASY_MID,36.0,HARD,364,277.0,1
ND,79.89473684210526,32.36842105263158,14.68421052631579,6.578947368421052,2.8421052631578947,8.263157894736842,0.0,126.94736842105263,112.26315789473684,94.57894736842105,47.05263157894737,9.421052631578947,19,87,box,318.0,EASY,262.0,EASY_MID,268.0,EASY_MID,217.0,MID,100.0,HARD_MID,25.0,HARD,1.0,HARD,317.0,EASY,318.0,EASY,314.0,EASY,281.0,EASY_MID,148.0,MID,364,318.0,1
NDSU,70.52173913043478,27.565217391304348,14.347826086956522,6.086956521739131,3.1739130434782608,11.782608695652174,0.43478260869565216,112.43478260869566,98.08695652173913,84.8695652173913,41.91304347826087,9.26086956521739,23,2449,box,86.0,HARD_MID,24.0,HARD,244.0,EASY_MID,135.0,HARD_MID,175.0,MID,293.0,EASY,304.0,EASY,82.0,HARD_MID,52.0,HARD,122.0,HARD_MID,84.0,HARD_MID,127.0,HARD_MID,364,86.0,1
NE,84.0909090909091,32.31818181818182,14.954545454545455,5.7272727272727275,3.590909090909091,9.954545454545455,0.0,131.36363636363637,116.4090909090909,99.04545454545455,47.27272727272727,9.318181818181818,22,111,box,353.0,EASY,257.0,EASY_MID,282.0,EASY_MID,85.0,HARD_MID,261.0,EASY_MID,121.0,HARD_MID,1.0,HARD,341.0,EASY,343.0,EASY,345.0,EASY,288.0,EASY_MID,138.0,HARD_MID,364,353.0,1
NEB,65.76,30.4,14.64,4.96,2.48,11.88,1.36,110.8,96.16,80.4,45.04,7.44,25,158,box,16.0,HARD,145.0,HARD_MID,266.0,EASY_MID,24.0,HARD,37.0,HARD,301.0,EASY,360.0,EASY,54.0,HARD,33.0,HARD,47.0,HARD,208.0,MID,14.0,HARD,364,16.0,1
NEV,71.28,29.48,13.0,6.28,3.44,11.12,0.44,113.76,100.76,84.28,42.48,9.72,25,2440,box,106.0,HARD_MID,88.0,HARD_MID,150.0,MID,164.0,MID,227.0,EASY_MID,236.0,EASY_MID,306.0,EASY,100.0,HARD_MID,97.0,HARD_MID,108.0,HARD_MID,106.0,HARD_MID,181.0,MID,364,106.0,1
NHVN,66.35,30.8,12.3,5.6,2.2,10.2,0.0,109.45,97.15,78.65,43.1,7.8,20,2441,box,23.0,HARD,173.0,MID,88.0,HARD_MID,75.0,HARD_MID,11.0,HARD,153.0,MID,1.0,HARD,40.0,HARD,40.0,HARD,28.0,HARD,130.0,HARD_MID,28.0,HARD,364,23.0,1
NIA,68.95,29.45,12.4,6.65,2.7,9.4,0.0,110.8,98.4,81.35,41.85,9.35,20,315,box,62.0,HARD,84.0,HARD_MID,97.0,HARD_MID,225.0,EASY_MID,75.0,HARD_MID,79.0,HARD_MID,1.0,HARD,54.0,HARD,59.0,HARD,58.0,HARD,81.0,HARD_MID,139.0,HARD_MID,364,62.0,1
NICH,73.875,31.166666666666668,14.125,6.25,2.9583333333333335,13.208333333333334,0.0,119.16666666666667,105.04166666666667,88.0,45.291666666666664,9.208333333333334,24,2447,box,171.0,MID,203.0,MID,234.0,EASY_MID,154.0,MID,136.0,HARD_MID,345.0,EASY,1.0,HARD,186.0,MID,177.0,MID,187.0,MID,214.0,MID,119.0,HARD_MID,364,171.0,1
NIU,76.55,30.05,14.45,8.2,4.4,10.85,0.0,121.05,106.6,91.0,44.5,12.6,20,2459,box,246.0,EASY_MID,123.0,HARD_MID,253.0,EASY_MID,348.0,EASY,343.0,EASY,210.0,MID,1.0,HARD,223.0,EASY_MID,210.0,MID,257.0,EASY_MID,190.0,MID,357.0,EASY,364,246.0,1
NJIT,70.80952380952381,32.04761904761905,12.380952380952381,5.476190476190476,2.9523809523809526,11.238095238095237,0.0,115.23809523809524,102.85714285714286,83.19047619047619,44.42857142857143,8.428571428571429,21,2885,box,95.0,HARD_MID,247.0,EASY_MID,94.0,HARD_MID,64.0,HARD,125.0,HARD_MID,251.0,EASY_MID,1.0,HARD,122.0,HARD_MID,131.0,HARD_MID,89.0,HARD_MID,187.0,MID,65.0,HARD,364,95.0,1
NKU,79.5,32.22727272727273,14.454545454545455,6.045454545454546,2.4545454545454546,11.545454545454545,0.0,126.18181818181819,111.72727272727273,93.95454545454545,46.68181818181818,8.5,22,94,box,314.0,EASY,254.0,EASY_MID,254.0,EASY_MID,129.0,HARD_MID,33.0,HARD,278.0,EASY_MID,1.0,HARD,306.0,EASY,312.0,EASY,304.0,EASY,267.0,EASY_MID,70.0,HARD,364,314.0,1
NMSU,73.6086956521739,32.91304347826087,11.652173913043478,5.782608695652174,3.217391304347826,9.043478260869565,0.0,118.17391304347827,106.52173913043478,85.26086956521739,44.56521739130435,9.0,23,166,box,160.0,MID,285.0,EASY_MID,45.0,HARD,90.0,HARD_MID,188.0,MID,54.0,HARD,1.0,HARD,174.0,MID,208.0,MID,132.0,HARD_MID,194.0,MID,104.0,HARD_MID,364,160.0,1
NORF,74.38095238095238,28.80952380952381,14.380952380952381,7.0476190476190474,3.8095238095238093,12.80952380952381,0.0,117.57142857142857,103.19047619047619,88.76190476190476,43.19047619047619,10.857142857142858,21,2450,box,185.0,MID,53.0,HARD,248.0,EASY_MID,273.0,EASY_MID,288.0,EASY_MID,334.0,EASY,1.0,HARD,164.0,MID,137.0,HARD_MID,211.0,MID,133.0,HARD_MID,297.0,EASY,364,185.0,1
NU,72.33333333333333,31.5,16.333333333333332,4.75,2.5416666666666665,10.458333333333334,0.0,120.16666666666667,103.83333333333333,88.66666666666667,47.833333333333336,7.291666666666667,24,77,box,124.0,HARD_MID,222.0,EASY_MID,334.0,EASY,12.0,HARD,45.0,HARD,178.0,MID,1.0,HARD,206.0,MID,151.0,MID,205.0,MID,304.0,EASY,11.0,HARD,364,124.0,1
NWST,67.9090909090909,31.045454545454547,11.727272727272727,6.363636363636363,2.8636363636363638,10.545454545454545,0.0,110.68181818181819,98.95454545454545,79.63636363636364,42.77272727272727,9.227272727272727,22,2466,box,42.0,HARD,195.0,MID,52.0,HARD,179.0,MID,105.0,HARD_MID,190.0,MID,1.0,HARD,53.0,HARD,68.0,HARD,34.0,HARD,115.0,HARD_MID,124.0,HARD_MID,364,42.0,1
OAK,79.9047619047619,32.23809523809524,19.80952380952381,5.523809523809524,4.571428571428571,10.666666666666666,0.0,131.95238095238096,112.14285714285714,99.71428571428571,52.04761904761905,10.095238095238095,21,2473,box,319.0,EASY,255.0,EASY_MID,364.0,EASY,69.0,HARD,352.0,EASY,199.0,MID,1.0,HARD,343.0,EASY,316.0,EASY,349.0,EASY,355.0,EASY,232.0,EASY_MID,364,319.0,1
ODU,77.77272727272727,33.90909090909091,12.863636363636363,6.454545454545454,4.136363636363637,9.727272727272727,0.0,124.54545454545455,111.68181818181819,90.63636363636364,46.77272727272727,10.590909090909092,22,295,box,279.0,EASY_MID,324.0,EASY,135.0,HARD_MID,195.0,MID,327.0,EASY,102.0,HARD_MID,1.0,HARD,280.0,EASY_MID,311.0,EASY,245.0,EASY_MID,273.0,EASY_MID,270.0,EASY_MID,364,279.0,1
OHIO,77.56521739130434,31.652173913043477,12.869565217391305,5.782608695652174,2.217391304347826,11.173913043478262,0.0,122.08695652173913,109.21739130434783,90.43478260869566,44.52173913043478,8.0,23,195,box,270.0,EASY_MID,231.0,EASY_MID,137.0,HARD_MID,90.0,HARD_MID,12.0,HARD,245.0,EASY_MID,1.0,HARD,246.0,EASY_MID,269.0,EASY_MID,240.0,EASY_MID,193.0,MID,38.0,HARD,364,270.0,1
OKLA,77.66666666666667,30.791666666666668,13.25,5.583333333333333,3.3333333333333335,9.791666666666666,0.0,121.70833333333333,108.45833333333333,90.91666666666667,44.041666666666664,8.916666666666666,24,201,box,272.0,EASY_MID,172.0,MID,177.0,MID,74.0,HARD_MID,208.0,MID,107.0,HARD_MID,1.0,HARD,236.0,EASY_MID,248.0,EASY_MID,256.0,EASY_MID,165.0,MID,101.0,HARD_MID,364,272.0,1
OKST,85.53846153846153,34.92307692307692,16.846153846153847,6.8076923076923075,4.1923076923076925,10.692307692307692,1.1153846153846154,137.30769230769232,120.46153846153847,102.38461538461539,51.76923076923077,11.0,26,197,box,360.0,EASY,348.0,EASY,348.0,EASY,241.0,EASY_MID,332.0,EASY,202.0,MID,351.0,EASY,356.0,EASY,358.0,EASY,360.0,EASY,354.0,EASY,311.0,EASY,364,360.0,1
OMA,75.19047619047619,31.61904761904762,13.333333333333334,5.428571428571429,3.380952380952381,9.047619047619047,0.0,120.14285714285714,106.80952380952381,88.52380952380952,44.95238095238095,8.80952380952381,21,2437,box,202.0,MID,229.0,EASY_MID,182.0,MID,62.0,HARD,218.0,MID,56.0,HARD,1.0,HARD,205.0,MID,214.0,MID,202.0,MID,207.0,MID,91.0,HARD_MID,364,202.0,1
ORE,73.86363636363636,31.59090909090909,14.045454545454545,6.545454545454546,3.272727272727273,9.181818181818182,0.0,119.5,105.45454545454545,87.9090909090909,45.63636363636363,9.818181818181818,22,2483,box,169.0,MID,226.0,EASY_MID,229.0,EASY_MID,207.0,MID,199.0,MID,64.0,HARD,1.0,HARD,192.0,MID,184.0,MID,183.0,MID,230.0,EASY_MID,192.0,MID,364,169.0,1
ORST,75.5,31.90909090909091,15.136363636363637,6.863636363636363,3.0454545454545454,9.409090909090908,0.0,122.54545454545455,107.4090909090909,90.63636363636364,47.04545454545455,9.909090909090908,22,204,box,216.0,MID,242.0,EASY_MID,290.0,EASY_MID,247.0,EASY_MID,150.0,MID,81.0,HARD_MID,1.0,HARD,251.0,EASY_MID,225.0,EASY_MID,245.0,EASY_MID,280.0,EASY_MID,208.0,MID,364,216.0,1
ORU,76.85714285714286,31.61904761904762,12.285714285714286,6.9523809523809526,2.9047619047619047,9.0,0.0,120.76190476190476,108.47619047619048,89.14285714285714,43.904761904761905,9.857142857142858,21,198,box,252.0,EASY_MID,229.0,EASY_MID,87.0,HARD_MID,256.0,EASY_MID,112.0,HARD_MID,52.0,HARD,1.0,HARD,217.0,MID,250.0,EASY_MID,215.0,MID,158.0,MID,197.0,MID,364,252.0,1
OSU,73.08,29.16,13.92,5.52,3.56,9.32,0.36,116.16,102.24,87.0,43.08,9.08,25,194,box,145.0,HARD_MID,68.0,HARD,221.0,EASY_MID,68.0,HARD,255.0,EASY_MID,73.0,HARD_MID,290.0,EASY_MID,138.0,HARD_MID,116.0,HARD_MID,165.0,MID,128.0,HARD_MID,106.0,HARD_MID,364,145.0,1
OU,82.0,33.0,13.0,7.0,7.0,7.0,0.0,128.0,115.0,95.0,46.0,14.0,1,201,box,337.0,EASY,289.0,EASY_MID,150.0,MID,264.0,EASY_MID,364.0,EASY,3.0,HARD,1.0,HARD,322.0,EASY,340.0,EASY,318.0,EASY,236.0,EASY_MID,363.0,EASY,364,337.0,1
PAC,71.31818181818181,27.318181818181817,12.681818181818182,6.2272727272727275,3.727272727272727,9.454545454545455,0.0,111.31818181818181,98.63636363636364,84.0,40.0,9.954545454545455,22,279,box,109.0,HARD_MID,21.0,HARD,118.0,HARD_MID,148.0,MID,277.0,EASY_MID,84.0,HARD_MID,1.0,HARD,62.0,HARD,64.0,HARD,97.0,HARD_MID,25.0,HARD,217.0,MID,364,109.0,1
PENN,72.6,33.0,14.3,5.7,3.5,11.3,0.75,119.9,105.6,86.9,47.3,9.2,17,219,box,133.0,HARD_MID,289.0,EASY_MID,242.0,EASY_MID,81.0,HARD_MID,240.0,EASY_MID,256.0,EASY_MID,335.0,EASY,199.0,MID,189.0,MID,162.0,MID,290.0,EASY_MID,116.0,HARD_MID,364,133.0,1
PEPP,82.33333333333333,34.142857142857146,17.095238095238095,7.9523809523809526,3.3333333333333335,11.238095238095237,0.0,133.57142857142858,116.47619047619048,99.42857142857143,51.23809523809524,11.285714285714286,21,2492,box,339.0,EASY,329.0,EASY,351.0,EASY,338.0,EASY,208.0,MID,251.0,EASY_MID,1.0,HARD,349.0,EASY,344.0,EASY,346.0,EASY,352.0,EASY,329.0,EASY,364,339.0,1
PFW,76.05,34.5,14.85,4.9,2.5,11.45,0.0,125.4,110.55,90.9,49.35,7.4,20,2870,box,230.0,EASY_MID,338.0,EASY,276.0,EASY_MID,19.0,HARD,38.0,HARD,270.0,EASY_MID,1.0,HARD,296.0,EASY,294.0,EASY,254.0,EASY_MID,329.0,EASY,12.0,HARD,364,230.0,1
PITT,72.63636363636364,29.772727272727273,13.318181818181818,6.409090909090909,3.090909090909091,10.454545454545455,0.0,115.72727272727273,102.4090909090909,85.95454545454545,43.09090909090909,9.5,22,221,box,135.0,HARD_MID,102.0,HARD_MID,181.0,MID,188.0,MID,159.0,MID,177.0,MID,1.0,HARD,131.0,HARD_MID,121.0,HARD_MID,144.0,HARD_MID,129.0,HARD_MID,158.0,MID,364,135.0,1
PORT,77.29166666666667,31.125,18.041666666666668,7.416666666666667,2.25,11.125,0.0,126.45833333333333,108.41666666666667,95.33333333333333,49.166666666666664,9.666666666666666,24,2501,box,264.0,EASY_MID,201.0,MID,359.0,EASY,309.0,EASY,14.0,HARD,238.0,EASY_MID,1.0,HARD,309.0,EASY,247.0,EASY_MID,325.0,EASY,324.0,EASY,178.0,MID,364,264.0,1
PRES,75.28571428571429,28.428571428571427,12.523809523809524,7.333333333333333,3.2857142857142856,9.857142857142858,0.0,116.23809523809524,103.71428571428571,87.80952380952381,40.95238095238095,10.619047619047619,20,2506,box,209.0,MID,39.0,HARD,109.0,HARD_MID,301.0,EASY,202.0,MID,112.0,HARD_MID,1.0,HARD,142.0,HARD_MID,148.0,MID,180.0,MID,48.0,HARD,273.0,EASY_MID,364,209.0,1
PRIN,71.125,29.9375,12.875,5.875,2.75,8.125,0.0,113.9375,101.0625,84.0,42.8125,8.625,14,163,box,100.0,HARD_MID,111.0,HARD_MID,138.0,HARD_MID,97.0,HARD_MID,86.0,HARD_MID,17.0,HARD,1.0,HARD,105.0,HARD_MID,102.0,HARD_MID,97.0,HARD_MID,117.0,HARD_MID,78.0,HARD_MID,364,100.0,1
PROV,83.61904761904762,30.857142857142858,16.142857142857142,8.380952380952381,3.4761904761904763,8.19047619047619,0.0,130.61904761904762,114.47619047619048,99.76190476190476,47.0,11.857142857142858,21,2507,box,348.0,EASY,176.0,MID,333.0,EASY,353.0,EASY,236.0,EASY_MID,20.0,HARD,1.0,HARD,336.0,EASY,335.0,EASY,350.0,EASY,275.0,EASY_MID,346.0,EASY,364,348.0,1
PRST,70.5,29.454545454545453,12.136363636363637,6.5,2.772727272727273,11.5,0.0,112.0909090909091,99.95454545454545,82.63636363636364,41.59090909090909,9.272727272727273,22,2502,box,85.0,HARD_MID,85.0,HARD_MID,77.0,HARD_MID,202.0,MID,92.0,HARD_MID,273.0,EASY_MID,1.0,HARD,76.0,HARD_MID,86.0,HARD_MID,77.0,HARD_MID,69.0,HARD,131.0,HARD_MID,364,85.0,1
PSU,81.63636363636364,31.863636363636363,17.818181818181817,6.136363636363637,3.6363636363636362,10.318181818181818,0.0,131.3181818181818,113.5,99.45454545454545,49.68181818181818,9.772727272727273,22,213,box,334.0,EASY,241.0,EASY_MID,358.0,EASY,140.0,HARD_MID,268.0,EASY_MID,161.0,MID,1.0,HARD,339.0,EASY,327.0,EASY,347.0,EASY,334.0,EASY,188.0,MID,364,334.0,1
PUR,69.79310344827586,25.655172413793103,14.758620689655173,5.137931034482759,2.0689655172413794,9.655172413793103,0.9655172413793104,110.20689655172414,95.44827586206897,84.55172413793103,40.41379310344828,7.206896551724138,29,2509,box,75.0,HARD_MID,4.0,HARD,271.0,EASY_MID,34.0,HARD,6.0,HARD,97.0,HARD_MID,347.0,EASY,47.0,HARD,22.0,HARD,115.0,HARD_MID,31.0,HARD,7.0,HARD,364,75.0,1
PV,76.96428571428571,35.785714285714285,12.392857142857142,6.321428571428571,3.2142857142857144,13.178571428571429,0.75,125.14285714285714,112.75,89.35714285714286,48.17857142857143,9.535714285714286,28,2504,box,257.0,EASY_MID,353.0,EASY,96.0,HARD_MID,172.0,MID,187.0,MID,343.0,EASY,335.0,EASY,292.0,EASY,323.0,EASY,219.0,EASY_MID,312.0,EASY,163.0,MID,364,257.0,1
QUIN,71.28571428571429,32.42857142857143,13.142857142857142,6.619047619047619,4.476190476190476,11.0,0.0,116.85714285714286,103.71428571428571,84.42857142857143,45.57142857142857,11.095238095238095,21,2514,box,107.0,HARD_MID,265.0,EASY_MID,166.0,MID,222.0,EASY_MID,345.0,EASY,225.0,EASY_MID,1.0,HARD,152.0,MID,148.0,MID,111.0,HARD_MID,226.0,EASY_MID,318.0,EASY,364,107.0,1
RAD,78.52380952380952,31.857142857142858,14.523809523809524,7.238095238095238,3.3333333333333335,13.19047619047619,0.0,124.9047619047619,110.38095238095238,93.04761904761905,46.38095238095238,10.571428571428571,21,2515,box,297.0,EASY,240.0,EASY_MID,262.0,EASY_MID,292.0,EASY,208.0,MID,344.0,EASY,1.0,HARD,286.0,EASY_MID,291.0,EASY_MID,285.0,EASY_MID,253.0,EASY_MID,269.0,EASY_MID,364,297.0,1
RGV,68.54166666666667,28.958333333333332,13.416666666666666,7.041666666666667,2.875,10.333333333333334,0.0,110.91666666666667,97.5,81.95833333333333,42.375,9.916666666666666,24,292,box,58.0,HARD,58.0,HARD,187.0,MID,270.0,EASY_MID,108.0,HARD_MID,163.0,MID,1.0,HARD,56.0,HARD,44.0,HARD,69.0,HARD,102.0,HARD_MID,214.0,MID,364,58.0,1
RICE,75.15,30.95,11.4,7.5,3.25,9.2,0.0,117.5,106.1,86.55,42.35,10.75,20,242,box,200.0,MID,186.0,MID,36.0,HARD,316.0,EASY,194.0,MID,65.0,HARD,1.0,HARD,163.0,MID,200.0,MID,156.0,MID,101.0,HARD_MID,290.0,EASY_MID,364,200.0,1
RICH,75.22727272727273,33.86363636363637,12.863636363636363,5.363636363636363,2.409090909090909,11.0,0.0,121.95454545454545,109.0909090909091,88.0909090909091,46.72727272727273,7.7727272727272725,22,257,box,203.0,MID,323.0,EASY,135.0,HARD_MID,53.0,HARD,26.0,HARD,225.0,EASY_MID,1.0,HARD,243.0,EASY_MID,264.0,EASY_MID,189.0,MID,270.0,EASY_MID,25.0,HARD,364,203.0,1
RID,76.65,32.55,14.7,5.4,2.85,10.0,0.0,123.9,109.2,91.35,47.25,8.25,20,2520,box,250.0,EASY_MID,272.0,EASY_MID,269.0,EASY_MID,61.0,HARD,102.0,HARD_MID,124.0,HARD_MID,1.0,HARD,272.0,EASY_MID,267.0,EASY_MID,262.0,EASY_MID,287.0,EASY_MID,51.0,HARD,364,250.0,1
RMU,73.04545454545455,27.181818181818183,12.818181818181818,6.954545454545454,3.227272727272727,9.863636363636363,0.0,113.04545454545455,100.22727272727273,85.86363636363636,40.0,10.181818181818182,22,2523,box,143.0,HARD_MID,16.0,HARD,131.0,HARD_MID,259.0,EASY_MID,190.0,MID,113.0,HARD_MID,1.0,HARD,89.0,HARD_MID,92.0,HARD_MID,143.0,HARD_MID,25.0,HARD,240.0,EASY_MID,364,143.0,1
RUTG,76.34782608695652,33.130434782608695,16.08695652173913,5.391304347826087,3.869565217391304,10.956521739130435,0.0,125.56521739130434,109.47826086956522,92.43478260869566,49.21739130434783,9.26086956521739,23,164,box,240.0,EASY_MID,298.0,EASY,330.0,EASY,58.0,HARD,296.0,EASY,220.0,EASY_MID,1.0,HARD,298.0,EASY,277.0,EASY_MID,277.0,EASY_MID,326.0,EASY,127.0,HARD_MID,364,240.0,1
SAC,83.9047619047619,37.0,16.714285714285715,5.904761904761905,3.3333333333333335,12.142857142857142,0.0,137.61904761904762,120.9047619047619,100.61904761904762,53.714285714285715,9.238095238095237,21,16,box,351.0,EASY,363.0,EASY,344.0,EASY,100.0,HARD_MID,208.0,MID,312.0,EASY,1.0,HARD,359.0,EASY,360.0,EASY,353.0,EASY,360.0,EASY,126.0,HARD_MID,364,351.0,1
SAM,72.52380952380952,30.285714285714285,11.428571428571429,4.809523809523809,2.7142857142857144,8.142857142857142,0.0,114.23809523809524,102.80952380952381,83.95238095238095,41.714285714285715,7.523809523809524,21,2535,box,129.0,HARD_MID,139.0,HARD_MID,37.0,HARD,15.0,HARD,76.0,HARD_MID,18.0,HARD,1.0,HARD,111.0,HARD_MID,128.0,HARD_MID,96.0,HARD_MID,74.0,HARD_MID,17.0,HARD,364,129.0,1
SBON,78.04347826086956,29.956521739130434,15.478260869565217,6.3478260869565215,3.4782608695652173,10.826086956521738,0.0,123.47826086956522,108.0,93.52173913043478,45.43478260869565,9.826086956521738,23,179,box,285.0,EASY_MID,112.0,HARD_MID,305.0,EASY,175.0,MID,237.0,EASY_MID,208.0,MID,1.0,HARD,264.0,EASY_MID,241.0,EASY_MID,293.0,EASY,221.0,EASY_MID,196.0,MID,364,285.0,1
SC,80.22727272727273,33.77272727272727,17.318181818181817,6.7727272727272725,4.090909090909091,9.863636363636363,0.0,131.3181818181818,114.0,97.54545454545455,51.09090909090909,10.863636363636363,22,2579,box,324.0,EASY,318.0,EASY,353.0,EASY,238.0,EASY_MID,318.0,EASY,113.0,HARD_MID,1.0,HARD,339.0,EASY,330.0,EASY,336.0,EASY,349.0,EASY,300.0,EASY,364,324.0,1
SCST,73.23809523809524,29.476190476190474,12.857142857142858,7.190476190476191,2.6666666666666665,13.142857142857142,0.0,115.57142857142857,102.71428571428571,86.0952380952381,42.333333333333336,9.857142857142858,21,2569,box,150.0,MID,87.0,HARD_MID,133.0,HARD_MID,289.0,EASY_MID,66.0,HARD,341.0,EASY,1.0,HARD,126.0,HARD_MID,126.0,HARD_MID,149.0,MID,100.0,HARD_MID,197.0,MID,364,150.0,1
SCU,74.04166666666667,31.083333333333332,15.458333333333334,5.916666666666667,3.1666666666666665,13.291666666666666,0.4166666666666667,120.58333333333333,105.125,89.5,46.541666666666664,9.083333333333334,24,2541,box,174.0,MID,199.0,MID,304.0,EASY,105.0,HARD_MID,172.0,MID,347.0,EASY,301.0,EASY,212.0,MID,181.0,MID,221.0,EASY_MID,261.0,EASY_MID,108.0,HARD_MID,364,174.0,1
SDAK,78.95238095238095,32.57142857142857,11.80952380952381,6.857142857142857,3.1904761904761907,9.714285714285714,0.0,123.33333333333333,111.52380952380952,90.76190476190476,44.38095238095238,10.047619047619047,21,233,box,307.0,EASY,274.0,EASY_MID,56.0,HARD,245.0,EASY_MID,180.0,MID,101.0,HARD_MID,1.0,HARD,262.0,EASY_MID,308.0,EASY,251.0,EASY_MID,182.0,MID,227.0,EASY_MID,364,307.0,1
SDST,77.0,30.5,13.5,5.8,2.45,8.45,0.0,121.0,107.5,90.5,44.0,8.25,20,2571,box,258.0,EASY_MID,149.0,MID,195.0,MID,92.0,HARD_MID,32.0,HARD,28.0,HARD,1.0,HARD,221.0,EASY_MID,226.0,EASY_MID,242.0,EASY_MID,162.0,MID,51.0,HARD,364,258.0,1
SDSU,69.12,31.12,12.8,6.32,2.36,12.6,0.24,113.04,100.24,81.92,43.92,8.68,24,21,box,66.0,HARD,200.0,MID,130.0,HARD_MID,171.0,MID,20.0,HARD,329.0,EASY,273.0,EASY_MID,88.0,HARD_MID,93.0,HARD_MID,68.0,HARD,161.0,MID,80.0,HARD_MID,364,66.0,1
SEA,67.08333333333333,35.25,13.416666666666666,6.5,3.4583333333333335,13.75,0.20833333333333334,115.75,102.33333333333333,80.5,48.666666666666664,9.958333333333334,24,2547,box,32.0,HARD,352.0,EASY,187.0,MID,202.0,MID,234.0,EASY_MID,355.0,EASY,266.0,EASY_MID,132.0,HARD_MID,119.0,HARD_MID,49.0,HARD,318.0,EASY,220.0,EASY_MID,364,32.0,1
SELA,71.33333333333333,31.047619047619047,12.761904761904763,6.666666666666667,3.1904761904761907,10.619047619047619,0.0,115.14285714285714,102.38095238095238,84.0952380952381,43.80952380952381,9.857142857142858,21,2545,box,110.0,HARD_MID,196.0,MID,125.0,HARD_MID,226.0,EASY_MID,180.0,MID,196.0,MID,1.0,HARD,120.0,HARD_MID,120.0,HARD_MID,103.0,HARD_MID,153.0,MID,197.0,MID,364,110.0,1
SEMO,68.0,30.565217391304348,9.26086956521739,6.869565217391305,3.6956521739130435,10.956521739130435,0.0,107.82608695652173,98.56521739130434,77.26086956521739,39.82608695652174,10.565217391304348,23,2546,box,46.0,HARD,153.0,MID,2.0,HARD,249.0,EASY_MID,275.0,EASY_MID,220.0,EASY_MID,1.0,HARD,29.0,HARD,61.0,HARD,18.0,HARD,22.0,HARD,266.0,EASY_MID,364,46.0,1
SF,75.43478260869566,29.26086956521739,14.347826086956522,6.260869565217392,2.652173913043478,9.173913043478262,0.0,119.04347826086956,104.69565217391305,89.78260869565217,43.608695652173914,8.91304347826087,23,2539,box,214.0,MID,73.0,HARD_MID,244.0,EASY_MID,159.0,MID,60.0,HARD,63.0,HARD,1.0,HARD,183.0,MID,167.0,MID,228.0,EASY_MID,145.0,HARD_MID,100.0,HARD_MID,364,214.0,1
SFA,65.88,29.48,11.48,5.12,3.6,11.12,0.36,106.84,95.36,77.36,40.96,8.72,25,2617,box,19.0,HARD,88.0,HARD_MID,40.0,HARD,31.0,HARD,264.0,EASY_MID,236.0,EASY_MID,290.0,EASY_MID,19.0,HARD,20.0,HARD,20.0,HARD,49.0,HARD,82.0,HARD_MID,364,19.0,1
SFPA,80.80952380952381,32.285714285714285,15.095238095238095,6.0,3.4285714285714284,11.904761904761905,0.0,128.1904761904762,113.0952380952381,95.9047619047619,47.38095238095238,9.428571428571429,21,2598,box,330.0,EASY,256.0,EASY_MID,289.0,EASY_MID,117.0,HARD_MID,226.0,EASY_MID,302.0,EASY,1.0,HARD,324.0,EASY,325.0,EASY,330.0,EASY,293.0,EASY,149.0,MID,364,330.0,1
SHSU,75.04,30.64,13.2,6.68,3.52,10.52,0.52,118.88,105.68,88.24,43.84,10.2,25,2534,box,196.0,MID,158.0,MID,172.0,MID,228.0,EASY_MID,251.0,EASY_MID,184.0,MID,312.0,EASY,181.0,MID,194.0,MID,194.0,MID,155.0,MID,244.0,EASY_MID,364,196.0,1
SHU,75.69565217391305,32.91304347826087,16.47826086956522,6.695652173913044,2.6956521739130435,8.26086956521739,0.0,125.08695652173913,108.6086956521739,92.17391304347827,49.391304347826086,9.391304347826088,23,2529,box,221.0,EASY_MID,285.0,EASY_MID,337.0,EASY,233.0,EASY_MID,74.0,HARD_MID,24.0,HARD,1.0,HARD,290.0,EASY_MID,254.0,EASY_MID,275.0,EASY_MID,330.0,EASY,142.0,HARD_MID,364,221.0,1
SIE,67.875,30.0,12.416666666666666,6.458333333333333,3.4583333333333335,9.083333333333334,0.20833333333333334,110.29166666666667,97.875,80.29166666666667,42.416666666666664,9.916666666666666,24,2561,box,41.0,HARD,116.0,HARD_MID,101.0,HARD_MID,197.0,MID,234.0,EASY_MID,57.0,HARD,266.0,EASY_MID,48.0,HARD,49.0,HARD,45.0,HARD,103.0,HARD_MID,214.0,MID,364,41.0,1
SIU,67.52380952380952,31.476190476190474,12.523809523809524,6.238095238095238,4.0,12.476190476190476,0.0,111.52380952380952,99.0,80.04761904761905,44.0,10.238095238095237,21,79,box,39.0,HARD,221.0,EASY_MID,109.0,HARD_MID,151.0,MID,309.0,EASY,321.0,EASY,1.0,HARD,68.0,HARD,71.0,HARD,42.0,HARD,162.0,MID,248.0,EASY_MID,364,39.0,1
SIUE,63.5,30.863636363636363,10.045454545454545,7.136363636363637,2.727272727272727,11.136363636363637,0.0,104.4090909090909,94.36363636363636,73.54545454545455,40.90909090909091,9.863636363636363,22,2565,box,9.0,HARD,177.0,MID,6.0,HARD,280.0,EASY_MID,79.0,HARD_MID,242.0,EASY_MID,1.0,HARD,10.0,HARD,13.0,HARD,4.0,HARD,47.0,HARD,201.0,MID,364,9.0,1
SJSU,80.86363636363636,33.0,15.954545454545455,4.954545454545454,2.909090909090909,10.136363636363637,0.0,129.8181818181818,113.86363636363636,96.81818181818181,48.95454545454545,7.863636363636363,22,23,box,331.0,EASY,289.0,EASY_MID,326.0,EASY,21.0,HARD,115.0,HARD_MID,144.0,HARD_MID,1.0,HARD,333.0,EASY,328.0,EASY,332.0,EASY,322.0,EASY,30.0,HARD,364,331.0,1
SJU,66.06896551724138,29.413793103448278,11.068965517241379,5.275862068965517,3.9310344827586206,11.448275862068966,0.5517241379310345,106.55172413793103,95.48275862068965,77.13793103448276,40.48275862068966,9.206896551724139,29,2599,box,20.0,HARD,81.0,HARD_MID,26.0,HARD,45.0,HARD,303.0,EASY,269.0,EASY_MID,321.0,EASY,17.0,HARD,24.0,HARD,16.0,HARD,32.0,HARD,118.0,HARD_MID,364,20.0,1
SLU,70.76923076923077,30.73076923076923,12.0,7.0,3.6538461538461537,10.26923076923077,0.8076923076923077,113.5,101.5,82.76923076923077,42.73076923076923,10.653846153846153,26,139,box,91.0,HARD_MID,167.0,MID,68.0,HARD,264.0,EASY_MID,269.0,EASY_MID,158.0,MID,340.0,EASY,96.0,HARD_MID,108.0,HARD_MID,81.0,HARD_MID,114.0,HARD_MID,278.0,EASY_MID,364,91.0,1
SMC,64.95652173913044,26.08695652173913,12.782608695652174,5.173913043478261,3.260869565217391,9.304347826086957,0.34782608695652173,103.82608695652173,91.04347826086956,77.73913043478261,38.869565217391305,8.434782608695652,23,2608,box,12.0,HARD,7.0,HARD,129.0,HARD_MID,35.0,HARD,198.0,MID,71.0,HARD,288.0,EASY_MID,7.0,HARD,4.0,HARD,24.0,HARD,12.0,HARD,66.0,HARD,364,12.0,1
SMU,78.30434782608695,29.565217391304348,16.82608695652174,6.608695652173913,2.9130434782608696,10.521739130434783,0.6956521739130435,124.69565217391305,107.8695652173913,95.1304347826087,46.391304347826086,9.521739130434783,23,2567,box,289.0,EASY_MID,94.0,HARD_MID,347.0,EASY,221.0,EASY_MID,119.0,HARD_MID,186.0,MID,330.0,EASY,285.0,EASY_MID,234.0,EASY_MID,322.0,EASY,254.0,EASY_MID,162.0,MID,364,289.0,1
SOU,76.875,32.416666666666664,13.5,5.916666666666667,3.9583333333333335,12.666666666666666,0.375,122.79166666666667,109.29166666666667,90.375,45.916666666666664,9.875,23,2582,box,254.0,EASY_MID,263.0,EASY_MID,195.0,MID,105.0,HARD_MID,305.0,EASY,332.0,EASY,294.0,EASY,254.0,EASY_MID,272.0,EASY_MID,239.0,EASY_MID,234.0,EASY_MID,205.0,MID,364,254.0,1
SPU,67.23809523809524,30.571428571428573,11.095238095238095,6.285714285714286,3.3333333333333335,12.19047619047619,0.0,108.9047619047619,97.80952380952381,78.33333333333333,41.666666666666664,9.619047619047619,21,2612,box,34.0,HARD,154.0,MID,27.0,HARD,166.0,MID,208.0,MID,315.0,EASY,1.0,HARD,36.0,HARD,47.0,HARD,27.0,HARD,72.0,HARD,172.0,MID,364,34.0,1
STAN,72.45454545454545,30.863636363636363,10.590909090909092,5.045454545454546,2.9545454545454546,10.954545454545455,0.0,113.9090909090909,103.31818181818181,83.04545454545455,41.45454545454545,8.0,22,24,box,128.0,HARD_MID,177.0,MID,12.0,HARD,28.0,HARD,130.0,HARD_MID,217.0,MID,1.0,HARD,103.0,HARD_MID,142.0,HARD_MID,87.0,HARD_MID,64.0,HARD,38.0,HARD,364,128.0,1
STBK,73.28571428571429,33.38095238095238,14.047619047619047,7.238095238095238,3.619047619047619,10.238095238095237,0.0,120.71428571428571,106.66666666666667,87.33333333333333,47.42857142857143,10.857142857142858,21,2619,box,151.0,MID,308.0,EASY,230.0,EASY_MID,292.0,EASY,266.0,EASY_MID,156.0,MID,1.0,HARD,215.0,MID,212.0,MID,171.0,MID,294.0,EASY,297.0,EASY,364,151.0,1
STET,80.22727272727273,31.0,15.545454545454545,7.636363636363637,2.5,9.227272727272727,0.0,126.77272727272727,111.22727272727273,95.77272727272727,46.54545454545455,10.136363636363637,22,56,box,324.0,EASY,192.0,MID,307.0,EASY,326.0,EASY,38.0,HARD,67.0,HARD,1.0,HARD,314.0,EASY,306.0,EASY,329.0,EASY,263.0,EASY_MID,236.0,EASY_MID,364,324.0,1
STMN,72.33333333333333,29.80952380952381,13.428571428571429,5.380952380952381,2.9047619047619047,10.476190476190476,0.42857142857142855,115.57142857142857,102.14285714285714,85.76190476190476,43.23809523809524,8.285714285714286,21,2900,box,124.0,HARD_MID,103.0,HARD_MID,189.0,MID,56.0,HARD,112.0,HARD_MID,180.0,MID,302.0,EASY,126.0,HARD_MID,114.0,HARD_MID,139.0,HARD_MID,135.0,HARD_MID,56.0,HARD,364,124.0,1
STO,66.45454545454545,31.40909090909091,10.909090909090908,6.545454545454546,4.863636363636363,8.363636363636363,0.0,108.77272727272727,97.86363636363636,77.36363636363636,42.31818181818182,11.409090909090908,22,284,box,24.0,HARD,217.0,MID,20.0,HARD,207.0,MID,361.0,EASY,27.0,HARD,1.0,HARD,34.0,HARD,48.0,HARD,21.0,HARD,98.0,HARD_MID,334.0,EASY,364,24.0,1
SUU,77.8,32.7,13.25,8.85,3.2,10.05,0.0,123.75,110.5,91.05,45.95,12.05,20,253,box,280.0,EASY_MID,278.0,EASY_MID,177.0,MID,360.0,EASY,183.0,MID,130.0,HARD_MID,1.0,HARD,270.0,EASY_MID,293.0,EASY,260.0,EASY_MID,235.0,EASY_MID,352.0,EASY,364,280.0,1
SYR,78.45454545454545,33.0,14.909090909090908,7.090909090909091,2.727272727272727,9.954545454545455,0.0,126.36363636363636,111.45454545454545,93.36363636363636,47.90909090909091,9.818181818181818,22,183,box,294.0,EASY,289.0,EASY_MID,280.0,EASY_MID,277.0,EASY_MID,79.0,HARD_MID,121.0,HARD_MID,1.0,HARD,308.0,EASY,307.0,EASY,289.0,EASY_MID,307.0,EASY,192.0,MID,364,294.0,1
TA&M,79.43478260869566,36.47826086956522,14.434782608695652,6.3478260869565215,4.130434782608695,11.695652173913043,0.43478260869565216,130.34782608695653,115.91304347826087,93.8695652173913,50.91304347826087,10.478260869565217,23,245,box,312.0,EASY,356.0,EASY,250.0,EASY_MID,175.0,MID,325.0,EASY,289.0,EASY_MID,304.0,EASY,335.0,EASY,342.0,EASY,301.0,EASY,347.0,EASY,262.0,EASY_MID,364,312.0,1
TAR,73.61904761904762,32.42857142857143,13.142857142857142,7.333333333333333,4.095238095238095,15.952380952380953,0.0,119.19047619047619,106.04761904761905,86.76190476190476,45.57142857142857,11.428571428571429,21,2627,box,161.0,MID,265.0,EASY_MID,166.0,MID,301.0,EASY,322.0,EASY,363.0,EASY,1.0,HARD,187.0,MID,198.0,MID,159.0,MID,226.0,EASY_MID,335.0,EASY,364,161.0,1
TCU,70.8076923076923,28.53846153846154,15.73076923076923,5.8076923076923075,3.769230769230769,11.461538461538462,0.23076923076923078,115.07692307692308,99.34615384615384,86.53846153846153,44.26923076923077,9.576923076923077,26,2628,box,94.0,HARD_MID,41.0,HARD,311.0,EASY,93.0,HARD_MID,284.0,EASY_MID,271.0,EASY_MID,272.0,EASY_MID,119.0,HARD_MID,72.0,HARD,155.0,MID,177.0,MID,168.0,MID,364,94.0,1
TEM,69.4090909090909,30.045454545454547,11.636363636363637,5.318181818181818,4.090909090909091,9.954545454545455,0.0,111.0909090909091,99.45454545454545,81.04545454545455,41.68181818181818,9.409090909090908,22,218,box,71.0,HARD,122.0,HARD_MID,44.0,HARD,50.0,HARD,318.0,EASY,121.0,HARD_MID,1.0,HARD,61.0,HARD,73.0,HARD_MID,55.0,HARD,73.0,HARD_MID,147.0,MID,364,71.0,1
TENN,69.92592592592592,25.59259259259259,11.037037037037036,6.703703703703703,3.814814814814815,9.851851851851851,1.2592592592592593,106.55555555555556,95.51851851851852,80.96296296296296,36.629629629629626,10.518518518518519,27,2633,box,77.0,HARD_MID,3.0,HARD,24.0,HARD,234.0,EASY_MID,290.0,EASY_MID,111.0,HARD_MID,357.0,EASY,18.0,HARD,25.0,HARD,54.0,HARD,2.0,HARD,265.0,EASY_MID,364,77.0,1
TEX,77.56,27.32,12.16,6.92,4.24,8.0,0.72,117.04,104.88,89.72,39.48,11.16,25,251,box,269.0,EASY_MID,22.0,HARD,78.0,HARD_MID,254.0,EASY_MID,337.0,EASY,12.0,HARD,332.0,EASY,155.0,MID,173.0,MID,226.0,EASY_MID,20.0,HARD,322.0,EASY,364,269.0,1
TLSA,75.25925925925925,30.962962962962962,12.481481481481481,6.925925925925926,3.259259259259259,9.814814814814815,1.3333333333333333,118.70370370370371,106.22222222222223,87.74074074074075,43.44444444444444,10.185185185185185,27,202,box,206.0,MID,191.0,MID,106.0,HARD_MID,255.0,EASY_MID,197.0,MID,108.0,HARD_MID,359.0,EASY,177.0,MID,204.0,MID,179.0,MID,142.0,HARD_MID,242.0,EASY_MID,364,206.0,1
TNST,74.08695652173913,29.91304347826087,12.73913043478261,7.043478260869565,3.1739130434782608,13.173913043478262,0.4782608695652174,116.73913043478261,104.0,86.82608695652173,42.65217391304348,10.217391304347826,23,2634,box,177.0,MID,108.0,HARD_MID,124.0,HARD_MID,271.0,EASY_MID,175.0,MID,342.0,EASY,308.0,EASY,148.0,MID,152.0,MID,161.0,MID,109.0,HARD_MID,247.0,EASY_MID,364,177.0,1
TNTC,72.55,30.7,12.4,7.0,3.5,8.8,0.0,115.65,103.25,84.95,43.1,10.5,20,2635,box,131.0,HARD_MID,164.0,MID,97.0,HARD_MID,264.0,EASY_MID,240.0,EASY_MID,44.0,HARD,1.0,HARD,130.0,HARD_MID,139.0,HARD_MID,124.0,HARD_MID,130.0,HARD_MID,264.0,EASY_MID,364,131.0,1
TOL,74.28,32.32,13.84,5.72,3.16,11.04,0.4,120.44,106.6,88.12,46.16,8.88,25,2649,box,181.0,MID,259.0,EASY_MID,214.0,MID,83.0,HARD_MID,170.0,MID,232.0,EASY_MID,299.0,EASY,209.0,MID,210.0,MID,190.0,MID,241.0,EASY_MID,95.0,HARD_MID,364,181.0,1
TOW,65.25,30.875,10.916666666666666,4.458333333333333,3.1666666666666665,9.208333333333334,0.0,107.04166666666667,96.125,76.16666666666667,41.791666666666664,7.625,24,119,box,13.0,HARD,180.0,MID,22.0,HARD,8.0,HARD,172.0,MID,66.0,HARD,1.0,HARD,24.0,HARD,32.0,HARD,11.0,HARD,79.0,HARD_MID,19.0,HARD,364,13.0,1
TROY,70.1304347826087,29.565217391304348,12.521739130434783,6.304347826086956,2.9565217391304346,10.130434782608695,0.6086956521739131,112.21739130434783,99.69565217391305,82.65217391304348,42.08695652173913,9.26086956521739,23,2653,box,80.0,HARD_MID,94.0,HARD_MID,108.0,HARD_MID,168.0,MID,135.0,HARD_MID,142.0,HARD_MID,326.0,EASY,78.0,HARD_MID,78.0,HARD_MID,79.0,HARD_MID,94.0,HARD_MID,127.0,HARD_MID,364,80.0,1
TTU,73.41666666666667,30.0,11.791666666666666,6.25,2.0833333333333335,9.0,1.0,115.20833333333333,103.41666666666667,85.20833333333333,41.791666666666664,8.333333333333334,24,2641,box,155.0,MID,116.0,HARD_MID,55.0,HARD,154.0,MID,7.0,HARD,52.0,HARD,348.0,EASY,121.0,HARD_MID,144.0,HARD_MID,131.0,HARD_MID,79.0,HARD_MID,58.0,HARD,364,155.0,1
TULN,74.04545454545455,36.95454545454545,13.545454545454545,5.954545454545454,3.590909090909091,10.954545454545455,0.0,124.54545454545455,111.0,87.5909090909091,50.5,9.545454545454545,22,2655,box,175.0,MID,362.0,EASY,200.0,MID,113.0,HARD_MID,261.0,EASY_MID,217.0,MID,1.0,HARD,280.0,EASY_MID,300.0,EASY,177.0,MID,343.0,EASY,164.0,MID,364,175.0,1
TXSO,75.30434782608695,31.782608695652176,13.391304347826088,7.391304347826087,3.0434782608695654,11.130434782608695,0.0,120.47826086956522,107.08695652173913,88.69565217391305,45.17391304347826,10.434782608695652,23,2640,box,210.0,MID,235.0,EASY_MID,184.0,MID,307.0,EASY,148.0,MID,240.0,EASY_MID,1.0,HARD,211.0,MID,219.0,EASY_MID,208.0,MID,212.0,MID,256.0,EASY_MID,364,210.0,1
TXST,73.4,27.55,10.65,7.15,4.2,11.6,0.0,111.6,100.95,84.05,38.2,11.35,20,326,box,154.0,MID,23.0,HARD,14.0,HARD,284.0,EASY_MID,333.0,EASY,280.0,EASY_MID,1.0,HARD,70.0,HARD,98.0,HARD_MID,101.0,HARD_MID,7.0,HARD,332.0,EASY,364,154.0,1
UAB,75.27272727272727,34.18181818181818,13.409090909090908,5.0,4.590909090909091,10.636363636363637,0.0,122.86363636363636,109.45454545454545,88.68181818181819,47.59090909090909,9.590909090909092,22,5,box,207.0,MID,332.0,EASY,186.0,MID,25.0,HARD,353.0,EASY,197.0,MID,1.0,HARD,256.0,EASY_MID,275.0,EASY_MID,207.0,MID,296.0,EASY,169.0,MID,364,207.0,1
UALB,69.85,26.7,13.45,6.5,3.25,9.3,0.0,110.0,96.55,83.3,40.15,9.75,20,399,box,76.0,HARD_MID,10.0,HARD,191.0,MID,202.0,MID,194.0,MID,70.0,HARD,1.0,HARD,44.0,HARD,34.0,HARD,90.0,HARD_MID,27.0,HARD,186.0,MID,364,76.0,1
UAPB,73.95238095238095,30.523809523809526,12.333333333333334,7.190476190476191,2.761904761904762,12.619047619047619,0.0,116.80952380952381,104.47619047619048,86.28571428571429,42.857142857142854,9.952380952380953,21,2029,box,172.0,MID,151.0,MID,91.0,HARD_MID,289.0,EASY_MID,90.0,HARD_MID,330.0,EASY,1.0,HARD,150.0,MID,162.0,MID,151.0,MID,118.0,HARD_MID,216.0,MID,364,172.0,1
UCD,74.79166666666667,33.125,13.083333333333334,6.375,3.3333333333333335,14.125,0.0,121.0,107.91666666666667,87.875,46.208333333333336,9.708333333333334,24,302,box,190.0,MID,297.0,EASY,160.0,MID,183.0,MID,208.0,MID,357.0,EASY,1.0,HARD,221.0,EASY_MID,239.0,EASY_MID,182.0,MID,244.0,EASY_MID,179.0,MID,364,190.0,1
UCF,79.5,32.166666666666664,14.333333333333334,6.166666666666667,3.9583333333333335,10.125,0.25,126.0,111.66666666666667,93.83333333333333,46.5,10.125,24,2116,box,314.0,EASY,250.0,EASY_MID,243.0,EASY_MID,142.0,HARD_MID,305.0,EASY,141.0,HARD_MID,275.0,EASY_MID,304.0,EASY,310.0,EASY,299.0,EASY,259.0,EASY_MID,234.0,EASY_MID,364,314.0,1
UCI,70.79166666666667,32.416666666666664,14.125,6.541666666666667,4.333333333333333,13.416666666666666,0.7916666666666666,117.33333333333333,103.20833333333333,84.91666666666667,46.541666666666664,10.875,24,300,box,93.0,HARD_MID,263.0,EASY_MID,234.0,EASY_MID,206.0,MID,339.0,EASY,351.0,EASY,338.0,EASY,161.0,MID,138.0,HARD_MID,123.0,HARD_MID,261.0,EASY_MID,303.0,EASY,364,93.0,1
UCLA,73.07407407407408,31.074074074074073,15.962962962962964,4.37037037037037,3.111111111111111,11.148148148148149,0.7407407407407407,120.11111111111111,104.14814814814815,89.03703703703704,47.03703703703704,7.481481481481482,26,26,box,144.0,HARD_MID,198.0,MID,327.0,EASY,6.0,HARD,166.0,MID,244.0,EASY_MID,334.0,EASY,204.0,MID,158.0,MID,212.0,MID,278.0,EASY_MID,16.0,HARD,364,144.0,1
UCR,78.85714285714286,32.142857142857146,14.047619047619047,6.619047619047619,2.9523809523809526,10.904761904761905,0.0,125.04761904761905,111.0,92.9047619047619,46.19047619047619,9.571428571428571,21,27,box,303.0,EASY,249.0,EASY_MID,230.0,EASY_MID,222.0,EASY_MID,125.0,HARD_MID,213.0,MID,1.0,HARD,288.0,EASY_MID,300.0,EASY,284.0,EASY_MID,243.0,EASY_MID,167.0,MID,364,303.0,1
UCSB,72.66666666666667,26.80952380952381,12.0,7.333333333333333,2.380952380952381,10.571428571428571,0.0,111.47619047619048,99.47619047619048,84.66666666666667,38.80952380952381,9.714285714285714,21,2540,box,136.0,HARD_MID,13.0,HARD,68.0,HARD,301.0,EASY,24.0,HARD,192.0,MID,1.0,HARD,67.0,HARD,74.0,HARD_MID,119.0,HARD_MID,11.0,HARD,180.0,MID,364,136.0,1
UCSD,69.75,32.541666666666664,14.75,6.458333333333333,3.6666666666666665,11.5,0.0,117.04166666666667,102.29166666666667,84.5,47.291666666666664,10.125,24,28,box,74.0,HARD_MID,270.0,EASY_MID,270.0,EASY_MID,197.0,MID,270.0,EASY_MID,273.0,EASY_MID,1.0,HARD,156.0,MID,117.0,HARD_MID,114.0,HARD_MID,289.0,EASY_MID,234.0,EASY_MID,364,74.0,1
UGA,83.8695652173913,34.95652173913044,14.434782608695652,6.956521739130435,3.9130434782608696,11.26086956521739,0.391304347826087,133.2608695652174,118.82608695652173,98.30434782608695,49.391304347826086,10.869565217391305,23,61,box,350.0,EASY,349.0,EASY,250.0,EASY_MID,260.0,EASY_MID,302.0,EASY,253.0,EASY_MID,297.0,EASY,348.0,EASY,351.0,EASY,342.0,EASY,330.0,EASY,301.0,EASY,364,350.0,1
UIC,68.96,28.76,15.44,6.12,4.0,12.56,0.6,113.16,97.72,84.4,44.2,10.12,25,82,box,63.0,HARD,49.0,HARD,303.0,EASY,137.0,HARD_MID,309.0,EASY,327.0,EASY,323.0,EASY,90.0,HARD_MID,45.0,HARD,110.0,HARD_MID,174.0,MID,233.0,EASY_MID,364,63.0,1
UIW,73.14285714285714,29.80952380952381,13.19047619047619,6.238095238095238,3.5714285714285716,9.285714285714286,0.0,116.14285714285714,102.95238095238095,86.33333333333333,43.0,9.80952380952381,21,2916,box,147.0,MID,103.0,HARD_MID,170.0,MID,151.0,MID,257.0,EASY_MID,69.0,HARD,1.0,HARD,136.0,HARD_MID,132.0,HARD_MID,152.0,MID,124.0,HARD_MID,190.0,MID,364,147.0,1
UK,77.15384615384616,31.46153846153846,13.923076923076923,6.884615384615385,3.3076923076923075,10.192307692307692,0.8076923076923077,122.53846153846153,108.61538461538461,91.07692307692308,45.38461538461539,10.192307692307692,26,96,box,261.0,EASY_MID,220.0,EASY_MID,222.0,EASY_MID,251.0,EASY_MID,206.0,MID,152.0,MID,340.0,EASY,249.0,EASY_MID,255.0,EASY_MID,261.0,EASY_MID,216.0,MID,243.0,EASY_MID,364,261.0,1
UL,70.45454545454545,30.0,11.454545454545455,4.590909090909091,2.590909090909091,11.409090909090908,0.0,111.9090909090909,100.45454545454545,81.9090909090909,41.45454545454545,7.181818181818182,22,309,box,83.0,HARD_MID,116.0,HARD_MID,38.0,HARD,10.0,HARD,52.0,HARD,266.0,EASY_MID,1.0,HARD,73.0,HARD_MID,94.0,HARD_MID,67.0,HARD,64.0,HARD,6.0,HARD,364,83.0,1
ULM,86.0909090909091,36.68181818181818,18.09090909090909,7.363636363636363,3.6818181818181817,10.863636363636363,0.0,140.86363636363637,122.77272727272727,104.18181818181819,54.77272727272727,11.045454545454545,22,2433,box,363.0,EASY,358.0,EASY,361.0,EASY,305.0,EASY,271.0,EASY_MID,211.0,MID,1.0,HARD,364.0,EASY,363.0,EASY,362.0,EASY,364.0,EASY,314.0,EASY,364,363.0,1
UMBC,63.27272727272727,29.272727272727273,10.045454545454545,4.181818181818182,2.090909090909091,9.363636363636363,0.45454545454545453,102.5909090909091,92.54545454545455,73.31818181818181,39.31818181818182,6.2727272727272725,22,2378,box,8.0,HARD,74.0,HARD_MID,6.0,HARD,3.0,HARD,9.0,HARD,75.0,HARD_MID,307.0,EASY,4.0,HARD,7.0,HARD,3.0,HARD,16.0,HARD,1.0,HARD,364,8.0,1
UMES,70.16666666666667,28.11111111111111,12.666666666666666,8.777777777777779,2.388888888888889,11.333333333333334,0.0,110.94444444444444,98.27777777777777,82.83333333333333,40.77777777777778,11.166666666666666,18,2379,box,81.0,HARD_MID,31.0,HARD,115.0,HARD_MID,359.0,EASY,25.0,HARD,260.0,EASY_MID,1.0,HARD,57.0,HARD,56.0,HARD,82.0,HARD_MID,45.0,HARD,323.0,EASY,364,81.0,1
UML,74.80952380952381,29.0,12.761904761904763,6.809523809523809,4.0476190476190474,8.857142857142858,0.0,116.57142857142857,103.80952380952381,87.57142857142857,41.76190476190476,10.857142857142858,21,2349,box,191.0,MID,61.0,HARD,125.0,HARD_MID,242.0,EASY_MID,316.0,EASY,46.0,HARD,1.0,HARD,146.0,MID,150.0,MID,176.0,MID,77.0,HARD_MID,297.0,EASY,364,191.0,1
UNA,78.85714285714286,30.095238095238095,15.333333333333334,7.142857142857143,3.3333333333333335,9.142857142857142,0.0,124.28571428571429,108.95238095238095,94.19047619047619,45.42857142857143,10.476190476190476,21,2453,box,303.0,EASY,127.0,HARD_MID,295.0,EASY,283.0,EASY_MID,208.0,MID,61.0,HARD,1.0,HARD,276.0,EASY_MID,261.0,EASY_MID,310.0,EASY,220.0,EASY_MID,261.0,EASY_MID,364,303.0,1
UNC,74.65217391304348,30.782608695652176,13.608695652173912,5.565217391304348,3.0,8.695652173913043,0.4782608695652174,119.04347826086956,105.43478260869566,88.26086956521739,44.391304347826086,8.565217391304348,23,153,box,189.0,MID,171.0,MID,205.0,MID,73.0,HARD_MID,138.0,HARD_MID,41.0,HARD,308.0,EASY,183.0,MID,183.0,MID,195.0,MID,184.0,MID,75.0,HARD_MID,364,189.0,1
UNCA,72.19047619047619,29.857142857142858,11.857142857142858,5.904761904761905,2.857142857142857,10.047619047619047,0.0,113.9047619047619,102.04761904761905,84.04761904761905,41.714285714285715,8.761904761904763,21,2427,box,122.0,HARD_MID,107.0,HARD_MID,60.0,HARD,100.0,HARD_MID,104.0,HARD_MID,129.0,HARD_MID,1.0,HARD,102.0,HARD_MID,113.0,HARD_MID,100.0,HARD_MID,74.0,HARD_MID,88.0,HARD_MID,364,122.0,1
UNCG,79.65217391304348,30.652173913043477,14.217391304347826,5.478260869565218,3.0434782608695654,9.26086956521739,0.0,124.52173913043478,110.30434782608695,93.8695652173913,44.869565217391305,8.521739130434783,22,2430,box,316.0,EASY,159.0,MID,241.0,EASY_MID,66.0,HARD,148.0,MID,68.0,HARD,1.0,HARD,279.0,EASY_MID,290.0,EASY_MID,301.0,EASY,205.0,MID,71.0,HARD,364,316.0,1
UNCO,78.5,29.40909090909091,9.909090909090908,6.045454545454546,2.6818181818181817,8.0,0.0,117.81818181818181,107.9090909090909,88.4090909090909,39.31818181818182,8.727272727272727,22,2458,box,296.0,EASY,80.0,HARD_MID,5.0,HARD,129.0,HARD_MID,69.0,HARD,12.0,HARD,1.0,HARD,168.0,MID,237.0,EASY_MID,201.0,MID,16.0,HARD,84.0,HARD_MID,364,296.0,1
UNCW,68.13636363636364,30.136363636363637,11.272727272727273,5.136363636363637,2.8636363636363638,9.5,0.36363636363636365,109.54545454545455,98.27272727272727,79.4090909090909,41.40909090909091,8.0,22,350,box,51.0,HARD,131.0,HARD_MID,31.0,HARD,33.0,HARD,105.0,HARD_MID,87.0,HARD_MID,293.0,EASY,41.0,HARD,55.0,HARD,32.0,HARD,63.0,HARD,38.0,HARD,364,51.0,1
UND,78.31818181818181,32.59090909090909,15.409090909090908,4.545454545454546,2.6818181818181817,12.181818181818182,0.0,126.31818181818181,110.9090909090909,93.72727272727273,48.0,7.2272727272727275,22,155,box,291.0,EASY_MID,275.0,EASY_MID,300.0,EASY,9.0,HARD,69.0,HARD,314.0,EASY,1.0,HARD,307.0,EASY,299.0,EASY,295.0,EASY,309.0,EASY,9.0,HARD,364,291.0,1
UNF,88.69565217391305,34.47826086956522,16.565217391304348,7.521739130434782,3.347826086956522,8.08695652173913,0.0,139.7391304347826,123.17391304347827,105.26086956521739,51.04347826086956,10.869565217391305,23,2454,box,364.0,EASY,337.0,EASY,342.0,EASY,318.0,EASY,215.0,MID,16.0,HARD,1.0,HARD,363.0,EASY,364.0,EASY,364.0,EASY,348.0,EASY,301.0,EASY,364,364.0,1
UNH,76.15,33.2,12.55,6.0,3.55,10.35,0.0,121.9,109.35,88.7,45.75,9.55,20,160,box,236.0,EASY_MID,302.0,EASY,111.0,HARD_MID,117.0,HARD_MID,254.0,EASY_MID,167.0,MID,1.0,HARD,241.0,EASY_MID,273.0,EASY_MID,209.0,MID,231.0,EASY_MID,166.0,MID,364,236.0,1
UNI,63.19230769230769,29.423076923076923,11.26923076923077,5.923076923076923,2.6923076923076925,9.923076923076923,0.38461538461538464,103.88461538461539,92.61538461538461,74.46153846153847,40.69230769230769,8.615384615384615,25,2460,box,7.0,HARD,82.0,HARD_MID,30.0,HARD,108.0,HARD_MID,73.0,HARD_MID,119.0,HARD_MID,296.0,EASY,8.0,HARD,8.0,HARD,7.0,HARD,41.0,HARD,77.0,HARD_MID,364,7.0,1
UNLV,76.64,30.28,14.4,6.28,2.6,11.56,0.52,121.32,106.92,91.04,44.68,8.88,25,2439,box,249.0,EASY_MID,137.0,HARD_MID,249.0,EASY_MID,164.0,MID,56.0,HARD,279.0,EASY_MID,312.0,EASY,227.0,EASY_MID,216.0,MID,258.0,EASY_MID,197.0,MID,95.0,HARD_MID,364,249.0,1
UNM,71.29629629629629,31.296296296296298,13.777777777777779,5.962962962962963,3.4444444444444446,12.074074074074074,1.4444444444444444,116.37037037037037,102.5925925925926,85.07407407407408,45.074074074074076,9.407407407407407,27,167,box,108.0,HARD_MID,211.0,MID,211.0,MID,116.0,HARD_MID,229.0,EASY_MID,309.0,EASY,361.0,EASY,144.0,HARD_MID,123.0,HARD_MID,128.0,HARD_MID,209.0,MID,146.0,MID,364,108.0,1
UNO,75.69565217391305,29.956521739130434,15.173913043478262,8.0,3.217391304347826,10.173913043478262,0.0,120.82608695652173,105.65217391304348,90.8695652173913,45.130434782608695,11.217391304347826,23,2443,box,221.0,EASY_MID,112.0,HARD_MID,291.0,EASY_MID,340.0,EASY,188.0,MID,149.0,MID,1.0,HARD,218.0,MID,191.0,MID,253.0,EASY_MID,210.0,MID,327.0,EASY,364,221.0,1
UNT,68.43478260869566,31.26086956521739,11.391304347826088,6.043478260869565,4.521739130434782,14.565217391304348,0.0,111.08695652173913,99.69565217391305,79.82608695652173,42.65217391304348,10.565217391304348,22,249,box,55.0,HARD,209.0,MID,34.0,HARD,126.0,HARD_MID,350.0,EASY,360.0,EASY,1.0,HARD,60.0,HARD,78.0,HARD_MID,38.0,HARD,109.0,HARD_MID,266.0,EASY_MID,364,55.0,1
UPST,75.4,33.85,11.7,7.75,4.75,11.4,0.0,120.95,109.25,87.1,45.55,12.5,20,2908,box,213.0,MID,322.0,EASY,50.0,HARD,332.0,EASY,357.0,EASY,263.0,EASY_MID,1.0,HARD,220.0,EASY_MID,270.0,EASY_MID,168.0,MID,225.0,EASY_MID,356.0,EASY,364,213.0,1
URI,68.04761904761905,30.714285714285715,12.19047619047619,7.904761904761905,3.380952380952381,12.952380952380953,0.0,110.95238095238095,98.76190476190476,80.23809523809524,42.904761904761905,11.285714285714286,21,227,box,49.0,HARD,165.0,MID,80.0,HARD_MID,337.0,EASY,218.0,MID,337.0,EASY,1.0,HARD,58.0,HARD,66.0,HARD,44.0,HARD,119.0,HARD_MID,329.0,EASY,364,49.0,1
USA,70.56521739130434,34.73913043478261,15.869565217391305,5.391304347826087,3.8260869565217392,11.478260869565217,0.6956521739130435,121.17391304347827,105.30434782608695,86.43478260869566,50.608695652173914,9.217391304347826,23,6,box,88.0,HARD_MID,346.0,EASY,319.0,EASY,58.0,HARD,291.0,EASY_MID,272.0,EASY_MID,330.0,EASY,225.0,EASY_MID,182.0,MID,153.0,MID,345.0,EASY,121.0,HARD_MID,364,88.0,1
USC,77.68181818181819,30.681818181818183,15.590909090909092,7.545454545454546,3.409090909090909,10.409090909090908,0.0,123.95454545454545,108.36363636363636,93.27272727272727,46.27272727272727,10.954545454545455,22,30,box,273.0,EASY_MID,162.0,MID,308.0,EASY,322.0,EASY,223.0,EASY_MID,172.0,MID,1.0,HARD,274.0,EASY_MID,245.0,EASY_MID,288.0,EASY_MID,248.0,EASY_MID,309.0,EASY,364,273.0,1
USD,78.78260869565217,33.47826086956522,16.565217391304348,6.956521739130435,3.391304347826087,12.217391304347826,0.0,128.82608695652175,112.26086956521739,95.34782608695652,50.04347826086956,10.347826086956522,23,301,box,301.0,EASY,312.0,EASY,342.0,EASY,260.0,EASY_MID,220.0,EASY_MID,317.0,EASY,1.0,HARD,327.0,EASY,317.0,EASY,326.0,EASY,337.0,EASY,251.0,EASY_MID,364,301.0,1
USF,72.54166666666667,32.208333333333336,12.625,6.0,4.375,12.875,0.5416666666666666,117.375,104.75,85.16666666666667,44.833333333333336,10.375,24,58,box,130.0,HARD_MID,253.0,EASY_MID,113.0,HARD_MID,117.0,HARD_MID,342.0,EASY,336.0,EASY,317.0,EASY,162.0,MID,169.0,MID,130.0,HARD_MID,202.0,MID,252.0,EASY_MID,364,130.0,1
USM,74.4,31.2,10.4,7.16,4.48,11.4,0.0,116.0,105.6,84.8,41.6,11.64,25,2572,box,186.0,MID,205.0,MID,10.0,HARD,286.0,EASY_MID,348.0,EASY,263.0,EASY_MID,1.0,HARD,135.0,HARD_MID,189.0,MID,120.0,HARD_MID,70.0,HARD,343.0,EASY,364,186.0,1
USU,72.14814814814815,29.814814814814813,12.074074074074074,5.518518518518518,3.111111111111111,11.925925925925926,0.9629629629629629,114.03703703703704,101.96296296296296,84.22222222222223,41.888888888888886,8.62962962962963,26,328,box,121.0,HARD_MID,105.0,HARD_MID,72.0,HARD,67.0,HARD,166.0,MID,306.0,EASY,346.0,EASY,106.0,HARD_MID,111.0,HARD_MID,105.0,HARD_MID,83.0,HARD_MID,79.0,HARD_MID,364,121.0,1
UTA,68.0,29.181818181818183,11.545454545454545,7.136363636363637,3.5,11.272727272727273,0.0,108.72727272727273,97.18181818181819,79.54545454545455,40.72727272727273,10.636363636363637,22,250,box,46.0,HARD,71.0,HARD,42.0,HARD,280.0,EASY_MID,240.0,EASY_MID,254.0,EASY_MID,1.0,HARD,33.0,HARD,41.0,HARD,33.0,HARD,44.0,HARD,276.0,EASY_MID,364,46.0,1
UTAH,79.14285714285714,30.904761904761905,15.333333333333334,5.809523809523809,4.809523809523809,7.9523809523809526,0.0,125.38095238095238,110.04761904761905,94.47619047619048,46.23809523809524,10.619047619047619,21,254,box,310.0,EASY,182.0,MID,295.0,EASY,94.0,HARD_MID,359.0,EASY,11.0,HARD,1.0,HARD,295.0,EASY,284.0,EASY_MID,313.0,EASY,245.0,EASY_MID,273.0,EASY_MID,364,310.0,1
UTC,77.42857142857143,33.142857142857146,13.19047619047619,5.714285714285714,2.0,7.857142857142857,0.0,123.76190476190476,110.57142857142857,90.61904761904762,46.333333333333336,7.714285714285714,21,236,box,266.0,EASY_MID,300.0,EASY,170.0,MID,82.0,HARD_MID,1.0,HARD,9.0,HARD,1.0,HARD,271.0,EASY_MID,295.0,EASY,244.0,EASY_MID,251.0,EASY_MID,21.0,HARD,364,266.0,1
UTEP,72.68181818181819,33.59090909090909,13.090909090909092,5.954545454545454,2.772727272727273,11.0,0.0,119.36363636363636,106.27272727272727,85.77272727272727,46.68181818181818,8.727272727272727,22,2638,box,137.0,HARD_MID,315.0,EASY,163.0,MID,113.0,HARD_MID,92.0,HARD_MID,225.0,EASY_MID,1.0,HARD,190.0,MID,206.0,MID,140.0,HARD_MID,267.0,EASY_MID,84.0,HARD_MID,364,137.0,1
UTM,61.608695652173914,30.08695652173913,11.391304347826088,8.478260869565217,2.9130434782608696,12.652173913043478,0.0,103.08695652173913,91.69565217391305,73.0,41.47826086956522,11.391304347826088,23,2630,box,1.0,HARD,125.0,HARD_MID,34.0,HARD,355.0,EASY,119.0,HARD_MID,331.0,EASY,1.0,HARD,6.0,HARD,6.0,HARD,2.0,HARD,67.0,HARD,333.0,EASY,364,1.0,1
UTSA,84.7,37.55,17.0,8.25,4.8,9.65,0.0,139.25,122.25,101.7,54.55,13.05,20,2636,box,356.0,EASY,364.0,EASY,350.0,EASY,349.0,EASY,358.0,EASY,94.0,HARD_MID,1.0,HARD,361.0,EASY,361.0,EASY,358.0,EASY,363.0,EASY,360.0,EASY,364,356.0,1
UTU,76.5909090909091,32.86363636363637,13.454545454545455,7.2272727272727275,2.5,10.545454545454545,0.0,122.9090909090909,109.45454545454545,90.04545454545455,46.31818181818182,9.727272727272727,22,3101,box,247.0,EASY_MID,282.0,EASY_MID,192.0,MID,291.0,EASY_MID,38.0,HARD,190.0,MID,1.0,HARD,258.0,EASY_MID,275.0,EASY_MID,232.0,EASY_MID,250.0,EASY_MID,182.0,MID,364,247.0,1
UVA,69.34615384615384,28.615384615384617,12.384615384615385,6.384615384615385,3.6923076923076925,9.653846153846153,1.1153846153846154,110.34615384615384,97.96153846153847,81.73076923076923,41.0,10.076923076923077,26,258,box,70.0,HARD,45.0,HARD,95.0,HARD_MID,185.0,MID,274.0,EASY_MID,95.0,HARD_MID,351.0,EASY,50.0,HARD,51.0,HARD,64.0,HARD,50.0,HARD,230.0,EASY_MID,364,70.0,1
UVM,62.08695652173913,28.0,9.73913043478261,4.956521739130435,2.4782608695652173,8.782608695652174,0.0,99.82608695652173,90.08695652173913,71.82608695652173,37.73913043478261,7.434782608695652,23,261,box,3.0,HARD,30.0,HARD,3.0,HARD,22.0,HARD,36.0,HARD,43.0,HARD,1.0,HARD,2.0,HARD,3.0,HARD,1.0,HARD,4.0,HARD,13.0,HARD,364,3.0,1
UVU,70.78260869565217,28.695652173913043,13.304347826086957,8.0,2.9130434782608696,14.130434782608695,0.8695652173913043,112.78260869565217,99.47826086956522,84.08695652173913,42.0,10.91304347826087,23,3084,box,92.0,HARD_MID,47.0,HARD,180.0,MID,340.0,EASY,119.0,HARD_MID,358.0,EASY,344.0,EASY,86.0,HARD_MID,75.0,HARD_MID,102.0,HARD_MID,90.0,HARD_MID,305.0,EASY,364,92.0,1
VAL,72.82608695652173,30.130434782608695,13.217391304347826,5.260869565217392,3.0869565217391304,10.043478260869565,0.0,116.17391304347827,102.95652173913044,86.04347826086956,43.34782608695652,8.347826086956522,23,2674,box,141.0,HARD_MID,130.0,HARD_MID,173.0,MID,43.0,HARD,157.0,MID,127.0,HARD_MID,1.0,HARD,139.0,HARD_MID,133.0,HARD_MID,147.0,MID,138.0,HARD_MID,59.0,HARD,364,141.0,1
VAN,74.07407407407408,31.59259259259259,12.074074074074074,5.7407407407407405,2.740740740740741,11.11111111111111,0.6666666666666666,117.74074074074075,105.66666666666667,86.14814814814815,43.666666666666664,8.481481481481481,27,238,box,176.0,MID,228.0,EASY_MID,72.0,HARD,87.0,HARD_MID,85.0,HARD_MID,235.0,EASY_MID,329.0,EASY,167.0,MID,192.0,MID,150.0,MID,146.0,MID,69.0,HARD,364,176.0,1
VCU,69.3076923076923,29.307692307692307,12.846153846153847,5.3076923076923075,2.6538461538461537,9.653846153846153,0.6538461538461539,111.46153846153847,98.61538461538461,82.15384615384616,42.15384615384615,7.961538461538462,26,2670,box,69.0,HARD,77.0,HARD_MID,132.0,HARD_MID,49.0,HARD,65.0,HARD,95.0,HARD_MID,328.0,EASY,66.0,HARD,63.0,HARD,72.0,HARD,97.0,HARD_MID,37.0,HARD,364,69.0,1
VILL,72.6086956521739,32.34782608695652,14.478260869565217,5.260869565217392,2.5217391304347827,11.826086956521738,0.08695652173913043,119.43478260869566,104.95652173913044,87.08695652173913,46.82608695652174,7.782608695652174,23,222,box,134.0,HARD_MID,261.0,EASY_MID,257.0,EASY_MID,43.0,HARD,42.0,HARD,297.0,EASY,261.0,EASY_MID,191.0,MID,175.0,MID,167.0,MID,274.0,EASY_MID,26.0,HARD,364,134.0,1
VMI,83.3,36.3,17.75,5.3,2.75,9.5,0.0,137.35,119.6,101.05,54.05,8.05,20,2678,box,344.0,EASY,355.0,EASY,357.0,EASY,48.0,HARD,86.0,HARD_MID,87.0,HARD_MID,1.0,HARD,357.0,EASY,353.0,EASY,354.0,EASY,362.0,EASY,46.0,HARD,364,344.0,1
VT,75.52380952380952,31.571428571428573,12.857142857142858,5.9523809523809526,3.5238095238095237,10.761904761904763,0.0,119.95238095238095,107.0952380952381,88.38095238095238,44.42857142857143,9.476190476190476,21,259,box,218.0,MID,225.0,EASY_MID,133.0,HARD_MID,110.0,HARD_MID,253.0,EASY_MID,204.0,MID,1.0,HARD,201.0,MID,222.0,EASY_MID,199.0,MID,187.0,MID,156.0,MID,364,218.0,1
W&M,78.95238095238095,32.80952380952381,14.80952380952381,6.238095238095238,3.0476190476190474,12.0,0.0,126.57142857142857,111.76190476190476,93.76190476190476,47.61904761904762,9.285714285714286,21,2729,box,307.0,EASY,281.0,EASY_MID,274.0,EASY_MID,151.0,MID,152.0,MID,308.0,EASY,1.0,HARD,311.0,EASY,313.0,EASY,298.0,EASY,298.0,EASY,133.0,HARD_MID,364,307.0,1
WAG,68.45454545454545,28.681818181818183,12.772727272727273,6.545454545454546,3.4545454545454546,9.545454545454545,0.0,109.9090909090909,97.13636363636364,81.22727272727273,41.45454545454545,10.0,22,2681,box,57.0,HARD,46.0,HARD,127.0,HARD_MID,207.0,MID,230.0,EASY_MID,92.0,HARD_MID,1.0,HARD,42.0,HARD,39.0,HARD,56.0,HARD,64.0,HARD,221.0,EASY_MID,364,57.0,1
WAKE,78.66666666666667,31.375,15.291666666666666,5.875,2.6666666666666665,10.458333333333334,0.2916666666666667,125.33333333333333,110.04166666666667,93.95833333333333,46.666666666666664,8.541666666666666,24,154,box,299.0,EASY,213.0,MID,294.0,EASY,97.0,HARD_MID,66.0,HARD,178.0,MID,279.0,EASY_MID,293.0,EASY,283.0,EASY_MID,305.0,EASY,266.0,EASY_MID,73.0,HARD_MID,364,299.0,1
WASH,73.73913043478261,29.52173913043478,12.956521739130435,6.043478260869565,3.1739130434782608,9.043478260869565,0.0,116.21739130434783,103.26086956521739,86.69565217391305,42.47826086956522,9.217391304347826,23,264,box,165.0,MID,91.0,HARD_MID,146.0,MID,126.0,HARD_MID,175.0,MID,54.0,HARD,1.0,HARD,141.0,HARD_MID,140.0,HARD_MID,158.0,MID,105.0,HARD_MID,121.0,HARD_MID,364,165.0,1
WCU,76.85714285714286,28.142857142857142,11.80952380952381,5.333333333333333,2.5714285714285716,8.666666666666666,0.0,116.80952380952381,105.0,88.66666666666667,39.95238095238095,7.904761904761905,20,2717,box,252.0,EASY_MID,33.0,HARD,56.0,HARD,51.0,HARD,51.0,HARD,38.0,HARD,1.0,HARD,150.0,MID,176.0,MID,205.0,MID,24.0,HARD,32.0,HARD,364,252.0,1
WEB,79.45454545454545,29.045454545454547,14.636363636363637,5.681818181818182,4.2272727272727275,11.227272727272727,0.0,123.13636363636364,108.5,94.0909090909091,43.68181818181818,9.909090909090908,22,2692,box,313.0,EASY,63.0,HARD,265.0,EASY_MID,79.0,HARD_MID,335.0,EASY,249.0,EASY_MID,1.0,HARD,259.0,EASY_MID,251.0,EASY_MID,307.0,EASY,148.0,MID,208.0,MID,364,313.0,1
WGA,78.68181818181819,30.954545454545453,13.181818181818182,6.818181818181818,2.0454545454545454,9.772727272727273,0.0,122.81818181818181,109.63636363636364,91.86363636363636,44.13636363636363,8.863636363636363,22,2698,box,300.0,EASY,187.0,MID,169.0,MID,243.0,EASY_MID,5.0,HARD,105.0,HARD_MID,1.0,HARD,255.0,EASY_MID,279.0,EASY_MID,270.0,EASY_MID,171.0,MID,93.0,HARD_MID,364,300.0,1
WICH,70.72,30.0,10.64,6.36,3.84,10.12,1.12,111.36,100.72,81.36,40.64,10.2,25,2724,box,90.0,HARD_MID,116.0,HARD_MID,13.0,HARD,178.0,MID,292.0,EASY,140.0,HARD_MID,353.0,EASY,65.0,HARD,96.0,HARD_MID,59.0,HARD,38.0,HARD,244.0,EASY_MID,364,90.0,1
WIN,75.13636363636364,31.181818181818183,10.909090909090908,5.954545454545454,4.0,11.363636363636363,0.0,117.22727272727273,106.31818181818181,86.04545454545455,42.09090909090909,9.954545454545455,22,2737,box,199.0,MID,204.0,MID,20.0,HARD,113.0,HARD_MID,309.0,EASY,261.0,EASY_MID,1.0,HARD,159.0,MID,207.0,MID,148.0,MID,95.0,HARD_MID,217.0,MID,364,199.0,1
WIS,76.4,32.32,14.16,4.16,3.84,8.48,0.6,122.88,108.72,90.56,46.48,8.0,25,275,box,241.0,EASY_MID,259.0,EASY_MID,238.0,EASY_MID,2.0,HARD,292.0,EASY,30.0,HARD,323.0,EASY,257.0,EASY_MID,258.0,EASY_MID,243.0,EASY_MID,258.0,EASY_MID,38.0,HARD,364,241.0,1
WIU,78.1,36.8,14.35,7.15,3.75,9.15,0.0,129.25,114.9,92.45,51.15,10.9,20,2710,box,286.0,EASY_MID,360.0,EASY,246.0,EASY_MID,284.0,EASY_MID,282.0,EASY_MID,62.0,HARD,1.0,HARD,331.0,EASY,339.0,EASY,278.0,EASY_MID,350.0,EASY,304.0,EASY,364,286.0,1
WKU,75.30434782608695,32.608695652173914,13.782608695652174,6.260869565217392,3.739130434782609,11.217391304347826,0.0,121.69565217391305,107.91304347826087,89.08695652173913,46.391304347826086,10.0,23,98,box,210.0,MID,276.0,EASY_MID,212.0,MID,159.0,MID,279.0,EASY_MID,248.0,EASY_MID,1.0,HARD,235.0,EASY_MID,238.0,EASY_MID,214.0,MID,254.0,EASY_MID,221.0,EASY_MID,364,210.0,1
WMU,80.04761904761905,31.0,14.80952380952381,5.9523809523809526,4.714285714285714,8.952380952380953,0.0,125.85714285714286,111.04761904761905,94.85714285714286,45.80952380952381,10.666666666666666,21,2711,box,321.0,EASY,192.0,MID,274.0,EASY_MID,110.0,HARD_MID,355.0,EASY,51.0,HARD,1.0,HARD,301.0,EASY,303.0,EASY,317.0,EASY,232.0,EASY_MID,279.0,EASY_MID,364,321.0,1
WOF,77.68181818181819,30.181818181818183,13.227272727272727,5.2272727272727275,2.772727272727273,10.318181818181818,0.0,121.0909090909091,107.86363636363636,90.9090909090909,43.40909090909091,8.0,22,2747,box,273.0,EASY_MID,133.0,HARD_MID,174.0,MID,41.0,HARD,92.0,HARD_MID,161.0,MID,1.0,HARD,224.0,EASY_MID,233.0,EASY_MID,255.0,EASY_MID,140.0,HARD_MID,38.0,HARD,364,273.0,1
WRST,76.79166666666667,27.291666666666668,12.25,6.875,3.4166666666666665,10.083333333333334,0.5416666666666666,116.33333333333333,104.08333333333333,89.04166666666667,39.541666666666664,10.291666666666666,24,2750,box,251.0,EASY_MID,20.0,HARD,84.0,HARD_MID,250.0,EASY_MID,225.0,EASY_MID,133.0,HARD_MID,317.0,EASY,143.0,HARD_MID,156.0,MID,213.0,MID,21.0,HARD,249.0,EASY_MID,364,251.0,1
WSU,76.54545454545455,30.40909090909091,13.909090909090908,7.2727272727272725,2.909090909090909,9.5,0.0,120.86363636363636,106.95454545454545,90.45454545454545,44.31818181818182,10.181818181818182,22,265,box,244.0,EASY_MID,147.0,MID,218.0,MID,297.0,EASY,115.0,HARD_MID,87.0,HARD_MID,1.0,HARD,219.0,EASY_MID,217.0,MID,241.0,EASY_MID,178.0,MID,240.0,EASY_MID,364,244.0,1
WVU,68.0952380952381,30.714285714285715,13.523809523809524,6.857142857142857,3.9047619047619047,10.142857142857142,0.0,112.33333333333333,98.80952380952381,81.61904761904762,44.23809523809524,10.761904761904763,21,277,box,50.0,HARD,165.0,MID,198.0,MID,245.0,EASY_MID,299.0,EASY,146.0,MID,1.0,HARD,81.0,HARD_MID,67.0,HARD,63.0,HARD,175.0,MID,292.0,EASY,364,50.0,1
WYO,73.56521739130434,28.391304347826086,12.26086956521739,5.391304347826087,3.869565217391304,9.73913043478261,0.21739130434782608,114.21739130434783,101.95652173913044,85.82608695652173,40.65217391304348,9.26086956521739,23,2751,box,159.0,MID,38.0,HARD,85.0,HARD_MID,58.0,HARD,296.0,EASY,104.0,HARD_MID,271.0,EASY_MID,109.0,HARD_MID,110.0,HARD_MID,142.0,HARD_MID,39.0,HARD,127.0,HARD_MID,364,159.0,1
XAV,85.22727272727273,34.54545454545455,19.5,6.363636363636363,3.5,9.363636363636363,0.0,139.27272727272728,119.77272727272727,104.72727272727273,54.04545454545455,9.863636363636363,22,2752,box,358.0,EASY,340.0,EASY,363.0,EASY,179.0,MID,240.0,EASY_MID,75.0,HARD_MID,1.0,HARD,362.0,EASY,354.0,EASY,363.0,EASY,361.0,EASY,201.0,MID,364,358.0,1
YALE,66.73684210526316,28.31578947368421,12.947368421052632,4.7894736842105265,3.210526315789474,9.68421052631579,0.5263157894736842,108.0,95.05263157894737,79.6842105263158,41.26315789473684,8.0,18,43,box,29.0,HARD,36.0,HARD,142.0,HARD_MID,13.0,HARD,186.0,MID,100.0,HARD_MID,316.0,EASY,30.0,HARD,18.0,HARD,36.0,HARD,58.0,HARD,38.0,HARD,364,29.0,1
YSU,74.45454545454545,29.545454545454547,12.5,6.909090909090909,2.9545454545454546,10.954545454545455,0.0,116.5,104.0,86.95454545454545,42.04545454545455,9.863636363636363,22,2754,box,187.0,MID,93.0,HARD_MID,107.0,HARD_MID,253.0,EASY_MID,130.0,HARD_MID,217.0,MID,1.0,HARD,145.0,HARD_MID,152.0,MID,163.0,MID,93.0,HARD_MID,201.0,MID,364,187.0,1
