PLAYER_NAME,PLAYER_NORM,TEAM,season_avg,games,avg_min,category,team_slate,team_def_key,rank_on_team,leader_side,PLAYER_NAME_split,n_games,n_elite,n_weak,avg_delta_all,avg_delta_vs_elite,avg_delta_vs_weak,avg_delta_vs_mid,def_rank_corr,weak_over_rate,elite_over_rate,def_boost,overperform_vs_weak,fades_vs_elite
Stephanie Jones,stephanie jones,ATL,1.0,1,20.0,ast,ATL,ATL,1,bottom,,,,,,,,,,,,,False,False
Naz Hillmon,naz hillmon,ATL,1.4838709677419355,31,28.06451612903226,ast,ATL,ATL,2,bottom,Naz Hillmon,28.0,6.0,11.0,0.08180644333381212,-0.2437852266412638,0.28472845926505463,0.05647988375261104,0.164611614284077,0.45454545454545453,0.16666666666666666,0.5285136859063184,False,False
Holly Winterburn,holly winterburn,ATL,2.0,1,22.0,ast,ATL,ATL,3,bottom,,,,,,,,,,,,,False,False
Jordin Canada,jordin canada,ATL,7.333333333333333,33,30.363636363636363,ast,ATL,ATL,1,top,Jordin Canada,30.0,7.0,11.0,1.4080763495157496,-0.36343532628362346,2.368643266168289,1.5609384868005562,0.31930106293340754,0.7272727272727273,0.5714285714285714,2.7320785924519124,True,True
Maite Cazorla,maite cazorla,ATL,4.0,1,22.0,ast,ATL,ATL,2,top,,,,,,,,,,,,,False,False
Rhyne Howard,rhyne howard,ATL,3.5,32,33.09375,ast,ATL,ATL,3,top,Rhyne Howard,29.0,7.0,11.0,0.21380879418045912,-0.05125494642301355,-0.09901445408753308,0.6953089682870247,-0.12563945109163915,0.36363636363636365,0.2857142857142857,-0.04775950766451953,False,False
Holly Winterburn,holly winterburn,ATL,0.0,1,22.0,blk,ATL,ATL,1,bottom,,,,,,,,,,,,,False,False
Maite Cazorla,maite cazorla,ATL,0.0,1,22.0,blk,ATL,ATL,2,bottom,,,,,,,,,,,,,False,False
Stephanie Jones,stephanie jones,ATL,0.0,1,20.0,blk,ATL,ATL,3,bottom,,,,,,,,,,,,,False,False
Rhyne Howard,rhyne howard,ATL,0.90625,32,33.09375,blk,ATL,ATL,1,top,Rhyne Howard,29.0,7.0,11.0,0.2827153280857958,0.7217842692632609,0.0076171514990575565,0.2784059966505108,-0.2660980294874055,0.36363636363636365,0.8571428571428571,-0.7141671177642034,False,False
Angel Reese,angel reese,ATL,0.65625,32,29.4375,blk,ATL,ATL,2,top,Angel Reese,29.0,7.0,10.0,-0.1361494588966989,-0.7458608110974321,-0.02602819788128343,0.1277477790408825,0.3882716841362206,0.7,0.0,0.7198326132161487,True,True
Brionna Jones,brionna jones,ATL,0.625,8,18.375,blk,ATL,ATL,3,top,Brionna Jones,5.0,1.0,2.0,-0.3461904761904762,-1.0,-0.19047619047619047,-0.175,0.41909248218781264,0.5,0.0,0.8095238095238095,False,False
Holly Winterburn,holly winterburn,ATL,0.0,1,22.0,fg3m,ATL,ATL,1,bottom,,,,,,,,,,,,,False,False
Maite Cazorla,maite cazorla,ATL,0.0,1,22.0,fg3m,ATL,ATL,2,bottom,,,,,,,,,,,,,False,False
Stephanie Jones,stephanie jones,ATL,0.0,1,20.0,fg3m,ATL,ATL,3,bottom,,,,,,,,,,,,,False,False
Rhyne Howard,rhyne howard,ATL,3.21875,32,33.09375,fg3m,ATL,ATL,1,top,Rhyne Howard,29.0,7.0,11.0,0.357854154446626,-0.3991652216442133,1.0027681993747946,0.19467971248535515,0.3520872676621832,0.7272727272727273,0.42857142857142855,1.4019334210190078,True,True
Allisha Gray,allisha gray,ATL,1.606060606060606,33,31.484848484848484,fg3m,ATL,ATL,2,top,Allisha Gray,30.0,7.0,11.0,0.06897136046705087,-0.06809677619053993,0.30280311971310314,-0.06541800579156899,0.08577233570427101,0.5454545454545454,0.14285714285714285,0.3708998959036431,False,False
Naz Hillmon,naz hillmon,ATL,1.0,31,28.06451612903226,fg3m,ATL,ATL,3,top,Naz Hillmon,28.0,6.0,11.0,0.23696065966279614,0.03219500013230664,0.2799940643609718,0.3056176147085238,0.13369980205459278,0.6363636363636364,0.6666666666666666,0.24779906422866516,False,False
Stephanie Jones,stephanie jones,ATL,10.0,1,20.0,pra,ATL,ATL,1,bottom,,,,,,,,,,,,,False,False
Maite Cazorla,maite cazorla,ATL,13.0,1,22.0,pra,ATL,ATL,2,bottom,,,,,,,,,,,,,False,False
Naz Hillmon,naz hillmon,ATL,14.290322580645162,31,28.06451612903226,pra,ATL,ATL,3,bottom,Naz Hillmon,28.0,6.0,11.0,1.0882626915757192,-0.9484553200497471,2.9115447785749,0.3759177018267929,0.2648763878604287,0.6363636363636364,0.3333333333333333,3.860000098624647,True,True
Angel Reese,angel reese,ATL,29.03125,32,29.4375,pra,ATL,ATL,1,top,Angel Reese,29.0,7.0,10.0,3.751841869552643,1.9577643923066306,5.144395800163682,3.6379254557702834,0.22048955834057402,0.8,0.42857142857142855,3.1866314078570515,True,False
Rhyne Howard,rhyne howard,ATL,23.8125,32,33.09375,pra,ATL,ATL,2,top,Rhyne Howard,29.0,7.0,11.0,2.366567626051144,-2.1195917255791206,2.696051301070359,4.891912629342096,0.18829382040952405,0.5454545454545454,0.42857142857142855,4.81564302664948,False,True
Allisha Gray,allisha gray,ATL,23.363636363636363,33,31.484848484848484,pra,ATL,ATL,3,top,Allisha Gray,30.0,7.0,11.0,2.1855201943153655,-0.7557720057720054,3.354526279923768,2.829685065891963,0.1647264844466167,0.6363636363636364,0.42857142857142855,4.110298285695773,True,True
Stephanie Jones,stephanie jones,ATL,3.0,1,20.0,pts,ATL,ATL,1,bottom,,,,,,,,,,,,,False,False
Maite Cazorla,maite cazorla,ATL,5.0,1,22.0,pts,ATL,ATL,2,bottom,,,,,,,,,,,,,False,False
Naz Hillmon,naz hillmon,ATL,8.64516129032258,31,28.06451612903226,pts,ATL,ATL,3,bottom,Naz Hillmon,28.0,6.0,11.0,1.2595775932943323,0.05459269402767871,2.0081507406469927,1.1682689364507546,0.17551509862653644,0.5454545454545454,0.3333333333333333,1.953558046619314,False,False
Allisha Gray,allisha gray,ATL,18.181818181818183,33,31.484848484848484,pts,ATL,ATL,1,top,Allisha Gray,30.0,7.0,11.0,1.7299448619430857,-0.6224218555045619,1.9172960611965137,2.9304201811385724,0.10064244382646749,0.5454545454545454,0.42857142857142855,2.5397179167010755,False,True
Rhyne Howard,rhyne howard,ATL,16.6875,32,33.09375,pts,ATL,ATL,2,top,Rhyne Howard,29.0,7.0,11.0,1.6428772176145503,-1.8062230447734653,2.69814720288022,2.782489217504892,0.25589807009821913,0.7272727272727273,0.42857142857142855,4.504370247653685,True,True
Angel Reese,angel reese,ATL,15.375,32,29.4375,pts,ATL,ATL,3,top,Angel Reese,29.0,7.0,10.0,2.5513743505019435,1.5383163366356647,2.2256296348968156,3.4137787882615473,0.06679207423945811,0.6,0.7142857142857143,0.687313298261151,True,False
Holly Winterburn,holly winterburn,ATL,2.0,1,22.0,reb,ATL,ATL,1,bottom,,,,,,,,,,,,,False,False
Allisha Gray,allisha gray,ATL,2.9393939393939394,33,31.484848484848484,reb,ATL,ATL,2,bottom,Allisha Gray,30.0,7.0,11.0,-0.23473779231969932,-0.7629002159077347,0.09638974831535073,-0.23017662414214143,0.1408469305118396,0.5454545454545454,0.5714285714285714,0.8592899642230855,False,True
Rhyne Howard,rhyne howard,ATL,3.625,32,33.09375,reb,ATL,ATL,3,bottom,Rhyne Howard,29.0,7.0,11.0,0.509881614256134,-0.26211373438264196,0.09691855227767242,1.4141144435501802,-0.08699121141836261,0.45454545454545453,0.5714285714285714,0.3590322866603144,False,False
Angel Reese,angel reese,ATL,11.34375,32,29.4375,reb,ATL,ATL,1,top,Angel Reese,29.0,7.0,10.0,1.1237390724343692,0.46562452732289067,3.017409867092546,-0.07041977179908206,0.33936941024733625,0.9,0.7142857142857143,2.5517853397696553,True,False
Brionna Jones,brionna jones,ATL,6.125,8,18.375,reb,ATL,ATL,2,top,Brionna Jones,5.0,1.0,2.0,-1.7476190476190474,-2.666666666666667,-1.5357142857142856,-1.5,0.4080882898127984,0.5,0.0,1.1309523809523814,False,False
Stephanie Jones,stephanie jones,ATL,6.0,1,20.0,reb,ATL,ATL,3,top,,,,,,,,,,,,,False,False
Stephanie Jones,stephanie jones,ATL,0.0,1,20.0,stl,ATL,ATL,1,bottom,,,,,,,,,,,,,False,False
Brionna Jones,brionna jones,ATL,0.375,8,18.375,stl,ATL,ATL,2,bottom,Brionna Jones,5.0,1.0,2.0,0.11952380952380955,-0.3333333333333333,0.1904761904761905,0.275,0.17722990175331813,0.5,0.0,0.5238095238095238,False,False
Naz Hillmon,naz hillmon,ATL,0.6451612903225806,31,28.06451612903226,stl,ATL,ATL,3,bottom,Naz Hillmon,28.0,6.0,11.0,0.05792250518530443,0.27530182450848084,0.22901135520394075,-0.23173688264597356,0.026885461155146728,0.5454545454545454,0.5,-0.04629046930454009,False,False
Rhyne Howard,rhyne howard,ATL,2.25,32,33.09375,stl,ATL,ATL,1,top,Rhyne Howard,29.0,7.0,11.0,0.007601407570889551,-0.28495342581477034,0.37688176255319594,-0.1755076898023607,0.1258128327243634,0.5454545454545454,0.42857142857142855,0.6618351883679663,False,False
Holly Winterburn,holly winterburn,ATL,2.0,1,22.0,stl,ATL,ATL,2,top,,,,,,,,,,,,,False,False
Maite Cazorla,maite cazorla,ATL,2.0,1,22.0,stl,ATL,ATL,3,top,,,,,,,,,,,,,False,False
Stephanie Jones,stephanie jones,ATL,0.0,1,20.0,stocks,ATL,ATL,1,bottom,,,,,,,,,,,,,False,False
Naz Hillmon,naz hillmon,ATL,0.8709677419354839,31,28.06451612903226,stocks,ATL,ATL,2,bottom,Naz Hillmon,28.0,6.0,11.0,0.17641578937680638,0.2808343917864042,0.35993382195167667,-0.06405784451238998,0.06785069756705117,0.5454545454545454,0.5,0.07909943016527249,False,False
Brionna Jones,brionna jones,ATL,1.0,8,18.375,stocks,ATL,ATL,3,bottom,Brionna Jones,5.0,1.0,2.0,-0.22666666666666663,-1.3333333333333333,0.0,0.09999999999999998,0.3821211003753047,0.0,0.0,1.3333333333333333,False,False
Rhyne Howard,rhyne howard,ATL,3.15625,32,33.09375,stocks,ATL,ATL,1,top,Rhyne Howard,29.0,7.0,11.0,0.29031673565668537,0.4368308434484905,0.3844989140522537,0.10289830684815011,-0.02791423720494014,0.6363636363636364,0.5714285714285714,-0.052331929396236765,False,False
Angel Reese,angel reese,ATL,2.34375,32,29.4375,stocks,ATL,ATL,2,top,Angel Reese,29.0,7.0,10.0,-0.1318576224353647,-0.03867990577411197,0.10514000998222595,-0.38370931750242104,0.004030800886961045,0.5,0.14285714285714285,0.1438199157563379,False,False
Jordin Canada,jordin canada,ATL,2.1515151515151514,33,30.363636363636363,stocks,ATL,ATL,3,top,Jordin Canada,30.0,7.0,11.0,0.37939706893333286,0.10550631735947975,-0.07665496806450524,0.9572143745994323,-0.042246701425161313,0.2727272727272727,0.42857142857142855,-0.182161285423985,False,False
DiJonai Carrington,dijonai carrington,CHI,0.6,5,19.0,ast,CHI,CHI,1,bottom,DiJonai Carrington,2.0,1.0,1.0,1.25,0.5,2.0,,,1.0,1.0,1.5,False,False
Gabriela Jaquez,gabriela jaquez,CHI,0.9642857142857143,28,20.642857142857142,ast,CHI,CHI,2,bottom,Gabriela Jaquez,25.0,5.0,8.0,0.014669066869376489,-0.10242424242424239,-0.12887286324786326,0.1591525658198775,-0.16311722171557697,0.375,0.4,-0.026448620823620872,False,False
Rachel Banham,rachel banham,CHI,1.2916666666666667,24,15.166666666666666,ast,CHI,CHI,3,bottom,Rachel Banham,21.0,6.0,9.0,0.17835571934470076,-0.2764277844369377,0.18835538100243981,0.6181397306397306,0.26536511052007883,0.3333333333333333,0.16666666666666666,0.46478316543937753,False,False
Skylar Diggins,skylar diggins,CHI,4.947368421052632,19,28.157894736842106,ast,CHI,CHI,1,top,Skylar Diggins,16.0,2.0,7.0,-0.24442970224220228,-0.8571428571428572,0.23407029478458036,-0.5478687978687978,-0.002356454920471766,0.42857142857142855,0.5,1.0912131519274375,False,True
Natasha Cloud,natasha cloud,CHI,4.935483870967742,31,28.483870967741936,ast,CHI,CHI,2,top,Natasha Cloud,28.0,5.0,11.0,0.557510638657545,-0.45351966873705984,0.9579032928793695,0.6117466670352912,0.21252408614745671,0.5454545454545454,0.4,1.4114229616164293,False,True
Courtney Vandersloot,courtney vandersloot,CHI,4.875,16,20.8125,ast,CHI,CHI,3,top,Courtney Vandersloot,13.0,3.0,4.0,-0.06302223417608023,0.513888888888889,-0.6361263736263736,0.030591630591630725,-0.15652562722247687,0.5,0.6666666666666666,-1.1500152625152626,False,False
Hailey Van Lith,hailey van lith,CHI,0.0,2,20.5,blk,CHI,CHI,1,bottom,,,,,,,,,,,,,False,False
Gabriela Jaquez,gabriela jaquez,CHI,0.03571428571428571,28,20.642857142857142,blk,CHI,CHI,2,bottom,Gabriela Jaquez,25.0,5.0,8.0,0.04,0.0,0.0,0.08333333333333333,-0.026202861744445905,0.0,0.0,0.0,False,False
DiJonai Carrington,dijonai carrington,CHI,0.2,5,19.0,blk,CHI,CHI,3,bottom,DiJonai Carrington,2.0,1.0,1.0,-0.29166666666666663,-0.25,-0.3333333333333333,,,0.0,0.0,-0.08333333333333331,False,False
Kamilla Cardoso,kamilla cardoso,CHI,1.393939393939394,33,25.727272727272727,blk,CHI,CHI,1,top,Kamilla Cardoso,30.0,6.0,11.0,-0.016114910029742538,0.04380291005291004,0.23432497884369538,-0.2556799637300297,0.08988202163959016,0.5454545454545454,0.5,0.19052206879078534,False,False
Rickea Jackson,rickea jackson,CHI,1.1666666666666667,6,26.833333333333332,blk,CHI,CHI,2,top,Rickea Jackson,3.0,2.0,0.0,1.238888888888889,0.7333333333333334,,2.25,,,0.5,,False,False
Elizabeth Williams,elizabeth williams,CHI,0.875,32,17.1875,blk,CHI,CHI,3,top,Elizabeth Williams,29.0,6.0,11.0,-0.1855386410823228,0.026049667178699443,-0.14977117460250897,-0.3241196394859966,-0.11850568138439353,0.18181818181818182,0.3333333333333333,-0.1758208417812084,False,False
Elizabeth Williams,elizabeth williams,CHI,0.0,32,17.1875,fg3m,CHI,CHI,1,bottom,Elizabeth Williams,29.0,6.0,11.0,0.0,0.0,0.0,0.0,,0.0,0.0,0.0,False,False
Kamilla Cardoso,kamilla cardoso,CHI,0.0,33,25.727272727272727,fg3m,CHI,CHI,2,bottom,Kamilla Cardoso,30.0,6.0,11.0,0.0,0.0,0.0,0.0,,0.0,0.0,0.0,False,False
Hailey Van Lith,hailey van lith,CHI,0.5,2,20.5,fg3m,CHI,CHI,3,bottom,,,,,,,,,,,,,False,False
Sydney Taylor,sydney taylor,CHI,2.2142857142857144,28,21.428571428571427,fg3m,CHI,CHI,1,top,Sydney Taylor,25.0,5.0,10.0,0.7195188831668574,0.12774327122153212,0.5149019956651536,1.220023576641224,-0.05166370150581273,0.5,0.4,0.3871587244436215,False,False
Rachel Banham,rachel banham,CHI,1.4166666666666667,24,15.166666666666666,fg3m,CHI,CHI,2,top,Rachel Banham,21.0,6.0,9.0,-0.2451901747632283,0.01495526255251652,-0.48700482524011934,-0.14261363636363636,-0.19205401054816373,0.2222222222222222,0.8333333333333334,-0.5019600877926359,False,False
Chloe Bibby,chloe bibby,CHI,1.3333333333333333,3,15.333333333333334,fg3m,CHI,CHI,3,top,Chloe Bibby,1.0,0.0,1.0,1.3333333333333335,,1.3333333333333335,,,1.0,,,False,False
Rachel Banham,rachel banham,CHI,8.375,24,15.166666666666666,pra,CHI,CHI,1,bottom,Rachel Banham,21.0,6.0,9.0,0.12009578510068857,1.3403920429092053,-1.6865754615754611,1.6098063973063976,-0.1468686658030984,0.3333333333333333,0.8333333333333334,-3.0269675044846664,False,False
Jacy Sheldon,jacy sheldon,CHI,9.529411764705882,34,20.941176470588236,pra,CHI,CHI,2,bottom,Jacy Sheldon,31.0,7.0,11.0,-0.8223808081200077,-0.7281389245674961,2.126649896162144,-3.3684601105793344,0.2637808138997268,0.5454545454545454,0.14285714285714285,2.85478882072964,False,True
Chloe Bibby,chloe bibby,CHI,10.0,3,15.333333333333334,pra,CHI,CHI,3,bottom,Chloe Bibby,1.0,0.0,1.0,4.333333333333333,,4.333333333333333,,,1.0,,,False,False
Kamilla Cardoso,kamilla cardoso,CHI,24.848484848484848,33,25.727272727272727,pra,CHI,CHI,1,top,Kamilla Cardoso,30.0,6.0,11.0,2.5388112455779503,1.8330952380952379,2.518435468769693,2.8817673678692657,0.002944284815784441,0.7272727272727273,0.6666666666666666,0.6853402306744552,True,False
Rickea Jackson,rickea jackson,CHI,22.0,6,26.833333333333332,pra,CHI,CHI,2,top,Rickea Jackson,3.0,2.0,0.0,0.6111111111111107,-5.333333333333334,,12.5,,,0.5,,False,True
Skylar Diggins,skylar diggins,CHI,21.63157894736842,19,28.157894736842106,pra,CHI,CHI,3,top,Skylar Diggins,16.0,2.0,7.0,-1.369987870585297,0.6285714285714281,-1.2434523809523808,-2.0675403028344204,-0.07922028914396101,0.5714285714285714,0.5,-1.8720238095238089,False,False
Elizabeth Williams,elizabeth williams,CHI,5.34375,32,17.1875,pts,CHI,CHI,1,bottom,Elizabeth Williams,29.0,6.0,11.0,0.431811568981529,-0.6238799283154121,1.29156662303214,0.17154851808360583,0.1682003675500144,0.45454545454545453,0.16666666666666666,1.9154465513475523,False,True
Rachel Banham,rachel banham,CHI,5.958333333333333,24,15.166666666666666,pts,CHI,CHI,2,bottom,Rachel Banham,21.0,6.0,9.0,-0.5277260724441655,0.3306224498444177,-2.1906927495162787,1.108375420875421,-0.2108852518281845,0.2222222222222222,0.6666666666666666,-2.5213151993606964,False,False
Jacy Sheldon,jacy sheldon,CHI,6.588235294117647,34,20.941176470588236,pts,CHI,CHI,3,bottom,Jacy Sheldon,31.0,7.0,11.0,-0.08704772683815822,-0.8872024800596229,2.9958564613084193,-2.264806403535243,0.42793138671218406,0.7272727272727273,0.2857142857142857,3.8830589413680423,True,True
Rickea Jackson,rickea jackson,CHI,16.0,6,26.833333333333332,pts,CHI,CHI,1,top,Rickea Jackson,3.0,2.0,0.0,1.8055555555555547,-4.166666666666667,,13.75,,,0.5,,False,True
Sydney Taylor,sydney taylor,CHI,15.75,28,21.428571428571427,pts,CHI,CHI,2,top,Sydney Taylor,25.0,5.0,10.0,3.0952622974299646,-0.9439958592132506,1.7619691507323085,6.448184522449229,-0.08474683759286904,0.6,0.6,2.705965009945559,True,True
Kamilla Cardoso,kamilla cardoso,CHI,13.93939393939394,33,25.727272727272727,pts,CHI,CHI,3,top,Kamilla Cardoso,30.0,6.0,11.0,1.615799458138774,0.8481117724867726,2.004816210230649,1.640948830515804,0.019182482550738792,0.6363636363636364,0.8333333333333334,1.1567044377438762,True,False
Chloe Bibby,chloe bibby,CHI,0.6666666666666666,3,15.333333333333334,reb,CHI,CHI,1,bottom,Chloe Bibby,1.0,0.0,1.0,0.33333333333333337,,0.33333333333333337,,,1.0,,,False,False
Hailey Van Lith,hailey van lith,CHI,1.0,2,20.5,reb,CHI,CHI,2,bottom,,,,,,,,,,,,,False,False
Rachel Banham,rachel banham,CHI,1.125,24,15.166666666666666,reb,CHI,CHI,3,bottom,Rachel Banham,21.0,6.0,9.0,0.46946613820015354,1.2861973775017255,0.3157619069383775,-0.11670875420875422,-0.06726442185815205,0.5555555555555556,0.5,-0.970435470563348,False,False
Kamilla Cardoso,kamilla cardoso,CHI,8.606060606060606,33,25.727272727272727,reb,CHI,CHI,1,top,Kamilla Cardoso,30.0,6.0,11.0,0.40814090295365085,1.2710813492063493,0.2319259889447056,0.15896562422920518,-0.029820548282764908,0.2727272727272727,0.5,-1.0391553602616437,False,False
Azura Stevens,azura stevens,CHI,6.826086956521739,23,25.043478260869566,reb,CHI,CHI,2,top,Azura Stevens,20.0,3.0,8.0,2.002435524786531,1.5948494230227979,2.5568813131313135,1.6454568579568578,-0.052626506499921455,0.625,1.0,0.9620318901085156,True,False
Rickea Jackson,rickea jackson,CHI,4.166666666666667,6,26.833333333333332,reb,CHI,CHI,3,top,Rickea Jackson,3.0,2.0,0.0,-0.5444444444444443,-1.5666666666666664,,1.5,,,0.5,,False,True
Rickea Jackson,rickea jackson,CHI,0.16666666666666666,6,26.833333333333332,stl,CHI,CHI,1,bottom,Rickea Jackson,3.0,2.0,0.0,0.18333333333333335,0.4,,-0.25,,,0.5,,False,False
Rachel Banham,rachel banham,CHI,0.2916666666666667,24,15.166666666666666,stl,CHI,CHI,2,bottom,Rachel Banham,21.0,6.0,9.0,0.009231623667088936,0.022124150957102923,-0.140950280656163,0.22161195286195287,-0.10935979625666059,0.1111111111111111,0.3333333333333333,-0.16307443161326593,False,False
Elizabeth Williams,elizabeth williams,CHI,0.5625,32,17.1875,stl,CHI,CHI,3,bottom,Elizabeth Williams,29.0,6.0,11.0,0.12233307377473027,0.3114160033514872,0.27841879925837953,-0.11528697270699333,0.0665643740957952,0.6363636363636364,0.5,-0.03299720409310769,False,False
DiJonai Carrington,dijonai carrington,CHI,1.2,5,19.0,stl,CHI,CHI,1,top,DiJonai Carrington,2.0,1.0,1.0,2.875,4.75,1.0,,,1.0,1.0,-3.75,False,False
Courtney Vandersloot,courtney vandersloot,CHI,1.1875,16,20.8125,stl,CHI,CHI,2,top,Courtney Vandersloot,13.0,3.0,4.0,0.18789757251295713,0.688888888888889,-0.28942307692307695,0.25561568061568063,-0.2396634878410594,0.25,0.6666666666666666,-0.9783119658119659,False,False
Natasha Cloud,natasha cloud,CHI,1.064516129032258,31,28.483870967741936,stl,CHI,CHI,3,top,Natasha Cloud,28.0,5.0,11.0,0.20095082624891872,1.0957142857142856,-0.014128287979962623,0.025288572848157016,-0.23509638281754078,0.5454545454545454,0.8,-1.1098425736942483,False,False
Rachel Banham,rachel banham,CHI,0.5833333333333334,24,15.166666666666666,stocks,CHI,CHI,1,bottom,Rachel Banham,21.0,6.0,9.0,0.09770689711077765,0.009773225333866098,0.010468398703692847,0.3164983164983165,0.07385232038263352,0.2222222222222222,0.5,0.0006951733698267494,False,False
Gabriela Jaquez,gabriela jaquez,CHI,0.8928571428571429,28,20.642857142857142,stocks,CHI,CHI,2,bottom,Gabriela Jaquez,25.0,5.0,8.0,-0.05997586031274283,0.11584415584415582,-0.6086881868131868,0.23257401728884544,-0.3113984123706073,0.25,0.8,-0.7245323426573427,False,False
Chloe Bibby,chloe bibby,CHI,1.0,3,15.333333333333334,stocks,CHI,CHI,3,bottom,Chloe Bibby,1.0,0.0,1.0,1.6666666666666667,,1.6666666666666667,,,1.0,,,False,False
Kamilla Cardoso,kamilla cardoso,CHI,1.9696969696969697,33,25.727272727272727,stocks,CHI,CHI,1,top,Kamilla Cardoso,30.0,6.0,11.0,0.14412533268044206,0.2994477513227512,0.16479433371144603,0.05494890781929577,0.0050887655950329555,0.2727272727272727,0.6666666666666666,-0.13465341761130517,False,False
Azura Stevens,azura stevens,CHI,1.5217391304347827,23,25.043478260869566,stocks,CHI,CHI,2,top,Azura Stevens,20.0,3.0,8.0,0.3179967819847851,-0.40712074303405577,0.13446969696969696,0.7228378103378105,0.018607398702462752,0.375,0.3333333333333333,0.5415904400037528,False,True
Courtney Vandersloot,courtney vandersloot,CHI,1.5,16,20.8125,stocks,CHI,CHI,3,top,Courtney Vandersloot,13.0,3.0,4.0,0.4444995175764407,0.9111111111111113,0.10288461538461535,0.438936988936989,-0.14519950747950616,0.5,0.6666666666666666,-0.808226495726496,False,False
Aaliyah Edwards,aaliyah edwards,CON,0.9,20,20.6,ast,CON,CON,1,bottom,Aaliyah Edwards,17.0,6.0,5.0,0.29399869035636655,0.2521825396825396,0.46910364145658273,0.18989404844668,0.040405313347609835,0.6,0.5,0.2169211017740431,False,False
Diamond Miller,diamond miller,CON,1.393939393939394,33,22.454545454545453,ast,CON,CON,2,bottom,Diamond Miller,30.0,8.0,9.0,0.08217052254978964,-0.14126513583035322,0.4566531440162271,-0.039587810231502235,0.04711642226192428,0.4444444444444444,0.375,0.5979182798465803,False,False
Aneesah Morrow,aneesah morrow,CON,1.5714285714285714,21,23.761904761904763,ast,CON,CON,3,bottom,Aneesah Morrow,18.0,5.0,6.0,0.8826236721941055,0.2694444444444445,1.7817816321105797,0.5499020120868859,0.42100986164449605,1.0,0.6,1.5123371876661351,True,False
Leila Lacan,leila lacan,CON,4.409090909090909,22,28.863636363636363,ast,CON,CON,1,top,Leila Lacan,19.0,3.0,6.0,0.06030137032051636,0.4998057498057496,0.017857142857142645,-0.04608340704702929,-0.02607002262297692,0.5,0.6666666666666666,-0.481948606948607,False,False
Charlisse Leger-Walker,charlisse leger walker,CON,3.3333333333333335,33,22.727272727272727,ast,CON,CON,2,top,Charlisse Leger-Walker,30.0,8.0,9.0,0.8784163985573126,0.6768617855574377,1.3986857531820345,0.6422635302785819,0.2914327332401279,0.7777777777777778,0.75,0.7218239676245968,True,False
Saniya Rivers,saniya rivers,CON,3.1724137931034484,29,22.103448275862068,ast,CON,CON,3,top,Saniya Rivers,26.0,7.0,7.0,-0.6317597761289193,-2.1424448567305707,0.013647398353280707,-0.12701433089257266,0.5090746766844614,0.5714285714285714,0.0,2.1560922550838515,True,True
Charlisse Leger-Walker,charlisse leger walker,CON,0.12121212121212122,33,22.727272727272727,blk,CON,CON,1,bottom,Charlisse Leger-Walker,30.0,8.0,9.0,-0.0444817740339722,-0.03905416745090656,-0.013066477258498898,-0.06957089123734024,0.09650806742124063,0.1111111111111111,0.125,0.025987690192407667,False,False
Diamond Miller,diamond miller,CON,0.24242424242424243,33,22.454545454545453,blk,CON,CON,2,bottom,Diamond Miller,30.0,8.0,9.0,0.03853378714090246,0.15446389359432838,-0.17132840689973888,0.112481394428469,-0.25506825672701017,0.0,0.375,-0.32579230049406727,False,False
Hailey Van Lith,hailey van lith,CON,0.25,12,15.583333333333334,blk,CON,CON,3,bottom,Hailey Van Lith,11.0,5.0,2.0,0.08380912017275653,-0.2015873015873016,0.8166666666666667,0.07412587412587414,0.7223446616422384,1.0,0.0,1.0182539682539682,True,False
Brittney Griner,brittney griner,CON,1.631578947368421,19,24.894736842105264,blk,CON,CON,1,top,Brittney Griner,16.0,3.0,6.0,0.6521434345882875,0.8095238095238096,0.525,0.6936747892630246,-0.28914552412311145,0.8333333333333334,0.6666666666666666,-0.2845238095238096,False,False
Olivia Nelson-Ododa,olivia nelson ododa,CON,0.8620689655172413,29,20.79310344827586,blk,CON,CON,2,top,Olivia Nelson-Ododa,26.0,6.0,8.0,0.2688992141670575,0.554995126705653,0.49793310855810863,-0.02683800502960776,-0.0023913344044449304,0.625,0.8333333333333334,-0.05706201814754436,False,False
Kennedy Burke,kennedy burke,CON,0.84375,32,23.5625,blk,CON,CON,3,top,Kennedy Burke,29.0,8.0,9.0,0.03212817163358444,0.002258610954263107,0.08254619763907688,0.014227692582345916,0.14193746961150883,0.4444444444444444,0.25,0.08028758668481377,False,False
Olivia Nelson-Ododa,olivia nelson ododa,CON,0.0,29,20.79310344827586,fg3m,CON,CON,1,bottom,Olivia Nelson-Ododa,26.0,6.0,8.0,0.0,0.0,0.0,0.0,,0.0,0.0,0.0,False,False
Brittney Griner,brittney griner,CON,0.10526315789473684,19,24.894736842105264,fg3m,CON,CON,2,bottom,Brittney Griner,16.0,3.0,6.0,-0.2493885097745392,-0.38095238095238093,-0.27037037037037037,-0.17501954161618025,0.12662004178393102,0.0,0.0,0.11058201058201056,False,True
Aaliyah Edwards,aaliyah edwards,CON,0.2,20,20.6,fg3m,CON,CON,3,bottom,Aaliyah Edwards,17.0,6.0,5.0,0.08943305854387623,0.06636904761904762,0.01849673202614378,0.17161067490014859,-0.14478225697205527,0.2,0.16666666666666666,-0.047872315592903836,False,False
Kennedy Burke,kennedy burke,CON,1.28125,32,23.5625,fg3m,CON,CON,1,top,Kennedy Burke,29.0,8.0,9.0,0.16392176069363273,0.09958670556496646,0.41407563025210087,0.019196395277225813,0.23328204141787523,0.6666666666666666,0.375,0.3144889246871344,False,False
Diamond Miller,diamond miller,CON,1.0606060606060606,33,22.454545454545453,fg3m,CON,CON,2,top,Diamond Miller,30.0,8.0,9.0,0.36783822139399086,-0.3427961682037769,0.33841671162834114,0.8255204294457592,0.21359698699434201,0.6666666666666666,0.25,0.681212879832118,True,True
Leila Lacan,leila lacan,CON,1.0454545454545454,22,28.863636363636363,fg3m,CON,CON,3,top,Leila Lacan,19.0,3.0,6.0,-0.01748325837253651,0.5038850038850039,0.22288359788359788,-0.3181138508034793,-0.005971484494472044,0.3333333333333333,0.6666666666666666,-0.281001406001406,False,False
Hailey Van Lith,hailey van lith,CON,9.916666666666666,12,15.583333333333334,pra,CON,CON,1,bottom,Hailey Van Lith,11.0,5.0,2.0,-4.788390145208326,-7.75436507936508,-2.166666666666666,-2.3917832167832165,0.5419563637862829,0.0,0.0,5.587698412698414,False,True
Charlisse Leger-Walker,charlisse leger walker,CON,11.606060606060606,33,22.727272727272727,pra,CON,CON,2,bottom,Charlisse Leger-Walker,30.0,8.0,9.0,1.4941260382236634,2.269580510069641,2.1796337501678953,0.5423410242032092,-0.01277771469485123,0.7777777777777778,0.875,-0.08994675990174583,False,False
Saniya Rivers,saniya rivers,CON,11.827586206896552,29,22.103448275862068,pra,CON,CON,3,bottom,Saniya Rivers,26.0,7.0,7.0,0.2050770130875384,-3.946918161203875,2.0849859943977593,1.5304606256599012,0.41530032983611426,0.5714285714285714,0.14285714285714285,6.031904155601634,True,True
Aneesah Morrow,aneesah morrow,CON,22.904761904761905,21,23.761904761904763,pra,CON,CON,1,top,Aneesah Morrow,18.0,5.0,6.0,-0.08979615132220885,-0.7222222222222221,4.0726774322169055,-3.2058977437128697,0.2118387099348614,0.6666666666666666,0.6,4.794899654439128,True,True
Brittney Griner,brittney griner,CON,21.473684210526315,19,24.894736842105264,pra,CON,CON,2,top,Brittney Griner,16.0,3.0,6.0,2.164921342954431,6.865079365079364,-0.2472222222222218,2.218119532195163,-0.4168449818304436,0.5,0.6666666666666666,-7.112301587301586,False,False
Leila Lacan,leila lacan,CON,18.59090909090909,22,28.863636363636363,pra,CON,CON,3,top,Leila Lacan,19.0,3.0,6.0,1.4610630929821904,2.2684537684537673,3.1329365079365075,0.21572184136812655,0.11631415041251275,0.5,0.3333333333333333,0.8644827394827401,False,False
Charlisse Leger-Walker,charlisse leger walker,CON,6.2727272727272725,33,22.727272727272727,pts,CON,CON,1,bottom,Charlisse Leger-Walker,30.0,8.0,9.0,0.25521452208189305,0.9922017143484532,0.3208610786704093,-0.24376367387419362,-0.1264956799851281,0.5555555555555556,0.625,-0.6713406356780438,False,False
Saniya Rivers,saniya rivers,CON,6.482758620689655,29,22.103448275862068,pts,CON,CON,2,bottom,Saniya Rivers,26.0,7.0,7.0,0.7426805250130554,-1.6649659863945576,1.8459774212715392,1.5035511338500467,0.374414348087429,0.7142857142857143,0.14285714285714285,3.5109434076660966,True,True
Hailey Van Lith,hailey van lith,CON,6.916666666666667,12,15.583333333333334,pts,CON,CON,3,bottom,Hailey Van Lith,11.0,5.0,2.0,-3.2355056559602016,-6.417063492063493,-0.7999999999999998,-0.4763111888111886,0.7070356776952574,0.5,0.0,5.617063492063493,False,True
Brittney Griner,brittney griner,CON,13.368421052631579,19,24.894736842105264,pts,CON,CON,1,top,Brittney Griner,16.0,3.0,6.0,0.9886627567693747,5.0317460317460325,0.2018518518518523,-0.06967787114845946,-0.27932097767912695,0.5,0.6666666666666666,-4.82989417989418,False,False
Aneesah Morrow,aneesah morrow,CON,12.238095238095237,21,23.761904761904763,pts,CON,CON,2,top,Aneesah Morrow,18.0,5.0,6.0,-1.0351144063863367,-1.7702380952380952,1.2834795321637424,-2.4973922902494334,0.21470966585479995,0.5,0.4,3.053717627401838,False,True
Leila Lacan,leila lacan,CON,12.136363636363637,22,28.863636363636363,pts,CON,CON,3,top,Leila Lacan,19.0,3.0,6.0,0.8149272764333051,-0.5489510489510488,3.0178571428571423,-0.09766714580569094,0.24040334934990357,0.6666666666666666,0.6666666666666666,3.566808191808191,True,True
Hailey Van Lith,hailey van lith,CON,1.0833333333333333,12,15.583333333333334,reb,CON,CON,1,bottom,Hailey Van Lith,11.0,5.0,2.0,-0.006605011150465675,-0.02301587301587298,0.41666666666666663,-0.1977272727272727,-0.00546535598818619,0.5,0.4,0.4396825396825396,False,False
Charlisse Leger-Walker,charlisse leger walker,CON,2.0,33,22.727272727272727,reb,CON,CON,2,bottom,Charlisse Leger-Walker,30.0,8.0,9.0,0.36049511758445746,0.6005170101637493,0.4600869183154512,0.1438411677988209,-0.011911395508620495,0.6666666666666666,0.75,-0.14043009184829808,False,False
Leila Lacan,leila lacan,CON,2.0454545454545454,22,28.863636363636363,reb,CON,CON,3,bottom,Leila Lacan,19.0,3.0,6.0,0.5858344462283682,2.3175990675990676,0.09722222222222221,0.35947239422084626,-0.32482415633928086,0.3333333333333333,1.0,-2.2203768453768453,False,False
Aneesah Morrow,aneesah morrow,CON,9.095238095238095,21,23.761904761904763,reb,CON,CON,1,top,Aneesah Morrow,18.0,5.0,6.0,0.06269458287002155,0.7785714285714285,1.0074162679425838,-1.2584074655503226,0.03606052129916212,0.5,0.6,0.2288448393711553,False,False
Olivia Nelson-Ododa,olivia nelson ododa,CON,5.896551724137931,29,20.79310344827586,reb,CON,CON,2,top,Olivia Nelson-Ododa,26.0,6.0,8.0,1.7394377436993171,-0.2942982456140351,1.3824537962037962,2.994295036686341,0.025747132490704143,0.75,0.3333333333333333,1.6767520418178312,True,False
Brittney Griner,brittney griner,CON,5.578947368421052,19,24.894736842105264,reb,CON,CON,3,top,Brittney Griner,16.0,3.0,6.0,0.6239026904468081,1.6825396825396826,-1.05,1.6049748570756974,-0.5395953043925849,0.16666666666666666,0.6666666666666666,-2.7325396825396826,False,False
Brittney Griner,brittney griner,CON,0.47368421052631576,19,24.894736842105264,stl,CON,CON,1,bottom,Brittney Griner,16.0,3.0,6.0,-0.04618650854864091,1.5793650793650793,-0.2564814814814815,-0.5625986408549434,-0.5096422513990451,0.3333333333333333,1.0,-1.8358465608465608,False,False
Hailey Van Lith,hailey van lith,CON,0.6666666666666666,12,15.583333333333334,stl,CON,CON,2,bottom,Hailey Van Lith,11.0,5.0,2.0,-0.18262646444464628,-0.17142857142857143,-0.85,0.13706293706293707,-0.13782106531582552,0.0,0.4,-0.6785714285714286,False,False
Aaliyah Edwards,aaliyah edwards,CON,0.7,20,20.6,stl,CON,CON,3,bottom,Aaliyah Edwards,17.0,6.0,5.0,-0.342630487139684,0.06547619047619048,-0.872642390289449,-0.30906057879742094,-0.4967513769521019,0.0,0.3333333333333333,-0.9381185807656395,False,False
Leila Lacan,leila lacan,CON,1.8636363636363635,22,28.863636363636363,stl,CON,CON,1,top,Leila Lacan,19.0,3.0,6.0,0.14034004780908807,0.16841491841491849,0.05621693121693124,0.18239145658263306,-0.04066065501219455,0.5,0.3333333333333333,-0.11219798719798724,False,False
Aneesah Morrow,aneesah morrow,CON,1.0952380952380953,21,23.761904761904763,stl,CON,CON,2,top,Aneesah Morrow,18.0,5.0,6.0,-0.17444591871836454,-1.107936507936508,0.585672514619883,-0.15919701213818863,0.8087608819307097,0.6666666666666666,0.0,1.693609022556391,True,True
Kennedy Burke,kennedy burke,CON,0.96875,32,23.5625,stl,CON,CON,3,top,Kennedy Burke,29.0,8.0,9.0,0.23128495870125063,0.20783730158730163,0.1933448631978044,0.27537180173813475,0.08103685035276746,0.5555555555555556,0.375,-0.014492438389497236,False,False
Hailey Van Lith,hailey van lith,CON,0.9166666666666666,12,15.583333333333334,stocks,CON,CON,1,bottom,Hailey Van Lith,11.0,5.0,2.0,-0.09881734427188972,-0.373015873015873,-0.03333333333333338,0.2111888111888112,0.2500284904517875,0.5,0.4,0.33968253968253964,False,True
Aaliyah Edwards,aaliyah edwards,CON,1.0,20,20.6,stocks,CON,CON,2,bottom,Aaliyah Edwards,17.0,6.0,5.0,-0.4202400960095369,0.21289682539682542,-1.0589449112978524,-0.5211230046756362,-0.5654888331730925,0.0,0.5,-1.271841736694678,False,False
Charlisse Leger-Walker,charlisse leger walker,CON,1.0,33,22.727272727272727,stocks,CON,CON,3,bottom,Charlisse Leger-Walker,30.0,8.0,9.0,0.1429435200772894,0.5560074738063869,0.12656777374830105,-0.09991262706670175,-0.03807055300817799,0.3333333333333333,0.75,-0.42943970005808585,False,False
Leila Lacan,leila lacan,CON,2.1363636363636362,22,28.863636363636363,stocks,CON,CON,1,top,Leila Lacan,19.0,3.0,6.0,0.3062304464496089,0.08469308469308467,0.6038359788359788,0.19412833554474423,0.15686412175442946,0.6666666666666666,0.3333333333333333,0.5191428941428942,True,False
Brittney Griner,brittney griner,CON,2.1052631578947367,19,24.894736842105264,stocks,CON,CON,2,top,Brittney Griner,16.0,3.0,6.0,0.6059569260396467,2.388888888888889,0.26851851851851855,0.13107614840808113,-0.5529717887627437,0.5,1.0,-2.1203703703703702,False,False
Kennedy Burke,kennedy burke,CON,1.8125,32,23.5625,stocks,CON,CON,3,top,Kennedy Burke,29.0,8.0,9.0,0.26341313033483493,0.21009591254156473,0.27589106083688125,0.28959949432048054,0.14735894417686682,0.5555555555555556,0.625,0.06579514829531652,False,False
Awak Kuier,awak kuier,DAL,0.8846153846153846,26,17.26923076923077,ast,DAL,DAL,1,bottom,Awak Kuier,23.0,7.0,7.0,-0.2568200620418427,-0.7853601953601954,-0.40450889738046253,0.2691358024691358,0.031034720146092966,0.14285714285714285,0.14285714285714285,0.3808512979797329,False,True
Alanna Smith,alanna smith,DAL,1.12,25,16.76,ast,DAL,DAL,2,bottom,Alanna Smith,22.0,7.0,9.0,-0.9868191804952229,-0.4522577146800749,-1.3122013788680453,-1.1224009263869945,-0.20824610240093305,0.0,0.42857142857142855,-0.8599436641879704,False,True
Azzi Fudd,azzi fudd,DAL,1.8387096774193548,31,30.903225806451612,ast,DAL,DAL,3,bottom,Azzi Fudd,28.0,7.0,11.0,0.5039955324057849,-0.18253968253968253,0.6869223102146713,0.7833507272778373,0.21586702936349142,0.8181818181818182,0.42857142857142855,0.8694619927543539,True,False
Paige Bueckers,paige bueckers,DAL,5.90625,32,32.625,ast,DAL,DAL,1,top,Paige Bueckers,29.0,10.0,10.0,0.02578656213723092,-0.07539416676513451,0.027550145827822715,0.13625005681697921,0.06272510074248802,0.4,0.5,0.10294431259295722,False,False
Jessica Shepard,jessica shepard,DAL,5.25,32,32.6875,ast,DAL,DAL,2,top,Jessica Shepard,29.0,8.0,11.0,0.0018050069136751755,-1.9621189089435056,-0.4163476091087046,2.032912017224038,0.13331540711600603,0.45454545454545453,0.125,1.545771299834801,False,True
Arike Ogunbowale,arike ogunbowale,DAL,3.0,32,29.71875,ast,DAL,DAL,3,top,Arike Ogunbowale,29.0,8.0,11.0,0.28610570174064764,-0.6839060903517735,0.9408866788393055,0.3418560606060607,0.2701781310356606,0.5454545454545454,0.375,1.624792769191079,False,True
Arike Ogunbowale,arike ogunbowale,DAL,0.0625,32,29.71875,blk,DAL,DAL,1,bottom,Arike Ogunbowale,29.0,8.0,11.0,0.004148265369392258,0.06286779910475357,0.03466038448011577,-0.07639069264069263,-0.04192021859830703,0.09090909090909091,0.125,-0.0282074146246378,False,False
Jessica Shepard,jessica shepard,DAL,0.0625,32,32.6875,blk,DAL,DAL,2,bottom,Jessica Shepard,29.0,8.0,11.0,0.06206385127792056,-0.008064516129032258,0.16948798328108675,0.0,0.19610746759612607,0.09090909090909091,0.0,0.177552499410119,False,False
Odyssey Sims,odyssey sims,DAL,0.08695652173913043,23,16.391304347826086,blk,DAL,DAL,3,bottom,Odyssey Sims,20.0,6.0,8.0,0.03290640946600698,-0.031024531024531024,0.1561377401837928,-0.06747109100050276,0.23195859770242236,0.125,0.0,0.18716227120832385,False,False
Awak Kuier,awak kuier,DAL,1.2692307692307692,26,17.26923076923077,blk,DAL,DAL,1,top,Awak Kuier,23.0,7.0,7.0,0.17830044580290386,-0.031436896436896414,-0.06386957529007027,0.529783950617284,-0.07024121159257181,0.2857142857142857,0.5714285714285714,-0.03243267885317386,False,False
Azzi Fudd,azzi fudd,DAL,0.8064516129032258,31,30.903225806451612,blk,DAL,DAL,2,top,Azzi Fudd,28.0,7.0,11.0,0.11752927618196664,0.31245275888133023,-0.27214047707778116,0.4097195668781346,-0.3201157361786505,0.36363636363636365,0.5714285714285714,-0.5845932359591114,False,False
Alanna Smith,alanna smith,DAL,0.48,25,16.76,blk,DAL,DAL,3,top,Alanna Smith,22.0,7.0,9.0,0.06725387579824736,-0.03258404811199841,0.36966891133557805,-0.2698910996124618,0.24137049686116496,0.4444444444444444,0.42857142857142855,0.40225295944757644,False,False
Jessica Shepard,jessica shepard,DAL,0.0,32,32.6875,fg3m,DAL,DAL,1,bottom,Jessica Shepard,29.0,8.0,11.0,0.0,0.0,0.0,0.0,,0.0,0.0,0.0,False,False
Odyssey Sims,odyssey sims,DAL,0.4782608695652174,23,16.391304347826086,fg3m,DAL,DAL,2,bottom,Odyssey Sims,20.0,6.0,8.0,-0.23188512618272678,-0.04083694083694084,-0.32729966488190165,-0.29571392659627954,-0.22514619675642075,0.125,0.3333333333333333,-0.2864627240449608,False,False
Awak Kuier,awak kuier,DAL,0.6153846153846154,26,17.26923076923077,fg3m,DAL,DAL,3,bottom,Awak Kuier,23.0,7.0,7.0,-0.10931955568223838,-0.23993284493284492,-0.3174742665945097,0.15416666666666665,-0.06427627563194245,0.2857142857142857,0.2857142857142857,-0.0775414216616648,False,False
Azzi Fudd,azzi fudd,DAL,1.967741935483871,31,30.903225806451612,fg3m,DAL,DAL,1,top,Azzi Fudd,28.0,7.0,11.0,0.632273205742351,0.36673280423280424,0.6437651511442964,0.805510346856894,-0.03598316160108867,0.6363636363636364,0.7142857142857143,0.2770323469114922,False,False
Arike Ogunbowale,arike ogunbowale,DAL,1.8125,32,29.71875,fg3m,DAL,DAL,2,top,Arike Ogunbowale,29.0,8.0,11.0,-0.037736977653968606,-1.1106880686517784,0.4560415338703466,0.27746753246753236,0.270633681120282,0.6363636363636364,0.125,1.5667296025221251,True,True
Paige Bueckers,paige bueckers,DAL,1.78125,32,32.625,fg3m,DAL,DAL,3,top,Paige Bueckers,29.0,10.0,10.0,-0.18054378540564645,-0.2546653078104691,0.24303033882162742,-0.5688244540972589,0.19456237904253768,0.7,0.4,0.49769564663209653,False,False
Odyssey Sims,odyssey sims,DAL,9.608695652173912,23,16.391304347826086,pra,DAL,DAL,1,bottom,Odyssey Sims,20.0,6.0,8.0,-2.3530408929305984,2.755591630591631,-3.7018961940836936,-5.663199681582035,-0.28095131000489765,0.25,0.6666666666666666,-6.457487824675324,False,False
Awak Kuier,awak kuier,DAL,10.076923076923077,26,17.26923076923077,pra,DAL,DAL,2,bottom,Awak Kuier,23.0,7.0,7.0,-0.959213276023646,-1.4471778221778224,-2.7705943704713003,0.8291666666666667,-0.03372080054755924,0.14285714285714285,0.2857142857142857,-1.3234165482934779,False,True
Alanna Smith,alanna smith,DAL,10.96,25,16.76,pra,DAL,DAL,3,bottom,Alanna Smith,22.0,7.0,9.0,-0.505945304659649,0.387101942226166,0.2444965528298858,-2.6734965455940682,0.04118988206575248,0.3333333333333333,0.5714285714285714,-0.1426053893962802,False,False
Jessica Shepard,jessica shepard,DAL,31.3125,32,32.6875,pra,DAL,DAL,1,top,Jessica Shepard,29.0,8.0,11.0,3.0464145785719827,-4.397057411674346,2.9444355924557213,9.113369055496932,0.2798483234874319,0.5454545454545454,0.25,7.341493004130068,False,True
Paige Bueckers,paige bueckers,DAL,29.78125,32,32.625,pra,DAL,DAL,2,top,Paige Bueckers,29.0,10.0,10.0,1.66579103537642,-0.5936376974280198,1.7244124950132207,4.11113245000713,0.12953117071208728,0.6,0.4,2.31805019244124,True,True
Arike Ogunbowale,arike ogunbowale,DAL,20.5,32,29.71875,pra,DAL,DAL,3,top,Arike Ogunbowale,29.0,8.0,11.0,0.36972733384597734,-6.174769346324138,5.6948699966317236,-0.2523322510822513,0.3188690650934205,0.7272727272727273,0.25,11.86963934295586,True,True
Alanna Smith,alanna smith,DAL,5.88,25,16.76,pts,DAL,DAL,1,bottom,Alanna Smith,22.0,7.0,9.0,0.4810500339245182,0.27405599921127877,1.692516434183101,-1.0946565259645757,0.1650787628574356,0.3333333333333333,0.5714285714285714,1.4184604349718222,False,False
Awak Kuier,awak kuier,DAL,5.884615384615385,26,17.26923076923077,pts,DAL,DAL,2,bottom,Awak Kuier,23.0,7.0,7.0,-0.7278186955751085,-0.7015922965922968,-1.5588596079163932,-0.10185185185185179,0.002937259398565909,0.14285714285714285,0.14285714285714285,-0.8572673113240964,False,True
Odyssey Sims,odyssey sims,DAL,6.0,23,16.391304347826086,pts,DAL,DAL,3,bottom,Odyssey Sims,20.0,6.0,8.0,-2.0419749993298755,1.0162698412698412,-3.16979510803524,-3.596459694989106,-0.2370707778206756,0.375,0.5,-4.186064949305081,False,False
Paige Bueckers,paige bueckers,DAL,19.75,32,32.625,pts,DAL,DAL,1,top,Paige Bueckers,29.0,10.0,10.0,1.0803574691776228,-0.4370054452715742,1.3416211165321872,2.4760233215049925,0.10992122273607156,0.7,0.4,1.7786265618037613,True,True
Jessica Shepard,jessica shepard,DAL,14.46875,32,32.6875,pts,DAL,DAL,2,top,Jessica Shepard,29.0,8.0,11.0,1.6954982039336188,-2.5841853878648235,1.7483888382419979,5.061065379633154,0.26399772379838327,0.7272727272727273,0.375,4.332574226106821,True,True
Arike Ogunbowale,arike ogunbowale,DAL,14.40625,32,29.71875,pts,DAL,DAL,3,top,Arike Ogunbowale,29.0,8.0,11.0,-0.17217527835247642,-5.518493802607892,4.25820025877062,-0.7685335497835503,0.32898420666791395,0.5454545454545454,0.25,9.77669406137851,False,True
Odyssey Sims,odyssey sims,DAL,1.0869565217391304,23,16.391304347826086,reb,DAL,DAL,1,bottom,Odyssey Sims,20.0,6.0,8.0,-0.03458700011718592,0.49682539682539684,-0.24214964494569755,-0.28924920395508635,-0.21142228701631074,0.5,0.5,-0.7389750417710944,False,False
Azzi Fudd,azzi fudd,DAL,1.6774193548387097,31,30.903225806451612,reb,DAL,DAL,2,bottom,Azzi Fudd,28.0,7.0,11.0,0.4728444128635643,0.3844954648526077,0.6988961514204872,0.28603176405861824,0.09630006576535133,0.6363636363636364,0.5714285714285714,0.3144006865678795,False,False
Arike Ogunbowale,arike ogunbowale,DAL,3.09375,32,29.71875,reb,DAL,DAL,3,bottom,Arike Ogunbowale,29.0,8.0,11.0,0.25579691045780645,0.027630546635527664,0.4957830590217985,0.17434523809523816,0.046719790541496886,0.36363636363636365,0.5,0.4681525123862708,False,False
Jessica Shepard,jessica shepard,DAL,11.59375,32,32.6875,reb,DAL,DAL,1,top,Jessica Shepard,29.0,8.0,11.0,1.3491113677246886,0.149246885133982,1.6123943633224274,2.0193916586397402,0.20485007303340766,0.6363636363636364,0.375,1.4631474781884455,True,False
Paige Bueckers,paige bueckers,DAL,4.125,32,32.625,reb,DAL,DAL,2,top,Paige Bueckers,29.0,10.0,10.0,0.5596470040615663,-0.08123808539131123,0.35524123265321095,1.4988590716851584,0.0473457277723891,0.5,0.3,0.43647931804452217,False,False
Alanna Smith,alanna smith,DAL,3.96,25,16.76,reb,DAL,DAL,3,top,Alanna Smith,22.0,7.0,9.0,-0.0001761580889444952,0.565303657694962,-0.13581850248516897,-0.4564390932424988,-0.10361618812087921,0.3333333333333333,0.5714285714285714,-0.701122160180131,False,False
Awak Kuier,awak kuier,DAL,0.46153846153846156,26,17.26923076923077,stl,DAL,DAL,1,bottom,Awak Kuier,23.0,7.0,7.0,-0.2851814438358651,-0.26848262848262844,-0.0038595758669600472,-0.5169753086419753,0.10776491653582626,0.42857142857142855,0.2857142857142857,0.2646230526156684,False,False
Odyssey Sims,odyssey sims,DAL,0.5217391304347826,23,16.391304347826086,stl,DAL,DAL,2,bottom,Odyssey Sims,20.0,6.0,8.0,-0.2791100744370868,0.07932900432900432,-0.3069262882585251,-0.600460868107927,-0.10430773336386362,0.25,0.5,-0.3862552925875294,False,False
Alanna Smith,alanna smith,DAL,0.56,25,16.76,stl,DAL,DAL,3,bottom,Alanna Smith,22.0,7.0,9.0,-0.2358917649933968,-0.22844572611653355,-0.08875460958794291,-0.4652845434579181,0.10552233422502498,0.3333333333333333,0.42857142857142855,0.13969111652859062,False,False
Azzi Fudd,azzi fudd,DAL,1.6129032258064515,31,30.903225806451612,stl,DAL,DAL,1,top,Azzi Fudd,28.0,7.0,11.0,0.5520237580635731,1.57010582010582,0.3676684971520807,0.042157101636641305,-0.29695764544240905,0.7272727272727273,1.0,-1.2024373229537393,False,False
Arike Ogunbowale,arike ogunbowale,DAL,0.90625,32,29.71875,stl,DAL,DAL,2,top,Arike Ogunbowale,29.0,8.0,11.0,0.22367372403397368,0.474903146742568,0.09113312165420083,0.16848484848484852,-0.09897551360599188,0.45454545454545453,0.75,-0.38377002508836716,False,False
Paige Bueckers,paige bueckers,DAL,0.75,32,32.625,stl,DAL,DAL,3,top,Paige Bueckers,29.0,10.0,10.0,0.022734603919837105,0.39648272874079327,-0.43592669543939966,0.11708257562903773,-0.2952716284208514,0.2,0.8,-0.8324094241801929,False,False
Odyssey Sims,odyssey sims,DAL,0.6086956521739131,23,16.391304347826086,stocks,DAL,DAL,1,bottom,Odyssey Sims,20.0,6.0,8.0,-0.24620366497107993,0.048304473304473294,-0.1507885480747323,-0.6679319591084297,0.031232128751881173,0.375,0.5,-0.1990930213792056,False,False
Jessica Shepard,jessica shepard,DAL,0.78125,32,32.6875,stocks,DAL,DAL,2,bottom,Jessica Shepard,29.0,8.0,11.0,0.12334940875132903,-0.16545592251237412,0.4782898465995315,-0.03604080787073109,0.44395949084093184,0.9090909090909091,0.5,0.6437457691119056,True,False
Arike Ogunbowale,arike ogunbowale,DAL,0.96875,32,29.71875,stocks,DAL,DAL,3,bottom,Arike Ogunbowale,29.0,8.0,11.0,0.22782198940336595,0.5377709458473215,0.12579350613431659,0.09209415584415584,-0.10610420127287372,0.45454545454545453,0.875,-0.41197743971300493,False,False
Azzi Fudd,azzi fudd,DAL,2.4193548387096775,31,30.903225806451612,stocks,DAL,DAL,1,top,Azzi Fudd,28.0,7.0,11.0,0.6695530342455395,1.8825585789871506,0.09552802007429953,0.4518766685147758,-0.4484296552144347,0.6363636363636364,0.8571428571428571,-1.787030558912851,False,False
Awak Kuier,awak kuier,DAL,1.7307692307692308,26,17.26923076923077,stocks,DAL,DAL,2,top,Awak Kuier,23.0,7.0,7.0,-0.10688099803296128,-0.29991952491952495,-0.06772915115703035,0.012808641975308621,-0.0070184505951001765,0.42857142857142855,0.42857142857142855,0.2321903737624946,False,False
Paige Bueckers,paige bueckers,DAL,1.15625,32,32.625,stocks,DAL,DAL,3,top,Paige Bueckers,29.0,10.0,10.0,0.19156821370729418,0.526856463429044,-0.4688957922496943,0.552874609524226,-0.3682685623919045,0.3,0.6,-0.9957522556787384,False,False
Kayla Thornton,kayla thornton,GS,0.71875,32,24.40625,ast,GSV,GS,1,bottom,Kayla Thornton,29.0,6.0,11.0,0.21830480649796166,0.2782679738562091,0.06436072912087103,0.32943862708117094,-0.12422337940473535,0.5454545454545454,0.6666666666666666,-0.21390724473533806,False,False
Janelle Salaun,janelle salaun,GS,1.1290322580645162,31,22.225806451612904,ast,GSV,GS,2,bottom,Janelle Salaun,28.0,6.0,11.0,-0.05621420429193993,-0.48708051136456715,-0.14308649263194717,0.2656760697240457,0.1207850591665416,0.36363636363636365,0.16666666666666666,0.34399401873262,False,True
Kiah Stokes,kiah stokes,GS,1.15625,32,22.21875,ast,GSV,GS,3,bottom,Kiah Stokes,29.0,6.0,11.0,-0.03288441017055197,-0.372004357298475,-0.08741532042314194,0.1866622311249504,0.049997170331849965,0.2727272727272727,0.16666666666666666,0.28458903687533305,False,True
Veronica Burton,veronica burton,GS,5.5,32,27.96875,ast,GSV,GS,1,top,Veronica Burton,29.0,6.0,11.0,-0.1125213548824498,-0.47369281045751627,1.1470858634146346,-1.0865755772005772,0.19673302213932214,0.8181818181818182,0.3333333333333333,1.6207786738721508,True,True
Tiffany Hayes,tiffany hayes,GS,2.4642857142857144,28,16.892857142857142,ast,GSV,GS,2,top,Tiffany Hayes,25.0,6.0,11.0,0.31478030552527797,0.2722347097347097,0.6938802936959424,-0.1745729813664596,0.12264677170348856,0.5454545454545454,0.6666666666666666,0.4216455839612327,False,False
Kaitlyn Chen,kaitlyn chen,GS,2.2580645161290325,31,15.516129032258064,ast,GSV,GS,3,top,Kaitlyn Chen,28.0,5.0,11.0,0.40014636266122505,0.2096904024767802,0.6591280436734982,0.24210313847682655,0.10557781943530727,0.5454545454545454,0.6,0.44943764119671803,False,False
Kaitlyn Chen,kaitlyn chen,GS,0.0,31,15.516129032258064,blk,GSV,GS,1,bottom,Kaitlyn Chen,28.0,5.0,11.0,0.0,0.0,0.0,0.0,,0.0,0.0,0.0,False,False
Kate Martin,kate martin,GS,0.0,1,23.0,blk,GSV,GS,2,bottom,,,,,,,,,,,,,False,False
Cecilia Zandalasini,cecilia zandalasini,GS,0.1111111111111111,27,18.333333333333332,blk,GSV,GS,3,bottom,Cecilia Zandalasini,24.0,6.0,10.0,0.03731527685769509,0.27884615384615385,-0.11424347107850945,0.04561555403660668,-0.44061681024656646,0.0,0.3333333333333333,-0.3930896249246633,False,False
Kiah Stokes,kiah stokes,GS,1.8125,32,22.21875,blk,GSV,GS,1,top,Kiah Stokes,29.0,6.0,11.0,0.17423578732197284,1.00119825708061,-0.054781488621679954,-0.029312944608997266,-0.3526182824377026,0.5454545454545454,0.6666666666666666,-1.05597974570229,False,False
Ashlon Jackson,ashlon jackson,GS,1.0,1,26.0,blk,GSV,GS,2,top,,,,,,,,,,,,,False,False
Veronica Burton,veronica burton,GS,0.46875,32,27.96875,blk,GSV,GS,3,top,Veronica Burton,29.0,6.0,11.0,-0.04025496904376858,-0.18986928104575163,-0.20839478312450035,0.1886803498645604,-0.014482957027577563,0.18181818181818182,0.5,-0.01852550207874873,False,False
Ashlon Jackson,ashlon jackson,GS,0.0,1,26.0,fg3m,GSV,GS,1,bottom,,,,,,,,,,,,,False,False
Kaitlyn Chen,kaitlyn chen,GS,0.4838709677419355,31,15.516129032258064,fg3m,GSV,GS,2,bottom,Kaitlyn Chen,28.0,5.0,11.0,-0.12263034085948313,-0.04906088751289987,-0.11822727777273231,-0.15732042091674772,-0.0242816173851718,0.2727272727272727,0.6,-0.06916639025983244,False,False
Kiah Stokes,kiah stokes,GS,0.53125,32,22.21875,fg3m,GSV,GS,3,bottom,Kiah Stokes,29.0,6.0,11.0,0.19785398666708523,0.282843137254902,0.4703735553404268,-0.0944501932440529,0.07572976455276516,0.7272727272727273,0.5,0.18753041808552479,False,False
Janelle Salaun,janelle salaun,GS,2.5161290322580645,31,22.225806451612904,fg3m,GSV,GS,1,top,Janelle Salaun,28.0,6.0,11.0,-0.16316365638621916,0.7466181980500867,0.10822226594953871,-0.9307942265963255,-0.08002247813576499,0.45454545454545453,0.6666666666666666,-0.6383959321005479,False,False
Kate Martin,kate martin,GS,2.0,1,23.0,fg3m,GSV,GS,2,top,,,,,,,,,,,,,False,False
Kayla Thornton,kayla thornton,GS,1.6875,32,24.40625,fg3m,GSV,GS,3,top,Kayla Thornton,29.0,6.0,11.0,0.06622403334120104,-0.4427015250544663,0.4909334708128712,-0.06863017180999648,0.14005290589330543,0.45454545454545453,0.16666666666666666,0.9336349958673376,False,True
Ashlon Jackson,ashlon jackson,GS,8.0,1,26.0,pra,GSV,GS,1,bottom,,,,,,,,,,,,,False,False
Kiah Stokes,kiah stokes,GS,10.40625,32,22.21875,pra,GSV,GS,2,bottom,Kiah Stokes,29.0,6.0,11.0,1.0563784166229568,1.3726579520697166,1.2783784602172183,0.6947386089381705,-0.12756329753603346,0.6363636363636364,0.5,-0.09427949185249829,False,False
Kaitlyn Chen,kaitlyn chen,GS,11.129032258064516,31,15.516129032258064,pra,GSV,GS,3,bottom,Kaitlyn Chen,28.0,5.0,11.0,-0.2974505937668975,-1.647636738906089,1.1582615028069574,-1.069275788484934,0.14366544730778186,0.45454545454545453,0.2,2.8058982417130465,False,True
Veronica Burton,veronica burton,GS,20.8125,32,27.96875,pra,GSV,GS,1,top,Veronica Burton,29.0,6.0,11.0,-0.9186131437912479,-3.4104575163398696,-0.5350628968573807,-0.024278683872981748,-0.03611642076724366,0.45454545454545453,0.3333333333333333,2.875394619482489,False,True
Gabby Williams,gabby williams,GS,19.724137931034484,29,24.75862068965517,pra,GSV,GS,2,top,Gabby Williams,26.0,6.0,10.0,-1.4663586567694176,1.6623546946689363,-5.453627568084089,0.6436822436822431,-0.33339505399227903,0.1,0.6666666666666666,-7.115982262753025,False,False
Janelle Salaun,janelle salaun,GS,18.032258064516128,31,22.225806451612904,pra,GSV,GS,3,top,Janelle Salaun,28.0,6.0,11.0,-0.3355417135184838,0.6795038323676099,0.8853506930779657,-2.1100953269618934,-0.008700632620068207,0.45454545454545453,0.5,0.20584686071035574,False,False
Ashlon Jackson,ashlon jackson,GS,1.0,1,26.0,pts,GSV,GS,1,bottom,,,,,,,,,,,,,False,False
Kiah Stokes,kiah stokes,GS,3.875,32,22.21875,pts,GSV,GS,2,bottom,Kiah Stokes,29.0,6.0,11.0,0.5962527339860038,1.6974400871459696,0.8443761212400499,-0.18178738091018798,-0.17831299235414433,0.6363636363636364,0.5,-0.8530639659059197,False,False
Kaila Charles,kaila charles,GS,5.935483870967742,31,19.903225806451612,pts,GSV,GS,3,bottom,Kaila Charles,28.0,6.0,11.0,-0.42224831115348144,-3.8176929995815443,0.6467215444488169,0.36084257238680023,0.3164696263111597,0.45454545454545453,0.16666666666666666,4.464414544030361,False,True
Gabby Williams,gabby williams,GS,14.344827586206897,29,24.75862068965517,pts,GSV,GS,1,top,Gabby Williams,26.0,6.0,10.0,-0.4223563059766425,1.0208403603333946,-3.6113184424271383,1.9006878306878305,-0.27917943175833937,0.4,0.6666666666666666,-4.632158802760533,False,False
Janelle Salaun,janelle salaun,GS,13.193548387096774,31,22.225806451612904,pts,GSV,GS,2,top,Janelle Salaun,28.0,6.0,11.0,-0.43640175557363214,0.25039751413590405,1.180805675805676,-2.428226970430868,0.023785484746213465,0.45454545454545453,0.6666666666666666,0.9304081616697719,False,False
Veronica Burton,veronica burton,GS,11.96875,32,27.96875,pts,GSV,GS,3,top,Veronica Burton,29.0,6.0,11.0,-1.1667277224589272,-2.3038671023965143,-1.3582088018716771,-0.422633709695113,-0.07816407171962882,0.36363636363636365,0.16666666666666666,0.9456583005248371,False,True
Kaitlyn Chen,kaitlyn chen,GS,1.2580645161290323,31,15.516129032258064,reb,GSV,GS,1,bottom,Kaitlyn Chen,28.0,5.0,11.0,-0.5232892559966056,-0.4590608875128998,-0.35844044844044837,-0.701162483124627,0.02097442255587977,0.18181818181818182,0.4,0.10062043907245144,False,True
Tiffany Hayes,tiffany hayes,GS,1.5,28,16.892857142857142,reb,GSV,GS,2,bottom,Tiffany Hayes,25.0,6.0,11.0,0.19173493089970411,0.7781003718503717,0.036267172955886655,-0.03427098264054787,-0.11362349930652872,0.45454545454545453,0.5,-0.7418331988944851,False,False
Cecilia Zandalasini,cecilia zandalasini,GS,2.0,27,18.333333333333332,reb,GSV,GS,3,bottom,Cecilia Zandalasini,24.0,6.0,10.0,0.2943896568724944,0.4670634920634921,0.1458111695068217,0.3506073896863371,0.08356394342362111,0.3,0.5,-0.32125232255667047,False,False
Kate Martin,kate martin,GS,7.0,1,23.0,reb,GSV,GS,1,top,,,,,,,,,,,,,False,False
Kiah Stokes,kiah stokes,GS,5.375,32,22.21875,reb,GSV,GS,2,top,Kiah Stokes,29.0,6.0,11.0,0.49301009280750485,0.0472222222222222,0.5214176594003104,0.6898637587234079,-0.05260560501914422,0.45454545454545453,0.5,0.47419543717808815,False,False
Kayla Thornton,kayla thornton,GS,5.03125,32,24.40625,reb,GSV,GS,3,top,Kayla Thornton,29.0,6.0,11.0,0.2668108260863574,-0.8092047930283224,-0.4870264677479984,1.495836154991857,-0.08124207516133246,0.36363636363636365,0.3333333333333333,0.322178325280324,False,True
Kate Martin,kate martin,GS,0.0,1,23.0,stl,GSV,GS,1,bottom,,,,,,,,,,,,,False,False
Kaitlyn Chen,kaitlyn chen,GS,0.25806451612903225,31,15.516129032258064,stl,GSV,GS,2,bottom,Kaitlyn Chen,28.0,5.0,11.0,0.11901311648942549,-0.14353973168214657,0.25002544593453685,0.10831550123622839,0.25593176456658084,0.36363636363636365,0.0,0.3935651776166834,False,False
Janelle Salaun,janelle salaun,GS,0.6774193548387096,31,22.225806451612904,stl,GSV,GS,3,bottom,Janelle Salaun,28.0,6.0,11.0,0.04276414549519899,-0.4997616404350151,0.24049980322707595,0.1409516437252569,0.3645137387021986,0.7272727272727273,0.16666666666666666,0.740261443662091,True,True
Ashlon Jackson,ashlon jackson,GS,2.0,1,26.0,stl,GSV,GS,1,top,,,,,,,,,,,,,False,False
Gabby Williams,gabby williams,GS,1.5862068965517242,29,24.75862068965517,stl,GSV,GS,2,top,Gabby Williams,26.0,6.0,10.0,-0.15660302871494455,0.0036053629319883576,-0.5145543876413441,0.10522329522329521,-0.15421841392370259,0.2,0.5,-0.5181597505733324,False,False
Veronica Burton,veronica burton,GS,1.40625,32,27.96875,stl,GSV,GS,3,top,Veronica Burton,29.0,6.0,11.0,0.1490252561159127,0.8300108932461874,0.3228286587646789,-0.3507873482105938,-0.04676352855279659,0.6363636363636364,0.6666666666666666,-0.5071822344815085,False,False
Kate Martin,kate martin,GS,0.0,1,23.0,stocks,GSV,GS,1,bottom,,,,,,,,,,,,,False,False
Kaitlyn Chen,kaitlyn chen,GS,0.25806451612903225,31,15.516129032258064,stocks,GSV,GS,2,bottom,Kaitlyn Chen,28.0,5.0,11.0,0.11901311648942549,-0.14353973168214657,0.25002544593453685,0.10831550123622839,0.25593176456658084,0.36363636363636365,0.0,0.3935651776166834,False,False
Janelle Salaun,janelle salaun,GS,0.8064516129032258,31,22.225806451612904,stocks,GSV,GS,3,bottom,Janelle Salaun,28.0,6.0,11.0,-0.005893974588813653,-0.4637110825191321,0.27487319078228173,-0.03694271745246259,0.3514048830432556,0.6363636363636364,0.16666666666666666,0.7385842733014139,True,True
Ashlon Jackson,ashlon jackson,GS,3.0,1,26.0,stocks,GSV,GS,1,top,,,,,,,,,,,,,False,False
Kiah Stokes,kiah stokes,GS,2.5,32,22.21875,stocks,GSV,GS,2,top,Kiah Stokes,29.0,6.0,11.0,0.009366226800638915,1.00838779956427,-0.24262714155181409,-0.25915063859142806,-0.34800667710902344,0.36363636363636365,0.6666666666666666,-1.2510149411160842,False,False
Veronica Burton,veronica burton,GS,1.875,32,27.96875,stocks,GSV,GS,3,top,Veronica Burton,29.0,6.0,11.0,0.1087702870721441,0.6401416122004356,0.11443387564017872,-0.16210699834603334,-0.04622157806098333,0.7272727272727273,0.8333333333333334,-0.5257077365602569,False,False
Makayla Timpson,makayla timpson,IND,0.5517241379310345,29,19.96551724137931,ast,IND,IND,1,bottom,Makayla Timpson,26.0,9.0,9.0,0.04513433955222635,0.0014550264550264745,-0.3308444998214819,0.5172497610819979,-0.16132091032697676,0.2222222222222222,0.3333333333333333,-0.3322995262765084,False,False
Lexie Hull,lexie hull,IND,0.75,32,19.53125,ast,IND,IND,2,bottom,Lexie Hull,29.0,10.0,9.0,0.00897376491518718,-0.06334251525031133,0.08061321394654727,0.01681454095246162,0.12188842258961767,0.5555555555555556,0.5,0.14395572919685862,False,False
Monique Billings,monique billings,IND,1.088235294117647,34,20.58823529411765,ast,IND,IND,3,bottom,Monique Billings,31.0,10.0,11.0,0.20972496846954425,0.1884769808154288,0.4622327167781714,-0.046785567015830164,0.2105435708668992,0.45454545454545453,0.5,0.2737557359627426,False,False
Caitlin Clark,caitlin clark,IND,7.67741935483871,31,28.806451612903224,ast,IND,IND,1,top,Caitlin Clark,28.0,10.0,9.0,1.2052270879972116,0.9964476188772864,1.200787771898883,1.4416435920065684,-0.03644385618509136,0.5555555555555556,0.5,0.2043401530215967,False,False
Aliyah Boston,aliyah boston,IND,3.1,30,26.7,ast,IND,IND,2,top,Aliyah Boston,27.0,8.0,9.0,0.04589340207932228,0.39136363636363636,0.5496303079636413,-0.683846000644016,0.03637429619378913,0.5555555555555556,0.375,0.15826667160000496,False,False
Kelsey Mitchell,kelsey mitchell,IND,2.5714285714285716,35,31.428571428571427,ast,IND,IND,3,top,Kelsey Mitchell,32.0,10.0,11.0,0.5336383075851366,0.11779624106829982,0.36494678243360357,1.0803680750247033,0.004835383588653969,0.45454545454545453,0.6,0.24715054136530373,False,False
Sophie Cunningham,sophie cunningham,IND,0.08823529411764706,34,22.205882352941178,blk,IND,IND,1,bottom,Sophie Cunningham,31.0,10.0,11.0,0.031178026751145595,0.027297226069603876,-0.06913389640662367,0.1454019429062335,-0.1025033250224804,0.0,0.1,-0.09643112247622754,False,False
Kelsey Mitchell,kelsey mitchell,IND,0.11428571428571428,35,31.428571428571427,blk,IND,IND,2,bottom,Kelsey Mitchell,32.0,10.0,11.0,0.08009736747306317,-0.04591262359644712,0.14672693764135947,0.12802233464068535,0.1842608918334842,0.18181818181818182,0.0,0.1926395612378066,False,False
Tyasha Harris,tyasha harris,IND,0.17391304347826086,23,16.47826086956522,blk,IND,IND,3,bottom,Tyasha Harris,20.0,7.0,7.0,-0.035346438477243426,-0.08942892946652345,-0.08412698412698412,0.08466043760161406,-0.05599732323723278,0.14285714285714285,0.14285714285714285,0.0053019453395393296,False,False
Shatori Walker-Kimbrough,shatori walker kimbrough,IND,1.3333333333333333,3,20.333333333333332,blk,IND,IND,1,top,,,,,,,,,,,,,False,False
Aliyah Boston,aliyah boston,IND,1.1666666666666667,30,26.7,blk,IND,IND,2,top,Aliyah Boston,27.0,8.0,9.0,0.018666067279395633,-0.3233534752284753,-0.004649979649979634,0.31326614352213006,0.07748787386555543,0.4444444444444444,0.25,0.31870349557849564,False,True
Makayla Timpson,makayla timpson,IND,0.9655172413793104,29,19.96551724137931,blk,IND,IND,3,top,Makayla Timpson,26.0,9.0,9.0,0.10360728839348231,-0.32897842897842894,0.6497380763280167,-0.02413091598946858,0.31658306822803467,0.5555555555555556,0.3333333333333333,0.9787165053064457,True,True
Makayla Timpson,makayla timpson,IND,0.0,29,19.96551724137931,fg3m,IND,IND,1,bottom,Makayla Timpson,26.0,9.0,9.0,0.0,0.0,0.0,0.0,,0.0,0.0,0.0,False,False
Monique Billings,monique billings,IND,0.17647058823529413,34,20.58823529411765,fg3m,IND,IND,2,bottom,Monique Billings,31.0,10.0,11.0,-0.1251849884677105,-0.206007971580863,-0.13126721763085397,-0.037671553275100196,0.15060407188082192,0.18181818181818182,0.1,0.07474075395000904,False,False
Raven Johnson,raven johnson,IND,0.45454545454545453,22,16.90909090909091,fg3m,IND,IND,3,bottom,Raven Johnson,19.0,5.0,6.0,-0.025817403135310914,0.557936507936508,-0.003911194584569159,-0.40709325396825397,-0.389963062112763,0.3333333333333333,0.8,-0.5618477025210771,False,False
Kelsey Mitchell,kelsey mitchell,IND,2.8,35,31.428571428571427,fg3m,IND,IND,1,top,Kelsey Mitchell,32.0,10.0,11.0,0.6861484404601033,0.4447319061657297,0.778842874895252,0.8129235826562031,0.18340969297044024,0.7272727272727273,0.7,0.33411096872952223,False,False
Caitlin Clark,caitlin clark,IND,2.5806451612903225,31,28.806451612903224,fg3m,IND,IND,2,top,Caitlin Clark,28.0,10.0,9.0,0.3407649425337812,0.3803721725844489,0.6318342151675486,0.005687636510383065,0.07382174429703131,0.4444444444444444,0.4,0.2514620425830997,False,False
Sophie Cunningham,sophie cunningham,IND,1.6470588235294117,34,22.205882352941178,fg3m,IND,IND,3,top,Sophie Cunningham,31.0,10.0,11.0,0.15169358178730705,0.1660255328744336,0.3756955166046074,-0.10904049759885,0.05368668961606626,0.5454545454545454,0.6,0.20966998373017381,False,False
Tyasha Harris,tyasha harris,IND,8.869565217391305,23,16.47826086956522,pra,IND,IND,1,bottom,Tyasha Harris,20.0,7.0,7.0,1.3067874284727998,-3.1900241675617615,4.398412698412698,2.9461714755832404,0.5314722877207217,0.7142857142857143,0.14285714285714285,7.58843686597446,True,True
Lexie Hull,lexie hull,IND,9.46875,32,19.53125,pra,IND,IND,2,bottom,Lexie Hull,29.0,10.0,9.0,-0.24143600863606887,-2.949554171327035,1.3391873558540224,1.0441211260138152,0.25170450962815966,0.5555555555555556,0.2,4.288741527181057,True,True
Raven Johnson,raven johnson,IND,10.363636363636363,22,16.90909090909091,pra,IND,IND,3,bottom,Raven Johnson,19.0,5.0,6.0,-1.4204909967008714,1.4357142857142855,-4.40715006098133,-0.9656250000000002,-0.28779522788615636,0.16666666666666666,0.4,-5.842864346695615,False,False
Caitlin Clark,caitlin clark,IND,32.29032258064516,31,28.806451612903224,pra,IND,IND,1,top,Caitlin Clark,28.0,10.0,9.0,4.108934852102214,4.9793153436503825,4.107348618459729,3.143431650691179,-0.07668822810607968,0.6666666666666666,0.7,-0.8719667251906538,False,False
Aliyah Boston,aliyah boston,IND,27.8,30,26.7,pra,IND,IND,2,top,Aliyah Boston,27.0,8.0,9.0,3.126114364177066,1.5456806156806149,3.887979921313255,3.7047823615516564,0.0217466290909109,0.7777777777777778,0.625,2.34229930563264,True,False
Kelsey Mitchell,kelsey mitchell,IND,27.571428571428573,35,31.428571428571427,pra,IND,IND,3,top,Kelsey Mitchell,32.0,10.0,11.0,4.649132887207507,2.3041832160214515,3.389532642560161,8.040505560205814,0.1271444859355244,0.8181818181818182,0.5,1.0853494265387096,True,False
Tyasha Harris,tyasha harris,IND,5.043478260869565,23,16.47826086956522,pts,IND,IND,1,bottom,Tyasha Harris,20.0,7.0,7.0,0.9070855696590989,-2.2870181405895695,2.4452380952380954,2.8390286184403837,0.4595814242199987,0.5714285714285714,0.14285714285714285,4.7322562358276645,True,True
Raven Johnson,raven johnson,IND,5.045454545454546,22,16.90909090909091,pts,IND,IND,2,bottom,Raven Johnson,19.0,5.0,6.0,-0.6939236360655624,1.8142857142857143,-1.7447132073293066,-1.4734623015873018,-0.3744147767428828,0.3333333333333333,0.6,-3.5589989216150206,False,False
Lexie Hull,lexie hull,IND,5.5,32,19.53125,pts,IND,IND,3,bottom,Lexie Hull,29.0,10.0,9.0,-0.08374541805296948,-2.1510474921269522,1.067928367928368,0.9470502486378098,0.2677125540070828,0.5555555555555556,0.2,3.21897586005532,True,True
Kelsey Mitchell,kelsey mitchell,IND,23.428571428571427,35,31.428571428571427,pts,IND,IND,1,top,Kelsey Mitchell,32.0,10.0,11.0,3.7013420822887957,2.3970453402806347,2.5077353171485544,6.080673158345547,0.08894966983994505,0.7272727272727273,0.5,0.1106899768679197,False,False
Caitlin Clark,caitlin clark,IND,20.838709677419356,31,28.806451612903224,pts,IND,IND,2,top,Caitlin Clark,28.0,10.0,9.0,2.7084816917278927,4.2715836390804425,2.5103703703703704,1.169813071582582,-0.0959306058601308,0.7777777777777778,0.6,-1.761213268710072,False,False
Aliyah Boston,aliyah boston,IND,16.466666666666665,30,26.7,pts,IND,IND,3,top,Aliyah Boston,27.0,8.0,9.0,1.7670549434278078,0.6341735810485809,2.0468321801655134,2.421560520267255,0.0092628782764019,0.5555555555555556,0.375,1.4126585991169325,True,False
Tyasha Harris,tyasha harris,IND,1.3043478260869565,23,16.47826086956522,reb,IND,IND,1,bottom,Tyasha Harris,20.0,7.0,7.0,0.13270573831912835,0.06022944265425461,0.5428571428571429,-0.26124855536620245,0.20010417315175438,0.42857142857142855,0.42857142857142855,0.4826277002028883,False,False
Kelsey Mitchell,kelsey mitchell,IND,1.5714285714285714,35,31.428571428571427,reb,IND,IND,2,bottom,Kelsey Mitchell,32.0,10.0,11.0,0.41415249733357484,-0.21065836532748294,0.5168505429780036,0.8794643268355624,0.13808158555465994,0.6363636363636364,0.3,0.7275089083054865,True,False
Sophie Cunningham,sophie cunningham,IND,2.2058823529411766,34,22.205882352941178,reb,IND,IND,3,bottom,Sophie Cunningham,31.0,10.0,11.0,-0.019477183909551676,-0.365119104983873,0.27953258862349767,-0.0027460126215846704,0.14761896334801916,0.36363636363636365,0.2,0.6446516936073707,False,True
Aliyah Boston,aliyah boston,IND,8.233333333333333,30,26.7,reb,IND,IND,1,top,Aliyah Boston,27.0,8.0,9.0,1.3131660186699359,0.5201433982683983,1.2915174331841,1.967067841928419,0.0165863096358532,0.6666666666666666,0.375,0.7713740349157017,True,False
Monique Billings,monique billings,IND,5.205882352941177,34,20.58823529411765,reb,IND,IND,2,top,Monique Billings,31.0,10.0,11.0,0.2730536962428144,-0.5720215625995414,1.3095959595959596,-0.02206753460328965,0.3665878256459892,0.6363636363636364,0.2,1.881617522195501,True,True
Makayla Timpson,makayla timpson,IND,4.655172413793103,29,19.96551724137931,reb,IND,IND,3,top,Makayla Timpson,26.0,9.0,9.0,0.9261972647142899,1.2726597476597477,0.7040313754636007,0.7863635968076758,-0.08484286401411106,0.6666666666666666,0.6666666666666666,-0.5686283721961469,False,False
Tyasha Harris,tyasha harris,IND,0.2608695652173913,23,16.47826086956522,stl,IND,IND,1,bottom,Tyasha Harris,20.0,7.0,7.0,0.01757370725249982,-0.13711958467597565,0.011904761904761927,0.20466298407474873,0.042687946767314466,0.14285714285714285,0.14285714285714285,0.14902434658073757,False,False
Lexie Hull,lexie hull,IND,0.625,32,19.53125,stl,IND,IND,2,bottom,Lexie Hull,29.0,10.0,9.0,-0.0936673218650016,-0.2958485043192689,-0.33683353683353684,0.32736345406094736,0.028414430797388163,0.3333333333333333,0.2,-0.04098503251426794,False,False
Sophie Cunningham,sophie cunningham,IND,0.6470588235294118,34,22.205882352941178,stl,IND,IND,3,bottom,Sophie Cunningham,31.0,10.0,11.0,-0.03647858607148763,0.15705524550260536,-0.03832833832833835,-0.22797769016304487,-0.16940144701532167,0.5454545454545454,0.4,-0.1953835838309437,False,False
Aliyah Boston,aliyah boston,IND,1.3333333333333333,30,26.7,stl,IND,IND,1,top,Aliyah Boston,27.0,8.0,9.0,0.28764708869337924,-0.40627705627705624,0.7315866232532899,0.44324082356580813,0.3345083922712985,0.5555555555555556,0.25,1.137863679530346,True,True
Shatori Walker-Kimbrough,shatori walker kimbrough,IND,1.3333333333333333,3,20.333333333333332,stl,IND,IND,2,top,,,,,,,,,,,,,False,False
Kelsey Mitchell,kelsey mitchell,IND,1.0,35,31.428571428571427,stl,IND,IND,3,top,Kelsey Mitchell,32.0,10.0,11.0,0.2294612466732215,-0.10446152703505644,0.057750085110195346,0.7047385661528639,0.08451827489606747,0.6363636363636364,0.5,0.1622116121452518,False,False
Tyasha Harris,tyasha harris,IND,0.43478260869565216,23,16.47826086956522,stocks,IND,IND,1,bottom,Tyasha Harris,20.0,7.0,7.0,-0.017772731224743623,-0.22654851414249913,-0.07222222222222226,0.28932342167636277,0.005926198411895009,0.2857142857142857,0.2857142857142857,0.15432629192027686,False,False
Sophie Cunningham,sophie cunningham,IND,0.7352941176470589,34,22.205882352941178,stocks,IND,IND,2,bottom,Sophie Cunningham,31.0,10.0,11.0,-0.005300559320342045,0.18435247157220924,-0.10746223473496203,-0.08257574725681135,-0.20175118710452358,0.5454545454545454,0.4,-0.29181470630717127,False,False
Lexie Hull,lexie hull,IND,0.84375,32,19.53125,stocks,IND,IND,3,bottom,Lexie Hull,29.0,10.0,9.0,5.979513961992524e-06,-0.2381042613613828,-0.14315560982227649,0.3669616507919214,0.07911280764883358,0.4444444444444444,0.4,0.09494865153910631,False,False
Shatori Walker-Kimbrough,shatori walker kimbrough,IND,2.6666666666666665,3,20.333333333333332,stocks,IND,IND,1,top,,,,,,,,,,,,,False,False
Aliyah Boston,aliyah boston,IND,2.5,30,26.7,stocks,IND,IND,2,top,Aliyah Boston,27.0,8.0,9.0,0.306313155972775,-0.7296305315055314,0.7269366436033102,0.7565069670879383,0.2893766194707674,0.6666666666666666,0.25,1.4565671751088416,True,True
Makayla Timpson,makayla timpson,IND,1.7241379310344827,29,19.96551724137931,stocks,IND,IND,3,top,Makayla Timpson,26.0,9.0,9.0,-0.20893178786530725,-0.20554538054538052,0.26039946760321864,-0.7407391585023164,0.09828270195580432,0.6666666666666666,0.4444444444444444,0.46594484814859916,False,False
Cameron Brink,cameron brink,LA,1.16,25,17.96,ast,LAS,LA,1,bottom,Cameron Brink,22.0,5.0,6.0,0.5041939014771986,0.1775222965440356,0.8430555555555556,0.46784736513135045,0.3634620614017899,0.8333333333333334,0.4,0.6655332590115199,True,False
Monique Akoa Makani,monique akoa makani,LA,1.5,2,17.5,ast,LAS,LA,2,bottom,Monique Akoa Makani,2.0,1.0,0.0,-0.986842105263158,-1.473684210526316,,-0.5,,,0.0,,False,False
Rae Burrell,rae burrell,LA,2.25,32,28.25,ast,LAS,LA,3,bottom,Rae Burrell,29.0,8.0,7.0,0.7561684102149446,-0.05948677715581821,0.7420559132744007,1.2293133371827953,0.05105088611606254,0.5714285714285714,0.375,0.8015426904302189,True,False
Kelsey Plum,kelsey plum,LA,5.928571428571429,14,32.42857142857143,ast,LAS,LA,1,top,Kelsey Plum,11.0,2.0,3.0,1.8575580984671893,0.02499999999999991,3.414814814814815,1.6897824397824397,0.5654296450845943,1.0,0.5,3.389814814814815,True,False
Erica Wheeler,erica wheeler,LA,5.363636363636363,33,26.96969696969697,ast,LAS,LA,2,top,Erica Wheeler,30.0,8.0,7.0,0.802891444618755,0.08863564592548645,1.814887794198139,0.7115629074514526,0.2118225271733502,0.8571428571428571,0.5,1.7262521482726525,True,False
Ariel Atkins,ariel atkins,LA,3.032258064516129,31,27.161290322580644,ast,LAS,LA,3,top,Ariel Atkins,28.0,8.0,5.0,0.3423249448507947,0.6288845254362496,-0.29007936507936505,0.4002946051819386,-0.2508092233258445,0.2,0.625,-0.9189638905156147,False,False
Kelsey Plum,kelsey plum,LA,0.0,14,32.42857142857143,blk,LAS,LA,1,bottom,Kelsey Plum,11.0,2.0,3.0,0.0,0.0,0.0,0.0,,0.0,0.0,0.0,False,False
Monique Akoa Makani,monique akoa makani,LA,0.0,2,17.5,blk,LAS,LA,2,bottom,Monique Akoa Makani,2.0,1.0,0.0,-0.21637426900584794,-0.21052631578947367,,-0.2222222222222222,,,0.0,,False,False
Erica Wheeler,erica wheeler,LA,0.06060606060606061,33,26.96969696969697,blk,LAS,LA,3,bottom,Erica Wheeler,30.0,8.0,7.0,-0.009530580013200828,-0.07542446596180818,0.0794334975369458,-0.015903743697345343,0.198399511657028,0.14285714285714285,0.0,0.15485796349875397,False,False
Cameron Brink,cameron brink,LA,1.6,25,17.96,blk,LAS,LA,1,top,Cameron Brink,22.0,5.0,6.0,0.18708634466077656,-0.13701783723522856,-0.17612433862433863,0.5325213454962963,-0.08997135481435042,0.3333333333333333,0.4,-0.039106501389110065,False,False
Rae Burrell,rae burrell,LA,0.53125,32,28.25,blk,LAS,LA,2,top,Rae Burrell,29.0,8.0,7.0,0.08370138256923376,0.18169326198640812,-0.04891502055367599,0.09401422446373185,-0.14216090194432648,0.2857142857142857,0.375,-0.23060828254008411,False,False
Dearica Hamby,dearica hamby,LA,0.42424242424242425,33,28.727272727272727,blk,LAS,LA,3,top,Dearica Hamby,30.0,8.0,7.0,0.23094914599920952,0.05529065298306182,0.5847016967706623,0.15954915191447702,0.2392255433524991,0.42857142857142855,0.25,0.5294110437876005,False,False
Monique Akoa Makani,monique akoa makani,LA,0.0,2,17.5,fg3m,LAS,LA,1,bottom,Monique Akoa Makani,2.0,1.0,0.0,-1.1359649122807018,-1.105263157894737,,-1.1666666666666667,,,0.0,,False,False
Dearica Hamby,dearica hamby,LA,0.2727272727272727,33,28.727272727272727,fg3m,LAS,LA,2,bottom,Dearica Hamby,30.0,8.0,7.0,0.0289955455087096,-0.02855474790520373,0.02900930487137384,0.0596826142935534,-0.0019054094729264739,0.2857142857142857,0.25,0.05756405277657757,False,False
Cameron Brink,cameron brink,LA,0.8,25,17.96,fg3m,LAS,LA,3,bottom,Cameron Brink,22.0,5.0,6.0,0.38527673448859157,0.2932859531772576,0.11276455026455025,0.5757337355704931,0.06574233115431538,0.3333333333333333,0.8,-0.18052140291270735,False,False
Kelsey Plum,kelsey plum,LA,2.642857142857143,14,32.42857142857143,fg3m,LAS,LA,1,top,Kelsey Plum,11.0,2.0,3.0,-0.4609375473011836,-1.3583333333333332,-0.9166666666666666,0.0660589410589411,0.27824521279200237,0.3333333333333333,0.0,0.44166666666666654,False,True
Rae Burrell,rae burrell,LA,1.5,32,28.25,fg3m,LAS,LA,2,top,Rae Burrell,29.0,8.0,7.0,0.5021204447972262,0.12367216532022396,0.49094637855142054,0.7239636376212731,0.19711876952201304,0.7142857142857143,0.5,0.3672742132311966,False,False
Nneka Ogwumike,nneka ogwumike,LA,1.4838709677419355,31,30.967741935483872,fg3m,LAS,LA,3,top,Nneka Ogwumike,28.0,8.0,7.0,-0.0999700769442556,-0.22568580844442918,-0.09337679516250942,-0.026156778518935164,-0.014352150573537547,0.42857142857142855,0.375,0.13230901328191974,False,False
Monique Akoa Makani,monique akoa makani,LA,7.5,2,17.5,pra,LAS,LA,1,bottom,Monique Akoa Makani,2.0,1.0,0.0,-5.640350877192983,-3.947368421052632,,-7.333333333333334,,,0.0,,False,False
Cameron Brink,cameron brink,LA,14.72,25,17.96,pra,LAS,LA,2,bottom,Cameron Brink,22.0,5.0,6.0,2.9564218995179816,2.7882971014492752,-0.8626984126984123,5.1159987962127,-0.06984256708151397,0.5,0.4,-3.6509955141476875,False,False
Ariel Atkins,ariel atkins,LA,15.161290322580646,31,27.161290322580644,pra,LAS,LA,3,bottom,Ariel Atkins,28.0,8.0,5.0,1.227632178496109,-0.9185518026035266,-1.0883333333333334,3.1442521390257294,0.03606456381761466,0.4,0.5,-0.16978153072980673,False,True
Kelsey Plum,kelsey plum,LA,31.0,14,32.42857142857143,pra,LAS,LA,1,top,Kelsey Plum,11.0,2.0,3.0,2.241149254785618,-11.608333333333333,4.512962962962962,5.721736596736597,0.5974410217112697,0.6666666666666666,0.0,16.121296296296293,True,True
Nneka Ogwumike,nneka ogwumike,LA,28.677419354838708,31,30.967741935483872,pra,LAS,LA,2,top,Nneka Ogwumike,28.0,8.0,7.0,2.168076334718683,-0.5881582976410553,4.269586167800453,2.732638506049878,0.21041168269464922,0.8571428571428571,0.5,4.857744465441508,True,True
Dearica Hamby,dearica hamby,LA,24.515151515151516,33,28.727272727272727,pra,LAS,LA,3,top,Dearica Hamby,30.0,8.0,7.0,1.9886046628282013,-3.690440272458374,7.6023399014778335,2.397685516944547,0.3481223750249311,0.8571428571428571,0.125,11.292780173936208,True,True
Monique Akoa Makani,monique akoa makani,LA,5.0,2,17.5,pts,LAS,LA,1,bottom,Monique Akoa Makani,2.0,1.0,0.0,-3.6798245614035094,-1.526315789473685,,-5.833333333333334,,,0.0,,False,False
Cameron Brink,cameron brink,LA,8.84,25,17.96,pts,LAS,LA,2,bottom,Cameron Brink,22.0,5.0,6.0,1.6285476097183746,2.1872603121516168,-0.35939153439153443,2.4589177326723064,-0.11156300831317471,0.5,0.8,-2.5466518465431514,False,False
Ariel Atkins,ariel atkins,LA,9.161290322580646,31,27.161290322580644,pts,LAS,LA,3,bottom,Ariel Atkins,28.0,8.0,5.0,1.1514131268225996,-1.3262513348720244,0.10058201058201029,2.8231112118065953,0.15381718676566555,0.6,0.125,1.4268333454540347,True,True
Kelsey Plum,kelsey plum,LA,23.0,14,32.42857142857143,pts,LAS,LA,1,top,Kelsey Plum,11.0,2.0,3.0,0.27122069849342556,-10.491666666666665,0.5574074074074069,3.715756465756465,0.48384030792090527,0.6666666666666666,0.0,11.049074074074072,True,True
Nneka Ogwumike,nneka ogwumike,LA,17.096774193548388,31,30.967741935483872,pts,LAS,LA,2,top,Nneka Ogwumike,28.0,8.0,7.0,0.8861434170564968,-0.126768729354936,2.7957860922146636,0.48120483591682717,0.17259049053219158,0.8571428571428571,0.375,2.9225548215696,True,False
Dearica Hamby,dearica hamby,LA,14.787878787878787,33,28.727272727272727,pts,LAS,LA,3,top,Dearica Hamby,30.0,8.0,7.0,1.073879809499115,-2.8863918033229043,4.562014230979749,1.5582286063132296,0.29511901914877126,0.7142857142857143,0.25,7.4484060343026535,True,True
Monique Akoa Makani,monique akoa makani,LA,1.0,2,17.5,reb,LAS,LA,1,bottom,Monique Akoa Makani,2.0,1.0,0.0,-0.9736842105263158,-0.9473684210526316,,-1.0,,,0.0,,False,False
Erica Wheeler,erica wheeler,LA,1.8181818181818181,33,26.96969696969697,reb,LAS,LA,2,bottom,Erica Wheeler,30.0,8.0,7.0,0.4493122520308455,0.6203938644046463,0.15733442802408318,0.4943250433013075,-0.06199056843468964,0.5714285714285714,0.625,-0.4630594363805631,False,False
Kelsey Plum,kelsey plum,LA,2.0714285714285716,14,32.42857142857143,reb,LAS,LA,3,bottom,Kelsey Plum,11.0,2.0,3.0,0.11237045782500323,-1.1416666666666668,0.5407407407407407,0.31619769119769114,0.30246444059243394,0.3333333333333333,0.0,1.6824074074074076,False,True
Nneka Ogwumike,nneka ogwumike,LA,8.612903225806452,31,30.967741935483872,reb,LAS,LA,1,top,Nneka Ogwumike,28.0,8.0,7.0,0.8778668825261955,-0.28037599373806255,1.4520880574452002,1.2814357121939675,0.19100717502115355,0.5714285714285714,0.375,1.7324640511832627,True,False
Dearica Hamby,dearica hamby,LA,7.2727272727272725,33,28.727272727272727,reb,LAS,LA,2,top,Dearica Hamby,30.0,8.0,7.0,0.7538554994006549,-0.04071161825259817,2.2978516694033932,0.45709308281444516,0.21797701008842688,1.0,0.625,2.338563287655991,True,False
Cameron Brink,cameron brink,LA,4.72,25,17.96,reb,LAS,LA,3,top,Cameron Brink,22.0,5.0,6.0,0.8236803883224085,0.4235144927536231,-1.346362433862434,2.1892336984090432,-0.17011797609594065,0.3333333333333333,0.6,-1.7698769266160572,False,False
Monique Akoa Makani,monique akoa makani,LA,0.5,2,17.5,stl,LAS,LA,1,bottom,Monique Akoa Makani,2.0,1.0,0.0,-0.6359649122807018,-0.10526315789473695,,-1.1666666666666667,,,0.0,,False,False
Cameron Brink,cameron brink,LA,0.6,25,17.96,stl,LAS,LA,2,bottom,Cameron Brink,22.0,5.0,6.0,-0.2204771376476396,-0.059389632107023346,-0.1888227513227513,-0.31096475997967693,-0.042715932255248536,0.5,0.4,-0.12943311921572798,False,False
Rae Burrell,rae burrell,LA,0.78125,32,28.25,stl,LAS,LA,3,bottom,Rae Burrell,29.0,8.0,7.0,-0.06585657961632325,0.07093008443907167,-0.37170322674524353,0.008902935916482715,-0.21169561578932983,0.42857142857142855,0.5,-0.4426333111843152,False,False
Ariel Atkins,ariel atkins,LA,1.5483870967741935,31,27.161290322580644,stl,LAS,LA,1,top,Ariel Atkins,28.0,8.0,5.0,-0.3286090932568863,-0.10148515277825629,-0.3913756613756614,-0.42881967213923056,-0.08059188061929319,0.2,0.375,-0.28989050859740506,False,False
Dearica Hamby,dearica hamby,LA,1.5151515151515151,33,28.727272727272727,stl,LAS,LA,2,top,Dearica Hamby,30.0,8.0,7.0,0.27148828364717353,0.09806515108605746,0.7920498084291188,0.1210519094481943,0.1656064947476105,0.5714285714285714,0.375,0.6939846573430613,True,False
Kelsey Plum,kelsey plum,LA,1.1428571428571428,14,32.42857142857143,stl,LAS,LA,3,top,Kelsey Plum,11.0,2.0,3.0,0.15728740956013676,0.7333333333333333,1.3499999999999999,-0.6310841935841937,0.24195594969723846,0.6666666666666666,0.5,0.6166666666666666,True,False
Monique Akoa Makani,monique akoa makani,LA,0.5,2,17.5,stocks,LAS,LA,1,bottom,Monique Akoa Makani,2.0,1.0,0.0,-0.8523391812865497,-0.3157894736842106,,-1.3888888888888888,,,0.0,,False,False
Erica Wheeler,erica wheeler,LA,1.0606060606060606,33,26.96969696969697,stocks,LAS,LA,2,bottom,Erica Wheeler,30.0,8.0,7.0,-0.16135059748431607,-0.5176500071924336,-0.0015188834154351255,-0.04591237887213122,0.11850397278792381,0.2857142857142857,0.0,0.5161311237769984,False,True
Kelsey Plum,kelsey plum,LA,1.1428571428571428,14,32.42857142857143,stocks,LAS,LA,3,bottom,Kelsey Plum,11.0,2.0,3.0,0.15728740956013676,0.7333333333333333,1.3499999999999999,-0.6310841935841937,0.24195594969723846,0.6666666666666666,0.5,0.6166666666666666,True,False
Cameron Brink,cameron brink,LA,2.2,25,17.96,stocks,LAS,LA,1,top,Cameron Brink,22.0,5.0,6.0,-0.033390792986863094,-0.19640746934225195,-0.36494708994708996,0.22155658551661925,-0.10868429481378886,0.0,0.4,-0.16853962060483801,False,False
Dearica Hamby,dearica hamby,LA,1.9393939393939394,33,28.727272727272727,stocks,LAS,LA,2,top,Dearica Hamby,30.0,8.0,7.0,0.502437429646383,0.15335580406911925,1.3767515051997812,0.28060106136267127,0.256110974611424,0.8571428571428571,0.375,1.223395701130662,True,False
Ariel Atkins,ariel atkins,LA,1.935483870967742,31,27.161290322580644,stocks,LAS,LA,3,top,Ariel Atkins,28.0,8.0,5.0,-0.3299826467595034,-0.3634795759795759,0.01583333333333332,-0.4273896112064103,0.09089442059674188,0.2,0.25,0.37931290931290923,False,True
NaLyssa Smith,nalyssa smith,LV,0.9714285714285714,35,23.942857142857143,ast,LVA,LV,1,bottom,NaLyssa Smith,32.0,8.0,9.0,0.13121143860088438,0.1317926486332558,0.21301609912721023,0.08181866360115743,0.04403846000831037,0.4444444444444444,0.5,0.08122345049395444,False,False
Stephanie Talbot,stephanie talbot,LV,1.0833333333333333,36,17.11111111111111,ast,LVA,LV,2,bottom,Stephanie Talbot,33.0,8.0,10.0,-0.23571487430141377,0.472395302818097,-0.1481214826042412,-0.6717692298966013,-0.12838508319709965,0.3,0.5,-0.6205167854223382,False,False
Jewell Loyd,jewell loyd,LV,1.3235294117647058,34,27.38235294117647,ast,LVA,LV,3,bottom,Jewell Loyd,31.0,7.0,9.0,0.022131642081945156,0.2005952380952381,0.13060799283021501,-0.1262371798398869,0.060045031162064194,0.4444444444444444,0.42857142857142855,-0.06998724526502309,False,False
Chelsea Gray,chelsea gray,LV,6.9714285714285715,35,32.82857142857143,ast,LVA,LV,1,top,Chelsea Gray,32.0,8.0,10.0,0.5035217307003025,0.11474348262032086,0.42563804331045707,0.7813119348816101,0.10778392396200515,0.4,0.375,0.3108945606901362,False,False
Jackie Young,jackie young,LV,6.485714285714286,35,32.114285714285714,ast,LVA,LV,2,top,Jackie Young,32.0,8.0,10.0,0.7637937606425202,0.6424290833757744,1.8180602220257398,0.08009753237836138,0.16311167547107383,0.8,0.625,1.1756311386499654,True,False
Mai Yamamoto,mai yamamoto,LV,6.0,1,26.0,ast,LVA,LV,3,top,,,,,,,,,,,,,False,False
Mai Yamamoto,mai yamamoto,LV,0.0,1,26.0,blk,LVA,LV,1,bottom,,,,,,,,,,,,,False,False
Ta'Niya Latson,ta niya latson,LV,0.0,1,24.0,blk,LVA,LV,2,bottom,Ta'Niya Latson,1.0,0.0,0.0,-0.2,,,-0.2,,,,,False,False
Jewell Loyd,jewell loyd,LV,0.11764705882352941,34,27.38235294117647,blk,LVA,LV,3,bottom,Jewell Loyd,31.0,7.0,9.0,-0.11955686353625945,-0.23928571428571427,-0.1595097083985973,-0.03971169293577786,0.005257612477114379,0.1111111111111111,0.0,0.07977600588711697,False,False
A'ja Wilson,a ja wilson,LV,1.967741935483871,31,31.774193548387096,blk,LVA,LV,1,top,A'ja Wilson,28.0,8.0,9.0,-0.008295025424466569,0.3115218115218116,0.6139828234031133,-0.7500255104261431,0.23156812305841531,0.6666666666666666,0.75,0.3024610118813017,False,False
NaLyssa Smith,nalyssa smith,LV,0.6857142857142857,35,23.942857142857143,blk,LVA,LV,2,top,NaLyssa Smith,32.0,8.0,9.0,-0.27395783303249893,-0.5210341590204018,-0.18990186767964548,-0.19261737171732948,0.14661272596240632,0.2222222222222222,0.375,0.3311322913407564,False,True
Chennedy Carter,chennedy carter,LV,0.4375,16,17.5,blk,LVA,LV,3,top,Chennedy Carter,13.0,3.0,5.0,-0.2900678381447612,-0.2558922558922559,-0.30428571428571427,-0.29635531135531135,-0.07557756474027655,0.4,0.3333333333333333,-0.04839345839345838,False,False
NaLyssa Smith,nalyssa smith,LV,0.02857142857142857,35,23.942857142857143,fg3m,LVA,LV,1,bottom,NaLyssa Smith,32.0,8.0,9.0,-0.016417276487134057,-0.05977084137662885,0.07873988151765929,-0.05038967001561285,0.36341804552306745,0.1111111111111111,0.0,0.13851072289428815,False,False
Stephanie Talbot,stephanie talbot,LV,0.4444444444444444,36,17.11111111111111,fg3m,LVA,LV,2,bottom,Stephanie Talbot,33.0,8.0,10.0,-0.0025003802058817283,0.17663405324250914,0.022271518392208055,-0.11455334377708334,-0.04254521169975118,0.2,0.375,-0.15436253485030108,False,False
Chennedy Carter,chennedy carter,LV,0.75,16,17.5,fg3m,LVA,LV,3,bottom,Chennedy Carter,13.0,3.0,5.0,0.06055696440311832,-0.20370370370370372,0.5790476190476191,-0.29937728937728936,0.3694791302229277,0.6,0.3333333333333333,0.7827513227513229,True,False
Mai Yamamoto,mai yamamoto,LV,4.0,1,26.0,fg3m,LVA,LV,1,top,,,,,,,,,,,,,False,False
Jackie Young,jackie young,LV,2.0285714285714285,35,32.114285714285714,fg3m,LVA,LV,2,top,Jackie Young,32.0,8.0,10.0,0.5396270458962937,1.7808660395976572,0.06906579372096608,0.16646280104931993,-0.40282466339381845,0.6,0.75,-1.7118002458766912,False,False
Chelsea Gray,chelsea gray,LV,1.8571428571428572,35,32.82857142857143,fg3m,LVA,LV,3,top,Chelsea Gray,32.0,8.0,10.0,0.028968341140584664,0.4946112914862915,0.7567123138674863,-0.7569304681476065,0.09749959702869612,0.5,0.5,0.26210102238119476,False,False
Stephanie Talbot,stephanie talbot,LV,7.166666666666667,36,17.11111111111111,pra,LVA,LV,1,bottom,Stephanie Talbot,33.0,8.0,10.0,-1.178768944145152,-0.8050727866904341,-0.5373354455251007,-1.805695893867703,0.03271223514262127,0.3,0.25,0.26773734116533343,False,True
Dana Evans,dana evans,LV,7.2,10,16.5,pra,LVA,LV,2,bottom,Dana Evans,7.0,2.0,1.0,-0.28900226757369624,4.5,-1.0,-2.5057539682539685,-0.22099242776595326,0.0,0.5,-5.5,False,False
Jewell Loyd,jewell loyd,LV,11.852941176470589,34,27.38235294117647,pra,LVA,LV,3,bottom,Jewell Loyd,31.0,7.0,9.0,-0.34404621276325265,0.5875992063492063,-1.0496055384944276,-0.3554784795770287,-0.13495947865862032,0.3333333333333333,0.7142857142857143,-1.637204744843634,False,False
A'ja Wilson,a ja wilson,LV,38.61290322580645,31,31.774193548387096,pra,LVA,LV,1,top,A'ja Wilson,28.0,8.0,9.0,4.051398675577188,1.0198260073260066,8.854482018250133,2.3263833357547266,0.3256886394892059,0.8888888888888888,0.375,7.834656010924126,True,False
Jackie Young,jackie young,LV,29.285714285714285,35,32.114285714285714,pra,LVA,LV,2,top,Jackie Young,32.0,8.0,10.0,4.267621760548742,8.13766339869281,3.9103366875780665,2.311373019445471,-0.22623246316763138,0.8,0.75,-4.227326711114744,False,False
Ta'Niya Latson,ta niya latson,LV,26.0,1,24.0,pra,LVA,LV,3,top,Ta'Niya Latson,1.0,0.0,0.0,16.4,,,16.4,,,,,False,False
Dana Evans,dana evans,LV,3.4,10,16.5,pts,LVA,LV,1,bottom,Dana Evans,7.0,2.0,1.0,-0.6876984126984126,3.604166666666667,-2.666666666666667,-2.3388888888888886,-0.3972807154598955,0.0,0.5,-6.270833333333334,False,False
Stephanie Talbot,stephanie talbot,LV,3.4444444444444446,36,17.11111111111111,pts,LVA,LV,2,bottom,Stephanie Talbot,33.0,8.0,10.0,-0.4976405449986996,-0.5995962779051015,-0.10566797187486845,-0.704579202864506,0.06739368964334821,0.4,0.25,0.4939283060302331,False,True
Jewell Loyd,jewell loyd,LV,8.058823529411764,34,27.38235294117647,pts,LVA,LV,3,bottom,Jewell Loyd,31.0,7.0,9.0,-0.12569328385938114,0.15496031746031771,-0.7614054258498703,0.12476232071905274,-0.11857494422352714,0.4444444444444444,0.42857142857142855,-0.9163657433101879,False,False
A'ja Wilson,a ja wilson,LV,26.0,31,31.774193548387096,pts,LVA,LV,1,top,A'ja Wilson,28.0,8.0,9.0,2.0430998545884136,-1.1057994089244092,6.5747342995169085,0.625507500383516,0.3534987607525419,1.0,0.375,7.680533708441318,True,True
Ta'Niya Latson,ta niya latson,LV,20.0,1,24.0,pts,LVA,LV,2,top,Ta'Niya Latson,1.0,0.0,0.0,15.2,,,15.2,,,,,False,False
Jackie Young,jackie young,LV,18.4,35,32.114285714285714,pts,LVA,LV,3,top,Jackie Young,32.0,8.0,10.0,3.0153671262145565,5.825086805555555,1.4911469341641754,2.4985417323414003,-0.26975729636161844,0.7,0.875,-4.3339398713913795,False,False
Mai Yamamoto,mai yamamoto,LV,1.0,1,26.0,reb,LVA,LV,1,bottom,,,,,,,,,,,,,False,False
Dana Evans,dana evans,LV,1.8,10,16.5,reb,LVA,LV,2,bottom,Dana Evans,7.0,2.0,1.0,0.16995464852607706,0.8333333333333334,0.33333333333333326,-0.20257936507936508,-0.08033318538524425,1.0,0.5,-0.5000000000000001,False,False
Chennedy Carter,chennedy carter,LV,1.9375,16,17.5,reb,LVA,LV,3,bottom,Chennedy Carter,13.0,3.0,5.0,-0.5428016428016428,-1.19023569023569,0.07047619047619032,-0.7676190476190478,0.3189339354941147,0.4,0.0,1.2607118807118805,False,True
A'ja Wilson,a ja wilson,LV,9.548387096774194,31,31.774193548387096,reb,LVA,LV,1,top,A'ja Wilson,28.0,8.0,9.0,1.7047693595620053,1.6602850274725276,1.7430005367686527,1.7058415470034596,0.07040785922160868,0.5555555555555556,0.75,0.08271550929612514,False,False
NaLyssa Smith,nalyssa smith,LV,6.228571428571429,35,23.942857142857143,reb,LVA,LV,2,top,NaLyssa Smith,32.0,8.0,9.0,-0.5904494636795442,-0.027232031620077035,-1.5299100076877856,-0.32715576770631505,-0.160115530882105,0.2222222222222222,0.375,-1.5026779760677087,False,False
Jackie Young,jackie young,LV,4.4,35,32.114285714285714,reb,LVA,LV,3,top,Jackie Young,32.0,8.0,10.0,0.48846087369166524,1.6701475097614802,0.6011295313881521,-0.26726624527429127,-0.20566766426322697,0.4,0.75,-1.0690179783733282,False,False
Dana Evans,dana evans,LV,0.1,10,16.5,stl,LVA,LV,1,bottom,Dana Evans,7.0,2.0,1.0,0.0006235827664399229,-0.14583333333333331,1.0,-0.17599206349206348,0.7023932205101496,1.0,0.0,1.1458333333333333,False,False
NaLyssa Smith,nalyssa smith,LV,0.4857142857142857,35,23.942857142857143,stl,LVA,LV,2,bottom,NaLyssa Smith,32.0,8.0,9.0,0.15172268423606722,-0.14308543554274103,0.5953975037308371,0.04274878975456975,0.3288749963570165,0.4444444444444444,0.25,0.7384829392735781,False,False
Stephanie Talbot,stephanie talbot,LV,0.6388888888888888,36,17.11111111111111,stl,LVA,LV,3,bottom,Stephanie Talbot,33.0,8.0,10.0,-0.05408255659224683,-0.30604230328495036,0.03139257294429711,0.023312555286165677,0.06749507221570412,0.4,0.375,0.33743487622924745,False,True
A'ja Wilson,a ja wilson,LV,1.4516129032258065,31,31.774193548387096,stl,LVA,LV,1,top,A'ja Wilson,28.0,8.0,9.0,0.16395511053788145,-0.46815164002664,0.4020289855072463,0.42888139506441675,0.2789152433314537,0.5555555555555556,0.125,0.8701806255338863,True,True
Jewell Loyd,jewell loyd,LV,1.2647058823529411,34,27.38235294117647,stl,LVA,LV,2,top,Jewell Loyd,31.0,7.0,9.0,-0.0645917424392353,-0.20625,-0.03156933601378049,-0.018297999432818023,0.015670682709748442,0.3333333333333333,0.14285714285714285,0.1746806639862195,False,False
Chelsea Gray,chelsea gray,LV,1.2571428571428571,35,32.82857142857143,stl,LVA,LV,3,top,Chelsea Gray,32.0,8.0,10.0,0.18439733042074694,0.3028469437017231,0.15654688223653737,0.1366050143917674,-0.010982377291836962,0.6,0.625,-0.14630006146518573,False,False
Dana Evans,dana evans,LV,0.3,10,16.5,stocks,LVA,LV,1,bottom,Dana Evans,7.0,2.0,1.0,0.1441043083900227,-0.29166666666666663,2.0,-0.10198412698412698,0.7176940452193824,1.0,0.0,2.2916666666666665,False,False
Stephanie Talbot,stephanie talbot,LV,0.8611111111111112,36,17.11111111111111,stocks,LVA,LV,2,bottom,Stephanie Talbot,33.0,8.0,10.0,-0.02804236955095751,-0.040283348187759915,0.0705818351508007,-0.08726331741250173,-0.0531011766818581,0.5,0.625,0.11086518333856062,False,False
Mai Yamamoto,mai yamamoto,LV,1.0,1,26.0,stocks,LVA,LV,3,bottom,,,,,,,,,,,,,False,False
A'ja Wilson,a ja wilson,LV,3.4193548387096775,31,31.774193548387096,stocks,LVA,LV,1,top,A'ja Wilson,28.0,8.0,9.0,0.15566008511341492,-0.15662982850482848,1.0160118089103596,-0.3211441153617265,0.33408914078640833,0.6666666666666666,0.375,1.172641637415188,True,False
Chelsea Gray,chelsea gray,LV,1.6,35,32.82857142857143,stocks,LVA,LV,2,top,Chelsea Gray,32.0,8.0,10.0,-0.17598050741804144,-0.23486871074187252,-0.17408052994259887,-0.14368723228688274,0.04092238649562277,0.6,0.625,0.060788180799273644,False,False
Jewell Loyd,jewell loyd,LV,1.3823529411764706,34,27.38235294117647,stocks,LVA,LV,3,top,Jewell Loyd,31.0,7.0,9.0,-0.1841486059754948,-0.44553571428571426,-0.19107904441237772,-0.05800969236859591,0.01778794076175385,0.3333333333333333,0.14285714285714285,0.25445666987333654,False,True
Emma Cechova,emma cechova,MIN,0.0,4,19.0,ast,MIN,MIN,1,bottom,Emma Cechova,1.0,0.0,0.0,0.0,,,0.0,,,,,False,False
Saylor Poffenbarger,saylor poffenbarger,MIN,0.6666666666666666,3,23.0,ast,MIN,MIN,2,bottom,,,,,,,,,,,,,False,False
Dorka Juhasz,dorka juhasz,MIN,1.6666666666666667,12,15.916666666666666,ast,MIN,MIN,3,bottom,Dorka Juhasz,9.0,2.0,4.0,-0.43548581048581053,-1.05,0.5059523809523809,-1.281060606060606,0.3099194487361947,0.25,0.5,1.555952380952381,False,True
Olivia Miles,olivia miles,MIN,5.764705882352941,34,30.11764705882353,ast,MIN,MIN,1,top,Olivia Miles,31.0,7.0,10.0,0.8863598514709402,1.7298774210538912,0.017663851880349846,1.085098209244172,-0.2804264756548272,0.4,0.8571428571428571,-1.7122135691735414,False,False
Courtney Williams,courtney williams,MIN,4.25,36,29.305555555555557,ast,MIN,MIN,2,top,Courtney Williams,33.0,7.0,12.0,0.30203031678252507,1.410461001376678,0.16993561275190353,-0.13896099348830435,-0.16962214842657064,0.4166666666666667,0.7142857142857143,-1.2405253886247745,False,False
Napheesa Collier,napheesa collier,MIN,3.5714285714285716,7,29.142857142857142,ast,MIN,MIN,3,top,Napheesa Collier,4.0,0.0,1.0,1.5708333333333333,,2.75,1.1777777777777778,,1.0,,,False,False
Kayla McBride,kayla mcbride,MIN,0.23529411764705882,34,32.0,blk,MIN,MIN,1,bottom,Kayla McBride,31.0,6.0,12.0,0.017008907772244532,-0.09782193115526445,-0.07840077177016098,0.15807822993177686,-0.05383036181588072,0.16666666666666666,0.16666666666666666,0.01942115938510347,False,False
Courtney Williams,courtney williams,MIN,0.3055555555555556,36,29.305555555555557,blk,MIN,MIN,2,bottom,Courtney Williams,33.0,7.0,12.0,0.0072501595098995505,-0.02451679168572824,-0.16931582086205807,0.17447590399796287,-0.1151459715034285,0.16666666666666666,0.14285714285714285,-0.14479902917632984,False,False
Olivia Miles,olivia miles,MIN,0.5882352941176471,34,30.11764705882353,blk,MIN,MIN,3,bottom,Olivia Miles,31.0,7.0,10.0,0.07224830784628558,0.6439045703751586,0.18960113251240823,-0.29740326960823854,-0.22015259896756942,0.4,0.42857142857142855,-0.45430343786275035,False,False
Emma Cechova,emma cechova,MIN,1.5,4,19.0,blk,MIN,MIN,1,top,Emma Cechova,1.0,0.0,0.0,-2.0,,,-2.0,,,,,False,False
Nia Coffey,nia coffey,MIN,1.1666666666666667,36,23.055555555555557,blk,MIN,MIN,2,top,Nia Coffey,33.0,7.0,12.0,-0.24943850389171443,-0.04868711410293566,-0.18437309180577985,-0.4055845520026193,-0.02114979595018809,0.3333333333333333,0.42857142857142855,-0.13568597770284418,False,False
Napheesa Collier,napheesa collier,MIN,1.1428571428571428,7,29.142857142857142,blk,MIN,MIN,3,top,Napheesa Collier,4.0,0.0,1.0,0.25833333333333336,,-1.0,0.6777777777777777,,0.0,,,False,False
Emma Cechova,emma cechova,MIN,0.0,4,19.0,fg3m,MIN,MIN,1,bottom,Emma Cechova,1.0,0.0,0.0,0.0,,,0.0,,,,,False,False
Natasha Howard,natasha howard,MIN,0.058823529411764705,34,28.5,fg3m,MIN,MIN,2,bottom,Natasha Howard,31.0,6.0,12.0,0.05070038690886112,-0.01258309591642925,-0.015343481293147589,0.1408717188608493,-0.004252801304656574,0.0,0.0,-0.0027603853767183394,False,False
Dorka Juhasz,dorka juhasz,MIN,0.9166666666666666,12,15.916666666666666,fg3m,MIN,MIN,3,bottom,Dorka Juhasz,9.0,2.0,4.0,-0.4594356261022928,-0.625,-0.15873015873015883,-0.75,0.15719536658811156,0.25,0.0,0.46626984126984117,False,True
Kayla McBride,kayla mcbride,MIN,2.823529411764706,34,32.0,fg3m,MIN,MIN,1,top,Kayla McBride,31.0,6.0,12.0,1.1547794103048739,0.9649467816134484,0.7265976937393707,1.637639131145996,-0.10050332913802694,0.5833333333333334,0.6666666666666666,-0.23834908787407771,False,False
Napheesa Collier,napheesa collier,MIN,2.2857142857142856,7,29.142857142857142,fg3m,MIN,MIN,2,top,Napheesa Collier,4.0,0.0,1.0,1.2875,,-0.75,1.9666666666666668,,0.0,,,False,False
Olivia Miles,olivia miles,MIN,1.5,34,30.11764705882353,fg3m,MIN,MIN,3,top,Olivia Miles,31.0,7.0,10.0,0.75835606502537,0.8263125763125763,0.35890262944160545,1.0097016919415986,-0.07077638464335964,0.6,0.42857142857142855,-0.4674099468709708,False,False
Dorka Juhasz,dorka juhasz,MIN,8.5,12,15.916666666666666,pra,MIN,MIN,1,bottom,Dorka Juhasz,9.0,2.0,4.0,-3.4723665223665225,-6.675,0.8928571428571428,-7.157575757575757,0.30147063344173897,0.5,0.0,7.567857142857143,False,True
Saylor Poffenbarger,saylor poffenbarger,MIN,12.333333333333334,3,23.0,pra,MIN,MIN,2,bottom,,,,,,,,,,,,,False,False
Nia Coffey,nia coffey,MIN,13.25,36,23.055555555555557,pra,MIN,MIN,3,bottom,Nia Coffey,33.0,7.0,12.0,-1.6813204045256587,0.8423119026567297,-4.151057570134442,-0.826218987595038,-0.376712632497238,0.08333333333333333,0.42857142857142855,-4.993369472791171,False,False
Napheesa Collier,napheesa collier,MIN,29.857142857142858,7,29.142857142857142,pra,MIN,MIN,1,top,Napheesa Collier,4.0,0.0,1.0,2.6875,,6.25,1.5,,1.0,,,False,False
Olivia Miles,olivia miles,MIN,29.41176470588235,34,30.11764705882353,pra,MIN,MIN,2,top,Olivia Miles,31.0,7.0,10.0,4.46070274972612,5.840276281452754,2.2707931687301306,5.335137113145653,-0.06694789980982256,0.6,0.7142857142857143,-3.569483112722623,False,False
Natasha Howard,natasha howard,MIN,25.38235294117647,34,28.5,pra,MIN,MIN,3,top,Natasha Howard,31.0,6.0,12.0,0.9986696553640231,-0.6082140082140087,-0.5810411054199491,3.1985028177390875,-0.12674704057693548,0.25,0.3333333333333333,0.027172902794059595,False,True
Dorka Juhasz,dorka juhasz,MIN,4.166666666666667,12,15.916666666666666,pts,MIN,MIN,1,bottom,Dorka Juhasz,9.0,2.0,4.0,-1.369292127625461,-4.175,1.474206349206349,-3.2901515151515155,0.35422853608079363,0.5,0.0,5.649206349206349,False,True
Saylor Poffenbarger,saylor poffenbarger,MIN,5.666666666666667,3,23.0,pts,MIN,MIN,2,bottom,,,,,,,,,,,,,False,False
Nia Coffey,nia coffey,MIN,6.861111111111111,36,23.055555555555557,pts,MIN,MIN,3,bottom,Nia Coffey,33.0,7.0,12.0,-1.4796694051020398,-0.09044006638906664,-2.7767199493168957,-1.062526465131507,-0.30877641847674714,0.3333333333333333,0.2857142857142857,-2.686279882927829,False,False
Olivia Miles,olivia miles,MIN,19.058823529411764,34,30.11764705882353,pts,MIN,MIN,1,top,Olivia Miles,31.0,7.0,10.0,3.679908768500296,4.019500107735403,2.3376698266801603,4.46885520018284,0.05081765883444387,0.6,0.7142857142857143,-1.6818302810552423,False,False
Napheesa Collier,napheesa collier,MIN,19.0,7,29.142857142857142,pts,MIN,MIN,2,top,Napheesa Collier,4.0,0.0,1.0,0.8208333333333337,,2.75,0.17777777777777834,,1.0,,,False,False
Kayla McBride,kayla mcbride,MIN,18.08823529411765,34,32.0,pts,MIN,MIN,3,top,Kayla McBride,31.0,6.0,12.0,2.9988295110309036,2.837424304090971,2.5434817529804192,3.493645229357472,-0.00038665008883558705,0.6666666666666666,0.6666666666666666,-0.2939425511105518,False,False
Dorka Juhasz,dorka juhasz,MIN,2.6666666666666665,12,15.916666666666666,reb,MIN,MIN,1,bottom,Dorka Juhasz,9.0,2.0,4.0,-1.667588584255251,-1.4500000000000002,-1.0873015873015874,-2.5863636363636364,0.017979398506557772,0.5,0.0,0.36269841269841274,False,True
Kayla McBride,kayla mcbride,MIN,3.2058823529411766,34,32.0,reb,MIN,MIN,2,bottom,Kayla McBride,31.0,6.0,12.0,-0.5088316716028579,-0.6762102095435427,-0.9603514725675787,-0.014792530124338019,-0.19163406292704152,0.25,0.16666666666666666,-0.284141263024036,False,True
Emma Cechova,emma cechova,MIN,4.25,4,19.0,reb,MIN,MIN,3,bottom,Emma Cechova,1.0,0.0,0.0,-3.0,,,-3.0,,,,,False,False
Natasha Howard,natasha howard,MIN,7.5588235294117645,34,28.5,reb,MIN,MIN,1,top,Natasha Howard,31.0,6.0,12.0,0.26929630213518174,0.4880508380508382,0.37499783650375806,0.07076202306465482,-0.04971830228193898,0.4166666666666667,0.6666666666666666,-0.11305300154708015,False,False
Napheesa Collier,napheesa collier,MIN,7.285714285714286,7,29.142857142857142,reb,MIN,MIN,2,top,Napheesa Collier,4.0,0.0,1.0,0.29583333333333317,,0.75,0.14444444444444424,,1.0,,,False,False
Saylor Poffenbarger,saylor poffenbarger,MIN,6.0,3,23.0,reb,MIN,MIN,3,top,,,,,,,,,,,,,False,False
Emma Cechova,emma cechova,MIN,0.25,4,19.0,stl,MIN,MIN,1,bottom,Emma Cechova,1.0,0.0,0.0,-0.3333333333333333,,,-0.3333333333333333,,,,,False,False
Saylor Poffenbarger,saylor poffenbarger,MIN,0.3333333333333333,3,23.0,stl,MIN,MIN,2,bottom,,,,,,,,,,,,,False,False
Dorka Juhasz,dorka juhasz,MIN,0.4166666666666667,12,15.916666666666666,stl,MIN,MIN,3,bottom,Dorka Juhasz,9.0,2.0,4.0,0.25509459676126345,0.9,-0.04365079365079365,0.22348484848484848,-0.5044210949467587,0.25,1.0,-0.9436507936507936,False,False
Napheesa Collier,napheesa collier,MIN,1.7142857142857142,7,29.142857142857142,stl,MIN,MIN,1,top,Napheesa Collier,4.0,0.0,1.0,0.2750000000000001,,-0.5,0.5333333333333334,,0.0,,,False,False
Natasha Howard,natasha howard,MIN,1.7058823529411764,34,28.5,stl,MIN,MIN,2,top,Natasha Howard,31.0,6.0,12.0,0.4210382406505426,0.5218947718947718,0.04282597324175389,0.7236080884536263,-0.09916132083241146,0.5,0.6666666666666666,-0.47906879865301794,False,False
Kayla McBride,kayla mcbride,MIN,1.6470588235294117,34,32.0,stl,MIN,MIN,3,top,Kayla McBride,31.0,6.0,12.0,0.09191981643723733,0.33727383727383725,-0.43167046476900567,0.4619936048568771,-0.275771194591054,0.4166666666666667,0.6666666666666666,-0.7689443020428429,False,False
Dorka Juhasz,dorka juhasz,MIN,1.1666666666666667,12,15.916666666666666,stocks,MIN,MIN,1,bottom,Dorka Juhasz,9.0,2.0,4.0,-0.04692560525893858,0.9,-0.29365079365079366,-0.3492424242424242,-0.46594897059233126,0.25,1.0,-1.1936507936507936,False,False
Saylor Poffenbarger,saylor poffenbarger,MIN,1.3333333333333333,3,23.0,stocks,MIN,MIN,2,bottom,,,,,,,,,,,,,False,False
Courtney Williams,courtney williams,MIN,1.3888888888888888,36,29.305555555555557,stocks,MIN,MIN,3,bottom,Courtney Williams,33.0,7.0,12.0,-0.004648023453693881,0.45608552881807013,-0.3529771901593153,0.06355305758667108,-0.18781913072677706,0.4166666666666667,0.5714285714285714,-0.8090627189773854,False,False
Napheesa Collier,napheesa collier,MIN,2.857142857142857,7,29.142857142857142,stocks,MIN,MIN,1,top,Napheesa Collier,4.0,0.0,1.0,0.5333333333333333,,-1.5,1.211111111111111,,0.0,,,False,False
Natasha Howard,natasha howard,MIN,2.5588235294117645,34,28.5,stocks,MIN,MIN,2,top,Natasha Howard,31.0,6.0,12.0,0.6719416388639616,0.8716178882845549,0.5735148208480506,0.6706388942229904,-0.028478894154787444,0.5833333333333334,0.6666666666666666,-0.2981030674365043,False,False
Nia Coffey,nia coffey,MIN,2.0555555555555554,36,23.055555555555557,stocks,MIN,MIN,3,top,Nia Coffey,33.0,7.0,12.0,-0.006207935575474694,0.2149589278682295,0.28365838431943163,-0.3652482129215323,0.047928690436373725,0.5,0.42857142857142855,0.06869945645120212,False,False
Alex Fowler,alex fowler,NY,0.5,4,17.5,ast,NYL,NY,1,bottom,Alex Fowler,1.0,1.0,0.0,-0.6666666666666666,-0.6666666666666666,,,,,0.0,,False,False
Anneli Maley,anneli maley,NY,0.6666666666666666,6,16.833333333333332,ast,NYL,NY,2,bottom,Anneli Maley,4.0,0.0,2.0,-0.9499999999999998,,-0.9,-1.0,,0.0,,,False,False
Rebecca Allen,rebecca allen,NY,0.8,15,19.533333333333335,ast,NYL,NY,3,bottom,Rebecca Allen,12.0,3.0,2.0,-0.20033693158693158,0.2269230769230769,-0.3888888888888889,-0.3295763760049475,-0.11383868813483147,0.5,0.6666666666666666,-0.6158119658119658,False,False
Julie Vanloo,julie vanloo,NY,5.4,5,16.2,ast,NYL,NY,1,top,Julie Vanloo,4.0,1.0,3.0,0.016666666666666607,4.333333333333334,-1.4222222222222225,,,0.3333333333333333,1.0,-5.755555555555556,False,False
Ny'Ceara Pryor,ny ceara pryor,NY,5.0,1,24.0,ast,NYL,NY,2,top,,,,,,,,,,,,,False,False
Sabrina Ionescu,sabrina ionescu,NY,4.416666666666667,24,29.416666666666668,ast,NYL,NY,3,top,Sabrina Ionescu,21.0,6.0,5.0,0.5776187377936315,1.033110408110408,0.6152380952380951,0.28551405688133374,0.01626149100035786,0.4,0.8333333333333334,-0.41787231287231297,False,False
Alex Fowler,alex fowler,NY,0.0,4,17.5,blk,NYL,NY,1,bottom,Alex Fowler,1.0,1.0,0.0,0.0,0.0,,,,,0.0,,False,False
Anneli Maley,anneli maley,NY,0.0,6,16.833333333333332,blk,NYL,NY,2,bottom,Anneli Maley,4.0,0.0,2.0,0.0,,0.0,0.0,,0.0,,,False,False
Derin Erdogan,derin erdogan,NY,0.0,2,16.0,blk,NYL,NY,3,bottom,,,,,,,,,,,,,False,False
Breanna Stewart,breanna stewart,NY,1.4,35,32.25714285714286,blk,NYL,NY,1,top,Breanna Stewart,32.0,7.0,11.0,0.24514729596280743,-0.09073515769944342,0.6842031680082574,0.06811605190107935,0.23325249595144795,0.5454545454545454,0.42857142857142855,0.7749383257077008,False,False
Jonquel Jones,jonquel jones,NY,1.1428571428571428,35,28.485714285714284,blk,NYL,NY,2,top,Jonquel Jones,32.0,8.0,10.0,-0.13020418055749905,-0.06091229220341063,0.008453456617756783,-0.2688407147421609,-0.05355501569510048,0.3,0.25,0.06936574882116742,False,False
Rebecca Allen,rebecca allen,NY,0.4666666666666667,15,19.533333333333335,blk,NYL,NY,3,top,Rebecca Allen,12.0,3.0,2.0,0.17240606615606616,0.335042735042735,0.20833333333333337,0.09243970315398888,-0.06727178684801799,0.5,0.3333333333333333,-0.12670940170940165,False,False
Ny'Ceara Pryor,ny ceara pryor,NY,0.0,1,24.0,fg3m,NYL,NY,1,bottom,,,,,,,,,,,,,False,False
Rebekah Gardner,rebekah gardner,NY,0.28125,32,16.15625,fg3m,NYL,NY,2,bottom,Rebekah Gardner,29.0,7.0,10.0,-0.1586714367794114,-0.12785978117278635,0.15231226290049818,-0.43579798561653393,0.1635312592866371,0.3,0.2857142857142857,0.28017204407328455,False,False
Anneli Maley,anneli maley,NY,0.3333333333333333,6,16.833333333333332,fg3m,NYL,NY,3,bottom,Anneli Maley,4.0,0.0,2.0,0.012500000000000039,,-0.225,0.25,,0.0,,,False,False
Marine Johannes,marine johannes,NY,2.25,32,21.78125,fg3m,NYL,NY,1,top,Marine Johannes,29.0,8.0,9.0,-0.8673211931883399,-1.2356815088269264,-1.142953625894802,-0.4150233248994353,0.12578101563120614,0.1111111111111111,0.125,0.0927278829321243,False,True
Sabrina Ionescu,sabrina ionescu,NY,2.125,24,29.416666666666668,fg3m,NYL,NY,2,top,Sabrina Ionescu,21.0,6.0,5.0,0.8945276485827032,0.82731388981389,0.6225396825396825,1.0708498868655014,-0.09076464006336905,0.6,0.8333333333333334,-0.20477420727420748,False,False
Jonquel Jones,jonquel jones,NY,1.7428571428571429,35,28.485714285714284,fg3m,NYL,NY,3,top,Jonquel Jones,32.0,8.0,10.0,0.17817203602848056,0.8444532304318488,0.28173485507055485,-0.2765335172320688,-0.1727432022556043,0.4,0.75,-0.562718375361294,False,False
Alex Fowler,alex fowler,NY,7.25,4,17.5,pra,NYL,NY,1,bottom,Alex Fowler,1.0,1.0,0.0,-9.666666666666666,-9.666666666666666,,,,,0.0,,False,False
Betnijah Laney-Hamilton,betnijah laney hamilton,NY,7.833333333333333,18,16.444444444444443,pra,NYL,NY,2,bottom,Betnijah Laney-Hamilton,15.0,4.0,6.0,-1.9846252385958267,-5.421943681318681,1.1600104688339983,-3.0083333333333337,0.48951148628428126,0.6666666666666666,0.0,6.581954150152679,True,True
Rebecca Allen,rebecca allen,NY,8.6,15,19.533333333333335,pra,NYL,NY,3,bottom,Rebecca Allen,12.0,3.0,2.0,2.626227707477707,0.9987179487179487,-1.9027777777777777,4.617733457019171,-0.13186578733746734,0.0,0.3333333333333333,-2.9014957264957264,False,False
Breanna Stewart,breanna stewart,NY,32.142857142857146,35,32.25714285714286,pra,NYL,NY,1,top,Breanna Stewart,32.0,7.0,11.0,2.994904926896653,2.313988095238095,4.109477559034079,2.4596277031893843,0.10752081169388376,0.9090909090909091,0.7142857142857143,1.7954894637959837,True,False
Jonquel Jones,jonquel jones,NY,25.8,35,28.485714285714284,pra,NYL,NY,2,top,Jonquel Jones,32.0,8.0,10.0,2.9799270817147763,6.960952356305975,3.0027543729090382,0.6887502882381903,-0.33244454969768805,0.6,1.0,-3.9581979833969365,False,False
Sabrina Ionescu,sabrina ionescu,NY,23.333333333333332,24,29.416666666666668,pra,NYL,NY,3,top,Sabrina Ionescu,21.0,6.0,5.0,6.747112277680948,6.2509296259296265,6.271746031746032,7.282504991699196,0.0098266065417792,0.6,0.8333333333333334,0.020816405816405315,False,False
Ny'Ceara Pryor,ny ceara pryor,NY,1.0,1,24.0,pts,NYL,NY,1,bottom,,,,,,,,,,,,,False,False
Betnijah Laney-Hamilton,betnijah laney hamilton,NY,4.555555555555555,18,16.444444444444443,pts,NYL,NY,2,bottom,Betnijah Laney-Hamilton,15.0,4.0,6.0,-1.820368368015427,-4.923489010989011,0.4230717539541069,-2.03,0.4862814433435844,0.6666666666666666,0.0,5.346560764943117,True,True
Alex Fowler,alex fowler,NY,5.0,4,17.5,pts,NYL,NY,3,bottom,Alex Fowler,1.0,1.0,0.0,-6.666666666666667,-6.666666666666667,,,,,0.0,,False,False
Breanna Stewart,breanna stewart,NY,20.8,35,32.25714285714286,pts,NYL,NY,1,top,Breanna Stewart,32.0,7.0,11.0,2.1060516416782256,2.989989177489177,2.622684900896223,1.258156741530037,0.03504810110925928,0.6363636363636364,0.42857142857142855,-0.36730427659295417,False,False
Sabrina Ionescu,sabrina ionescu,NY,15.083333333333334,24,29.416666666666668,pts,NYL,NY,2,top,Sabrina Ionescu,21.0,6.0,5.0,5.526200294286512,5.104238354238354,5.08952380952381,5.997715700696754,-0.05272595443170384,0.6,0.8333333333333334,-0.014714544714544253,False,False
Jonquel Jones,jonquel jones,NY,14.142857142857142,35,28.485714285714284,pts,NYL,NY,3,top,Jonquel Jones,32.0,8.0,10.0,1.3667954538591078,4.22041409796344,1.252356594048277,-0.18210172862134627,-0.3074354566090261,0.6,0.75,-2.968057503915163,False,False
Derin Erdogan,derin erdogan,NY,0.0,2,16.0,reb,NYL,NY,1,bottom,,,,,,,,,,,,,False,False
Alex Fowler,alex fowler,NY,1.75,4,17.5,reb,NYL,NY,2,bottom,Alex Fowler,1.0,1.0,0.0,-2.3333333333333335,-2.3333333333333335,,,,,0.0,,False,False
Betnijah Laney-Hamilton,betnijah laney hamilton,NY,1.7777777777777777,18,16.444444444444443,reb,NYL,NY,3,bottom,Betnijah Laney-Hamilton,15.0,4.0,6.0,0.1540910451204569,-0.38252060439560454,0.8874635712871006,-0.2966666666666667,0.3969908344391159,0.8333333333333334,0.25,1.2699841756827053,True,True
Jonquel Jones,jonquel jones,NY,8.885714285714286,35,28.485714285714284,reb,NYL,NY,1,top,Jonquel Jones,32.0,8.0,10.0,1.0236865232151149,1.8419531537541407,1.2426176163255271,0.3997262392568062,-0.1484817151876934,0.7,0.625,-0.5993355374286136,False,False
Breanna Stewart,breanna stewart,NY,8.314285714285715,35,32.25714285714286,reb,NYL,NY,2,top,Breanna Stewart,32.0,7.0,11.0,0.2172958345026437,-0.5780650896722325,0.5522457292538427,0.3518013792855682,0.09657002569371538,0.6363636363636364,0.2857142857142857,1.130310818926075,True,True
Sabrina Ionescu,sabrina ionescu,NY,3.8333333333333335,24,29.416666666666668,reb,NYL,NY,3,top,Sabrina Ionescu,21.0,6.0,5.0,0.6432932456008048,0.11358086358086357,0.5669841269841271,0.9992752341211084,0.19240969538867603,0.8,0.3333333333333333,0.4534032634032636,False,False
Satou Sabally,satou sabally,NY,0.08333333333333333,12,17.75,stl,NYL,NY,1,bottom,Satou Sabally,9.0,1.0,5.0,0.0898989898989899,0.0,0.18,-0.030303030303030304,0.19131359765848802,0.2,0.0,0.18,False,False
Betnijah Laney-Hamilton,betnijah laney hamilton,NY,0.2777777777777778,18,16.444444444444443,stl,NYL,NY,2,bottom,Betnijah Laney-Hamilton,15.0,4.0,6.0,-0.022549253578665343,-0.38856456043956045,0.02072546190193249,0.21833333333333335,0.16330240494670503,0.3333333333333333,0.0,0.4092900223414929,False,True
Marine Fauthoux,marine fauthoux,NY,0.3,10,17.1,stl,NYL,NY,3,bottom,Marine Fauthoux,7.0,2.0,1.0,-0.08860544217687075,-0.4017857142857143,0.75,-0.14166666666666666,0.7665588922580077,1.0,0.0,1.1517857142857144,False,True
Ny'Ceara Pryor,ny ceara pryor,NY,4.0,1,24.0,stl,NYL,NY,1,top,,,,,,,,,,,,,False,False
Alex Fowler,alex fowler,NY,1.5,4,17.5,stl,NYL,NY,2,top,Alex Fowler,1.0,1.0,0.0,-0.6666666666666667,-0.6666666666666667,,,,,0.0,,False,False
Breanna Stewart,breanna stewart,NY,1.2,35,32.25714285714286,stl,NYL,NY,3,top,Breanna Stewart,32.0,7.0,11.0,0.1603519277934416,-0.4819689239332096,0.699561632867921,0.057847585383962015,0.39008491205626555,0.6363636363636364,0.2857142857142857,1.1815305568011305,True,True
Satou Sabally,satou sabally,NY,0.25,12,17.75,stocks,NYL,NY,1,bottom,Satou Sabally,9.0,1.0,5.0,0.0321348404681738,-0.16666666666666666,0.0025396825396825197,0.1477272727272727,0.13059088978466646,0.2,0.0,0.16920634920634917,False,False
Marine Fauthoux,marine fauthoux,NY,0.3,10,17.1,stocks,NYL,NY,2,bottom,Marine Fauthoux,7.0,2.0,1.0,-0.08860544217687075,-0.4017857142857143,0.75,-0.14166666666666666,0.7665588922580077,1.0,0.0,1.1517857142857144,False,True
Julie Vanloo,julie vanloo,NY,0.4,5,16.2,stocks,NYL,NY,3,bottom,Julie Vanloo,4.0,1.0,3.0,-0.029166666666666632,-0.3333333333333333,0.07222222222222226,,,0.3333333333333333,0.0,0.40555555555555556,False,False
Ny'Ceara Pryor,ny ceara pryor,NY,4.0,1,24.0,stocks,NYL,NY,1,top,,,,,,,,,,,,,False,False
Breanna Stewart,breanna stewart,NY,2.6,35,32.25714285714286,stocks,NYL,NY,2,top,Breanna Stewart,32.0,7.0,11.0,0.405499223756249,-0.5727040816326531,1.3837648008761785,0.1259636372850414,0.4868934803420086,0.7272727272727273,0.2857142857142857,1.9564688825088314,True,True
Jonquel Jones,jonquel jones,NY,1.8,35,28.485714285714284,stocks,NYL,NY,3,top,Jonquel Jones,32.0,8.0,10.0,-0.21413617682826094,-0.3882029428904429,0.06947785007419897,-0.31725090115162835,0.1389747439794343,0.5,0.375,0.45768079296464187,False,True
Morgan Maly,morgan maly,PHX,0.5,2,15.0,ast,PHX,PHX,1,bottom,,,,,,,,,,,,,False,False
Natasha Mack,natasha mack,PHX,1.2592592592592593,27,22.296296296296298,ast,PHX,PHX,2,bottom,Natasha Mack,24.0,8.0,8.0,0.10180647310753987,-0.15232286096256686,0.4739297763639869,-0.016187496078800462,0.14405661292759706,0.625,0.375,0.6262526373265538,True,False
Valeriane Ayayi,valeriane ayayi,PHX,1.32,25,18.16,ast,PHX,PHX,3,bottom,Valeriane Ayayi,22.0,6.0,7.0,-0.19109509182954462,0.0829573934837093,-0.6404594446474242,-0.024291140957807662,-0.18048575449394913,0.14285714285714285,0.3333333333333333,-0.7234168381311336,False,False
Alyssa Thomas,alyssa thomas,PHX,8.181818181818182,33,33.24242424242424,ast,PHX,PHX,1,top,Alyssa Thomas,30.0,10.0,8.0,-0.14379667066361002,-0.25489711185077324,0.5663571576273189,-0.5246488552015934,0.11298873902626384,0.375,0.4,0.8212542694780921,False,False
Kelsey Plum,kelsey plum,PHX,3.25,4,22.25,ast,PHX,PHX,2,top,Kelsey Plum,4.0,1.0,2.0,-2.486370798319328,-1.7999999999999998,-3.108455882352941,-1.9285714285714288,,0.0,0.0,-1.3084558823529413,False,False
Monique Akoa Makani,monique akoa makani,PHX,2.5,18,22.944444444444443,ast,PHX,PHX,3,top,Monique Akoa Makani,15.0,4.0,5.0,-0.6685393636864224,-0.734375,-0.05260073260073268,-1.1379311320487793,0.30059762625780867,0.4,0.25,0.6817742673992673,False,True
Jovana Nogic,jovana nogic,PHX,0.0,15,20.8,blk,PHX,PHX,1,bottom,Jovana Nogic,12.0,3.0,4.0,0.0,0.0,0.0,0.0,,0.0,0.0,0.0,False,False
Kelsey Plum,kelsey plum,PHX,0.0,4,22.25,blk,PHX,PHX,2,bottom,Kelsey Plum,4.0,1.0,2.0,0.0,0.0,0.0,0.0,,0.0,0.0,0.0,False,False
Morgan Maly,morgan maly,PHX,0.0,2,15.0,blk,PHX,PHX,3,bottom,,,,,,,,,,,,,False,False
Natasha Mack,natasha mack,PHX,1.037037037037037,27,22.296296296296298,blk,PHX,PHX,1,top,Natasha Mack,24.0,8.0,8.0,-0.033202619463850835,0.3629241469314999,-0.36260699826489295,-0.09992500705815927,-0.21249301643486992,0.25,0.5,-0.7255311451963928,False,False
DeWanna Bonner,dewanna bonner,PHX,0.7428571428571429,35,26.8,blk,PHX,PHX,2,top,DeWanna Bonner,32.0,10.0,10.0,-0.016309043138270057,0.1540887884934538,-0.0247922665569724,-0.15123788331578797,-0.1836270006043195,0.5,0.4,-0.1788810550504262,False,False
Alyssa Thomas,alyssa thomas,PHX,0.45454545454545453,33,33.24242424242424,blk,PHX,PHX,3,top,Alyssa Thomas,30.0,10.0,8.0,0.23290324496379539,0.1720810218893743,0.17461514460002361,0.32244716443499405,-0.0685226218690762,0.5,0.4,0.002534122710649317,False,False
Alyssa Thomas,alyssa thomas,PHX,0.0,33,33.24242424242424,fg3m,PHX,PHX,1,bottom,Alyssa Thomas,30.0,10.0,8.0,0.0,0.0,0.0,0.0,,0.0,0.0,0.0,False,False
Morgan Maly,morgan maly,PHX,0.0,2,15.0,fg3m,PHX,PHX,2,bottom,,,,,,,,,,,,,False,False
Natasha Mack,natasha mack,PHX,0.037037037037037035,27,22.296296296296298,fg3m,PHX,PHX,3,bottom,Natasha Mack,24.0,8.0,8.0,-0.042545265953404666,0.0378310415075121,-0.0792758338153075,-0.0861910055524186,-0.24905888942259452,0.0,0.125,-0.1171068753228196,False,False
Jovana Nogic,jovana nogic,PHX,2.1333333333333333,15,20.8,fg3m,PHX,PHX,1,top,Jovana Nogic,12.0,3.0,4.0,-0.6654149091649092,-1.4925925925925927,-1.464597902097902,0.47023809523809523,-0.050582475917668186,0.0,0.0,0.02799469049469061,False,True
Kelsey Plum,kelsey plum,PHX,2.0,4,22.25,fg3m,PHX,PHX,2,top,Kelsey Plum,4.0,1.0,2.0,-0.6150647759103641,-1.6666666666666665,-0.5753676470588236,0.3571428571428572,,0.5,0.0,1.091299019607843,False,False
Kahleah Copper,kahleah copper,PHX,1.8529411764705883,34,32.1764705882353,fg3m,PHX,PHX,3,top,Kahleah Copper,31.0,10.0,9.0,-0.0008038212883698945,0.1848181119955313,-0.47473770652133207,0.19996164823310078,-0.19767583062639163,0.2222222222222222,0.6,-0.6595558185168634,False,False
Morgan Maly,morgan maly,PHX,4.5,2,15.0,pra,PHX,PHX,1,bottom,,,,,,,,,,,,,False,False
Noemie Brochant,noemie brochant,PHX,9.0,32,22.0,pra,PHX,PHX,2,bottom,Noemie Brochant,29.0,7.0,10.0,0.6321696958170676,4.07485349899143,0.45708684427618496,-1.2301601464172411,-0.12815883692081925,0.4,0.7142857142857143,-3.6177666547152447,False,False
Lexi Held,lexi held,PHX,9.523809523809524,21,19.238095238095237,pra,PHX,PHX,3,bottom,Lexi Held,21.0,6.0,7.0,0.45382724951469394,0.049021044315161966,1.220435462283288,0.0866497172418228,0.046504286966423926,0.7142857142857143,0.3333333333333333,1.171414417968126,True,False
Alyssa Thomas,alyssa thomas,PHX,29.393939393939394,33,33.24242424242424,pra,PHX,PHX,1,top,Alyssa Thomas,30.0,10.0,8.0,1.5786552296986203,1.6500774044795783,2.2907088207491433,1.0444343566808068,-0.06367213685840309,0.625,0.5,0.640631416269565,True,False
Kahleah Copper,kahleah copper,PHX,26.11764705882353,34,32.1764705882353,pra,PHX,PHX,2,top,Kahleah Copper,31.0,10.0,9.0,2.6522916016151536,3.5567169389750033,3.830093333134269,1.0152525218426092,0.04050343409938433,0.4444444444444444,0.7,0.2733763941592655,False,False
Kelsey Plum,kelsey plum,PHX,22.75,4,22.25,pra,PHX,PHX,3,top,Kelsey Plum,4.0,1.0,2.0,-7.832904411764706,-2.6000000000000014,-11.365808823529411,-6.0,,0.0,0.0,-8.76580882352941,False,False
Morgan Maly,morgan maly,PHX,2.0,2,15.0,pts,PHX,PHX,1,bottom,,,,,,,,,,,,,False,False
Noemie Brochant,noemie brochant,PHX,5.375,32,22.0,pts,PHX,PHX,2,bottom,Noemie Brochant,29.0,7.0,10.0,0.22144041127006847,2.3787124752641993,0.6410464887302194,-1.3866400239433003,-0.053277600179830444,0.6,0.5714285714285714,-1.7376659865339799,False,False
Lexi Held,lexi held,PHX,6.571428571428571,21,19.238095238095237,pts,PHX,PHX,3,bottom,Lexi Held,21.0,6.0,7.0,0.23929490274029708,-0.0006090641384755754,1.0149227785097352,-0.2594515133988824,0.05692427350777104,0.7142857142857143,0.3333333333333333,1.0155318426482107,True,False
Kahleah Copper,kahleah copper,PHX,20.823529411764707,34,32.1764705882353,pts,PHX,PHX,1,top,Kahleah Copper,31.0,10.0,9.0,1.7720702116008034,1.9759981147884378,2.3337257703851275,1.1808886231895315,0.0493965893179177,0.6666666666666666,0.5,0.35772765559668973,False,False
Kelsey Plum,kelsey plum,PHX,17.25,4,22.25,pts,PHX,PHX,2,top,Kelsey Plum,4.0,1.0,2.0,-5.517095588235295,-3.8000000000000007,-7.634191176470589,-3.0,,0.5,0.0,-3.834191176470588,False,False
Alyssa Thomas,alyssa thomas,PHX,14.030303030303031,33,33.24242424242424,pts,PHX,PHX,3,top,Alyssa Thomas,30.0,10.0,8.0,0.9087924501723201,0.8157707991432248,0.5782764127673401,1.2066545176332193,-0.08214665549948862,0.5,0.5,-0.23749438637588471,False,False
Jovana Nogic,jovana nogic,PHX,1.1333333333333333,15,20.8,reb,PHX,PHX,1,bottom,Jovana Nogic,12.0,3.0,4.0,0.13658633033633033,-0.05555555555555558,-0.2554195804195804,0.5654761904761905,-0.2722567407110649,0.25,0.3333333333333333,-0.19986402486402483,False,False
Lexi Held,lexi held,PHX,1.3333333333333333,21,19.238095238095237,reb,PHX,PHX,2,bottom,Lexi Held,21.0,6.0,7.0,0.06655057207849037,-0.0455000718236012,-0.12460526590961374,0.3178499132446502,-0.05295787590523743,0.2857142857142857,0.3333333333333333,-0.07910519408601255,False,False
Monique Akoa Makani,monique akoa makani,PHX,2.0,18,22.944444444444443,reb,PHX,PHX,3,bottom,Monique Akoa Makani,15.0,4.0,5.0,-0.14236964016375792,-0.036458333333333426,0.7826739926739925,-0.9838468720821663,0.2183401272506216,0.6,0.25,0.819132326007326,True,False
Alyssa Thomas,alyssa thomas,PHX,7.181818181818182,33,33.24242424242424,reb,PHX,PHX,1,top,Alyssa Thomas,30.0,10.0,8.0,0.8136594501899104,1.0892037171871265,1.1460752503544842,0.36242869424918117,-0.11972220193331318,0.75,0.6,0.05687153316735771,False,False
Natasha Mack,natasha mack,PHX,6.851851851851852,27,22.296296296296298,reb,PHX,PHX,2,top,Natasha Mack,24.0,8.0,8.0,-1.5343589698780926,-1.4621689584924882,-0.7910837189126662,-2.3498242322291234,0.25004145392608246,0.5,0.5,0.671085239579822,False,True
DeWanna Bonner,dewanna bonner,PHX,5.885714285714286,35,26.8,reb,PHX,PHX,3,top,DeWanna Bonner,32.0,10.0,10.0,0.8334192920023447,1.1833377106328424,0.6479256908668674,0.6963986107564945,-0.1449713668497386,0.6,0.6,-0.5354120197659751,False,False
Lexi Held,lexi held,PHX,0.42857142857142855,21,19.238095238095237,stl,PHX,PHX,1,bottom,Lexi Held,21.0,6.0,7.0,-0.15427077761643396,-0.0690160166630755,-0.29211499048455564,-0.09759816207184627,-0.18520779095687195,0.2857142857142857,0.3333333333333333,-0.22309897382148014,False,False
Kelsey Plum,kelsey plum,PHX,0.5,4,22.25,stl,PHX,PHX,2,bottom,Kelsey Plum,4.0,1.0,2.0,-0.5827118347338935,-0.06666666666666665,-0.5606617647058824,-1.1428571428571428,,0.0,0.0,-0.4939950980392157,False,False
Valeriane Ayayi,valeriane ayayi,PHX,0.64,25,18.16,stl,PHX,PHX,3,bottom,Valeriane Ayayi,22.0,6.0,7.0,0.006813866011237472,-0.2280208095997569,0.2343086509966305,-0.013570071903405213,0.13280792512636902,0.7142857142857143,0.3333333333333333,0.4623294605963874,False,False
Alyssa Thomas,alyssa thomas,PHX,1.4545454545454546,33,33.24242424242424,stl,PHX,PHX,1,top,Alyssa Thomas,30.0,10.0,8.0,-0.29367235608612535,-0.6335051699296551,0.06575143270707787,-0.2500942037453193,0.15123714568711547,0.5,0.4,0.699256602636733,False,True
Monique Akoa Makani,monique akoa makani,PHX,1.1666666666666667,18,22.944444444444443,stl,PHX,PHX,2,top,Monique Akoa Makani,15.0,4.0,5.0,-0.4172383063559534,-0.4479166666666667,0.16860805860805864,-0.8849913702854879,0.2542551390163934,0.6,0.25,0.6165247252747253,True,True
DeWanna Bonner,dewanna bonner,PHX,1.1428571428571428,35,26.8,stl,PHX,PHX,3,top,DeWanna Bonner,32.0,10.0,10.0,0.23540060237363367,-0.013485838536041383,0.44644481879776005,0.2669357894449243,0.08074032522099144,0.5,0.3,0.45993065733380145,False,False
Kelsey Plum,kelsey plum,PHX,0.5,4,22.25,stocks,PHX,PHX,1,bottom,Kelsey Plum,4.0,1.0,2.0,-0.5827118347338935,-0.06666666666666665,-0.5606617647058824,-1.1428571428571428,,0.0,0.0,-0.4939950980392157,False,False
Lexi Held,lexi held,PHX,0.6190476190476191,21,19.238095238095237,stocks,PHX,PHX,2,bottom,Lexi Held,21.0,6.0,7.0,-0.15499009653486318,0.08973838253250022,-0.34377548779722694,-0.17334923848081746,-0.2121159254143241,0.42857142857142855,0.5,-0.43351387032972716,False,False
Jovana Nogic,jovana nogic,PHX,0.6666666666666666,15,20.8,stocks,PHX,PHX,3,bottom,Jovana Nogic,12.0,3.0,4.0,-0.4448135198135199,-0.7555555555555555,-0.12194055944055943,-0.5166666666666666,0.3193980225016446,0.25,0.0,0.6336149961149962,False,True
Alyssa Thomas,alyssa thomas,PHX,1.9090909090909092,33,33.24242424242424,stocks,PHX,PHX,1,top,Alyssa Thomas,30.0,10.0,8.0,-0.06076911112232997,-0.4614241480402807,0.24036657730710148,0.07235296068967467,0.1224080509125749,0.625,0.5,0.7017907253473822,True,True
DeWanna Bonner,dewanna bonner,PHX,1.8857142857142857,35,26.8,stocks,PHX,PHX,2,top,DeWanna Bonner,32.0,10.0,10.0,0.21909155923536364,0.14060294995741246,0.4216525522407875,0.11569790612913632,-0.05349969127643177,0.5,0.5,0.28104960228337506,False,False
Natasha Mack,natasha mack,PHX,1.8518518518518519,27,22.296296296296298,stocks,PHX,PHX,3,top,Natasha Mack,24.0,8.0,8.0,-0.2533478507381875,-0.4365013050674815,-0.02454911316753411,-0.2989931339795471,0.10534993379650814,0.125,0.25,0.4119521918999474,False,True
Chloe Bibby,chloe bibby,POR,0.0,1,16.0,ast,POR,POR,1,bottom,,,,,,,,,,,,,False,False
Nyadiew Puoch,nyadiew puoch,POR,0.7272727272727273,33,17.424242424242426,ast,POR,POR,2,bottom,Nyadiew Puoch,30.0,8.0,9.0,-0.3157964222026566,-0.135839959938825,-0.6084738578824601,-0.22391602043284298,-0.2733012224465616,0.2222222222222222,0.5,-0.4726338979436351,False,False
Frieda Buhner,frieda buhner,POR,0.7333333333333333,30,15.333333333333334,ast,POR,POR,3,bottom,Frieda Buhner,27.0,8.0,8.0,0.4053200349563138,0.5922429295883194,0.18165301474125,0.43204303538035593,-0.27562328372656153,0.625,0.75,-0.41058991484706936,False,False
Carla Leite,carla leite,POR,6.225806451612903,31,25.903225806451612,ast,POR,POR,1,top,Carla Leite,28.0,7.0,8.0,1.4184562925920876,1.3091125541125541,1.6983184864334748,1.3051108017171367,-0.034273005521232226,0.625,0.5714285714285714,0.3892059323209207,False,False
Sug Sutton,sug sutton,POR,5.666666666666667,3,23.0,ast,POR,POR,2,top,,,,,,,,,,,,,False,False
Kamiah Smalls,kamiah smalls,POR,3.0,2,15.0,ast,POR,POR,3,top,,,,,,,,,,,,,False,False
Chloe Bibby,chloe bibby,POR,0.0,1,16.0,blk,POR,POR,1,bottom,,,,,,,,,,,,,False,False
Haley Jones,haley jones,POR,0.0,7,15.285714285714286,blk,POR,POR,2,bottom,Haley Jones,4.0,0.0,1.0,0.0,,0.0,0.0,,0.0,,,False,False
Kamiah Smalls,kamiah smalls,POR,0.0,2,15.0,blk,POR,POR,3,bottom,,,,,,,,,,,,,False,False
Emily Engstler,emily engstler,POR,1.4848484848484849,33,23.727272727272727,blk,POR,POR,1,top,Emily Engstler,30.0,8.0,9.0,-0.7109400676902573,-0.7617896842341376,-0.7661115706276996,-0.6414523400911787,-0.04319848700267872,0.2222222222222222,0.125,-0.004321886393562013,False,True
Megan DiLeo,megan dileo,POR,1.1666666666666667,6,26.333333333333332,blk,POR,POR,2,top,Megan DiLeo,3.0,1.0,2.0,0.26666666666666666,-0.19999999999999996,0.5,,,0.5,0.0,0.7,False,False
Megan Gustafson,megan gustafson,POR,0.56,25,22.92,blk,POR,POR,3,top,Megan Gustafson,22.0,6.0,6.0,0.24167069376384226,0.19208434361887047,0.3108974358974359,0.2298864585706691,0.087878344739769,0.6666666666666666,0.5,0.11881309227856543,False,False
Chloe Bibby,chloe bibby,POR,0.0,1,16.0,fg3m,POR,POR,1,bottom,,,,,,,,,,,,,False,False
Haley Jones,haley jones,POR,0.0,7,15.285714285714286,fg3m,POR,POR,2,bottom,Haley Jones,4.0,0.0,1.0,0.0,,0.0,0.0,,0.0,,,False,False
Maya Caldwell,maya caldwell,POR,0.0,1,15.0,fg3m,POR,POR,3,bottom,,,,,,,,,,,,,False,False
Bridget Carleton,bridget carleton,POR,2.84375,32,30.125,fg3m,POR,POR,1,top,Bridget Carleton,29.0,7.0,9.0,0.34944522245805276,0.9971302890657731,0.26005272217692327,0.06257884063313925,-0.0506713789495232,0.3333333333333333,0.5714285714285714,-0.7370775668888498,False,False
Kamiah Smalls,kamiah smalls,POR,2.0,2,15.0,fg3m,POR,POR,2,top,,,,,,,,,,,,,False,False
Sarah Ashlee Barker,sarah ashlee barker,POR,1.3846153846153846,26,25.846153846153847,fg3m,POR,POR,3,top,Sarah Ashlee Barker,23.0,6.0,7.0,0.2599692360522714,0.5656594658065245,-0.1995978659022137,0.39825206956785913,-0.31701175720048597,0.2857142857142857,0.8333333333333334,-0.7652573317087382,False,False
Chloe Bibby,chloe bibby,POR,1.0,1,16.0,pra,POR,POR,1,bottom,,,,,,,,,,,,,False,False
Nyadiew Puoch,nyadiew puoch,POR,6.7272727272727275,33,17.424242424242426,pra,POR,POR,2,bottom,Nyadiew Puoch,30.0,8.0,9.0,-0.9916360738873642,0.2483900730024451,-0.3577399442453205,-2.193580254033276,0.005725629092258804,0.4444444444444444,0.375,-0.6061300172477656,False,False
Karlie Samuelson,karlie samuelson,POR,6.95,20,15.25,pra,POR,POR,3,bottom,Karlie Samuelson,17.0,4.0,5.0,2.0247072824381145,1.218151913875598,0.8251181498240323,3.1777281746031747,-0.09913231239171676,0.6,0.5,-0.39303376405156576,False,False
Carla Leite,carla leite,POR,24.129032258064516,31,25.903225806451612,pra,POR,POR,1,top,Carla Leite,28.0,7.0,8.0,3.0137974790341664,2.2954545454545454,7.220289385382497,0.8119871162857591,0.18344042854743622,0.75,0.5714285714285714,4.924834839927952,True,False
Megan DiLeo,megan dileo,POR,20.833333333333332,6,26.333333333333332,pra,POR,POR,2,top,Megan DiLeo,3.0,1.0,2.0,1.2222222222222225,-7.0,5.333333333333334,,,0.5,0.0,12.333333333333334,False,False
Bridget Carleton,bridget carleton,POR,20.78125,32,30.125,pra,POR,POR,3,top,Bridget Carleton,29.0,7.0,9.0,1.9734822630435924,3.967663734115347,2.2847585710068947,0.6841932577226691,-0.043907575253876306,0.6666666666666666,0.7142857142857143,-1.6829051631084524,False,False
Chloe Bibby,chloe bibby,POR,0.0,1,16.0,pts,POR,POR,1,bottom,,,,,,,,,,,,,False,False
Maya Caldwell,maya caldwell,POR,2.0,1,15.0,pts,POR,POR,2,bottom,,,,,,,,,,,,,False,False
Nyadiew Puoch,nyadiew puoch,POR,4.242424242424242,33,17.424242424242426,pts,POR,POR,3,bottom,Nyadiew Puoch,30.0,8.0,9.0,-0.5953449698382393,0.434384141407399,0.11228451954258414,-1.718921761714586,0.013895590182876345,0.4444444444444444,0.25,-0.3220996218648149,False,False
Carla Leite,carla leite,POR,15.64516129032258,31,25.903225806451612,pts,POR,POR,1,top,Carla Leite,28.0,7.0,8.0,1.3932103028353542,0.4559632034632037,5.136575520980111,-0.4057275471302618,0.28571997947739997,0.75,0.42857142857142855,4.680612317516908,True,False
Megan DiLeo,megan dileo,POR,15.5,6,26.333333333333332,pts,POR,POR,2,top,Megan DiLeo,3.0,1.0,2.0,-0.3277777777777775,-5.399999999999999,2.208333333333333,,,1.0,0.0,7.608333333333332,True,False
Bridget Carleton,bridget carleton,POR,14.4375,32,30.125,pts,POR,POR,3,top,Bridget Carleton,29.0,7.0,9.0,0.34967129505285316,2.1546728808825586,-0.6456531237305323,0.06681811568689405,-0.1478932810654736,0.3333333333333333,0.5714285714285714,-2.800326004613091,False,False
Kamiah Smalls,kamiah smalls,POR,0.0,2,15.0,reb,POR,POR,1,bottom,,,,,,,,,,,,,False,False
Chloe Bibby,chloe bibby,POR,1.0,1,16.0,reb,POR,POR,2,bottom,,,,,,,,,,,,,False,False
Karlie Samuelson,karlie samuelson,POR,1.35,20,15.25,reb,POR,POR,3,bottom,Karlie Samuelson,17.0,4.0,5.0,0.1346876130203393,-0.311054625199362,-0.008456510809452,0.4470238095238095,0.03640934719555755,0.4,0.25,0.30259811438991,False,True
Emily Engstler,emily engstler,POR,5.2727272727272725,33,23.727272727272727,reb,POR,POR,1,top,Emily Engstler,30.0,8.0,9.0,0.6584775650650102,1.0205717218984482,0.5864313941733298,0.4855285099386734,-0.03349815321294878,0.5555555555555556,0.625,-0.43414032772511846,False,False
Maya Caldwell,maya caldwell,POR,5.0,1,15.0,reb,POR,POR,2,top,,,,,,,,,,,,,False,False
Sarah Ashlee Barker,sarah ashlee barker,POR,4.615384615384615,26,25.846153846153847,reb,POR,POR,3,top,Sarah Ashlee Barker,23.0,6.0,7.0,0.3275605901580198,-0.7079013524601762,1.1179566810001593,0.3955604921394397,0.28148735839546585,0.7142857142857143,0.3333333333333333,1.8258580334603356,True,True
Chloe Bibby,chloe bibby,POR,0.0,1,16.0,stl,POR,POR,1,bottom,,,,,,,,,,,,,False,False
Kamiah Smalls,kamiah smalls,POR,0.0,2,15.0,stl,POR,POR,2,bottom,,,,,,,,,,,,,False,False
Maya Caldwell,maya caldwell,POR,0.0,1,15.0,stl,POR,POR,3,bottom,,,,,,,,,,,,,False,False
Emily Engstler,emily engstler,POR,1.5454545454545454,33,23.727272727272727,stl,POR,POR,1,top,Emily Engstler,30.0,8.0,9.0,0.06312292557931112,-0.24253120711520648,0.19657200624942556,0.1588299513889351,0.10769183846656233,0.6666666666666666,0.375,0.43910321336463204,False,False
Bridget Carleton,bridget carleton,POR,1.53125,32,30.125,stl,POR,POR,2,top,Bridget Carleton,29.0,7.0,9.0,-0.2746200311786773,0.04164816366429273,0.013510861528300167,-0.6443935233527994,0.08250105129738107,0.4444444444444444,0.5714285714285714,-0.02813730213599256,False,False
Haley Jones,haley jones,POR,1.0,7,15.285714285714286,stl,POR,POR,3,top,Haley Jones,4.0,0.0,1.0,-0.8208333333333333,,-0.19999999999999996,-1.027777777777778,,0.0,,,False,False
Chloe Bibby,chloe bibby,POR,0.0,1,16.0,stocks,POR,POR,1,bottom,,,,,,,,,,,,,False,False
Kamiah Smalls,kamiah smalls,POR,0.0,2,15.0,stocks,POR,POR,2,bottom,,,,,,,,,,,,,False,False
Maya Caldwell,maya caldwell,POR,0.0,1,15.0,stocks,POR,POR,3,bottom,,,,,,,,,,,,,False,False
Emily Engstler,emily engstler,POR,3.0303030303030303,33,23.727272727272727,stocks,POR,POR,1,top,Emily Engstler,30.0,8.0,9.0,-0.6478171421109463,-1.004320891349344,-0.569539564378274,-0.4826223887022436,0.042184815705809786,0.3333333333333333,0.125,0.43478132697106997,False,True
Bridget Carleton,bridget carleton,POR,1.96875,32,30.125,stocks,POR,POR,2,top,Bridget Carleton,29.0,7.0,9.0,-0.1977618977795908,0.2263095238095238,0.3067914142344034,-0.7754141869526485,0.07894008342585965,0.4444444444444444,0.42857142857142855,0.08048189042487963,False,False
Megan DiLeo,megan dileo,POR,1.3333333333333333,6,26.333333333333332,stocks,POR,POR,3,top,Megan DiLeo,3.0,1.0,2.0,0.0055555555555556095,-0.3999999999999999,0.20833333333333337,,,0.5,0.0,0.6083333333333333,False,False
Mackenzie Holmes,mackenzie holmes,SEA,0.7333333333333333,15,15.8,ast,SEA,SEA,1,bottom,Mackenzie Holmes,12.0,1.0,7.0,0.35532291782291786,1.25,0.3839002267573696,0.08164335664335662,-0.20456670170509525,0.7142857142857143,1.0,-0.8660997732426303,False,False
Katie Lou Samuelson,katie lou samuelson,SEA,0.7407407407407407,27,15.185185185185185,ast,SEA,SEA,2,bottom,Katie Lou Samuelson,24.0,7.0,5.0,-0.3214482667779292,-0.3894058322629751,-0.783611111111111,-0.0892385017728267,-0.18631801939142573,0.2,0.2857142857142857,-0.39420527884813594,False,True
Zia Cooke,zia cooke,SEA,0.9444444444444444,36,15.305555555555555,ast,SEA,SEA,3,bottom,Zia Cooke,33.0,6.0,13.0,-0.3782615427114366,-0.4621810660603764,-0.4767584674490045,-0.25083460259129214,-0.1267857207066168,0.38461538461538464,0.16666666666666666,-0.01457740138862812,False,True
Natisha Hiedeman,natisha hiedeman,SEA,4.722222222222222,36,29.305555555555557,ast,SEA,SEA,1,top,Natisha Hiedeman,33.0,7.0,12.0,0.7198847673867638,0.9554486088094858,0.5629002991183298,0.7366609623340606,-0.07357472736892244,0.5833333333333334,0.7142857142857143,-0.39254830969115595,False,False
Jade Melbourne,jade melbourne,SEA,3.861111111111111,36,23.944444444444443,ast,SEA,SEA,2,top,Jade Melbourne,33.0,7.0,13.0,0.31151120841490404,-0.20540975524290314,0.7605313101221031,0.14083316406190904,0.1585081967812062,0.6153846153846154,0.5714285714285714,0.9659410653650062,True,False
Flau'jae Johnson,flau jae johnson,SEA,2.75,36,27.88888888888889,ast,SEA,SEA,3,top,Flau'jae Johnson,33.0,7.0,13.0,0.8031351868708978,0.35595641837636915,0.6222939137064654,1.2247650276862305,0.06725275681582947,0.6153846153846154,0.7142857142857143,0.2663374953300962,False,False
Zia Cooke,zia cooke,SEA,0.0,36,15.305555555555555,blk,SEA,SEA,1,bottom,Zia Cooke,33.0,6.0,13.0,0.0,0.0,0.0,0.0,,0.0,0.0,0.0,False,False
Katie Lou Samuelson,katie lou samuelson,SEA,0.037037037037037035,27,15.185185185185185,blk,SEA,SEA,2,bottom,Katie Lou Samuelson,24.0,7.0,5.0,0.01654760876447005,-0.027651969878860632,-0.03694444444444444,0.06461905181012732,0.0329666625619254,0.0,0.0,-0.009292474565583807,False,False
Lexie Brown,lexie brown,SEA,0.09090909090909091,11,17.09090909090909,blk,SEA,SEA,3,bottom,Lexie Brown,8.0,0.0,7.0,-0.011954365079365079,,0.014909297052154201,-0.2,0.3455689054742824,0.14285714285714285,,,False,False
Joyner Holmes,joyner holmes,SEA,3.0,1,15.0,blk,SEA,SEA,1,top,,,,,,,,,,,,,False,False
Dominique Malonga,dominique malonga,SEA,1.3214285714285714,28,25.892857142857142,blk,SEA,SEA,2,top,Dominique Malonga,25.0,7.0,8.0,0.21442998505111838,0.5768512239191814,0.3680288461538461,-0.16214397103870784,-0.12138482655119408,0.5,0.5714285714285714,-0.2088223777653353,False,False
Awa Fam,awa fam,SEA,0.896551724137931,29,28.17241379310345,blk,SEA,SEA,3,top,Awa Fam,26.0,7.0,6.0,0.1856638411029467,0.011678517560870492,0.22779982363315696,0.25990086953473673,0.13831561972931541,0.6666666666666666,0.42857142857142855,0.21612130607228647,False,False
Joyner Holmes,joyner holmes,SEA,0.0,1,15.0,fg3m,SEA,SEA,1,bottom,,,,,,,,,,,,,False,False
Jordan Horston,jordan horston,SEA,0.3333333333333333,30,17.8,fg3m,SEA,SEA,2,bottom,Jordan Horston,27.0,6.0,10.0,0.15110355285365434,0.06070163331032896,0.5340389293369169,-0.1477093787438615,0.21705846491265127,0.4,0.3333333333333333,0.4733372960265879,False,False
Mackenzie Holmes,mackenzie holmes,SEA,0.4,15,15.8,fg3m,SEA,SEA,3,bottom,Mackenzie Holmes,12.0,1.0,7.0,-0.02307160432160432,-0.4166666666666667,0.13985260770975055,-0.2097902097902098,0.3525671105172104,0.42857142857142855,0.0,0.5565192743764172,False,False
Natisha Hiedeman,natisha hiedeman,SEA,1.8611111111111112,36,29.305555555555557,fg3m,SEA,SEA,1,top,Natisha Hiedeman,33.0,7.0,12.0,0.2700525052437209,0.1766618994650139,0.5557501862185364,0.07186408158323233,0.16237935359828734,0.5,0.42857142857142855,0.3790882867535226,False,False
Awa Fam,awa fam,SEA,1.4137931034482758,29,28.17241379310345,fg3m,SEA,SEA,2,top,Awa Fam,26.0,7.0,6.0,0.5136949011864107,0.48027917460690567,0.5350970017636684,0.5218100921551019,-0.012155055197657002,0.5,0.5714285714285714,0.0548178271567627,False,False
Flau'jae Johnson,flau jae johnson,SEA,1.25,36,27.88888888888889,fg3m,SEA,SEA,3,top,Flau'jae Johnson,33.0,7.0,13.0,-0.20751942292140077,-0.03468880257673357,-0.5250407761080592,0.016939288541206042,-0.08581213686729645,0.23076923076923078,0.42857142857142855,-0.49035197353132565,False,False
Katie Lou Samuelson,katie lou samuelson,SEA,7.37037037037037,27,15.185185185185185,pra,SEA,SEA,1,bottom,Katie Lou Samuelson,24.0,7.0,5.0,-0.026482813795961513,-0.8206786210987893,-1.4807142857142856,1.042727853763323,-0.022878979307619122,0.2,0.5714285714285714,-0.6600356646154963,False,True
Stefanie Dolson,stefanie dolson,SEA,7.371428571428571,35,16.6,pra,SEA,SEA,2,bottom,Stefanie Dolson,32.0,6.0,13.0,-1.734116710454027,-1.5555903961938444,-0.9705040074359373,-2.5801261738998935,0.09758984369455474,0.38461538461538464,0.3333333333333333,0.5850863887579071,False,True
Lexie Brown,lexie brown,SEA,7.7272727272727275,11,17.09090909090909,pra,SEA,SEA,3,bottom,Lexie Brown,8.0,0.0,7.0,-2.904563492063492,,-2.8337868480725623,-3.4000000000000004,0.30886240063965975,0.14285714285714285,,,False,False
Dominique Malonga,dominique malonga,SEA,27.107142857142858,28,25.892857142857142,pra,SEA,SEA,1,top,Dominique Malonga,25.0,7.0,8.0,3.991239716626633,0.2668944561710361,3.1507974664224663,7.270635199108884,-0.08153980819028055,0.75,0.5714285714285714,2.88390301025143,True,False
Natisha Hiedeman,natisha hiedeman,SEA,22.555555555555557,36,29.305555555555557,pra,SEA,SEA,2,top,Natisha Hiedeman,33.0,7.0,12.0,3.701743991895853,5.535355610542327,3.775769646901361,2.7214876211393237,-0.000614332194277009,0.6666666666666666,0.8571428571428571,-1.759585963640966,False,False
Flau'jae Johnson,flau jae johnson,SEA,21.444444444444443,36,27.88888888888889,pra,SEA,SEA,3,top,Flau'jae Johnson,33.0,7.0,13.0,1.755581132560624,1.9283526407910645,-0.9186775233204505,4.336808976317614,-0.1116551504152453,0.38461538461538464,0.5714285714285714,-2.8470301641115148,False,False
Joyner Holmes,joyner holmes,SEA,2.0,1,15.0,pts,SEA,SEA,1,bottom,,,,,,,,,,,,,False,False
Stefanie Dolson,stefanie dolson,SEA,3.7142857142857144,35,16.6,pts,SEA,SEA,2,bottom,Stefanie Dolson,32.0,6.0,13.0,-1.266714101388468,-1.0740857227064122,-0.45493820342335006,-2.16739540489915,0.098647553110186,0.3076923076923077,0.3333333333333333,0.6191475192830622,False,True
Katie Lou Samuelson,katie lou samuelson,SEA,4.518518518518518,27,15.185185185185185,pts,SEA,SEA,3,bottom,Katie Lou Samuelson,24.0,7.0,5.0,0.35244716448163244,0.16085343228200358,0.03615079365079339,0.5960003294442654,-0.01829371619670746,0.4,0.42857142857142855,-0.12470263863121019,False,False
Dominique Malonga,dominique malonga,SEA,16.892857142857142,28,25.892857142857142,pts,SEA,SEA,1,top,Dominique Malonga,25.0,7.0,8.0,2.3849254797340675,-1.0852349970088366,1.2365460927960936,5.732741323004481,-0.07277602267459735,0.625,0.2857142857142857,2.3217810898049303,True,True
Natisha Hiedeman,natisha hiedeman,SEA,15.166666666666666,36,29.305555555555557,pts,SEA,SEA,2,top,Natisha Hiedeman,33.0,7.0,12.0,2.745395124429439,3.7534522485301127,3.2917715280007482,1.7730439307465515,0.0549899302995748,0.75,0.7142857142857143,-0.4616807205293645,False,False
Flau'jae Johnson,flau jae johnson,SEA,13.86111111111111,36,27.88888888888889,pts,SEA,SEA,3,top,Flau'jae Johnson,33.0,7.0,13.0,0.7673722506143894,2.240564246918926,-2.4102503208641313,3.1517375933135443,-0.24267687339338787,0.38461538461538464,0.5714285714285714,-4.6508145677830575,False,False
Zia Cooke,zia cooke,SEA,1.6944444444444444,36,15.305555555555555,reb,SEA,SEA,1,bottom,Zia Cooke,33.0,6.0,13.0,-0.5010168138876671,-0.39943350432783137,-0.511402553116108,-0.5349086172726155,-0.050949182904310227,0.38461538461538464,0.3333333333333333,-0.11196904878827668,False,True
Jade Melbourne,jade melbourne,SEA,1.8888888888888888,36,23.944444444444443,reb,SEA,SEA,2,bottom,Jade Melbourne,33.0,7.0,13.0,0.2342125145631109,0.07765137756993792,0.295746621948668,0.25698055786618546,0.030807966023643878,0.6153846153846154,0.5714285714285714,0.2180952443787301,False,False
Lexie Brown,lexie brown,SEA,1.9090909090909092,11,17.09090909090909,reb,SEA,SEA,3,bottom,Lexie Brown,8.0,0.0,7.0,-1.5165178571428573,,-1.904591836734694,1.2000000000000002,-0.7510474645704949,0.14285714285714285,,,False,False
Dominique Malonga,dominique malonga,SEA,8.678571428571429,28,25.892857142857142,reb,SEA,SEA,1,top,Dominique Malonga,25.0,7.0,8.0,1.1000711642833867,0.954774089629771,1.25943605006105,1.0742872079187866,-0.0717205438190444,0.625,0.8571428571428571,0.304661960431279,False,False
Awa Fam,awa fam,SEA,5.724137931034483,29,28.17241379310345,reb,SEA,SEA,2,top,Awa Fam,26.0,7.0,6.0,0.6357061421570699,1.2166335065494729,-0.3149140211640211,0.7616468674785872,-0.053206521035146365,0.5,0.5714285714285714,-1.531547527713494,False,False
Joyner Holmes,joyner holmes,SEA,5.0,1,15.0,reb,SEA,SEA,3,top,,,,,,,,,,,,,False,False
Joyner Holmes,joyner holmes,SEA,0.0,1,15.0,stl,SEA,SEA,1,bottom,,,,,,,,,,,,,False,False
Zia Cooke,zia cooke,SEA,0.2777777777777778,36,15.305555555555555,stl,SEA,SEA,2,bottom,Zia Cooke,33.0,6.0,13.0,-0.07170397662574679,-0.15806300515699853,-0.06805101264180546,-0.03808500238315586,0.1290038839004773,0.3076923076923077,0.16666666666666666,0.09001199251519307,False,False
Stefanie Dolson,stefanie dolson,SEA,0.34285714285714286,35,16.6,stl,SEA,SEA,3,bottom,Stefanie Dolson,32.0,6.0,13.0,-0.03878049135119613,-0.3885442191907709,-0.008729798411088981,0.09259822855773121,0.09566635448633924,0.38461538461538464,0.0,0.3798144207796819,False,True
Flau'jae Johnson,flau jae johnson,SEA,1.3333333333333333,36,27.88888888888889,stl,SEA,SEA,1,top,Flau'jae Johnson,33.0,7.0,13.0,0.27192466158752837,0.05459623504574242,-0.037949242813496195,0.6988215648956685,-0.16251974597668703,0.23076923076923078,0.42857142857142855,-0.09254547785923861,False,False
Natisha Hiedeman,natisha hiedeman,SEA,1.0555555555555556,36,29.305555555555557,stl,SEA,SEA,2,top,Natisha Hiedeman,33.0,7.0,12.0,0.19095637811300614,0.28194100777129544,0.35266350633358307,0.006857953380509826,0.14598908493688456,0.5,0.5714285714285714,0.07072249856228763,False,False
Jordan Horston,jordan horston,SEA,1.0,30,17.8,stl,SEA,SEA,3,top,Jordan Horston,27.0,6.0,10.0,0.037045625187096226,-0.09547399460442936,0.5930626056090452,-0.3961409280374797,0.3216934955369739,0.5,0.3333333333333333,0.6885366002134746,False,False
Zia Cooke,zia cooke,SEA,0.2777777777777778,36,15.305555555555555,stocks,SEA,SEA,1,bottom,Zia Cooke,33.0,6.0,13.0,-0.07170397662574679,-0.15806300515699853,-0.06805101264180546,-0.03808500238315586,0.1290038839004773,0.3076923076923077,0.16666666666666666,0.09001199251519307,False,False
Lexie Brown,lexie brown,SEA,0.7272727272727273,11,17.09090909090909,stocks,SEA,SEA,2,bottom,Lexie Brown,8.0,0.0,7.0,-0.22033730158730155,,-0.13752834467120179,-0.8,0.39222214952109935,0.2857142857142857,,,False,False
Katie Lou Samuelson,katie lou samuelson,SEA,0.7777777777777778,27,15.185185185185185,stocks,SEA,SEA,3,bottom,Katie Lou Samuelson,24.0,7.0,5.0,-0.14952458133740945,-0.7499763541780348,-0.1422222222222222,0.19769630318829404,0.2436804217940029,0.4,0.14285714285714285,0.6077541319558126,False,True
Joyner Holmes,joyner holmes,SEA,3.0,1,15.0,stocks,SEA,SEA,1,top,,,,,,,,,,,,,False,False
Dominique Malonga,dominique malonga,SEA,2.25,28,25.892857142857142,stocks,SEA,SEA,2,top,Dominique Malonga,25.0,7.0,8.0,0.2515193318076209,0.8059112882002907,0.4762801434676434,-0.316363686995266,-0.11093904380124894,0.5,0.5714285714285714,-0.32963114473264726,False,False
Flau'jae Johnson,flau jae johnson,SEA,2.0277777777777777,36,27.88888888888889,stocks,SEA,SEA,3,top,Flau'jae Johnson,33.0,7.0,13.0,0.16233887027486016,-0.5411839802233891,-0.12483014559052334,0.8283278825623779,-0.015020793061901757,0.3076923076923077,0.2857142857142857,0.41635383463286574,False,True
Elizabeth Balogun,elizabeth balogun,TOR,0.0,2,15.0,ast,TOR,TOR,1,bottom,,,,,,,,,,,,,False,False
Aneesah Morrow,aneesah morrow,TOR,0.6666666666666666,3,18.666666666666668,ast,TOR,TOR,2,bottom,Aneesah Morrow,3.0,2.0,1.0,-0.8498964803312629,-1.0248447204968945,-0.5,,,0.0,0.0,0.5248447204968945,False,True
Temi Fagbenle,temi fagbenle,TOR,1.2666666666666666,15,17.666666666666668,ast,TOR,TOR,3,bottom,Temi Fagbenle,12.0,6.0,3.0,-0.41117077367077365,-0.8789072039072039,0.4444444444444444,-0.3313131313131314,0.4487952023969021,0.6666666666666666,0.16666666666666666,1.3233516483516483,True,True
Julie Allemand,julie allemand,TOR,5.592592592592593,27,29.0,ast,TOR,TOR,1,top,Julie Allemand,24.0,10.0,7.0,1.4430197199999661,0.7193636397927015,2.849805829091543,1.0700280112044818,0.2507108776024897,0.7142857142857143,0.8,2.1304421892988414,True,False
Marina Mabrey,marina mabrey,TOR,3.7,30,29.433333333333334,ast,TOR,TOR,2,top,Marina Mabrey,27.0,10.0,8.0,0.5326035062316952,0.17454843805043047,-0.008148714031066984,1.411111111111111,-0.0819875933569018,0.375,0.6,-0.18269715208149745,False,False
Brittney Sykes,brittney sykes,TOR,3.25,16,30.875,ast,TOR,TOR,3,top,Brittney Sykes,13.0,3.0,5.0,-0.17796071449917594,-0.36772486772486773,0.3871794871794873,-0.6292424242424243,0.2563961557742812,0.4,0.3333333333333333,0.754904354904355,False,True
Aaliyah Nye,aaliyah nye,TOR,0.0,2,18.5,blk,TOR,TOR,1,bottom,,,,,,,,,,,,,False,False
Elizabeth Balogun,elizabeth balogun,TOR,0.0,2,15.0,blk,TOR,TOR,2,bottom,,,,,,,,,,,,,False,False
Kristy Wallace,kristy wallace,TOR,0.0,1,17.0,blk,TOR,TOR,3,bottom,,,,,,,,,,,,,False,False
Aneesah Morrow,aneesah morrow,TOR,1.0,3,18.666666666666668,blk,TOR,TOR,1,top,Aneesah Morrow,3.0,2.0,1.0,0.5006901311249137,0.5010351966873706,0.5,,,1.0,1.0,-0.0010351966873706209,False,False
Nyara Sabally,nyara sabally,TOR,0.875,24,23.625,blk,TOR,TOR,2,top,Nyara Sabally,21.0,8.0,7.0,-0.21107973493316642,-0.11580718099596812,0.05645530939648586,-0.6502340252340253,0.05013350519995992,0.42857142857142855,0.375,0.17226249039245398,False,False
Isabelle Harrison,isabelle harrison,TOR,0.6,20,22.1,blk,TOR,TOR,3,top,Isabelle Harrison,17.0,7.0,4.0,-0.07467697193839973,-0.08560292538067858,0.05711233211233205,-0.14978956228956228,0.11605243231994695,0.5,0.42857142857142855,0.14271525749301062,False,False
Temi Fagbenle,temi fagbenle,TOR,0.2,15,17.666666666666668,fg3m,TOR,TOR,1,bottom,Temi Fagbenle,12.0,6.0,3.0,0.06151418026418027,-0.046794871794871795,0.5416666666666666,-0.202020202020202,0.27683566184353375,0.3333333333333333,0.16666666666666666,0.5884615384615384,False,False
Aneesah Morrow,aneesah morrow,TOR,0.3333333333333333,3,18.666666666666668,fg3m,TOR,TOR,2,bottom,Aneesah Morrow,3.0,2.0,1.0,-0.6066566283957587,-0.4327122153209109,-0.9545454545454546,,,0.0,0.5,-0.5218332392245437,False,True
Kiki Rice,kiki rice,TOR,0.7777777777777778,18,24.72222222222222,fg3m,TOR,TOR,3,bottom,Kiki Rice,15.0,8.0,4.0,-0.0013870225634931232,-0.06257541478129712,0.375,-0.34006734006734013,0.35276089898946883,0.5,0.5,0.43757541478129713,False,False
Marina Mabrey,marina mabrey,TOR,3.2333333333333334,30,29.433333333333334,fg3m,TOR,TOR,1,top,Marina Mabrey,27.0,10.0,8.0,0.044984172041713955,-0.9642521404614831,1.5553014387573212,-0.17614638447971778,0.4363085563722489,0.5,0.1,2.519553579218804,False,True
Maria Conde,maria conde,TOR,1.65625,32,27.15625,fg3m,TOR,TOR,2,top,Maria Conde,29.0,11.0,8.0,0.02633840685099891,0.12896229548064925,-0.35060402619545833,0.21500607579554942,-0.06188593886046697,0.25,0.36363636363636365,-0.4795663216761076,False,False
Aaliyah Nye,aaliyah nye,TOR,1.5,2,18.5,fg3m,TOR,TOR,3,top,,,,,,,,,,,,,False,False
Aaliyah Nye,aaliyah nye,TOR,8.5,2,18.5,pra,TOR,TOR,1,bottom,,,,,,,,,,,,,False,False
Kristy Wallace,kristy wallace,TOR,10.0,1,17.0,pra,TOR,TOR,2,bottom,,,,,,,,,,,,,False,False
Temi Fagbenle,temi fagbenle,TOR,10.8,15,17.666666666666668,pra,TOR,TOR,3,bottom,Temi Fagbenle,12.0,6.0,3.0,0.8696752321752327,-0.6203296703296702,6.027777777777779,-1.3084175084175087,0.3252394802105707,0.6666666666666666,0.5,6.6481074481074485,True,True
Marina Mabrey,marina mabrey,TOR,27.833333333333332,30,29.433333333333334,pra,TOR,TOR,1,top,Marina Mabrey,27.0,10.0,8.0,1.316477741495794,-1.8703437283832218,3.5949309269162217,2.8320987654320993,0.2143045900849076,0.5,0.4,5.465274655299444,False,True
Brittney Sykes,brittney sykes,TOR,26.1875,16,30.875,pra,TOR,TOR,2,top,Brittney Sykes,13.0,3.0,5.0,1.0837854453239066,-11.634920634920638,7.217582417582418,2.581212121212121,0.5880646104143001,0.6,0.0,18.852503052503057,True,True
Isabelle Harrison,isabelle harrison,TOR,19.35,20,22.1,pra,TOR,TOR,3,top,Isabelle Harrison,17.0,7.0,4.0,-0.27136443379158737,-1.581453897348413,-2.9336080586080584,3.0319023569023567,0.08919036704804915,0.25,0.42857142857142855,-1.3521541612596455,False,True
Kristy Wallace,kristy wallace,TOR,5.0,1,17.0,pts,TOR,TOR,1,bottom,,,,,,,,,,,,,False,False
Temi Fagbenle,temi fagbenle,TOR,5.466666666666667,15,17.666666666666668,pts,TOR,TOR,2,bottom,Temi Fagbenle,12.0,6.0,3.0,1.0460245772745773,0.7569902319902323,3.4027777777777772,-0.7326599326599328,0.16783236828330184,0.3333333333333333,0.6666666666666666,2.645787545787545,False,False
Aaliyah Nye,aaliyah nye,TOR,5.5,2,18.5,pts,TOR,TOR,3,bottom,,,,,,,,,,,,,False,False
Marina Mabrey,marina mabrey,TOR,20.733333333333334,30,29.433333333333334,pts,TOR,TOR,1,top,Marina Mabrey,27.0,10.0,8.0,1.1307765436143253,-2.3647333127183603,4.385481920040744,2.121604938271605,0.28009648057364944,0.625,0.4,6.750215232759105,True,True
Brittney Sykes,brittney sykes,TOR,19.3125,16,30.875,pts,TOR,TOR,2,top,Brittney Sykes,13.0,3.0,5.0,1.509173732250655,-10.092592592592593,8.601831501831501,1.3775757575757575,0.662129678059673,0.6,0.0,18.694424094424093,True,True
Isabelle Harrison,isabelle harrison,TOR,12.4,20,22.1,pts,TOR,TOR,3,top,Isabelle Harrison,17.0,7.0,4.0,0.5238889947139812,0.9136549356584744,-2.5373931623931623,2.110016835016835,-0.07368492358122938,0.25,0.5714285714285714,-3.4510480980516367,False,False
Aaliyah Nye,aaliyah nye,TOR,1.5,2,18.5,reb,TOR,TOR,1,bottom,,,,,,,,,,,,,False,False
Kristy Wallace,kristy wallace,TOR,2.0,1,17.0,reb,TOR,TOR,2,bottom,,,,,,,,,,,,,False,False
Elizabeth Balogun,elizabeth balogun,TOR,2.5,2,15.0,reb,TOR,TOR,3,bottom,,,,,,,,,,,,,False,False
Isabelle Harrison,isabelle harrison,TOR,5.5,20,22.1,reb,TOR,TOR,1,top,Isabelle Harrison,17.0,7.0,4.0,-0.25285859297423674,-1.677610517891367,-0.8405982905982907,1.8011784511784512,0.28538068021327745,0.25,0.2857142857142857,0.8370122272930762,False,True
Nyara Sabally,nyara sabally,TOR,5.0,24,23.625,reb,TOR,TOR,2,top,Nyara Sabally,21.0,8.0,7.0,0.3710076629852893,0.011012358795539523,0.04685510567863511,1.2291793854293853,-0.016938546726904584,0.2857142857142857,0.375,0.035842746883095584,False,False
Aneesah Morrow,aneesah morrow,TOR,4.666666666666667,3,18.666666666666668,reb,TOR,TOR,3,top,Aneesah Morrow,3.0,2.0,1.0,-4.291298073906769,-5.9824016563147,-0.9090909090909083,,,0.0,0.0,5.0733107472237915,False,True
Kristy Wallace,kristy wallace,TOR,0.0,1,17.0,stl,TOR,TOR,1,bottom,,,,,,,,,,,,,False,False
Maria Conde,maria conde,TOR,0.46875,32,27.15625,stl,TOR,TOR,2,bottom,Maria Conde,29.0,11.0,8.0,0.08355998274638607,-0.1240420282967558,0.2705964698132217,0.1622930052403737,0.24557786100639592,0.625,0.2727272727272727,0.39463849810997753,False,False
Elizabeth Balogun,elizabeth balogun,TOR,0.5,2,15.0,stl,TOR,TOR,3,bottom,,,,,,,,,,,,,False,False
Aaliyah Nye,aaliyah nye,TOR,1.5,2,18.5,stl,TOR,TOR,1,top,,,,,,,,,,,,,False,False
Julie Allemand,julie allemand,TOR,1.4814814814814814,27,29.0,stl,TOR,TOR,2,top,Julie Allemand,24.0,10.0,7.0,-0.00476648658103937,0.20917496309944816,0.22551765694622836,-0.5406812725090037,-0.01437334883633847,0.5714285714285714,0.5,0.016342693846780193,False,False
Aneesah Morrow,aneesah morrow,TOR,1.3333333333333333,3,18.666666666666668,stl,TOR,TOR,3,top,Aneesah Morrow,3.0,2.0,1.0,0.24295752556622122,-0.6128364389233955,1.9545454545454546,,,1.0,0.0,2.56738189346885,False,True
Kristy Wallace,kristy wallace,TOR,0.0,1,17.0,stocks,TOR,TOR,1,bottom,,,,,,,,,,,,,False,False
Elizabeth Balogun,elizabeth balogun,TOR,0.5,2,15.0,stocks,TOR,TOR,2,bottom,,,,,,,,,,,,,False,False
Maria Conde,maria conde,TOR,0.625,32,27.15625,stocks,TOR,TOR,3,bottom,Maria Conde,29.0,11.0,8.0,0.11589380143815865,-0.1901407212447257,0.38626821281872437,0.23623224728487888,0.30321320618107117,0.75,0.36363636363636365,0.5764089340634501,True,False
Aneesah Morrow,aneesah morrow,TOR,2.3333333333333335,3,18.666666666666668,stocks,TOR,TOR,1,top,Aneesah Morrow,3.0,2.0,1.0,0.743647656691135,-0.11180124223602483,2.4545454545454546,,,1.0,0.5,2.5663466967814794,False,False
Julie Allemand,julie allemand,TOR,1.8888888888888888,27,29.0,stocks,TOR,TOR,2,top,Julie Allemand,24.0,10.0,7.0,0.1374676796222428,0.5594870200991482,0.24766083123225982,-0.5756102440976392,-0.09481424296286016,0.5714285714285714,0.7,-0.3118261888668884,False,False
Nyara Sabally,nyara sabally,TOR,1.875,24,23.625,stocks,TOR,TOR,3,top,Nyara Sabally,21.0,8.0,7.0,-0.38950156803549857,0.06293783288920585,-0.6020244461420933,-0.7448107448107448,-0.20016143541310538,0.42857142857142855,0.5,-0.6649622790312991,False,False
Lauren Betts,lauren betts,WSH,1.0,33,17.060606060606062,ast,WSH,WSH,1,bottom,Lauren Betts,30.0,11.0,8.0,0.01897673307023306,0.21951659561759615,0.15517507536958342,-0.28061646933120293,0.017337334256302978,0.625,0.6363636363636364,-0.06434152024801273,False,False
Michaela Onyenwere,michaela onyenwere,WSH,1.6666666666666667,27,26.25925925925926,ast,WSH,WSH,2,bottom,Michaela Onyenwere,24.0,9.0,7.0,0.24081510606497147,0.1450668337510443,0.831869111280876,-0.16864034214577694,0.14923189526332373,0.42857142857142855,0.3333333333333333,0.6868022775298317,False,False
Kiki Iriafen,kiki iriafen,WSH,1.7241379310344827,29,27.551724137931036,ast,WSH,WSH,3,bottom,Kiki Iriafen,26.0,11.0,6.0,0.10034953777053346,0.32884898326074796,0.15560776942355894,-0.21576638337507903,-0.14765190668061276,0.3333333333333333,0.5454545454545454,-0.17324121383718902,False,False
Sonia Citron,sonia citron,WSH,3.7333333333333334,30,32.7,ast,WSH,WSH,1,top,Sonia Citron,27.0,9.0,8.0,0.8965995771590185,0.27619521373335254,0.9218049556652497,1.4347992014371325,0.20334109962727226,0.625,0.4444444444444444,0.6456097419318971,True,False
Georgia Amoore,georgia amoore,WSH,3.484848484848485,33,22.333333333333332,ast,WSH,WSH,2,top,Georgia Amoore,30.0,11.0,8.0,0.11297023255222348,-0.3945463417612805,0.08966653499691263,0.6374349505423172,0.10417450034122935,0.375,0.45454545454545453,0.48421287675819313,False,True
Alicia Florez Getino,alicia florez getino,WSH,3.25,4,21.75,ast,WSH,WSH,3,top,Alicia Florez Getino,1.0,1.0,0.0,-4.333333333333333,-4.333333333333333,,,,,0.0,,False,False
Alicia Florez Getino,alicia florez getino,WSH,0.0,4,21.75,blk,WSH,WSH,1,bottom,Alicia Florez Getino,1.0,1.0,0.0,0.0,0.0,,,,,0.0,,False,False
Rori Harmon,rori harmon,WSH,0.0,5,17.0,blk,WSH,WSH,2,bottom,Rori Harmon,2.0,0.0,0.0,0.0,,,0.0,,,,,False,False
Georgia Amoore,georgia amoore,WSH,0.12121212121212122,33,22.333333333333332,blk,WSH,WSH,3,bottom,Georgia Amoore,30.0,11.0,8.0,-0.01408822278722179,0.0324252248527736,-0.17964238040754058,0.05980135329665108,-0.08843642395581876,0.0,0.09090909090909091,-0.21206760526031418,False,False
Shakira Austin,shakira austin,WSH,1.4,30,29.6,blk,WSH,WSH,1,top,Shakira Austin,27.0,11.0,7.0,0.03597469766258609,0.4010827938308084,0.5531632653061225,-0.812526305821325,-0.08791625562912606,0.5714285714285714,0.45454545454545453,0.15208047147531406,False,False
Sonia Citron,sonia citron,WSH,0.7333333333333333,30,32.7,blk,WSH,WSH,2,top,Sonia Citron,27.0,9.0,8.0,0.1859659331828734,0.01860884828085437,0.470499006712242,0.10896085077119562,0.24002911890443623,0.75,0.5555555555555556,0.45189015843138763,False,False
Lauren Betts,lauren betts,WSH,0.6666666666666666,33,17.060606060606062,blk,WSH,WSH,3,top,Lauren Betts,30.0,11.0,8.0,0.27282749103693027,0.5953205660994172,0.22312972194980207,-0.013521751962190813,-0.1870907748666183,0.5,0.5454545454545454,-0.3721908441496151,False,False
Lauren Betts,lauren betts,WSH,0.0,33,17.060606060606062,fg3m,WSH,WSH,1,bottom,Lauren Betts,30.0,11.0,8.0,0.0,0.0,0.0,0.0,,0.0,0.0,0.0,False,False
Rori Harmon,rori harmon,WSH,0.2,5,17.0,fg3m,WSH,WSH,2,bottom,Rori Harmon,2.0,0.0,0.0,0.375,,,0.375,,,,,False,False
Alicia Florez Getino,alicia florez getino,WSH,0.25,4,21.75,fg3m,WSH,WSH,3,bottom,Alicia Florez Getino,1.0,1.0,0.0,-0.3333333333333333,-0.3333333333333333,,,,,0.0,,False,False
Michaela Onyenwere,michaela onyenwere,WSH,1.4444444444444444,27,26.25925925925926,fg3m,WSH,WSH,1,top,Michaela Onyenwere,24.0,9.0,7.0,0.10793993875889996,-0.7088104731525784,0.8457433089786033,0.38120620321707277,0.32773210667196995,0.42857142857142855,0.2222222222222222,1.5545537821311817,False,True
Sonia Citron,sonia citron,WSH,1.2333333333333334,30,32.7,fg3m,WSH,WSH,2,top,Sonia Citron,27.0,9.0,8.0,0.002205490642673383,0.31111155597234924,-0.4568364560276325,0.0914235891822099,-0.12868969825604504,0.25,0.4444444444444444,-0.7679480119999818,False,False
Georgia Amoore,georgia amoore,WSH,1.1818181818181819,33,22.333333333333332,fg3m,WSH,WSH,3,top,Georgia Amoore,30.0,11.0,8.0,-0.05329566262153278,-0.2460981382483884,-0.023296465802186556,0.11768921531852565,0.0986013761358481,0.375,0.18181818181818182,0.22280167244620183,False,False
Rori Harmon,rori harmon,WSH,6.0,5,17.0,pra,WSH,WSH,1,bottom,Rori Harmon,2.0,0.0,0.0,0.2916666666666665,,,0.2916666666666665,,,,,False,False
Alicia Florez,alicia florez,WSH,9.071428571428571,14,15.357142857142858,pra,WSH,WSH,2,bottom,Alicia Florez,11.0,6.0,3.0,-1.5870740370740366,-1.540740740740741,-0.6865079365079362,-3.0769230769230766,0.01633620377264334,0.3333333333333333,0.16666666666666666,0.8542328042328048,False,True
Georgia Amoore,georgia amoore,WSH,10.696969696969697,33,22.333333333333332,pra,WSH,WSH,3,bottom,Georgia Amoore,30.0,11.0,8.0,0.14556749386193282,0.24491490095207524,-0.32458183502233817,0.3881468714148964,0.05315736717157529,0.375,0.5454545454545454,-0.5694967359744134,False,False
Shakira Austin,shakira austin,WSH,28.4,30,29.6,pra,WSH,WSH,1,top,Shakira Austin,27.0,11.0,7.0,1.4091640900476403,1.6795682966429675,1.6277891156462583,0.90862837318776,-0.012341831558040315,0.5714285714285714,0.6363636363636364,-0.051779180996709195,False,False
Kiki Iriafen,kiki iriafen,WSH,25.482758620689655,29,27.551724137931036,pra,WSH,WSH,2,top,Kiki Iriafen,26.0,11.0,6.0,-0.4720115057917668,-1.1359819201396741,3.0960421888053467,-2.0391945735424,0.12274408167254994,0.6666666666666666,0.5454545454545454,4.232024108945021,True,True
Sonia Citron,sonia citron,WSH,23.933333333333334,30,32.7,pra,WSH,WSH,3,top,Sonia Citron,27.0,9.0,8.0,1.6011052344987167,0.09167290389639741,3.3496013055571883,1.5607974751940268,0.24651870305268958,0.625,0.5555555555555556,3.257928401660791,True,False
Rori Harmon,rori harmon,WSH,2.2,5,17.0,pts,WSH,WSH,1,bottom,Rori Harmon,2.0,0.0,0.0,-0.41666666666666674,,,-0.41666666666666674,,,,,False,False
Alicia Florez,alicia florez,WSH,4.214285714285714,14,15.357142857142858,pts,WSH,WSH,2,bottom,Alicia Florez,11.0,6.0,3.0,0.03138553365826091,0.23425925925925917,0.20833333333333334,-0.8426573426573425,-0.053461338265929755,0.6666666666666666,0.3333333333333333,-0.025925925925925825,False,False
Alicia Florez Getino,alicia florez getino,WSH,6.0,4,21.75,pts,WSH,WSH,3,bottom,Alicia Florez Getino,1.0,1.0,0.0,-5.333333333333333,-5.333333333333333,,,,,0.0,,False,False
Sonia Citron,sonia citron,WSH,16.533333333333335,30,32.7,pts,WSH,WSH,1,top,Sonia Citron,27.0,9.0,8.0,0.3740300958642547,0.42695563752009213,0.9493641285185406,-0.13387011774942756,0.1355999120868177,0.625,0.5555555555555556,0.5224084909984484,True,False
Shakira Austin,shakira austin,WSH,16.2,30,29.6,pts,WSH,WSH,2,top,Shakira Austin,27.0,11.0,7.0,1.0495799096167917,0.5691553881017164,0.52578231292517,2.044163566673145,0.017301377407677992,0.5714285714285714,0.5454545454545454,-0.04337307517654643,False,False
Kiki Iriafen,kiki iriafen,WSH,14.862068965517242,29,27.551724137931036,pts,WSH,WSH,3,top,Kiki Iriafen,26.0,11.0,6.0,-0.02070837639582017,-0.21095329457628928,1.5078216374269002,-0.8072068189459495,0.05449633577825516,0.5,0.36363636363636365,1.7187749320031895,False,False
Georgia Amoore,georgia amoore,WSH,1.2121212121212122,33,22.333333333333332,reb,WSH,WSH,1,bottom,Georgia Amoore,30.0,11.0,8.0,-0.010538862470360214,0.4166992452088191,-0.143775993425593,-0.3408772385457338,-0.1599001600444511,0.25,0.5454545454545454,-0.5604752386344121,False,False
Rori Harmon,rori harmon,WSH,1.4,5,17.0,reb,WSH,WSH,2,bottom,Rori Harmon,2.0,0.0,0.0,0.75,,,0.75,,,,,False,False
Alicia Florez,alicia florez,WSH,2.0,14,15.357142857142858,reb,WSH,WSH,3,bottom,Alicia Florez,11.0,6.0,3.0,-0.5159550045913682,-0.46296296296296297,-0.20833333333333334,-1.1363636363636365,-0.0304581572129692,0.6666666666666666,0.3333333333333333,0.25462962962962965,False,True
Shakira Austin,shakira austin,WSH,9.6,30,29.6,reb,WSH,WSH,1,top,Shakira Austin,27.0,11.0,7.0,0.645808180305503,1.476494224233734,1.2719897959183672,-0.8565049077501183,-0.09071481126393177,0.7142857142857143,0.5454545454545454,-0.20450442831536675,False,False
Kiki Iriafen,kiki iriafen,WSH,8.89655172413793,29,27.551724137931036,reb,WSH,WSH,2,top,Kiki Iriafen,26.0,11.0,6.0,-0.5516526671664799,-1.253877608824133,1.4326127819548875,-1.016221371221371,0.2993106536366342,0.6666666666666666,0.45454545454545453,2.6864903907790207,True,True
Lauren Betts,lauren betts,WSH,4.2727272727272725,33,17.060606060606062,reb,WSH,WSH,3,top,Lauren Betts,30.0,11.0,8.0,0.6312820325386973,0.12412561591705976,1.2674541880062475,0.6757677906384802,0.1584612806908996,0.75,0.45454545454545453,1.1433285720891877,True,False
Georgia Amoore,georgia amoore,WSH,0.42424242424242425,33,22.333333333333332,stl,WSH,WSH,1,bottom,Georgia Amoore,30.0,11.0,8.0,-0.4475896816980351,-0.35125356875313757,-0.4732903363481167,-0.5252344094428734,-0.10769155007037234,0.125,0.2727272727272727,-0.12203676759497911,False,True
Michaela Onyenwere,michaela onyenwere,WSH,0.4444444444444444,27,26.25925925925926,stl,WSH,WSH,2,bottom,Michaela Onyenwere,24.0,9.0,7.0,-0.002646825707172007,-0.23997386142122984,0.2547517841635489,0.03912230583426235,0.3626076637658956,0.7142857142857143,0.2222222222222222,0.4947256455847787,False,False
Lauren Betts,lauren betts,WSH,0.5757575757575758,33,17.060606060606062,stl,WSH,WSH,3,bottom,Lauren Betts,30.0,11.0,8.0,0.0943338070581106,-0.0239582381565304,0.40596906668846033,-0.014017972912957205,0.21801912572104776,0.625,0.2727272727272727,0.42992730484499075,False,False
Rori Harmon,rori harmon,WSH,2.0,5,17.0,stl,WSH,WSH,1,top,Rori Harmon,2.0,0.0,0.0,-1.4583333333333333,,,-1.4583333333333333,,,,,False,False
Sonia Citron,sonia citron,WSH,1.2,30,32.7,stl,WSH,WSH,2,top,Sonia Citron,27.0,9.0,8.0,0.013278714080547023,0.2101395846151757,-0.6050124303800775,0.3307368461678807,-0.2950911324089797,0.125,0.3333333333333333,-0.8151520149952531,False,False
Alicia Florez Getino,alicia florez getino,WSH,1.0,4,21.75,stl,WSH,WSH,3,top,Alicia Florez Getino,1.0,1.0,0.0,0.0,0.0,,,,,0.0,,False,False
Georgia Amoore,georgia amoore,WSH,0.5454545454545454,33,22.333333333333332,stocks,WSH,WSH,1,bottom,Georgia Amoore,30.0,11.0,8.0,-0.46167790448525686,-0.31882834390036385,-0.6529327167556572,-0.46543305614622227,-0.14968389947932345,0.125,0.36363636363636365,-0.3341043728552934,False,True
Michaela Onyenwere,michaela onyenwere,WSH,0.5925925925925926,27,26.25925925925926,stocks,WSH,WSH,2,bottom,Michaela Onyenwere,24.0,9.0,7.0,0.06362237190010946,-0.24219545074808232,0.2883578839461192,0.2110238493390667,0.34639725024297197,0.7142857142857143,0.3333333333333333,0.5305533346942015,True,False
Cotie McMahon,cotie mcmahon,WSH,0.9333333333333333,30,21.5,stocks,WSH,WSH,3,bottom,Cotie McMahon,27.0,11.0,7.0,-0.09774649220564591,-0.15378925472661323,-0.24142187177901472,0.08249773498815645,-0.09961887729359793,0.42857142857142855,0.45454545454545453,-0.0876326170524015,False,False
Rori Harmon,rori harmon,WSH,2.0,5,17.0,stocks,WSH,WSH,1,top,Rori Harmon,2.0,0.0,0.0,-1.4583333333333333,,,-1.4583333333333333,,,,,False,False
Shakira Austin,shakira austin,WSH,2.0,30,29.6,stocks,WSH,WSH,2,top,Shakira Austin,27.0,11.0,7.0,-0.08895591118688635,0.397160675697185,0.2531632653061225,-0.9491910990953135,-0.1514734555790534,0.42857142857142855,0.45454545454545453,-0.1439974103910625,False,False
Sonia Citron,sonia citron,WSH,1.9333333333333333,30,32.7,stocks,WSH,WSH,3,top,Sonia Citron,27.0,9.0,8.0,0.19924464726342042,0.22874843289603014,-0.13451342366783545,0.4396976969390763,-0.1263195569752339,0.625,0.7777777777777778,-0.36326185656386556,False,False
