PLAYER_NAME,PLAYER_NORM,TEAM,season_avg,games,avg_min,category,team_slate,team_def_key,rank_on_team,leader_side,PLAYER_NAME_split,n_games,n_elite,n_weak,avg_delta_all,avg_delta_vs_elite,avg_delta_vs_weak,avg_delta_vs_mid,def_rank_corr,weak_over_rate,elite_over_rate,def_boost,overperform_vs_weak,fades_vs_elite,player,team,opp_team,prop_norm,line,bet_direction,final_bet_direction,rank_score,edge,edge_score,tier,slate_opp_def_rank,slate_opp_def_tier,line_hit_rate_over_ou_5,stat_last5_avg,player_norm,on_slate,slate_edge_signal
Stephanie Jones,stephanie jones,ATL,1.0,1,20.0,ast,ATL,ATL,1,bottom,,,,,,,,,,,,,False,False,,,,,,,,,,,,,,,,,False,False
Naz Hillmon,naz hillmon,ATL,1.3636363636363635,22,28.40909090909091,ast,ATL,ATL,2,bottom,Naz Hillmon,19.0,5.0,8.0,-0.00037159330991822897,-0.567749766573296,0.35939036292654714,-0.0072390572390571934,0.2696937367958199,0.5,0.0,0.9271401294998431,False,True,Naz Hillmon,ATL,CHI,ast,3.5,OVER,OVER,-5.061394233486906,-2.29726,,D,5,Above Avg,0,1.2,naz hillmon,True,False
Isobel Borlase,isobel borlase,ATL,1.4210526315789473,19,15.105263157894736,ast,ATL,ATL,3,bottom,Isobel Borlase,16.0,6.0,7.0,-0.5330099281845606,-0.44779942279942286,-0.3084599224305107,-1.2273809523809522,0.04094564137883921,0.42857142857142855,0.5,0.13933950036891218,False,True,,,,,,,,,,,,,,,,,False,False
Jordin Canada,jordin canada,ATL,7.208333333333333,24,29.833333333333332,ast,ATL,ATL,1,top,Jordin Canada,21.0,6.0,8.0,1.8408036930987526,-0.5693535308860386,2.7953427912667044,2.8157509157509155,0.3884774123398421,0.75,0.5,3.364696322152743,True,True,Jordin Canada,ATL,CHI,ast,5.5,OVER,OVER,5.268934764134996,3.7054849999999995,-0.3270552410689778,B,5,Above Avg,1,10,jordin canada,True,False
Brionna Jones,brionna jones,ATL,4.0,1,15.0,ast,ATL,ATL,2,top,,,,,,,,,,,,,False,False,,,,,,,,,,,,,,,,,False,False
Maite Cazorla,maite cazorla,ATL,4.0,1,22.0,ast,ATL,ATL,3,top,,,,,,,,,,,,,False,False,,,,,,,,,,,,,,,,,False,False
Brionna Jones,brionna jones,ATL,0.0,1,15.0,blk,ATL,ATL,1,bottom,,,,,,,,,,,,,False,False,,,,,,,,,,,,,,,,,False,False
Holly Winterburn,holly winterburn,ATL,0.0,1,22.0,blk,ATL,ATL,2,bottom,,,,,,,,,,,,,False,False,,,,,,,,,,,,,,,,,False,False
Maite Cazorla,maite cazorla,ATL,0.0,1,22.0,blk,ATL,ATL,3,bottom,,,,,,,,,,,,,False,False,,,,,,,,,,,,,,,,,False,False
Angel Reese,angel reese,ATL,0.5652173913043478,23,29.08695652173913,blk,ATL,ATL,1,top,Angel Reese,20.0,6.0,7.0,-0.2795715215297259,-0.7412059560666372,-0.1440424654710369,-0.019413919413919425,0.37941339978585176,0.5714285714285714,0.0,0.5971634905956003,True,True,Angel Reese,ATL,CHI,blk,0.5,UNDER,UNDER,6.120548500898657,-0.249342,0.2726899285784858,A,5,Above Avg,0.2,0.2,angel reese,True,False
Rhyne Howard,rhyne howard,ATL,0.5652173913043478,23,32.608695652173914,blk,ATL,ATL,2,top,Rhyne Howard,20.0,6.0,8.0,0.03992647015866828,0.5948447507658033,-0.48785779171808585,0.18872053872053873,-0.5505293861425127,0.125,0.8333333333333334,-1.0827025424838892,False,False,Rhyne Howard,ATL,CHI,blk,0.5,OVER,OVER,-2.848180630563507,0.05065799999999998,0.00932543277146236,C,5,Above Avg,0.4,0.6,rhyne howard,True,False
Allisha Gray,allisha gray,ATL,0.375,24,30.958333333333332,blk,ATL,ATL,3,top,Allisha Gray,21.0,6.0,8.0,-0.053136219291537244,-0.23629846675512312,-0.037098469163686545,0.08553113553113557,0.2242133970389533,0.375,0.16666666666666666,0.19919999759143658,False,False,Allisha Gray,ATL,CHI,blk,0.5,OVER,OVER,-5.252454637514295,-0.14934199999999997,,C,5,Above Avg,0.4,0.4,allisha gray,True,False
Brionna Jones,brionna jones,ATL,0.0,1,15.0,fg3m,ATL,ATL,1,bottom,,,,,,,,,,,,,False,False,,,,,,,,,,,,,,,,,False,False
Holly Winterburn,holly winterburn,ATL,0.0,1,22.0,fg3m,ATL,ATL,2,bottom,,,,,,,,,,,,,False,False,,,,,,,,,,,,,,,,,False,False
Maite Cazorla,maite cazorla,ATL,0.0,1,22.0,fg3m,ATL,ATL,3,bottom,,,,,,,,,,,,,False,False,,,,,,,,,,,,,,,,,False,False
Rhyne Howard,rhyne howard,ATL,3.0,23,32.608695652173914,fg3m,ATL,ATL,1,top,Rhyne Howard,20.0,6.0,8.0,0.3174393041169356,-0.33124303815093303,0.9112855894105895,0.17432659932659936,0.3209891950462367,0.625,0.5,1.2425286275615224,True,True,Rhyne Howard,ATL,CHI,fg3m,1.5,OVER,OVER,3.815206287902845,1.25137,-0.1399964338351147,A,5,Above Avg,0.8,2.6,rhyne howard,True,False
Allisha Gray,allisha gray,ATL,1.5,24,30.958333333333332,fg3m,ATL,ATL,2,top,Allisha Gray,21.0,6.0,8.0,0.0805820634854537,0.15178325716251415,0.11964560198255852,-0.025091575091575096,0.04091688818669325,0.5,0.16666666666666666,-0.03213765517995562,False,False,Allisha Gray,ATL,CHI,fg3m,3.5,OVER,OVER,-5.061394233486906,-2.09863,,D,5,Above Avg,0,1.6,allisha gray,True,False
Naz Hillmon,naz hillmon,ATL,1.0454545454545454,22,28.40909090909091,fg3m,ATL,ATL,3,top,Naz Hillmon,19.0,5.0,8.0,0.3548260110790663,-0.2075816993464052,0.5900008434547909,0.50993265993266,0.3045998556102143,0.875,0.6,0.797582542801196,True,False,Naz Hillmon,ATL,CHI,fg3m,0.5,OVER,OVER,4.729407994835252,0.85137,-0.0401940696403742,A,5,Above Avg,1,1.6,naz hillmon,True,False
Isobel Borlase,isobel borlase,ATL,8.210526315789474,19,15.105263157894736,pra,ATL,ATL,1,bottom,Isobel Borlase,16.0,6.0,7.0,-1.089619852165808,-2.988023088023088,0.468051964375494,-0.9273809523809527,0.5125810047301936,0.7142857142857143,0.16666666666666666,3.456075052398582,True,True,,,,,,,,,,,,,,,,,False,False
Stephanie Jones,stephanie jones,ATL,10.0,1,20.0,pra,ATL,ATL,2,bottom,,,,,,,,,,,,,False,False,,,,,,,,,,,,,,,,,False,False
Maite Cazorla,maite cazorla,ATL,13.0,1,22.0,pra,ATL,ATL,3,bottom,,,,,,,,,,,,,False,False,,,,,,,,,,,,,,,,,False,False
Angel Reese,angel reese,ATL,27.869565217391305,23,29.08695652173913,pra,ATL,ATL,1,top,Angel Reese,20.0,6.0,7.0,4.181293878120504,1.7411224138778316,6.469181612038755,3.9849816849816846,0.3152209654659249,0.8571428571428571,0.5,4.728059198160923,True,False,Angel Reese,ATL,CHI,pra,24.5,OVER,OVER,3.477041160087379,9.359585000000003,-0.3614287125261464,A,5,Above Avg,1,33.6,angel reese,True,False
Rhyne Howard,rhyne howard,ATL,22.869565217391305,23,32.608695652173914,pra,ATL,ATL,2,top,Rhyne Howard,20.0,6.0,8.0,2.6125360479733546,-0.4712754107490949,1.927094657793187,6.610269360269361,0.0969336805183217,0.5,0.5,2.398370068542282,False,True,Rhyne Howard,ATL,CHI,pra,26,UNDER,UNDER,4.451088690895902,-2.1984150000000007,-0.08515768636110699,A,5,Above Avg,0.2,21.4,rhyne howard,True,False
Allisha Gray,allisha gray,ATL,22.208333333333332,24,30.958333333333332,pra,ATL,ATL,3,top,Allisha Gray,21.0,6.0,8.0,2.0727339642337332,0.2233798343898966,1.9807635751929227,3.763003663003663,0.1733064805564054,0.625,0.5,1.7573837408030262,True,False,Allisha Gray,ATL,CHI,pra,19.5,OVER,OVER,2.666637767262421,6.388085,-0.3496331355929587,A,5,Above Avg,1,26,allisha gray,True,False
Stephanie Jones,stephanie jones,ATL,3.0,1,20.0,pts,ATL,ATL,1,bottom,,,,,,,,,,,,,False,False,,,,,,,,,,,,,,,,,False,False
Maite Cazorla,maite cazorla,ATL,5.0,1,22.0,pts,ATL,ATL,2,bottom,,,,,,,,,,,,,False,False,,,,,,,,,,,,,,,,,False,False
Isobel Borlase,isobel borlase,ATL,5.315789473684211,19,15.105263157894736,pts,ATL,ATL,3,bottom,Isobel Borlase,16.0,6.0,7.0,-0.3686591033557946,-2.4071789321789328,1.330850930115636,-0.2571428571428571,0.596805940188741,0.5714285714285714,0.16666666666666666,3.7380298622945687,True,True,,,,,,,,,,,,,,,,,False,False
Allisha Gray,allisha gray,ATL,17.416666666666668,24,30.958333333333332,pts,ATL,ATL,1,top,Allisha Gray,21.0,6.0,8.0,1.782504137534136,0.11776438645633706,1.2316154558002386,3.8390109890109896,0.14165057192029115,0.75,0.5,1.1138510693439014,True,False,Allisha Gray,ATL,CHI,pts,14.5,OVER,OVER,3.370224009533495,4.427630000000001,-0.3472820768533944,A,5,Above Avg,1,20.4,allisha gray,True,False
Rhyne Howard,rhyne howard,ATL,16.26086956521739,23,32.608695652173914,pts,ATL,ATL,2,top,Rhyne Howard,20.0,6.0,8.0,2.2584473666168714,-0.19693330548593715,2.2145885976768325,4.772306397306398,0.14023577740781248,0.625,0.5,2.4115219031627695,True,False,Rhyne Howard,ATL,CHI,pts,18.5,UNDER,UNDER,3.992215248100315,-3.5223700000000004,-0.1886906245019525,A,5,Above Avg,0.4,13.8,rhyne howard,True,False
Angel Reese,angel reese,ATL,14.652173913043478,23,29.08695652173913,pts,ATL,ATL,3,top,Angel Reese,20.0,6.0,7.0,2.9750939924798283,1.3800687380215244,3.8550814265099977,3.462271062271063,0.22875445902042538,0.5714285714285714,0.6666666666666666,2.4750126884884733,True,False,Angel Reese,ATL,CHI,pts,11.5,OVER,OVER,4.173385753707722,6.177630000000001,-0.3520703953057841,A,5,Above Avg,1,18.8,angel reese,True,False
Isobel Borlase,isobel borlase,ATL,1.4736842105263157,19,15.105263157894736,reb,ATL,ATL,1,bottom,Isobel Borlase,16.0,6.0,7.0,-0.187950820625453,-0.13304473304473308,-0.5543390433096315,0.5571428571428572,-0.15604918180324034,0.2857142857142857,0.5,-0.4212943102648984,False,False,,,,,,,,,,,,,,,,,False,False
Holly Winterburn,holly winterburn,ATL,2.0,1,22.0,reb,ATL,ATL,2,bottom,,,,,,,,,,,,,False,False,,,,,,,,,,,,,,,,,False,False
Allisha Gray,allisha gray,ATL,2.875,24,30.958333333333332,reb,ATL,ATL,3,bottom,Allisha Gray,21.0,6.0,8.0,-0.3928239682253875,-0.9000681851688047,-0.23944511104837196,-0.13333333333333336,0.1378350117953078,0.5,0.5,0.6606230741204328,False,True,Allisha Gray,ATL,CHI,reb,1.5,OVER,OVER,3.496360258602851,1.1543839999999999,-0.1234749150653979,A,5,Above Avg,0.8,2.8,allisha gray,True,False
Angel Reese,angel reese,ATL,10.91304347826087,23,29.08695652173913,reb,ATL,ATL,1,top,Angel Reese,20.0,6.0,7.0,1.095634884551293,0.4026500073713697,2.4293960008245716,0.355860805860806,0.20224382883506023,0.8571428571428571,0.6666666666666666,2.026745993453202,True,False,Angel Reese,ATL,CHI,reb,9.5,OVER,OVER,3.17622676841282,2.308776,-0.2706311543663096,B,5,Above Avg,1,12.4,angel reese,True,False
Brionna Jones,brionna jones,ATL,6.0,1,15.0,reb,ATL,ATL,2,top,,,,,,,,,,,,,False,False,Brionna Jones,ATL,CHI,reb,2.5,OVER,OVER,4.819668573343807,2.954384,-0.3069607090989046,B,5,Above Avg,0.6,4.4,brionna jones,True,False
Stephanie Jones,stephanie jones,ATL,6.0,1,20.0,reb,ATL,ATL,3,top,,,,,,,,,,,,,False,False,,,,,,,,,,,,,,,,,False,False
Stephanie Jones,stephanie jones,ATL,0.0,1,20.0,stl,ATL,ATL,1,bottom,,,,,,,,,,,,,False,False,,,,,,,,,,,,,,,,,False,False
Isobel Borlase,isobel borlase,ATL,0.42105263157894735,19,15.105263157894736,stl,ATL,ATL,2,bottom,Isobel Borlase,16.0,6.0,7.0,-0.12054216208627974,-0.20432900432900433,0.10981828628887455,-0.4904761904761905,0.22217048083302612,0.42857142857142855,0.3333333333333333,0.3141472906178789,False,False,,,,,,,,,,,,,,,,,False,False
Naz Hillmon,naz hillmon,ATL,0.6818181818181818,22,28.40909090909091,stl,ATL,ATL,3,bottom,Naz Hillmon,19.0,5.0,8.0,0.12765852003264413,0.23884220354808589,0.3054908906882591,-0.20210437710437712,-0.006841689216864356,0.5,0.4,0.06664868714017319,False,False,Naz Hillmon,ATL,CHI,stl,0.5,OVER,OVER,-0.05601179695455728,0.150822,-0.06103209284588906,B,5,Above Avg,0.4,0.8,naz hillmon,True,False
Rhyne Howard,rhyne howard,ATL,2.347826086956522,23,32.608695652173914,stl,ATL,ATL,1,top,Rhyne Howard,20.0,6.0,8.0,0.1969496039735978,-0.6037141464773044,0.9423187107010637,0.0037878787878787845,0.295198785151641,0.625,0.3333333333333333,1.5460328571783681,True,True,Rhyne Howard,ATL,CHI,stl,2.5,UNDER,UNDER,0.07858548958498368,-0.39917800000000003,0.1622983168614494,A,5,Above Avg,0.4,2.2,rhyne howard,True,False
Holly Winterburn,holly winterburn,ATL,2.0,1,22.0,stl,ATL,ATL,2,top,,,,,,,,,,,,,False,False,,,,,,,,,,,,,,,,,False,False
Jordin Canada,jordin canada,ATL,2.0,24,29.833333333333332,stl,ATL,ATL,3,top,Jordin Canada,21.0,6.0,8.0,0.5281943723901398,-0.4455688854489164,0.11523817366208666,1.8347985347985347,0.17240015643041567,0.625,0.5,0.560807059111003,True,True,Jordin Canada,ATL,CHI,stl,1.5,OVER,OVER,4.724401677298252,0.7008220000000001,-0.01889287115370042,A,5,Above Avg,1,2.4,jordin canada,True,False
Stephanie Jones,stephanie jones,ATL,0.0,1,20.0,stocks,ATL,ATL,1,bottom,,,,,,,,,,,,,False,False,,,,,,,,,,,,,,,,,False,False
Isobel Borlase,isobel borlase,ATL,0.7368421052631579,19,15.105263157894736,stocks,ATL,ATL,2,bottom,Isobel Borlase,16.0,6.0,7.0,-0.3706643030172442,-0.6458874458874461,-0.007900596135890257,-0.6666666666666666,0.3461179316331269,0.7142857142857143,0.3333333333333333,0.6379868497515558,True,True,,,,,,,,,,,,,,,,,False,False
Naz Hillmon,naz hillmon,ATL,0.9090909090909091,22,28.40909090909091,stocks,ATL,ATL,3,bottom,Naz Hillmon,19.0,5.0,8.0,0.2725917518018708,0.06448179271708679,0.5408795426065164,0.08829966329966331,0.09782037535305341,0.5,0.4,0.4763977498894296,False,False,Naz Hillmon,ATL,CHI,stocks,0.5,OVER,OVER,-0.5383395841613055,0.4,0.02985911135657637,B,5,Above Avg,0.4,1,naz hillmon,True,False
Rhyne Howard,rhyne howard,ATL,2.9130434782608696,23,32.608695652173914,stocks,ATL,ATL,1,top,Rhyne Howard,20.0,6.0,8.0,0.23687607413226602,-0.00886939571150099,0.45446091898297786,0.19250841750841743,0.05717546435552633,0.625,0.5,0.46333031469447883,False,False,Rhyne Howard,ATL,CHI,stocks,2.5,OVER,OVER,-3.091302376791847,0.1499999999999999,0.0879685711011482,B,5,Above Avg,0.4,2.8,rhyne howard,True,False
Angel Reese,angel reese,ATL,2.347826086956522,23,29.08695652173913,stocks,ATL,ATL,2,top,Angel Reese,20.0,6.0,7.0,-0.15742197108876682,0.053805162415843544,0.1737012987012987,-0.6695970695970695,0.030813498695592925,0.5714285714285714,0.16666666666666666,0.11989613628545515,False,False,Angel Reese,ATL,CHI,stocks,2.5,OVER,OVER,-1.711754005892207,0.10000000000000009,0.47502081252106,B,5,Above Avg,0.6,2.6,angel reese,True,False
Jordin Canada,jordin canada,ATL,2.2083333333333335,24,29.833333333333332,stocks,ATL,ATL,3,top,Jordin Canada,21.0,6.0,8.0,0.6355931268330554,-0.13048737038675115,-0.05661918093983309,2.0833333333333335,0.05731999751618917,0.25,0.3333333333333333,0.07386818944691806,False,False,Jordin Canada,ATL,CHI,stocks,2.5,OVER,OVER,-5.240914239969923,-0.04999999999999982,,C,5,Above Avg,0.4,2.6,jordin canada,True,False
Gabriela Jaquez,gabriela jaquez,CHI,1.0476190476190477,21,21.61904761904762,ast,CHI,CHI,1,bottom,Gabriela Jaquez,18.0,4.0,6.0,0.11689679238698845,0.13333333333333336,0.15274064171122995,0.08179563492063491,-0.13860978289036982,0.5,0.5,0.019407308377896587,False,False,,,,,,,,,,,,,,,,,False,False
Rachel Banham,rachel banham,CHI,1.05,20,15.45,ast,CHI,CHI,2,bottom,Rachel Banham,17.0,5.0,8.0,-0.09000307044379162,-0.27084377610693394,-0.020243053515112353,-0.0034722222222222376,0.1654191185128297,0.25,0.2,0.2506007225918216,False,False,,,,,,,,,,,,,,,,,False,False
Elizabeth Williams,elizabeth williams,CHI,1.5217391304347827,23,16.565217391304348,ast,CHI,CHI,3,bottom,Elizabeth Williams,20.0,4.0,9.0,0.2896415619983732,0.3952380952380952,0.7716209229367125,-0.39038706391647565,0.1787794793614446,0.7777777777777778,0.5,0.37638282769861725,False,False,,,,,,,,,,,,,,,,,False,False
Skylar Diggins,skylar diggins,CHI,5.166666666666667,18,27.944444444444443,ast,CHI,CHI,1,top,Skylar Diggins,15.0,2.0,7.0,-0.1441158079393374,-0.8571428571428572,0.12012471655328787,-0.2147207367795604,-0.04840733750018304,0.42857142857142855,0.5,0.977267573696145,False,True,,,,,,,,,,,,,,,,,False,False
Natasha Cloud,natasha cloud,CHI,4.545454545454546,22,27.363636363636363,ast,CHI,CHI,2,top,Natasha Cloud,19.0,3.0,9.0,0.2578068799919868,-1.611111111111111,0.683862433862434,0.5109860212027394,0.27846246213357584,0.4444444444444444,0.3333333333333333,2.294973544973545,False,True,Natasha Cloud,CHI,ATL,ast,3.5,OVER,OVER,2.569751716241893,2.0076349999999996,-0.2529034053850974,B,2,Elite,0.8,6.2,natasha cloud,True,False
Hailey Van Lith,hailey van lith,CHI,4.5,2,20.5,ast,CHI,CHI,3,top,,,,,,,,,,,,,False,False,,,,,,,,,,,,,,,,,False,False
Courtney Vandersloot,courtney vandersloot,CHI,0.0,8,17.625,blk,CHI,CHI,1,bottom,Courtney Vandersloot,5.0,1.0,2.0,0.0,0.0,0.0,0.0,,0.0,0.0,0.0,False,False,,,,,,,,,,,,,,,,,False,False
Gabriela Jaquez,gabriela jaquez,CHI,0.0,21,21.61904761904762,blk,CHI,CHI,2,bottom,Gabriela Jaquez,18.0,4.0,6.0,0.0,0.0,0.0,0.0,,0.0,0.0,0.0,False,False,,,,,,,,,,,,,,,,,False,False
Hailey Van Lith,hailey van lith,CHI,0.0,2,20.5,blk,CHI,CHI,3,bottom,,,,,,,,,,,,,False,False,,,,,,,,,,,,,,,,,False,False
Kamilla Cardoso,kamilla cardoso,CHI,1.5833333333333333,24,25.916666666666668,blk,CHI,CHI,1,top,Kamilla Cardoso,21.0,4.0,9.0,0.22159143081469673,0.5650793650793651,0.37540400657408324,-0.12319168404694719,0.025738756704970753,0.5555555555555556,0.75,-0.18967535850528183,False,False,Kamilla Cardoso,CHI,ATL,blk,1.5,OVER,OVER,-1.801270760995836,0.3518319999999999,-0.06519533225607388,C,2,Elite,0.6,2,kamilla cardoso,True,False
Rickea Jackson,rickea jackson,CHI,1.1666666666666667,6,26.833333333333332,blk,CHI,CHI,2,top,Rickea Jackson,3.0,2.0,0.0,1.238888888888889,0.7333333333333334,,2.25,,,0.5,,False,False,,,,,,,,,,,,,,,,,False,False
Elizabeth Williams,elizabeth williams,CHI,1.0,23,16.565217391304348,blk,CHI,CHI,3,top,Elizabeth Williams,20.0,4.0,9.0,0.007268816709606196,0.30952380952380953,-0.008071460703039633,-0.14572510822510823,-0.18571055221209673,0.3333333333333333,0.5,-0.3175952702268492,False,False,,,,,,,,,,,,,,,,,False,False
Elizabeth Williams,elizabeth williams,CHI,0.0,23,16.565217391304348,fg3m,CHI,CHI,1,bottom,Elizabeth Williams,20.0,4.0,9.0,0.0,0.0,0.0,0.0,,0.0,0.0,0.0,False,False,,,,,,,,,,,,,,,,,False,False
Kamilla Cardoso,kamilla cardoso,CHI,0.0,24,25.916666666666668,fg3m,CHI,CHI,2,bottom,Kamilla Cardoso,21.0,4.0,9.0,0.0,0.0,0.0,0.0,,0.0,0.0,0.0,False,False,,,,,,,,,,,,,,,,,False,False
Hailey Van Lith,hailey van lith,CHI,0.5,2,20.5,fg3m,CHI,CHI,3,bottom,,,,,,,,,,,,,False,False,,,,,,,,,,,,,,,,,False,False
Sydney Taylor,sydney taylor,CHI,1.8636363636363635,22,20.318181818181817,fg3m,CHI,CHI,1,top,Sydney Taylor,19.0,4.0,9.0,0.5401233997657332,-0.07500000000000001,0.6671855921855921,0.7596123776464333,0.03686490415114669,0.5555555555555556,0.25,0.7421855921855922,True,False,Sydney Taylor,CHI,ATL,fg3m,1.5,OVER,OVER,2.023048263831813,0.9038170000000001,-0.1219111439734102,A,2,Elite,0.8,2.4,sydney taylor,True,False
Rachel Banham,rachel banham,CHI,1.35,20,15.45,fg3m,CHI,CHI,2,top,Rachel Banham,17.0,5.0,8.0,-0.40022313048856484,-0.1037928153717628,-0.6371661426808486,-0.296875,-0.2493972161468768,0.125,0.8,-0.5333733273090858,False,False,,,,,,,,,,,,,,,,,False,False
Natasha Cloud,natasha cloud,CHI,1.1363636363636365,22,27.363636363636363,fg3m,CHI,CHI,3,top,Natasha Cloud,19.0,3.0,9.0,0.32392524599221684,0.13888888888888887,0.21657169990503322,0.5412525297200219,0.05148015224423789,0.5555555555555556,0.6666666666666666,0.07768281101614435,False,False,Natasha Cloud,CHI,ATL,fg3m,0.5,OVER,OVER,3.541076456963724,1.053817,-0.08309905538368179,A,2,Elite,0.8,1.8,natasha cloud,True,False
Rachel Banham,rachel banham,CHI,7.6,20,15.45,pra,CHI,CHI,1,bottom,Rachel Banham,17.0,5.0,8.0,-0.9069292077032015,1.2693400167084379,-2.7188259657009652,-0.003472222222222099,-0.27345790553440924,0.25,0.8,-3.988165982409403,False,False,,,,,,,,,,,,,,,,,False,False
Jacy Sheldon,jacy sheldon,CHI,9.56,25,20.96,pra,CHI,CHI,2,bottom,Jacy Sheldon,22.0,5.0,9.0,-0.959682467138352,0.09634230503795713,1.8306644880174292,-4.7588382742988005,0.1954615228182406,0.5555555555555556,0.2,1.7343221829794722,True,False,,,,,,,,,,,,,,,,,False,False
Elizabeth Williams,elizabeth williams,CHI,10.391304347826088,23,16.565217391304348,pra,CHI,CHI,3,bottom,Elizabeth Williams,20.0,4.0,9.0,0.10817777166074372,0.10476190476190483,1.2672398264503526,-1.3800929462694171,0.09527366088124926,0.4444444444444444,0.5,1.1624779216884478,False,False,,,,,,,,,,,,,,,,,False,False
Kamilla Cardoso,kamilla cardoso,CHI,24.875,24,25.916666666666668,pra,CHI,CHI,1,top,Kamilla Cardoso,21.0,4.0,9.0,3.1581119758787386,2.807142857142857,1.8131672651493618,4.846659334817229,-0.11030788863260632,0.6666666666666666,0.75,-0.9939755919934952,False,False,Kamilla Cardoso,CHI,ATL,pra,19.5,OVER,OVER,2.534671029179345,9.683056,-0.3655917685509662,A,2,Elite,0.8,25.2,kamilla cardoso,True,False
Rickea Jackson,rickea jackson,CHI,22.0,6,26.833333333333332,pra,CHI,CHI,2,top,Rickea Jackson,3.0,2.0,0.0,0.6111111111111107,-5.333333333333334,,12.5,,,0.5,,False,True,,,,,,,,,,,,,,,,,False,False
Skylar Diggins,skylar diggins,CHI,21.444444444444443,18,27.944444444444443,pra,CHI,CHI,3,top,Skylar Diggins,15.0,2.0,7.0,-1.5710153245447358,0.6285714285714281,-1.1490580847723695,-2.7964943553178845,-0.06386943373419376,0.5714285714285714,0.5,-1.7776295133437976,False,False,,,,,,,,,,,,,,,,,False,False
Elizabeth Williams,elizabeth williams,CHI,4.869565217391305,23,16.565217391304348,pts,CHI,CHI,1,bottom,Elizabeth Williams,20.0,4.0,9.0,0.14616889044907616,-1.8095238095238095,0.8344348146979725,0.3787942449707155,0.20996970009658936,0.4444444444444444,0.25,2.6439586242217823,False,True,,,,,,,,,,,,,,,,,False,False
Rachel Banham,rachel banham,CHI,5.5,20,15.45,pts,CHI,CHI,2,bottom,Rachel Banham,17.0,5.0,8.0,-1.3006441589532098,-0.029340016708437843,-2.809767438443909,0.12847222222222232,-0.2896925756711845,0.125,0.6,-2.7804274217354714,False,False,,,,,,,,,,,,,,,,,False,False
Jacy Sheldon,jacy sheldon,CHI,6.56,25,20.96,pts,CHI,CHI,3,bottom,Jacy Sheldon,22.0,5.0,9.0,-0.09124109201493286,0.05336093857832989,2.727184308066661,-3.352345936227515,0.33940606051726846,0.6666666666666666,0.4,2.673823369488331,True,False,,,,,,,,,,,,,,,,,False,False
Rickea Jackson,rickea jackson,CHI,16.0,6,26.833333333333332,pts,CHI,CHI,1,top,Rickea Jackson,3.0,2.0,0.0,1.8055555555555547,-4.166666666666667,,13.75,,,0.5,,False,True,,,,,,,,,,,,,,,,,False,False
Sydney Taylor,sydney taylor,CHI,13.863636363636363,22,20.318181818181817,pts,CHI,CHI,2,top,Sydney Taylor,19.0,4.0,9.0,2.15225028036255,-1.8416666666666668,2.7204076787410125,3.9626254808143355,-0.003971212606539813,0.6666666666666666,0.5,4.562074345407679,True,True,Sydney Taylor,CHI,ATL,pts,9.5,OVER,OVER,4.657368965001191,7.276968,-0.4034129109017039,A,2,Elite,1,17.4,sydney taylor,True,False
Kamilla Cardoso,kamilla cardoso,CHI,13.791666666666666,24,25.916666666666668,pts,CHI,CHI,3,top,Kamilla Cardoso,21.0,4.0,9.0,1.8792885194008693,0.658730158730159,0.8580353682975169,3.6384774947274954,-0.08897952875246402,0.5555555555555556,0.75,0.19930520956735787,False,False,Kamilla Cardoso,CHI,ATL,pts,9.5,OVER,OVER,3.424706319326886,5.776968,-0.3593089986825615,A,2,Elite,0.8,13,kamilla cardoso,True,False
Hailey Van Lith,hailey van lith,CHI,1.0,2,20.5,reb,CHI,CHI,1,bottom,,,,,,,,,,,,,False,False,,,,,,,,,,,,,,,,,False,False
Rachel Banham,rachel banham,CHI,1.05,20,15.45,reb,CHI,CHI,2,bottom,Rachel Banham,17.0,5.0,8.0,0.4837180216938003,1.5695238095238095,0.11118452625805567,-0.1284722222222222,-0.17013649705037112,0.5,0.6,-1.4583392832657538,False,False,,,,,,,,,,,,,,,,,False,False
Jacy Sheldon,jacy sheldon,CHI,1.44,25,20.96,reb,CHI,CHI,3,bottom,Jacy Sheldon,22.0,5.0,9.0,-0.508762439102155,0.11094547964113177,-0.4892047222929576,-0.9180823197270567,-0.15504834542873044,0.3333333333333333,0.2,-0.6001502019340894,False,False,,,,,,,,,,,,,,,,,False,False
Kamilla Cardoso,kamilla cardoso,CHI,8.791666666666666,24,25.916666666666668,reb,CHI,CHI,1,top,Kamilla Cardoso,21.0,4.0,9.0,0.5973132377649906,1.9238095238095239,0.5688046123148425,-0.03386270162585947,-0.048447134666338695,0.3333333333333333,0.5,-1.3550049114946814,False,False,Kamilla Cardoso,CHI,ATL,reb,5.5,OVER,OVER,4.814291054642481,3.7744400000000002,-0.3319469196516432,B,2,Elite,0.8,9.2,kamilla cardoso,True,False
Azura Stevens,azura stevens,CHI,6.611111111111111,18,24.77777777777778,reb,CHI,CHI,2,top,Azura Stevens,15.0,1.0,8.0,2.5035792693145633,1.4375,2.7218954248366014,2.39017094017094,-0.1640347132400036,0.625,1.0,1.2843954248366014,True,False,Azurá Stevens,CHI,ATL,reb,7,UNDER,UNDER,4.00184175206316,-6.97556,-0.3380901469338582,A,2,Elite,,,azura stevens,True,False
Rickea Jackson,rickea jackson,CHI,4.166666666666667,6,26.833333333333332,reb,CHI,CHI,3,top,Rickea Jackson,3.0,2.0,0.0,-0.5444444444444443,-1.5666666666666664,,1.5,,,0.5,,False,True,,,,,,,,,,,,,,,,,False,False
Rickea Jackson,rickea jackson,CHI,0.16666666666666666,6,26.833333333333332,stl,CHI,CHI,1,bottom,Rickea Jackson,3.0,2.0,0.0,0.18333333333333335,0.4,,-0.25,,,0.5,,False,False,,,,,,,,,,,,,,,,,False,False
Rachel Banham,rachel banham,CHI,0.2,20,15.45,stl,CHI,CHI,2,bottom,Rachel Banham,17.0,5.0,8.0,-0.11082583289148576,0.08741854636591481,-0.2597595419286596,-0.06076388888888887,-0.3823878115369001,0.0,0.4,-0.3471780882945744,False,False,,,,,,,,,,,,,,,,,False,False
Elizabeth Williams,elizabeth williams,CHI,0.4782608695652174,23,16.565217391304348,stl,CHI,CHI,3,bottom,Elizabeth Williams,20.0,4.0,9.0,0.08555955632774519,0.4857142857142857,0.24490946026033747,-0.3479787369493252,-0.004510750738183716,0.5555555555555556,0.5,-0.24080482545394824,False,False,,,,,,,,,,,,,,,,,False,False
Natasha Cloud,natasha cloud,CHI,1.0454545454545454,22,27.363636363636363,stl,CHI,CHI,1,top,Natasha Cloud,19.0,3.0,9.0,0.20229358275023906,1.488888888888889,-0.27721136887803555,0.2674019607843138,-0.4476534452271701,0.4444444444444444,1.0,-1.7661002577669245,False,False,Natasha Cloud,CHI,ATL,stl,1.5,OVER,OVER,-5.257583000279686,-0.1477090000000001,,C,2,Elite,0.6,1.6,natasha cloud,True,False
Azura Stevens,azura stevens,CHI,1.0,18,24.77777777777778,stl,CHI,CHI,2,top,Azura Stevens,15.0,1.0,8.0,0.30539752730929204,-0.9375,-0.018032212885154053,0.9437867687867687,-0.04717148124968814,0.5,0.0,0.919467787114846,False,False,,,,,,,,,,,,,,,,,False,False
Courtney Vandersloot,courtney vandersloot,CHI,1.0,8,17.625,stl,CHI,CHI,3,top,Courtney Vandersloot,5.0,1.0,2.0,0.15666666666666668,2.3333333333333335,0.125,-0.9,-0.32808056974014593,0.5,1.0,-2.2083333333333335,False,False,,,,,,,,,,,,,,,,,False,False
Rachel Banham,rachel banham,CHI,0.5,20,15.45,stocks,CHI,CHI,1,bottom,Rachel Banham,17.0,5.0,8.0,0.01071679489089796,0.13346700083542193,-0.178699241934536,0.2361111111111111,-0.07835569910532787,0.125,0.6,-0.31216624276995797,False,False,,,,,,,,,,,,,,,,,False,False
Gabriela Jaquez,gabriela jaquez,CHI,0.8571428571428571,21,21.61904761904762,stocks,CHI,CHI,2,bottom,Gabriela Jaquez,18.0,4.0,6.0,-0.12529582584407145,0.1120300751879699,-0.6941919191919191,0.1827132936507936,-0.3554991765623806,0.16666666666666666,0.75,-0.8062219943798891,False,False,,,,,,,,,,,,,,,,,False,False
Sydney Taylor,sydney taylor,CHI,0.8636363636363636,22,20.318181818181817,stocks,CHI,CHI,3,bottom,Sydney Taylor,19.0,4.0,9.0,-0.011917955037557408,-0.18333333333333332,-0.14223307556640885,0.29783164461957035,-0.06375950800698295,0.3333333333333333,0.5,0.04110025776692447,False,False,Sydney Taylor,CHI,ATL,stocks,0.5,UNDER,UNDER,4.57128334154959,-0.15000000000000002,0.0542172682921076,A,2,Elite,0.2,0.2,sydney taylor,True,False
Kamilla Cardoso,kamilla cardoso,CHI,2.125,24,25.916666666666668,stocks,CHI,CHI,1,top,Kamilla Cardoso,21.0,4.0,9.0,0.3906490120367205,0.7269841269841268,0.2986024844720496,0.32603379807327176,-0.022506410221470912,0.2222222222222222,0.75,-0.4283816425120772,False,False,Kamilla Cardoso,CHI,ATL,stocks,1.5,OVER,OVER,1.732110314464255,1.15,-0.1206018322515734,A,2,Elite,0.8,2.8,kamilla cardoso,True,False
Skylar Diggins,skylar diggins,CHI,1.5,18,27.944444444444443,stocks,CHI,CHI,2,top,Skylar Diggins,15.0,2.0,7.0,-0.31886980122274244,-0.3285714285714286,-0.4418149311006454,-0.1721999405822935,-0.24965229191283317,0.2857142857142857,0.5,-0.11324350252921678,False,True,,,,,,,,,,,,,,,,,False,False
Elizabeth Williams,elizabeth williams,CHI,1.4782608695652173,23,16.565217391304348,stocks,CHI,CHI,3,top,Elizabeth Williams,20.0,4.0,9.0,0.0928283730373514,0.7952380952380953,0.23683799955729778,-0.4937038451744334,-0.1231980000850713,0.4444444444444444,0.5,-0.5584000956807975,False,False,,,,,,,,,,,,,,,,,False,False
Aaliyah Edwards,aaliyah edwards,CON,1.0,17,20.235294117647058,ast,CON,CON,1,bottom,Aaliyah Edwards,14.0,6.0,4.0,0.4100700886415171,0.22023809523809523,0.7172619047619047,0.38762626262626254,0.12589425958643316,0.75,0.3333333333333333,0.4970238095238094,False,False,,,,,,,,,,,,,,,,,False,False
Aneesah Morrow,aneesah morrow,CON,1.3529411764705883,17,23.529411764705884,ast,CON,CON,2,bottom,Aneesah Morrow,14.0,5.0,5.0,0.8280539896611325,0.2694444444444445,1.6419913419913421,0.5088942307692308,0.3599670115695037,1.0,0.6,1.3725468975468975,True,False,,,,,,,,,,,,,,,,,False,False
Diamond Miller,diamond miller,CON,1.48,25,21.48,ast,CON,CON,3,bottom,Diamond Miller,22.0,8.0,7.0,0.18296807566874812,-0.15463564213564215,0.5141390614216702,0.2376299102637006,0.08772063126718628,0.42857142857142855,0.375,0.6687747035573124,False,False,,,,,,,,,,,,,,,,,False,False
Leila Lacan,leila lacan,CON,4.214285714285714,14,28.714285714285715,ast,CON,CON,1,top,Leila Lacan,11.0,3.0,4.0,0.47569324614779157,1.0030303030303032,-0.35357142857142865,0.9094551282051281,-0.26616410438537225,0.25,0.6666666666666666,-1.3566017316017318,False,False,Leila Lacan,CON,PHX,ast,3.5,OVER,OVER,0.8315745281083824,0.9057749999999993,-0.06368091147552035,C,8,Avg,0.6,4.6,leila lacan,True,False
Charlisse Leger-Walker,charlisse leger walker,CON,3.16,25,22.56,ast,CON,CON,2,top,Charlisse Leger-Walker,22.0,8.0,7.0,0.8838857204825493,0.6663510101010102,1.3157718489240229,0.7006106896199775,0.25564585402948264,0.8571428571428571,0.75,0.6494208388230127,True,False,,,,,,,,,,,,,,,,,False,False
Saniya Rivers,saniya rivers,CON,2.909090909090909,22,21.636363636363637,ast,CON,CON,3,top,Saniya Rivers,19.0,7.0,5.0,-1.0404079858638273,-2.077395870628953,-0.3431060606060606,-0.5014929048542494,0.5711560119241115,0.6,0.0,1.7342898100228925,True,True,,,,,,,,,,,,,,,,,False,False
Leila Lacan,leila lacan,CON,0.14285714285714285,14,28.714285714285715,blk,CON,CON,1,bottom,Leila Lacan,11.0,3.0,4.0,0.17482517482517482,0.0,0.25,0.23076923076923078,0.2314356792592791,0.25,0.0,0.25,False,False,Leila Lacan,CON,PHX,blk,0.5,OVER,OVER,-5.231795785492285,-0.198614,,C,8,Avg,0.4,0.4,leila lacan,True,False
Charlisse Leger-Walker,charlisse leger walker,CON,0.16,25,22.56,blk,CON,CON,2,bottom,Charlisse Leger-Walker,22.0,8.0,7.0,-0.01776622746501233,-0.04420544733044732,0.014152393500219582,-0.019468597155461377,0.1321268704199944,0.14285714285714285,0.125,0.0583578408306669,False,False,,,,,,,,,,,,,,,,,False,False
Hailey Van Lith,hailey van lith,CON,0.2727272727272727,11,15.727272727272727,blk,CON,CON,3,bottom,Hailey Van Lith,10.0,5.0,2.0,0.11526695526695527,-0.2015873015873016,0.8166666666666667,0.17575757575757578,0.7817276737623311,1.0,0.0,1.0182539682539682,True,False,,,,,,,,,,,,,,,,,False,False
Brittney Griner,brittney griner,CON,1.5625,16,24.75,blk,CON,CON,1,top,Brittney Griner,13.0,3.0,6.0,0.7105445836215067,0.8205128205128206,0.5598124098124098,0.8541666666666666,-0.2858091541951286,0.8333333333333334,0.6666666666666666,-0.26070041070041083,False,False,Brittney Griner,CON,PHX,blk,1.5,OVER,OVER,-1.290051090209246,0.2513860000000001,-0.115268708228502,C,8,Avg,0.4,1.4,brittney griner,True,False
Kennedy Burke,kennedy burke,CON,0.8333333333333334,24,23.333333333333332,blk,CON,CON,2,top,Kennedy Burke,21.0,8.0,7.0,-0.029152284230116267,-0.02669172932330821,0.1423332969551457,-0.23249953548866595,0.2513768209022337,0.42857142857142855,0.25,0.16902502627845392,False,False,,,,,,,,,,,,,,,,,False,False
Olivia Nelson-Ododa,olivia nelson ododa,CON,0.7619047619047619,21,19.38095238095238,blk,CON,CON,3,top,Olivia Nelson-Ododa,18.0,6.0,6.0,0.20957081322148408,0.5391339869281045,0.20524796840586315,-0.11566951566951567,-0.10881228230157679,0.5,0.8333333333333334,-0.3338860185222414,False,False,,,,,,,,,,,,,,,,,False,False
Olivia Nelson-Ododa,olivia nelson ododa,CON,0.0,21,19.38095238095238,fg3m,CON,CON,1,bottom,Olivia Nelson-Ododa,18.0,6.0,6.0,0.0,0.0,0.0,0.0,,0.0,0.0,0.0,False,False,,,,,,,,,,,,,,,,,False,False
Aaliyah Edwards,aaliyah edwards,CON,0.11764705882352941,17,20.235294117647058,fg3m,CON,CON,2,bottom,Aaliyah Edwards,14.0,6.0,4.0,0.09421947100518528,0.12805250305250307,-0.058333333333333334,0.19602272727272727,-0.36725030091878863,0.0,0.16666666666666666,-0.1863858363858364,False,False,,,,,,,,,,,,,,,,,False,False
Brittney Griner,brittney griner,CON,0.125,16,24.75,fg3m,CON,CON,3,bottom,Brittney Griner,13.0,3.0,6.0,-0.279727537419845,-0.3846153846153846,-0.2828162578162578,-0.19642857142857142,0.1290131778339908,0.0,0.0,0.10179912679912678,False,True,,,,,,,,,,,,,,,,,False,False
Kennedy Burke,kennedy burke,CON,1.1666666666666667,24,23.333333333333332,fg3m,CON,CON,1,top,Kennedy Burke,21.0,8.0,7.0,0.009943967300994788,0.076921470342523,0.22993924842664337,-0.33602053140096627,0.18585073997123464,0.5714285714285714,0.375,0.15301777808412037,False,False,,,,,,,,,,,,,,,,,False,False
Leila Lacan,leila lacan,CON,1.0,14,28.714285714285715,fg3m,CON,CON,2,top,Leila Lacan,11.0,3.0,4.0,0.2848124098124098,0.7740740740740741,-0.016071428571428598,0.21875,-0.29325341830530127,0.25,0.6666666666666666,-0.7901455026455028,False,False,Leila Lacan,CON,PHX,fg3m,0.5,OVER,OVER,5.343787220254159,0.7528870000000001,-0.0113364088043616,A,8,Avg,1,1.4,leila lacan,True,False
Aneesah Morrow,aneesah morrow,CON,0.8823529411764706,17,23.529411764705884,fg3m,CON,CON,3,top,Aneesah Morrow,14.0,5.0,5.0,-0.04394583591012161,0.5305555555555557,-0.3761038961038961,-0.346875,-0.4281319808961273,0.4,0.8,-0.9066594516594517,False,False,,,,,,,,,,,,,,,,,False,False
Hailey Van Lith,hailey van lith,CON,10.0,11,15.727272727272727,pra,CON,CON,1,bottom,Hailey Van Lith,10.0,5.0,2.0,-5.044152236652236,-7.75436507936508,-2.166666666666666,-2.4454545454545453,0.530862586887469,0.0,0.0,5.587698412698414,False,True,,,,,,,,,,,,,,,,,False,False
Saniya Rivers,saniya rivers,CON,10.954545454545455,22,21.636363636363637,pra,CON,CON,2,bottom,Saniya Rivers,19.0,7.0,5.0,-0.22171366486789318,-3.6906850459482032,0.2291666666666668,2.9252003365448744,0.3755878600188265,0.4,0.14285714285714285,3.91985171261487,False,True,,,,,,,,,,,,,,,,,False,False
Diamond Miller,diamond miller,CON,12.36,25,21.48,pra,CON,CON,3,bottom,Diamond Miller,22.0,8.0,7.0,-0.2319187667972835,1.112396284271284,-2.098348390739695,0.09815079878105085,-0.24485603305912135,0.42857142857142855,0.75,-3.2107446750109787,False,False,Diamond Miller,CON,PHX,pra,13,OVER,OVER,-0.2300716223689772,1.7306100000000004,-0.3605914328081284,B,8,Avg,0.6,14.8,diamond miller,True,False
Aneesah Morrow,aneesah morrow,CON,22.764705882352942,17,23.529411764705884,pra,CON,CON,1,top,Aneesah Morrow,14.0,5.0,5.0,-0.4301940123368695,-0.7222222222222221,3.2922943722943723,-4.718269230769231,0.20936417875742155,0.6,0.6,4.014516594516595,True,True,,,,,,,,,,,,,,,,,False,False
Brittney Griner,brittney griner,CON,22.0,16,24.75,pra,CON,CON,2,top,Brittney Griner,13.0,3.0,6.0,3.0169958246881325,6.7735042735042725,-0.47572150072150104,5.438690476190477,-0.4558302105368279,0.5,0.6666666666666666,-7.249225774225773,False,False,Brittney Griner,CON,PHX,pra,19.5,OVER,OVER,2.348248222667007,7.510753999999999,-0.3511147976666888,B,8,Avg,0.8,26.6,brittney griner,True,False
Leila Lacan,leila lacan,CON,18.857142857142858,14,28.714285714285715,pra,CON,CON,3,top,Leila Lacan,11.0,3.0,4.0,4.452149870331689,3.702693602693602,2.7452380952380953,6.721153846153846,0.023056798110209272,1.0,0.6666666666666666,-0.9574555074555069,False,False,Leila Lacan,CON,PHX,pra,19.5,OVER,OVER,-0.0748640529572821,4.086753999999999,-0.37585086345493,C,8,Avg,0.4,23,leila lacan,True,False
Saniya Rivers,saniya rivers,CON,6.045454545454546,22,21.636363636363637,pts,CON,CON,1,bottom,Saniya Rivers,19.0,7.0,5.0,0.7634771319694739,-1.5494629430719653,0.8611363636363635,3.0066606129631346,0.31582450401235285,0.6,0.14285714285714285,2.410599306708329,True,True,,,,,,,,,,,,,,,,,False,False
Hailey Van Lith,hailey van lith,CON,7.0,11,15.727272727272727,pts,CON,CON,2,bottom,Hailey Van Lith,10.0,5.0,2.0,-3.374440836940837,-6.417063492063493,-0.7999999999999998,-0.019696969696969546,0.7038565684329573,0.5,0.0,5.617063492063493,False,True,,,,,,,,,,,,,,,,,False,False
Charlisse Leger-Walker,charlisse leger walker,CON,7.04,25,22.56,pts,CON,CON,3,bottom,Charlisse Leger-Walker,22.0,8.0,7.0,1.122107118464529,0.8711219336219332,1.1758038459125417,1.3552506022651976,-0.04600277762893492,0.7142857142857143,0.5,0.3046819122906085,False,False,,,,,,,,,,,,,,,,,False,False
Brittney Griner,brittney griner,CON,13.75,16,24.75,pts,CON,CON,1,top,Brittney Griner,13.0,3.0,6.0,1.540967579429118,4.978632478632479,0.05500240500240494,1.1916666666666669,-0.33115829713204326,0.5,0.6666666666666666,-4.923630073630074,False,False,Brittney Griner,CON,PHX,pts,9.5,OVER,OVER,5.029506812532779,6.108212,-0.3541399858282367,B,8,Avg,1,16.8,brittney griner,True,False
Leila Lacan,leila lacan,CON,12.714285714285714,14,28.714285714285715,pts,CON,CON,2,top,Leila Lacan,11.0,3.0,4.0,3.4230723821632907,0.4494949494949492,3.541071428571428,5.535256410256411,0.29537985718495446,1.0,0.6666666666666666,3.091576479076479,True,False,Leila Lacan,CON,PHX,pts,9.5,OVER,OVER,4.642010640943125,5.408212000000001,-0.3541772277583135,A,8,Avg,0.8,15.2,leila lacan,True,False
Aneesah Morrow,aneesah morrow,CON,11.588235294117647,17,23.529411764705884,pts,CON,CON,3,top,Aneesah Morrow,14.0,5.0,5.0,-2.309098639455782,-1.7702380952380952,-0.5152380952380952,-5.225,0.1871398782325787,0.4,0.4,1.255,False,True,,,,,,,,,,,,,,,,,False,False
Hailey Van Lith,hailey van lith,CON,1.0,11,15.727272727272727,reb,CON,CON,1,bottom,Hailey Van Lith,10.0,5.0,2.0,-0.10726551226551224,-0.02301587301587298,0.41666666666666663,-0.5969696969696969,-0.05655439161431123,0.5,0.4,0.4396825396825396,False,False,,,,,,,,,,,,,,,,,False,False
Leila Lacan,leila lacan,CON,1.9285714285714286,14,28.714285714285715,reb,CON,CON,2,bottom,Leila Lacan,11.0,3.0,4.0,0.5533842420206058,2.2501683501683503,-0.44226190476190474,0.2764423076923077,-0.46466801443185207,0.25,1.0,-2.692430254930255,False,False,Leila Lacan,CON,PHX,reb,1.5,OVER,OVER,3.810470644387995,1.2092399999999999,-0.1248288075759563,A,8,Avg,0.8,3.2,leila lacan,True,False
Saniya Rivers,saniya rivers,CON,2.0,22,21.636363636363637,reb,CON,CON,3,bottom,Saniya Rivers,19.0,7.0,5.0,0.055217189026460674,-0.0638262322472849,-0.28886363636363627,0.42003262843598976,-0.08448999454027449,0.4,0.2857142857142857,-0.22503740411635137,False,False,,,,,,,,,,,,,,,,,False,False
Aneesah Morrow,aneesah morrow,CON,9.823529411764707,17,23.529411764705884,reb,CON,CON,1,top,Aneesah Morrow,14.0,5.0,5.0,1.0508506374577802,0.7785714285714285,2.165541125541125,-0.0021634615384615863,0.1321912091034167,0.6,0.6,1.3869696969696967,True,False,,,,,,,,,,,,,,,,,False,False
Brittney Griner,brittney griner,CON,5.75,16,24.75,reb,CON,CON,2,top,Brittney Griner,13.0,3.0,6.0,0.7583245814015046,1.5982905982905982,-1.2414261664261663,3.1279761904761907,-0.6023964390357777,0.16666666666666666,0.6666666666666666,-2.8397167647167647,False,False,Brittney Griner,CON,PHX,reb,3.5,OVER,OVER,6.236309028303789,3.00924,-0.3097846240922257,B,8,Avg,0.8,6.6,brittney griner,True,False
Olivia Nelson-Ododa,olivia nelson ododa,CON,5.0476190476190474,21,19.38095238095238,reb,CON,CON,3,top,Olivia Nelson-Ododa,18.0,6.0,6.0,1.6090592130130312,-0.014719498910675366,0.7147603858130175,4.127136752136752,0.012651071589955074,0.6666666666666666,0.5,0.7294798847236929,True,False,,,,,,,,,,,,,,,,,False,False
Hailey Van Lith,hailey van lith,CON,0.5454545454545454,11,15.727272727272727,stl,CON,CON,1,bottom,Hailey Van Lith,10.0,5.0,2.0,-0.3393506493506494,-0.17142857142857143,-0.85,-0.27878787878787875,-0.29991094255201806,0.0,0.4,-0.6785714285714286,False,False,,,,,,,,,,,,,,,,,False,False
Brittney Griner,brittney griner,CON,0.5625,16,24.75,stl,CON,CON,2,bottom,Brittney Griner,13.0,3.0,6.0,0.0409455928686698,1.5683760683760684,-0.29309163059163057,-0.6035714285714285,-0.5476122869785569,0.3333333333333333,1.0,-1.861467698967699,False,False,Brittney Griner,CON,PHX,stl,0.5,OVER,OVER,0.2396703532026397,0.10173299999999996,0.4745886626588676,A,8,Avg,0.4,0.6,brittney griner,True,False
Diamond Miller,diamond miller,CON,0.8,25,21.48,stl,CON,CON,3,bottom,Diamond Miller,22.0,8.0,7.0,-0.029229782376158954,-0.17104527417027415,0.35005568103394186,-0.24644039802155676,0.24686125028842193,0.7142857142857143,0.375,0.5211009552042161,True,False,,,,,,,,,,,,,,,,,False,False
Leila Lacan,leila lacan,CON,2.142857142857143,14,28.714285714285715,stl,CON,CON,1,top,Leila Lacan,11.0,3.0,4.0,0.731104501559047,0.23636363636363633,0.9238095238095239,0.9094551282051283,0.20272476201795878,0.75,0.3333333333333333,0.6874458874458875,True,False,Leila Lacan,CON,PHX,stl,1.5,OVER,OVER,5.619661702520313,0.9517329999999999,-0.08470740065536264,A,8,Avg,0.8,2.4,leila lacan,True,False
Aneesah Morrow,aneesah morrow,CON,1.1176470588235294,17,23.529411764705884,stl,CON,CON,2,top,Aneesah Morrow,14.0,5.0,5.0,-0.22366780045351473,-1.107936507936508,0.4866666666666667,-0.006249999999999978,0.839448972941012,0.6,0.0,1.5946031746031748,True,True,,,,,,,,,,,,,,,,,False,False
Charlisse Leger-Walker,charlisse leger walker,CON,1.04,25,22.56,stl,CON,CON,3,top,Charlisse Leger-Walker,22.0,8.0,7.0,0.44083568057567385,0.5824675324675325,0.4192703431833867,0.30053604437726505,0.002024971572422431,0.42857142857142855,0.875,-0.16319718928414578,False,False,,,,,,,,,,,,,,,,,False,False
Hailey Van Lith,hailey van lith,CON,0.8181818181818182,11,15.727272727272727,stocks,CON,CON,1,bottom,Hailey Van Lith,10.0,5.0,2.0,-0.22408369408369405,-0.373015873015873,-0.03333333333333338,-0.10303030303030299,0.20344878510448683,0.5,0.4,0.33968253968253964,False,True,,,,,,,,,,,,,,,,,False,False
Diamond Miller,diamond miller,CON,1.08,25,21.48,stocks,CON,CON,2,bottom,Diamond Miller,22.0,8.0,7.0,0.04656560935233889,-0.02428300865800863,0.17371933621933625,0.000381731640024371,0.08919965216429004,0.5714285714285714,0.375,0.19800234487734486,False,False,,,,,,,,,,,,,,,,,False,False
Aaliyah Edwards,aaliyah edwards,CON,1.1764705882352942,17,20.235294117647058,stocks,CON,CON,3,bottom,Aaliyah Edwards,14.0,6.0,4.0,-0.3599709813995528,0.12161172161172158,-1.1601190476190475,-0.2821969696969697,-0.5571663110918939,0.0,0.5,-1.2817307692307691,False,False,,,,,,,,,,,,,,,,,False,False
Leila Lacan,leila lacan,CON,2.2857142857142856,14,28.714285714285715,stocks,CON,CON,1,top,Leila Lacan,11.0,3.0,4.0,0.905929676384222,0.23636363636363633,1.1738095238095239,1.140224358974359,0.28171920545074886,0.75,0.3333333333333333,0.9374458874458875,True,False,Leila Lacan,CON,PHX,stocks,2.5,OVER,OVER,-1.038109222510641,0.25,-0.07199336922051025,C,8,Avg,0.6,2.8,leila lacan,True,False
Brittney Griner,brittney griner,CON,2.125,16,24.75,stocks,CON,CON,2,top,Brittney Griner,13.0,3.0,6.0,0.7514901764901766,2.388888888888889,0.26672077922077925,0.250595238095238,-0.5760178797075223,0.5,1.0,-2.1221681096681095,False,False,Brittney Griner,CON,PHX,stocks,1.5,OVER,OVER,0.4740240292970271,0.8500000000000001,-0.05797748111161494,A,8,Avg,0.4,2,brittney griner,True,False
Kennedy Burke,kennedy burke,CON,1.8333333333333333,24,23.333333333333332,stocks,CON,CON,3,top,Kennedy Burke,21.0,8.0,7.0,0.30173037186262375,0.16299081035923144,0.35470915638982853,0.4249078719187415,0.24201251050133984,0.5714285714285714,0.625,0.1917183460305971,False,False,,,,,,,,,,,,,,,,,False,False
Awak Kuier,awak kuier,DAL,0.9411764705882353,17,18.176470588235293,ast,DAL,DAL,1,bottom,Awak Kuier,14.0,4.0,3.0,-0.13623856302427736,-0.7572150072150072,-0.42735042735042733,0.3433673469387755,0.03454784774163178,0.0,0.25,0.3298645798645799,False,True,,,,,,,,,,,,,,,,,False,False
Alanna Smith,alanna smith,DAL,1.3888888888888888,18,15.222222222222221,ast,DAL,DAL,2,bottom,Alanna Smith,15.0,5.0,5.0,-1.0385697037167625,-0.1968253968253968,-1.6949175824175824,-1.2239661319073083,-0.33246111424870217,0.0,0.6,-1.4980921855921856,False,False,,,,,,,,,,,,,,,,,False,False
Azzi Fudd,azzi fudd,DAL,1.7272727272727273,22,29.772727272727273,ast,DAL,DAL,3,bottom,Azzi Fudd,19.0,6.0,5.0,0.7100828475563687,-0.08664021164021163,1.5683006535947712,0.7712390131798026,0.4779906782985007,1.0,0.3333333333333333,1.6549408652349828,True,False,Azzi Fudd,DAL,LAS,ast,1.5,OVER,OVER,6.697676287301696,1.20146,-0.153115612037887,A,15,Weak,1,3,azzi fudd,True,True
Paige Bueckers,paige bueckers,DAL,6.478260869565218,23,32.608695652173914,ast,DAL,DAL,1,top,Paige Bueckers,20.0,7.0,5.0,0.7763326310772133,0.30538830916982185,2.2748720285562394,0.25182178932178934,0.291204243931649,0.8,0.5714285714285714,1.9694837193864174,True,False,Paige Bueckers,DAL,LAS,ast,4.5,OVER,OVER,7.614204995312632,2.6014600000000003,-0.2910991300575388,B,15,Weak,1,7.4,paige bueckers,True,True
Jessica Shepard,jessica shepard,DAL,5.181818181818182,22,32.22727272727273,ast,DAL,DAL,2,top,Jessica Shepard,19.0,6.0,5.0,-0.08938253009460428,-1.890873015873016,-1.5528104575163397,2.1763777888777893,0.04929891238851803,0.2,0.16666666666666666,0.3380625583566763,False,True,Jessica Shepard,DAL,LAS,ast,3.5,OVER,OVER,1.868685887122971,1.0514599999999996,-0.131194768210363,C,15,Weak,0.4,4.6,jessica shepard,True,False
Arike Ogunbowale,arike ogunbowale,DAL,2.761904761904762,21,28.714285714285715,ast,DAL,DAL,3,top,Arike Ogunbowale,18.0,5.0,5.0,-0.02684648703740554,-1.4582634032634032,1.1679652562779497,0.12103174603174605,0.4081115625622911,0.6,0.2,2.626228659541353,True,True,Arike Ogunbowale,DAL,LAS,ast,1.5,OVER,OVER,2.302148979153334,0.8014600000000001,-0.07047388126350984,A,15,Weak,0.4,2.4,arike ogunbowale,True,True
Jessica Shepard,jessica shepard,DAL,0.0,22,32.22727272727273,blk,DAL,DAL,1,bottom,Jessica Shepard,19.0,6.0,5.0,0.0,0.0,0.0,0.0,,0.0,0.0,0.0,False,False,,,,,,,,,,,,,,,,,False,False
Arike Ogunbowale,arike ogunbowale,DAL,0.047619047619047616,21,28.714285714285715,blk,DAL,DAL,2,bottom,Arike Ogunbowale,18.0,5.0,5.0,-0.01746701798946381,0.12810023310023308,-0.05701324389404885,-0.08373015873015874,-0.29968737232386733,0.0,0.2,-0.18511347699428193,False,False,,,,,,,,,,,,,,,,,False,False
Odyssey Sims,odyssey sims,DAL,0.125,16,15.375,blk,DAL,DAL,3,bottom,Odyssey Sims,13.0,4.0,4.0,0.10794590025359255,0.0,0.4226190476190476,-0.05743589743589743,0.40908281841569905,0.25,0.0,0.4226190476190476,False,False,,,,,,,,,,,,,,,,,False,False
Awak Kuier,awak kuier,DAL,1.1764705882352942,17,18.176470588235293,blk,DAL,DAL,1,top,Awak Kuier,14.0,4.0,3.0,0.20436250257678834,-0.03860028860028861,0.2166666666666667,0.3379251700680272,0.12611804674056742,0.3333333333333333,0.5,0.2552669552669553,False,False,,,,,,,,,,,,,,,,,False,False
Azzi Fudd,azzi fudd,DAL,0.7272727272727273,22,29.772727272727273,blk,DAL,DAL,2,top,Azzi Fudd,19.0,6.0,5.0,0.20710922182121463,0.6079695767195766,-0.48026143790849674,0.3360706179785127,-0.48164739001515283,0.2,0.8333333333333334,-1.0882310146280734,False,False,Azzi Fudd,DAL,LAS,blk,0.5,OVER,OVER,-0.3531813588494555,0.10035000000000005,-0.001935742416894426,B,15,Weak,0.4,0.4,azzi fudd,True,False
Paige Bueckers,paige bueckers,DAL,0.391304347826087,23,32.608695652173914,blk,DAL,DAL,3,top,Paige Bueckers,20.0,7.0,5.0,0.20157458790779223,0.20698894942592422,-0.3005604921394395,0.5106714466089466,-0.26935364116852195,0.0,0.42857142857142855,-0.5075494415653636,False,False,Paige Bueckers,DAL,LAS,blk,0.5,OVER,OVER,-0.265143820727601,0.10034999999999994,0.4749335316709552,B,15,Weak,0.4,0.6,paige bueckers,True,False
Jessica Shepard,jessica shepard,DAL,0.0,22,32.22727272727273,fg3m,DAL,DAL,1,bottom,Jessica Shepard,19.0,6.0,5.0,0.0,0.0,0.0,0.0,,0.0,0.0,0.0,False,False,,,,,,,,,,,,,,,,,False,False
Alanna Smith,alanna smith,DAL,0.5,18,15.222222222222221,fg3m,DAL,DAL,2,bottom,Alanna Smith,15.0,5.0,5.0,-0.19606214591508705,-0.48730158730158735,0.060906593406593365,-0.16179144385026736,0.287149167379036,0.4,0.2,0.5482081807081807,False,True,,,,,,,,,,,,,,,,,False,False
Odyssey Sims,odyssey sims,DAL,0.5625,16,15.375,fg3m,DAL,DAL,3,bottom,Odyssey Sims,13.0,4.0,4.0,-0.23332180639872951,-0.07857142857142857,-0.1185064935064935,-0.448974358974359,-0.09864810034754763,0.25,0.25,-0.039935064935064934,False,False,,,,,,,,,,,,,,,,,False,False
Arike Ogunbowale,arike ogunbowale,DAL,1.9047619047619047,21,28.714285714285715,fg3m,DAL,DAL,1,top,Arike Ogunbowale,18.0,5.0,5.0,-0.001582441991368724,-1.3667016317016316,0.7744969040247678,0.36656746031746035,0.3169544844673171,0.6,0.2,2.1411985357263994,True,True,Arike Ogunbowale,DAL,LAS,fg3m,0.5,OVER,OVER,6.410379833195759,0.90073,-0.04733222659374436,A,15,Weak,0.8,1.4,arike ogunbowale,True,True
Azzi Fudd,azzi fudd,DAL,1.7727272727272727,22,29.772727272727273,fg3m,DAL,DAL,2,top,Azzi Fudd,19.0,6.0,5.0,0.6553683832688233,0.4490740740740741,0.4294771241830066,0.9512711520935205,-0.11497784057129876,0.4,0.6666666666666666,-0.019596949891067528,False,False,Azzi Fudd,DAL,LAS,fg3m,1.5,OVER,OVER,3.801181115305197,0.7007300000000001,-0.07299994600130699,A,15,Weak,0.6,2.2,azzi fudd,True,False
Paige Bueckers,paige bueckers,DAL,1.6956521739130435,23,32.608695652173914,fg3m,DAL,DAL,3,top,Paige Bueckers,20.0,7.0,5.0,-0.31086138148057657,-0.12478529873487854,0.10369256474519632,-0.7327741702741702,0.14357452837100232,0.6,0.42857142857142855,0.22847786348007487,False,False,Paige Bueckers,DAL,LAS,fg3m,0.5,OVER,OVER,7.885948742082832,0.90073,-0.03988789823059014,A,15,Weak,1,1.4,paige bueckers,True,False
Alanna Smith,alanna smith,DAL,9.277777777777779,18,15.222222222222221,pra,DAL,DAL,1,bottom,Alanna Smith,15.0,5.0,5.0,-3.383870040634747,-2.537301587301587,-4.717472527472528,-2.8968360071301245,-0.14576096544374748,0.2,0.4,-2.1801709401709406,False,True,,,,,,,,,,,,,,,,,False,False
Odyssey Sims,odyssey sims,DAL,9.3125,16,15.375,pra,DAL,DAL,2,bottom,Odyssey Sims,13.0,4.0,4.0,-4.205195018656557,0.3601190476190479,-5.914556277056278,-6.4899572649572645,-0.47334177651813164,0.0,0.5,-6.274675324675325,False,False,,,,,,,,,,,,,,,,,False,False
Awak Kuier,awak kuier,DAL,10.823529411764707,17,18.176470588235293,pra,DAL,DAL,3,bottom,Awak Kuier,14.0,4.0,3.0,-0.3659235605664176,-0.9473304473304474,-2.1790598290598293,0.7433673469387758,0.020085802903455716,0.3333333333333333,0.25,-1.231729381729382,False,True,,,,,,,,,,,,,,,,,False,False
Jessica Shepard,jessica shepard,DAL,31.318181818181817,22,32.22727272727273,pra,DAL,DAL,1,top,Jessica Shepard,19.0,6.0,5.0,4.663989149825063,-4.004298941798941,5.8298692810457515,10.436530136530136,0.4314007396017397,0.8,0.16666666666666666,9.834168222844692,True,True,Jessica Shepard,DAL,LAS,pra,29.5,OVER,OVER,4.973193660136448,6.584358000000002,-0.3927120342077098,A,15,Weak,0.8,34.4,jessica shepard,True,True
Paige Bueckers,paige bueckers,DAL,30.347826086956523,23,32.608695652173914,pra,DAL,DAL,2,top,Paige Bueckers,20.0,7.0,5.0,3.6697759165928674,1.042672453596824,7.906104655578341,3.320785984848485,0.3447525273120726,1.0,0.42857142857142855,6.863432201981517,True,False,Paige Bueckers,DAL,LAS,pra,29.5,OVER,OVER,5.559415710061034,8.724358000000002,-0.3748331244708015,A,15,Weak,0.8,36.8,paige bueckers,True,True
Arike Ogunbowale,arike ogunbowale,DAL,18.80952380952381,21,28.714285714285715,pra,DAL,DAL,3,top,Arike Ogunbowale,18.0,5.0,5.0,-1.5562015302856382,-8.2961655011655,5.216855865153079,-1.576884920634921,0.34584472602067334,0.4,0.2,13.51302136631858,False,True,Arike Ogunbowale,DAL,LAS,pra,14.5,OVER,OVER,2.342448880405733,3.7688580000000016,-0.3266416933707257,A,15,Weak,0.6,18.2,arike ogunbowale,True,False
Alanna Smith,alanna smith,DAL,4.666666666666667,18,15.222222222222221,pts,DAL,DAL,1,bottom,Alanna Smith,15.0,5.0,5.0,-1.3136147294970826,-1.8436507936507938,-1.1920329670329672,-0.9051604278074867,0.14512800534718331,0.2,0.4,0.6516178266178265,False,True,,,,,,,,,,,,,,,,,False,False
Odyssey Sims,odyssey sims,DAL,6.0625,16,15.375,pts,DAL,DAL,2,bottom,Odyssey Sims,13.0,4.0,4.0,-3.1421467421467426,-0.6958333333333335,-4.400865800865801,-4.0922222222222215,-0.34943191713069444,0.25,0.5,-3.705032467532467,False,True,,,,,,,,,,,,,,,,,False,False
Awak Kuier,awak kuier,DAL,6.470588235294118,17,18.176470588235293,pts,DAL,DAL,3,bottom,Awak Kuier,14.0,4.0,3.0,-0.5355977355977356,-0.2943722943722942,-0.8863247863247864,-0.5231292517006804,0.06327917881200971,0.3333333333333333,0.25,-0.5919524919524922,False,False,,,,,,,,,,,,,,,,,False,False
Paige Bueckers,paige bueckers,DAL,19.695652173913043,23,32.608695652173914,pts,DAL,DAL,1,top,Paige Bueckers,20.0,7.0,5.0,1.948209183532326,0.2783174808384895,4.823715348978507,1.61217306998557,0.23610381511430628,0.8,0.42857142857142855,4.545397868140018,True,False,Paige Bueckers,DAL,LAS,pts,17.5,OVER,OVER,5.01748996012816,5.764724000000001,-0.3610814778166862,A,15,Weak,0.8,23.6,paige bueckers,True,True
Jessica Shepard,jessica shepard,DAL,14.727272727272727,22,32.22727272727273,pts,DAL,DAL,2,top,Jessica Shepard,19.0,6.0,5.0,2.889649880608411,-2.1198743386243386,3.738627450980392,6.116182063550484,0.4166044118471026,1.0,0.3333333333333333,5.8585017896047304,True,True,Jessica Shepard,DAL,LAS,pts,11.5,OVER,OVER,6.699336743648599,5.814723999999998,-0.3756023013083856,A,15,Weak,1,17.8,jessica shepard,True,True
Arike Ogunbowale,arike ogunbowale,DAL,13.333333333333334,21,28.714285714285715,pts,DAL,DAL,3,top,Arike Ogunbowale,18.0,5.0,5.0,-1.709295384411483,-7.032319347319347,3.2728242174062614,-1.496230158730159,0.320183992932377,0.4,0.2,10.305143564725608,False,True,Arike Ogunbowale,DAL,LAS,pts,9.5,OVER,OVER,3.043559384994247,2.4105120000000007,-0.263938374990943,A,15,Weak,0.6,12.8,arike ogunbowale,True,False
Odyssey Sims,odyssey sims,DAL,0.875,16,15.375,reb,DAL,DAL,1,bottom,Odyssey Sims,13.0,4.0,4.0,-0.4082464544003006,-0.016666666666666663,-0.5821428571428571,-0.5823931623931624,-0.1648643750081252,0.25,0.25,-0.5654761904761905,False,False,,,,,,,,,,,,,,,,,False,False
Azzi Fudd,azzi fudd,DAL,1.5,22,29.772727272727273,reb,DAL,DAL,2,bottom,Azzi Fudd,19.0,6.0,5.0,0.5943306173304543,0.3713624338624338,1.2094117647058824,0.37713103782182733,0.17122121989644162,0.8,0.5,0.8380493308434487,True,False,Azzi Fudd,DAL,LAS,reb,1.5,OVER,OVER,2.615142841479529,0.5523359999999999,-0.008955876861877932,A,15,Weak,0.6,2,azzi fudd,True,True
Arike Ogunbowale,arike ogunbowale,DAL,2.7142857142857144,21,28.714285714285715,reb,DAL,DAL,3,bottom,Arike Ogunbowale,18.0,5.0,5.0,0.1799403411632514,0.19441724941724942,0.7760663914688682,-0.20168650793650789,0.11571659746503685,0.6,0.4,0.5816491420516188,True,False,Arike Ogunbowale,DAL,LAS,reb,1.5,OVER,OVER,7.003015788091791,1.3523360000000002,-0.1587305133730778,A,15,Weak,0.8,3,arike ogunbowale,True,True
Jessica Shepard,jessica shepard,DAL,11.409090909090908,22,32.22727272727273,reb,DAL,DAL,1,top,Jessica Shepard,19.0,6.0,5.0,1.8637217993112571,0.00644841269841286,3.6440522875816996,2.1439702841018633,0.4606805079502923,0.8,0.3333333333333333,3.6376038748832866,True,False,Jessica Shepard,DAL,LAS,reb,8.5,OVER,OVER,6.386980086955198,3.3546720000000008,-0.3483057301438719,A,15,Weak,0.8,12,jessica shepard,True,True
Paige Bueckers,paige bueckers,DAL,4.173913043478261,23,32.608695652173914,reb,DAL,DAL,2,top,Paige Bueckers,20.0,7.0,5.0,0.945234101983328,0.45896666358851235,0.8075172780435939,1.4567911255411254,0.0006498372337615669,0.6,0.42857142857142855,0.3485506144550815,False,False,Paige Bueckers,DAL,LAS,reb,3.5,OVER,OVER,5.483635097096922,1.8523360000000002,-0.2245117186071538,C,15,Weak,0.8,5.8,paige bueckers,True,False
Awak Kuier,awak kuier,DAL,3.411764705882353,17,18.176470588235293,reb,DAL,DAL,3,top,Awak Kuier,14.0,4.0,3.0,0.3059127380555952,0.10425685425685427,-0.8653846153846154,0.9231292517006803,-0.06635302319114728,0.3333333333333333,0.5,-0.9696414696414697,False,False,,,,,,,,,,,,,,,,,False,False
Awak Kuier,awak kuier,DAL,0.5294117647058824,17,18.176470588235293,stl,DAL,DAL,1,bottom,Awak Kuier,14.0,4.0,3.0,-0.29300055103626527,-0.3178210678210678,0.11495726495726495,-0.453656462585034,0.2297732218958215,0.6666666666666666,0.25,0.4327783327783327,False,True,,,,,,,,,,,,,,,,,False,False
Alanna Smith,alanna smith,DAL,0.5555555555555556,18,15.222222222222221,stl,DAL,DAL,2,bottom,Alanna Smith,15.0,5.0,5.0,-0.3828514949103184,-0.5285714285714286,-0.17203296703296705,-0.4479500891265597,0.1988045266778959,0.4,0.2,0.3565384615384615,False,True,,,,,,,,,,,,,,,,,False,False
Odyssey Sims,odyssey sims,DAL,0.5625,16,15.375,stl,DAL,DAL,3,bottom,Odyssey Sims,13.0,4.0,4.0,-0.3563624409778256,0.3982142857142857,-0.8027597402597403,-0.602905982905983,-0.5811824823633476,0.0,0.75,-1.200974025974026,False,False,,,,,,,,,,,,,,,,,False,False
Azzi Fudd,azzi fudd,DAL,1.5909090909090908,22,29.772727272727273,stl,DAL,DAL,1,top,Azzi Fudd,19.0,6.0,5.0,0.7259745452979118,1.7848875661375658,0.1823529411764706,0.2715532822440717,-0.4436021613329566,0.6,1.0,-1.6025346249610952,False,False,Azzi Fudd,DAL,LAS,stl,1.5,OVER,OVER,4.753437678256098,0.5004379999999999,-0.02721260061738806,A,15,Weak,0.6,1.6,azzi fudd,True,False
Paige Bueckers,paige bueckers,DAL,0.782608695652174,23,32.608695652173914,stl,DAL,DAL,2,top,Paige Bueckers,20.0,7.0,5.0,0.05885381861001058,0.15576538307630747,-0.12767069188121818,0.09063401875901878,-0.05612622652333534,0.4,0.7142857142857143,-0.28343607495752565,False,False,Paige Bueckers,DAL,LAS,stl,0.5,OVER,OVER,2.871839604648907,0.200438,0.1085507432349629,A,15,Weak,0.2,0.4,paige bueckers,True,False
Arike Ogunbowale,arike ogunbowale,DAL,0.6666666666666666,21,28.714285714285715,stl,DAL,DAL,3,top,Arike Ogunbowale,18.0,5.0,5.0,0.03179623309267272,-0.11763403263403265,0.18448142414860677,0.029761904761904753,0.13205238759742938,0.4,0.6,0.3021154567826394,False,False,,,,,,,,,,,,,,,,,False,False
Jessica Shepard,jessica shepard,DAL,0.6363636363636364,22,32.22727272727273,stocks,DAL,DAL,1,bottom,Jessica Shepard,19.0,6.0,5.0,0.04248927638002107,-0.08283730158730157,0.3772549019607844,-0.072744306132464,0.41176085545679414,0.8,0.5,0.46009220354808594,False,False,Jessica Shepard,DAL,LAS,stocks,0.5,OVER,OVER,0.5373083615162956,0.09999999999999998,0.1428810027752235,A,15,Weak,0.6,0.6,jessica shepard,True,False
Odyssey Sims,odyssey sims,DAL,0.6875,16,15.375,stocks,DAL,DAL,2,bottom,Odyssey Sims,13.0,4.0,4.0,-0.24841654072423303,0.3982142857142857,-0.38014069264069267,-0.6603418803418803,-0.24821066775630074,0.25,0.75,-0.7783549783549784,False,False,,,,,,,,,,,,,,,,,False,False
Arike Ogunbowale,arike ogunbowale,DAL,0.7142857142857143,21,28.714285714285715,stocks,DAL,DAL,3,bottom,Arike Ogunbowale,18.0,5.0,5.0,0.014329215103208916,0.010466200466200459,0.12746818025455797,-0.05396825396825396,0.04941722797385851,0.4,0.8,0.11700197978835751,False,False,Arike Ogunbowale,DAL,LAS,stocks,0.5,OVER,OVER,0.5373083615162956,0.09999999999999998,0.1461298857477122,A,15,Weak,0.6,0.6,arike ogunbowale,True,False
Azzi Fudd,azzi fudd,DAL,2.3181818181818183,22,29.772727272727273,stocks,DAL,DAL,1,top,Azzi Fudd,19.0,6.0,5.0,0.9330837671191266,2.392857142857143,-0.29790849673202613,0.6076239002225844,-0.6260112232647274,0.6,1.0,-2.690765639589169,False,False,Azzi Fudd,DAL,LAS,stocks,2.5,OVER,OVER,-0.4015241806283634,0.10000000000000009,-0.1345621948011735,B,15,Weak,0.4,2,azzi fudd,True,False
Awak Kuier,awak kuier,DAL,1.7058823529411764,17,18.176470588235293,stocks,DAL,DAL,2,top,Awak Kuier,14.0,4.0,3.0,-0.088638048459477,-0.3564213564213564,0.3316239316239316,-0.11573129251700671,0.21530541664225364,0.6666666666666666,0.5,0.6880452880452881,True,True,,,,,,,,,,,,,,,,,False,False
Paige Bueckers,paige bueckers,DAL,1.173913043478261,23,32.608695652173914,stocks,DAL,DAL,3,top,Paige Bueckers,20.0,7.0,5.0,0.2604284065178028,0.36275433250223166,-0.42823118402065774,0.6013054653679653,-0.24094644894838652,0.4,0.5714285714285714,-0.7909855165228894,False,False,Paige Bueckers,DAL,LAS,stocks,1.5,OVER,OVER,-5.326626820912391,-0.19999999999999996,,C,15,Weak,0.4,1,paige bueckers,True,False
Kayla Thornton,kayla thornton,GS,0.6,25,24.36,ast,GSV,GS,1,bottom,Kayla Thornton,22.0,5.0,7.0,0.13031358408489183,0.23551304732419281,0.20175221603793034,0.02770681009811443,0.020508576979321402,0.5714285714285714,0.6,-0.03376083128626248,False,False,,,,,,,,,,,,,,,,,False,False
Janelle Salaun,janelle salaun,GS,1.0833333333333333,24,21.916666666666668,ast,GSV,GS,2,bottom,Janelle Salaun,21.0,5.0,7.0,-0.11471379333161347,-0.5103632478632478,-0.14115900989062155,0.1256599609540786,0.19848237230208657,0.2857142857142857,0.2,0.36920423797262625,False,True,,,,,,,,,,,,,,,,,False,False
Kiah Stokes,kiah stokes,GS,1.12,25,21.72,ast,GSV,GS,3,bottom,Kiah Stokes,22.0,5.0,7.0,-0.11089546059389364,-0.4047091994692614,-0.24669140383426097,0.13106856911204737,0.01798683841664433,0.2857142857142857,0.2,0.15801779563500046,False,True,,,,,,,,,,,,,,,,,False,False
Veronica Burton,veronica burton,GS,5.16,25,27.36,ast,GSV,GS,1,top,Veronica Burton,22.0,5.0,7.0,-0.48597730223224306,-0.9635714285714286,1.1079983508554938,-1.3629631962240656,0.20116212190242821,0.7142857142857143,0.2,2.0715697794269223,True,True,,,,,,,,,,,,,,,,,False,False
Tiffany Hayes,tiffany hayes,GS,2.238095238095238,21,16.238095238095237,ast,GSV,GS,2,top,Tiffany Hayes,18.0,5.0,7.0,0.182990899709166,0.2533333333333333,0.7784313725490196,-0.5703083466241362,0.16089664285836774,0.5714285714285714,0.6,0.5250980392156863,True,False,,,,,,,,,,,,,,,,,False,False
Gabby Williams,gabby williams,GS,2.217391304347826,23,25.217391304347824,ast,GSV,GS,3,top,Gabby Williams,20.0,5.0,6.0,-0.25984508010049806,0.22602564102564102,-0.5306020733652314,-0.3492685963274199,-0.2863769241238108,0.16666666666666666,0.4,-0.7566277143908724,False,False,,,,,,,,,,,,,,,,,False,False
Kaitlyn Chen,kaitlyn chen,GS,0.0,24,16.041666666666668,blk,GSV,GS,1,bottom,Kaitlyn Chen,21.0,4.0,7.0,0.0,0.0,0.0,0.0,,0.0,0.0,0.0,False,False,,,,,,,,,,,,,,,,,False,False
Kate Martin,kate martin,GS,0.0,1,23.0,blk,GSV,GS,2,bottom,,,,,,,,,,,,,False,False,,,,,,,,,,,,,,,,,False,False
Cecilia Zandalasini,cecilia zandalasini,GS,0.1,20,18.3,blk,GSV,GS,3,bottom,Cecilia Zandalasini,17.0,5.0,6.0,0.09712888767478095,0.2,-0.048875558995528035,0.1574074074074074,-0.34684542914949945,0.0,0.2,-0.24887555899552805,False,False,,,,,,,,,,,,,,,,,False,False
Kiah Stokes,kiah stokes,GS,1.8,25,21.72,blk,GSV,GS,1,top,Kiah Stokes,22.0,5.0,7.0,0.18885249413951435,1.3205484298982753,-0.36671820243248815,0.011904013860535545,-0.46546359886544175,0.42857142857142855,0.8,-1.6872666323307635,False,False,,,,,,,,,,,,,,,,,False,False
Ashlon Jackson,ashlon jackson,GS,1.0,1,26.0,blk,GSV,GS,2,top,,,,,,,,,,,,,False,False,,,,,,,,,,,,,,,,,False,False
Veronica Burton,veronica burton,GS,0.56,25,27.36,blk,GSV,GS,3,top,Veronica Burton,22.0,5.0,7.0,0.08692851888658554,-0.27984409553295003,-0.011142032570603977,0.338964212116386,0.067123055018236,0.2857142857142857,0.4,0.26870206296234606,False,False,,,,,,,,,,,,,,,,,False,False
Ashlon Jackson,ashlon jackson,GS,0.0,1,26.0,fg3m,GSV,GS,1,bottom,,,,,,,,,,,,,False,False,,,,,,,,,,,,,,,,,False,False
Kiah Stokes,kiah stokes,GS,0.52,25,21.72,fg3m,GSV,GS,2,bottom,Kiah Stokes,22.0,5.0,7.0,0.2208373291213573,0.4044869526758072,0.5791383219954648,-0.1217981776677429,0.026746540683226128,0.7142857142857143,0.6,0.17465136931965758,False,False,,,,,,,,,,,,,,,,,False,False
Kaitlyn Chen,kaitlyn chen,GS,0.5416666666666666,24,16.041666666666668,fg3m,GSV,GS,3,bottom,Kaitlyn Chen,21.0,4.0,7.0,-0.09504606416202861,0.07574404761904763,-0.19353326380132524,-0.09442106912695146,-0.14141454146401175,0.2857142857142857,0.75,-0.26927731142037287,False,False,,,,,,,,,,,,,,,,,False,False
Janelle Salaun,janelle salaun,GS,2.4583333333333335,24,21.916666666666668,fg3m,GSV,GS,1,top,Janelle Salaun,21.0,5.0,7.0,-0.1781898010858359,0.5670299145299145,0.13930078584377384,-0.8391378773731716,-0.06029129749129473,0.42857142857142855,0.6,-0.42772912868614066,False,False,,,,,,,,,,,,,,,,,False,False
Kate Martin,kate martin,GS,2.0,1,23.0,fg3m,GSV,GS,2,top,,,,,,,,,,,,,False,False,,,,,,,,,,,,,,,,,False,False
Gabby Williams,gabby williams,GS,1.7826086956521738,23,25.217391304347824,fg3m,GSV,GS,3,top,Gabby Williams,20.0,5.0,6.0,-0.44606933722452313,0.061388888888888896,-0.888895534290271,-0.43277310924369744,-0.19200297154813378,0.3333333333333333,0.4,-0.95028442317916,False,False,,,,,,,,,,,,,,,,,False,False
Ashlon Jackson,ashlon jackson,GS,8.0,1,26.0,pra,GSV,GS,1,bottom,,,,,,,,,,,,,False,False,,,,,,,,,,,,,,,,,False,False
Kiah Stokes,kiah stokes,GS,9.8,25,21.72,pra,GSV,GS,2,bottom,Kiah Stokes,22.0,5.0,7.0,0.45302644934745495,1.8775508624502433,-0.5763760049474335,0.46134596080248275,-0.3179250537681854,0.5714285714285714,0.6,-2.453926867397677,False,False,,,,,,,,,,,,,,,,,False,False
Tiffany Hayes,tiffany hayes,GS,10.80952380952381,21,16.238095238095237,pra,GSV,GS,3,bottom,Tiffany Hayes,18.0,5.0,7.0,-1.143408094743234,0.04051282051282072,-2.131991129785247,-0.9766619832409308,-0.12904227709496607,0.42857142857142855,0.4,-2.172503950298068,False,False,,,,,,,,,,,,,,,,,False,False
Gabby Williams,gabby williams,GS,20.26086956521739,23,25.217391304347824,pra,GSV,GS,1,top,Gabby Williams,20.0,5.0,6.0,-1.0547306509709762,1.496431623931624,-5.249980063795853,0.32478991596638607,-0.23949588674161876,0.3333333333333333,0.8,-6.746411687727477,False,False,,,,,,,,,,,,,,,,,False,False
Veronica Burton,veronica burton,GS,19.96,25,27.36,pra,GSV,GS,2,top,Veronica Burton,22.0,5.0,7.0,-2.1155455540932753,-4.3070378151260496,-1.4588538445681307,-1.4794836202444894,0.006728696401254646,0.2857142857142857,0.2,2.848183970557919,False,True,,,,,,,,,,,,,,,,,False,False
Janelle Salaun,janelle salaun,GS,17.458333333333332,24,21.916666666666668,pra,GSV,GS,3,top,Janelle Salaun,21.0,5.0,7.0,-0.5870639392703021,-0.7686965811965812,0.9259978715846654,-1.6629827688651215,0.054154554664334366,0.42857142857142855,0.4,1.6946944527812466,False,True,,,,,,,,,,,,,,,,,False,False
Ashlon Jackson,ashlon jackson,GS,1.0,1,26.0,pts,GSV,GS,1,bottom,,,,,,,,,,,,,False,False,,,,,,,,,,,,,,,,,False,False
Kiah Stokes,kiah stokes,GS,3.6,25,21.72,pts,GSV,GS,2,bottom,Kiah Stokes,22.0,5.0,7.0,0.3385677432126238,2.275493144626272,0.04979901051329622,-0.42775684460467084,-0.3276426518311199,0.5714285714285714,0.6,-2.2256941341129757,False,False,,,,,,,,,,,,,,,,,False,False
Kaila Charles,kaila charles,GS,6.208333333333333,24,20.0,pts,GSV,GS,3,bottom,Kaila Charles,21.0,5.0,7.0,-0.4276180523452314,-3.824465811965812,2.1025467748988507,-0.5083863848569732,0.4504520999460618,0.7142857142857143,0.2,5.927012586864663,True,True,,,,,,,,,,,,,,,,,False,False
Gabby Williams,gabby williams,GS,14.521739130434783,23,25.217391304347824,pts,GSV,GS,1,top,Gabby Williams,20.0,5.0,6.0,-0.1610243735882279,0.515192307692308,-3.5124800637958526,1.6976034858387796,-0.17373360810555993,0.5,0.6,-4.02767237148816,False,False,,,,,,,,,,,,,,,,,False,False
Janelle Salaun,janelle salaun,GS,12.541666666666666,24,21.916666666666668,pts,GSV,GS,2,top,Janelle Salaun,21.0,5.0,7.0,-0.9811026464392614,-0.858931623931624,0.5490807410961059,-2.2391180714710126,0.042894959194452076,0.42857142857142855,0.6,1.40801236502773,False,True,,,,,,,,,,,,,,,,,False,False
Veronica Burton,veronica burton,GS,11.48,25,27.36,pts,GSV,GS,3,top,Veronica Burton,22.0,5.0,7.0,-2.1299437100862564,-2.277765369305617,-2.3282931354359926,-1.9171882827317615,-0.0834708247189846,0.14285714285714285,0.2,-0.050527766130375795,False,True,,,,,,,,,,,,,,,,,False,False
Tiffany Hayes,tiffany hayes,GS,1.1428571428571428,21,16.238095238095237,reb,GSV,GS,1,bottom,Tiffany Hayes,18.0,5.0,7.0,-0.057330589135284694,0.6238461538461539,-0.4806372549019608,-0.13112009822536141,-0.2187612358284891,0.2857142857142857,0.4,-1.1044834087481148,False,False,,,,,,,,,,,,,,,,,False,False
Kaitlyn Chen,kaitlyn chen,GS,1.3333333333333333,24,16.041666666666668,reb,GSV,GS,2,bottom,Kaitlyn Chen,21.0,4.0,7.0,-0.5626215527043363,-0.6625992063492063,-0.5046713574827337,-0.5631956279015103,-0.017398284346120747,0.14285714285714285,0.25,0.1579278488664726,False,True,,,,,,,,,,,,,,,,,False,False
Cecilia Zandalasini,cecilia zandalasini,GS,1.85,20,18.3,reb,GSV,GS,3,bottom,Cecilia Zandalasini,17.0,5.0,6.0,0.15493481659480568,0.5062626262626263,-0.3833665044965355,0.400462962962963,-0.09566148580843394,0.16666666666666666,0.4,-0.8896291307591617,False,False,,,,,,,,,,,,,,,,,False,False
Kate Martin,kate martin,GS,7.0,1,23.0,reb,GSV,GS,1,top,,,,,,,,,,,,,False,False,,,,,,,,,,,,,,,,,False,False
Kiah Stokes,kiah stokes,GS,5.08,25,21.72,reb,GSV,GS,2,top,Kiah Stokes,22.0,5.0,7.0,0.22535416672872463,0.006766917293233199,-0.37948361162646876,0.7580342362951058,-0.17727982891744784,0.2857142857142857,0.4,-0.38625052891970196,False,False,,,,,,,,,,,,,,,,,False,False
Kayla Thornton,kayla thornton,GS,5.04,25,24.36,reb,GSV,GS,3,top,Kayla Thornton,22.0,5.0,7.0,0.3050129557506973,-0.7980694383016363,0.18276643990929703,0.9421267138658443,0.014255660770371057,0.42857142857142855,0.4,0.9808358782109334,False,True,,,,,,,,,,,,,,,,,False,False
Kate Martin,kate martin,GS,0.0,1,23.0,stl,GSV,GS,1,bottom,,,,,,,,,,,,,False,False,,,,,,,,,,,,,,,,,False,False
Kaitlyn Chen,kaitlyn chen,GS,0.2916666666666667,24,16.041666666666668,stl,GSV,GS,2,bottom,Kaitlyn Chen,21.0,4.0,7.0,0.1907575002836334,-0.16711309523809523,0.40516716221194804,0.18381897514250456,0.3300007210669986,0.42857142857142855,0.0,0.5722802574500433,False,False,,,,,,,,,,,,,,,,,False,False
Tiffany Hayes,tiffany hayes,GS,0.5714285714285714,21,16.238095238095237,stl,GSV,GS,3,bottom,Tiffany Hayes,18.0,5.0,7.0,-0.08146443172887961,-0.01769230769230772,-0.23112745098039214,0.03999898736740842,-0.15826628376527127,0.42857142857142855,0.4,-0.2134351432880844,False,False,,,,,,,,,,,,,,,,,False,False
Ashlon Jackson,ashlon jackson,GS,2.0,1,26.0,stl,GSV,GS,1,top,,,,,,,,,,,,,False,False,,,,,,,,,,,,,,,,,False,False
Gabby Williams,gabby williams,GS,1.7391304347826086,23,25.217391304347824,stl,GSV,GS,2,top,Gabby Williams,20.0,5.0,6.0,-0.02283298744599055,0.13653846153846155,-0.4427631578947369,0.16858076563958915,-0.13602306446792928,0.3333333333333333,0.6,-0.5793016194331985,False,False,,,,,,,,,,,,,,,,,False,False
Veronica Burton,veronica burton,GS,1.32,25,27.36,stl,GSV,GS,3,top,Veronica Burton,22.0,5.0,7.0,0.08748540287212443,0.7909420610349402,0.17484539270253552,-0.3253949190905713,-0.13219535407232688,0.5714285714285714,0.6,-0.6160966683324047,False,False,,,,,,,,,,,,,,,,,False,False
Kate Martin,kate martin,GS,0.0,1,23.0,stocks,GSV,GS,1,bottom,,,,,,,,,,,,,False,False,,,,,,,,,,,,,,,,,False,False
Kaitlyn Chen,kaitlyn chen,GS,0.2916666666666667,24,16.041666666666668,stocks,GSV,GS,2,bottom,Kaitlyn Chen,21.0,4.0,7.0,0.1907575002836334,-0.16711309523809523,0.40516716221194804,0.18381897514250456,0.3300007210669986,0.42857142857142855,0.0,0.5722802574500433,False,False,,,,,,,,,,,,,,,,,False,False
Kaila Charles,kaila charles,GS,0.75,24,20.0,stocks,GSV,GS,3,bottom,Kaila Charles,21.0,5.0,7.0,0.1132501267101675,1.3859188034188032,-0.09576439687587121,-0.4312211753388223,-0.35143495075777814,0.42857142857142855,0.8,-1.4816832002946745,False,False,,,,,,,,,,,,,,,,,False,False
Ashlon Jackson,ashlon jackson,GS,3.0,1,26.0,stocks,GSV,GS,1,top,,,,,,,,,,,,,False,False,,,,,,,,,,,,,,,,,False,False
Kiah Stokes,kiah stokes,GS,2.6,25,21.72,stocks,GSV,GS,2,top,Kiah Stokes,22.0,5.0,7.0,0.1264924888425085,1.287778637770898,-0.36756338899196045,-0.10831147113755812,-0.42810592251166124,0.42857142857142855,0.8,-1.6553420267628585,False,False,,,,,,,,,,,,,,,,,False,False
Gabby Williams,gabby williams,GS,1.9565217391304348,23,25.217391304347824,stocks,GSV,GS,3,top,Gabby Williams,20.0,5.0,6.0,-0.1559085024023104,0.3114957264957265,-0.7028508771929824,-0.05094926859632739,-0.2341530698904414,0.3333333333333333,0.8,-1.014346603688709,False,False,,,,,,,,,,,,,,,,,False,False
Makayla Timpson,makayla timpson,IND,0.6190476190476191,21,18.952380952380953,ast,IND,IND,1,bottom,Makayla Timpson,18.0,7.0,6.0,0.10005237089860415,0.1221685165294188,-0.2569153069153069,0.49745098039215696,-0.09581667907562051,0.3333333333333333,0.42857142857142855,-0.3790838234447257,False,False,,,,,,,,,,,,,,,,,False,False
Lexie Hull,lexie hull,IND,0.75,24,19.375,ast,IND,IND,2,bottom,Lexie Hull,21.0,8.0,6.0,0.07518916096377973,0.03918893606393607,0.05745851370851368,0.1315299727824005,0.041345374636739464,0.5,0.5,0.01826957764457761,False,False,,,,,,,,,,,,,,,,,False,False
Monique Billings,monique billings,IND,1.0384615384615385,26,20.307692307692307,ast,IND,IND,3,bottom,Monique Billings,23.0,8.0,8.0,0.23975219583002244,0.16064958592132508,0.5379807692307692,-0.0106774767323197,0.2284641452747661,0.5,0.5,0.37733118330944415,False,False,,,,,,,,,,,,,,,,,False,False
Caitlin Clark,caitlin clark,IND,7.217391304347826,23,26.73913043478261,ast,IND,IND,1,top,Caitlin Clark,20.0,8.0,6.0,1.025961775367735,0.989732142857143,1.096937321937322,1.0032924054789378,-0.015910161476390197,0.5,0.5,0.10720517908017901,False,False,,,,,,,,,,,,,,,,,False,False
Aliyah Boston,aliyah boston,IND,2.772727272727273,22,26.181818181818183,ast,IND,IND,2,top,Aliyah Boston,19.0,6.0,6.0,-0.3096465553529265,0.2534188034188034,-0.37279942279942274,-0.7381429764888413,-0.15056175416386572,0.3333333333333333,0.5,-0.6262182262182261,False,False,,,,,,,,,,,,,,,,,False,False
Tyasha Harris,tyasha harris,IND,2.7058823529411766,17,17.941176470588236,ast,IND,IND,3,top,Tyasha Harris,14.0,5.0,5.0,0.5742087277801563,-0.9569047619047619,1.4002020202020202,1.4556089743589744,0.48273636138451853,0.8,0.2,2.357106782106782,True,True,,,,,,,,,,,,,,,,,False,False
Kelsey Mitchell,kelsey mitchell,IND,0.07407407407407407,27,30.25925925925926,blk,IND,IND,1,bottom,Kelsey Mitchell,24.0,8.0,8.0,0.048421148871705816,-0.0365625,0.10354010025062657,0.07828584636449086,0.18440807709265755,0.125,0.0,0.14010260025062657,False,False,,,,,,,,,,,,,,,,,False,False
Sophie Cunningham,sophie cunningham,IND,0.1111111111111111,27,22.11111111111111,blk,IND,IND,2,bottom,Sophie Cunningham,24.0,8.0,8.0,0.0664825118243731,0.05776830808080809,-0.061432427221900905,0.20311165461421216,-0.10026539388816555,0.0,0.125,-0.119200735302709,False,False,,,,,,,,,,,,,,,,,False,False
Lexie Hull,lexie hull,IND,0.16666666666666666,24,19.375,blk,IND,IND,3,bottom,Lexie Hull,21.0,8.0,6.0,0.04238629189689706,0.10789314851814852,0.19727633477633477,-0.16524158099547984,0.011133154644011671,0.3333333333333333,0.25,0.08938318625818625,False,False,,,,,,,,,,,,,,,,,False,False
Shatori Walker-Kimbrough,shatori walker kimbrough,IND,1.3333333333333333,3,20.333333333333332,blk,IND,IND,1,top,,,,,,,,,,,,,False,False,,,,,,,,,,,,,,,,,False,False
Aliyah Boston,aliyah boston,IND,1.2272727272727273,22,26.181818181818183,blk,IND,IND,2,top,Aliyah Boston,19.0,6.0,6.0,0.07723729048276869,-0.06549145299145302,0.24717712842712844,0.053913495222650445,0.16083298207406835,0.5,0.3333333333333333,0.31266858141858145,False,False,,,,,,,,,,,,,,,,,False,False
Makayla Timpson,makayla timpson,IND,0.6666666666666666,21,18.952380952380953,blk,IND,IND,3,top,Makayla Timpson,18.0,7.0,6.0,-0.16775840163353062,-0.5325516171380833,0.47485107485107486,-0.4281792717086835,0.3605682671345271,0.5,0.14285714285714285,1.007402691989158,False,True,,,,,,,,,,,,,,,,,False,False
Makayla Timpson,makayla timpson,IND,0.0,21,18.952380952380953,fg3m,IND,IND,1,bottom,Makayla Timpson,18.0,7.0,6.0,0.0,0.0,0.0,0.0,,0.0,0.0,0.0,False,False,,,,,,,,,,,,,,,,,False,False
Myisha Hines-Allen,myisha hines allen,IND,0.2,25,15.0,fg3m,IND,IND,2,bottom,Myisha Hines-Allen,22.0,7.0,8.0,0.12493762441066618,0.06812064746847356,0.03778677462887989,0.28135557253204313,-0.1347167663984082,0.125,0.14285714285714285,-0.03033387283959367,False,False,,,,,,,,,,,,,,,,,False,False
Monique Billings,monique billings,IND,0.23076923076923078,26,20.307692307692307,fg3m,IND,IND,3,bottom,Monique Billings,23.0,8.0,8.0,-0.1065288178926418,-0.2208527432712215,-0.10443376068376065,0.0217327457298709,0.1845954959435848,0.25,0.125,0.11641898258746086,False,False,,,,,,,,,,,,,,,,,False,False
Kelsey Mitchell,kelsey mitchell,IND,2.6666666666666665,27,30.25925925925926,fg3m,IND,IND,1,top,Kelsey Mitchell,24.0,8.0,8.0,0.6514810844401805,-0.03525883838383845,0.8353202718334297,1.1543818198709503,0.33603951607756066,0.625,0.625,0.8705791102172682,True,False,,,,,,,,,,,,,,,,,False,False
Caitlin Clark,caitlin clark,IND,2.347826086956522,23,26.73913043478261,fg3m,IND,IND,2,top,Caitlin Clark,20.0,8.0,6.0,0.19701253231632493,0.3941964285714286,0.1784900284900286,-0.047376825530850396,-0.03696042267538985,0.3333333333333333,0.375,-0.21570640008140002,False,False,,,,,,,,,,,,,,,,,False,False
Sophie Cunningham,sophie cunningham,IND,1.7037037037037037,27,22.11111111111111,fg3m,IND,IND,3,top,Sophie Cunningham,24.0,8.0,8.0,0.303687128677622,0.1741729797979798,0.39372590129169077,0.3431625049431955,0.06858722910337448,0.5,0.625,0.21955292149371097,False,False,,,,,,,,,,,,,,,,,False,False
Myisha Hines-Allen,myisha hines allen,IND,9.2,25,15.0,pra,IND,IND,1,bottom,Myisha Hines-Allen,22.0,7.0,8.0,-1.3834276403860897,-1.844199761591066,-1.5420305571621362,-0.7413950428656312,0.025255454076386217,0.5,0.42857142857142855,0.3021692044289297,False,True,,,,,,,,,,,,,,,,,False,False
Lexie Hull,lexie hull,IND,9.541666666666666,24,19.375,pra,IND,IND,2,bottom,Lexie Hull,21.0,8.0,6.0,0.27957460751410146,-2.45412191974692,3.275616281866282,0.835763489224828,0.36750764622308163,0.6666666666666666,0.25,5.729738201613202,True,True,,,,,,,,,,,,,,,,,False,False
Tyasha Harris,tyasha harris,IND,10.058823529411764,17,17.941176470588236,pra,IND,IND,3,bottom,Tyasha Harris,14.0,5.0,5.0,3.2959257012828433,-1.9228571428571428,5.820808080808081,6.6633012820512825,0.6206258910794036,0.8,0.2,7.743665223665223,True,True,,,,,,,,,,,,,,,,,False,False
Caitlin Clark,caitlin clark,IND,29.91304347826087,23,26.73913043478261,pra,IND,IND,1,top,Caitlin Clark,20.0,8.0,6.0,3.097714098981514,5.627827380952381,2.154273504273504,0.6676703177283674,-0.10154674030747532,0.5,0.75,-3.4735538766788765,False,False,,,,,,,,,,,,,,,,,False,False
Aliyah Boston,aliyah boston,IND,26.727272727272727,22,26.181818181818183,pra,IND,IND,2,top,Aliyah Boston,19.0,6.0,6.0,3.792542024945886,4.768376068376068,4.89926948051948,2.0074893115140795,-0.046427554665690186,0.8333333333333334,0.6666666666666666,0.13089341214341133,False,False,,,,,,,,,,,,,,,,,False,False
Kelsey Mitchell,kelsey mitchell,IND,26.666666666666668,27,30.25925925925926,pra,IND,IND,3,top,Kelsey Mitchell,24.0,8.0,8.0,4.615686073445993,0.430381944444445,3.8240131578947367,9.592663117998796,0.2529771614922668,0.75,0.375,3.3936312134502917,True,False,,,,,,,,,,,,,,,,,False,False
Myisha Hines-Allen,myisha hines allen,IND,4.24,25,15.0,pts,IND,IND,1,bottom,Myisha Hines-Allen,22.0,7.0,8.0,-0.23496044183269602,-0.5233664282577325,-0.32081405436668586,0.15156395891690014,-0.020993640876129465,0.625,0.42857142857142855,0.20255237389104663,False,True,,,,,,,,,,,,,,,,,False,False
Raven Johnson,raven johnson,IND,5.3,20,17.5,pts,IND,IND,2,bottom,Raven Johnson,17.0,5.0,6.0,-0.5067896092959834,1.775824175824176,-1.8249789562289565,-1.0907784166298098,-0.43653653085656463,0.3333333333333333,0.6,-3.6008031320531324,False,False,,,,,,,,,,,,,,,,,False,False
Makayla Timpson,makayla timpson,IND,5.666666666666667,21,18.952380952380953,pts,IND,IND,3,bottom,Makayla Timpson,18.0,7.0,6.0,-2.4967667649878695,-2.3058867406611765,-2.4510036260036263,-2.818914565826331,-0.016007960097823064,0.3333333333333333,0.42857142857142855,-0.14511688534244982,False,True,,,,,,,,,,,,,,,,,False,False
Kelsey Mitchell,kelsey mitchell,IND,22.703703703703702,27,30.25925925925926,pts,IND,IND,1,top,Kelsey Mitchell,24.0,8.0,8.0,3.5329609844770027,0.43585858585858617,2.9526689319452473,7.210355435627175,0.24370646224677098,0.75,0.375,2.516810346086661,True,False,,,,,,,,,,,,,,,,,False,False
Caitlin Clark,caitlin clark,IND,19.08695652173913,23,26.73913043478261,pts,IND,IND,2,top,Caitlin Clark,20.0,8.0,6.0,1.9020871066498004,4.623363095238095,0.9841880341880346,-0.8083818056728278,-0.13038813140052344,0.6666666666666666,0.625,-3.6391750610500604,False,False,,,,,,,,,,,,,,,,,False,False
Aliyah Boston,aliyah boston,IND,15.954545454545455,22,26.181818181818183,pts,IND,IND,3,top,Aliyah Boston,19.0,6.0,6.0,2.385731440359109,2.553311965811965,3.516360028860029,1.2729807712558705,0.024193958838446036,0.6666666666666666,0.5,0.9630480630480642,True,False,,,,,,,,,,,,,,,,,False,False
Kelsey Mitchell,kelsey mitchell,IND,1.4814814814814814,27,30.25925925925926,reb,IND,IND,1,bottom,Kelsey Mitchell,24.0,8.0,8.0,0.42073690495340443,-0.24553661616161618,0.5093900616926933,0.9983572693291364,0.17486684308125786,0.625,0.25,0.7549266778543094,True,False,,,,,,,,,,,,,,,,,False,False
Tyasha Harris,tyasha harris,IND,1.588235294117647,17,17.941176470588236,reb,IND,IND,2,bottom,Tyasha Harris,14.0,5.0,5.0,0.4786333705976563,0.3392857142857142,1.0897979797979798,-0.11113782051282056,0.2654637760479835,0.6,0.6,0.7505122655122656,True,False,,,,,,,,,,,,,,,,,False,False
Sophie Cunningham,sophie cunningham,IND,2.2222222222222223,27,22.11111111111111,reb,IND,IND,3,bottom,Sophie Cunningham,24.0,8.0,8.0,-0.0039917796544277255,-0.6524337121212122,0.5982841719683825,0.04217420118954651,0.2106361858028744,0.375,0.125,1.2507178840895947,False,True,,,,,,,,,,,,,,,,,False,False
Aliyah Boston,aliyah boston,IND,8.0,22,26.181818181818183,reb,IND,IND,1,top,Aliyah Boston,19.0,6.0,6.0,1.7164571399397046,1.9616452991452988,1.7557088744588745,1.4726515167470495,-0.06488835070291132,0.6666666666666666,0.6666666666666666,-0.20593642468642437,False,False,,,,,,,,,,,,,,,,,False,False
Monique Billings,monique billings,IND,5.1923076923076925,26,20.307692307692307,reb,IND,IND,2,top,Monique Billings,23.0,8.0,8.0,0.33246671270267103,-1.140340320910973,1.1955128205128205,1.0293363421923793,0.42585029189716117,0.625,0.125,2.3358531414237937,True,True,,,,,,,,,,,,,,,,,False,False
Makayla Timpson,makayla timpson,IND,4.285714285714286,21,18.952380952380953,reb,IND,IND,3,top,Makayla Timpson,18.0,7.0,6.0,0.8790935145101813,1.7099773242630385,0.6497474747474749,-0.008928571428571442,-0.33898937355055686,0.6666666666666666,0.7142857142857143,-1.0602298495155638,False,False,,,,,,,,,,,,,,,,,False,False
Tyasha Harris,tyasha harris,IND,0.35294117647058826,17,17.941176470588236,stl,IND,IND,1,bottom,Tyasha Harris,14.0,5.0,5.0,0.1329789258360687,-0.09785714285714285,0.13212121212121217,0.4225961538461538,0.05609786413648199,0.2,0.2,0.229978354978355,False,False,,,,,,,,,,,,,,,,,False,False
Sophie Cunningham,sophie cunningham,IND,0.6296296296296297,27,22.11111111111111,stl,IND,IND,2,bottom,Sophie Cunningham,24.0,8.0,8.0,-0.08733687234217251,0.33876893939393943,-0.19974093888567576,-0.4010386175347812,-0.2407356847750863,0.5,0.5,-0.5385098782796152,False,False,,,,,,,,,,,,,,,,,False,False
Myisha Hines-Allen,myisha hines allen,IND,0.64,25,15.0,stl,IND,IND,3,bottom,Myisha Hines-Allen,22.0,7.0,8.0,0.058990399693525646,0.02616302779346261,0.27879916136495086,-0.15939224174518296,0.18189307353083317,0.75,0.5714285714285714,0.25263613357148823,False,False,,,,,,,,,,,,,,,,,False,False
Shatori Walker-Kimbrough,shatori walker kimbrough,IND,1.3333333333333333,3,20.333333333333332,stl,IND,IND,1,top,,,,,,,,,,,,,False,False,,,,,,,,,,,,,,,,,False,False
Aliyah Boston,aliyah boston,IND,1.1363636363636365,22,26.181818181818183,stl,IND,IND,2,top,Aliyah Boston,19.0,6.0,6.0,0.11623403143486245,-0.29059829059829057,0.14910714285714288,0.43677049767275333,0.16602061155465617,0.5,0.3333333333333333,0.43970543345543345,False,False,,,,,,,,,,,,,,,,,False,False
Caitlin Clark,caitlin clark,IND,0.9130434782608695,23,26.73913043478261,stl,IND,IND,3,top,Caitlin Clark,20.0,8.0,6.0,0.07585302038862411,0.3453869047619048,0.4859686609686609,-0.6936411326891202,0.03969645856439357,0.8333333333333334,0.625,0.14058175620675611,False,False,,,,,,,,,,,,,,,,,False,False
Tyasha Harris,tyasha harris,IND,0.5294117647058824,17,17.941176470588236,stocks,IND,IND,1,bottom,Tyasha Harris,14.0,5.0,5.0,0.1504329995401424,-0.08785714285714286,0.12797979797979794,0.4763621794871795,0.04600458482456347,0.4,0.4,0.2158369408369408,False,False,,,,,,,,,,,,,,,,,False,False
Sophie Cunningham,sophie cunningham,IND,0.7407407407407407,27,22.11111111111111,stocks,IND,IND,2,bottom,Sophie Cunningham,24.0,8.0,8.0,-0.020854360517799393,0.39653724747474745,-0.26117336610757663,-0.19792696292056908,-0.26812950369662597,0.5,0.5,-0.6577106135823241,False,False,,,,,,,,,,,,,,,,,False,False
Lexie Hull,lexie hull,IND,0.8333333333333334,24,19.375,stocks,IND,IND,3,bottom,Lexie Hull,21.0,8.0,6.0,0.00164809948452246,-0.06840034965034958,-0.11152296777296772,0.17870724185936776,0.07896089862906354,0.3333333333333333,0.5,-0.04312261812261814,False,False,,,,,,,,,,,,,,,,,False,False
Shatori Walker-Kimbrough,shatori walker kimbrough,IND,2.6666666666666665,3,20.333333333333332,stocks,IND,IND,1,top,,,,,,,,,,,,,False,False,,,,,,,,,,,,,,,,,False,False
Aliyah Boston,aliyah boston,IND,2.3636363636363638,22,26.181818181818183,stocks,IND,IND,2,top,Aliyah Boston,19.0,6.0,6.0,0.1934713219176312,-0.35608974358974366,0.3962842712842713,0.4906839928954038,0.24590799885096076,0.6666666666666666,0.3333333333333333,0.752374014874015,True,True,,,,,,,,,,,,,,,,,False,False
Caitlin Clark,caitlin clark,IND,1.4782608695652173,23,26.73913043478261,stocks,IND,IND,3,top,Caitlin Clark,20.0,8.0,6.0,0.08156527639886775,0.7117559523809525,0.41502849002849,-1.0921521718735343,-0.07702216116483174,0.5,0.625,-0.29672746235246245,False,False,,,,,,,,,,,,,,,,,False,False
Cameron Brink,cameron brink,LA,0.75,16,16.75,ast,LAS,LA,1,bottom,Cameron Brink,13.0,2.0,5.0,0.23894246778862163,-0.8901098901098901,0.8116666666666668,0.13802308802308805,0.6443724441001134,0.8,0.0,1.7017765567765568,True,True,,,,,,,,,,,,,,,,,False,False
Rae Burrell,rae burrell,LA,2.1739130434782608,23,27.52173913043478,ast,LAS,LA,2,bottom,Rae Burrell,20.0,5.0,6.0,0.8622704918060956,0.243462615815557,0.5418290043290043,1.4196803034522334,-0.10991273204093982,0.5,0.4,0.29836638851344727,False,False,Rae Burrell,LAS,DAL,ast,1.5,OVER,OVER,5.792069713878588,1.9500000000000002,-0.2279570761513341,A,6,Above Avg,1,3.8,rae burrell,True,False
Dearica Hamby,dearica hamby,LA,2.4166666666666665,24,28.708333333333332,ast,LAS,LA,3,bottom,Dearica Hamby,21.0,5.0,6.0,0.0348144454441206,-0.5675213675213675,0.5532407407407408,0.024926574748892684,0.23886030614499096,0.5,0.2,1.1207621082621082,False,True,Dearica Hamby,LAS,DAL,ast,2.5,UNDER,UNDER,2.35311316796229,-0.4500000000000002,0.108482008787678,A,6,Above Avg,0.2,2,dearica hamby,True,False
Kelsey Plum,kelsey plum,LA,5.416666666666667,12,32.0,ast,LAS,LA,1,top,Kelsey Plum,9.0,1.0,3.0,1.7153759820426489,-4.7,3.414814814814815,1.978787878787879,0.8889206039852685,1.0,0.0,8.114814814814816,True,False,,,,,,,,,,,,,,,,,False,False
Erica Wheeler,erica wheeler,LA,5.083333333333333,24,26.583333333333332,ast,LAS,LA,2,top,Erica Wheeler,21.0,5.0,6.0,0.6023039498471205,0.24592074592074606,1.618287037037037,0.17090569949635773,0.2088369942857359,0.8333333333333334,0.6,1.372366291116291,True,False,Erica Wheeler,LAS,DAL,ast,3.5,OVER,OVER,5.050833943039813,2.0,-0.2231863528669894,B,6,Above Avg,1,5.6,erica wheeler,True,False
Nneka Ogwumike,nneka ogwumike,LA,3.0454545454545454,22,30.818181818181817,ast,LAS,LA,3,top,Nneka Ogwumike,19.0,5.0,6.0,0.6080123735370598,0.5530143540669857,0.20158730158730162,0.947204939668175,-0.24643090632038583,0.5,0.6,-0.3514270524796841,False,False,Nneka Ogwumike,LAS,DAL,ast,2.5,OVER,OVER,4.556151228976387,1.75,-0.2180080622084281,C,6,Above Avg,1,4.8,nneka ogwumike,True,False
Kelsey Plum,kelsey plum,LA,0.0,12,32.0,blk,LAS,LA,1,bottom,Kelsey Plum,9.0,1.0,3.0,0.0,0.0,0.0,0.0,,0.0,0.0,0.0,False,False,,,,,,,,,,,,,,,,,False,False
Erica Wheeler,erica wheeler,LA,0.08333333333333333,24,26.583333333333332,blk,LAS,LA,2,bottom,Erica Wheeler,21.0,5.0,6.0,0.012109658752400509,-0.08912198912198913,0.10300925925925924,0.00818572238548009,0.2007546134870185,0.16666666666666666,0.0,0.19213124838124837,False,False,,,,,,,,,,,,,,,,,False,False
Nneka Ogwumike,nneka ogwumike,LA,0.3181818181818182,22,30.818181818181817,blk,LAS,LA,3,bottom,Nneka Ogwumike,19.0,5.0,6.0,0.04880373573342451,-0.29020334928229663,-0.09166666666666663,0.36603596566831864,0.10065785571872582,0.16666666666666666,0.0,0.19853668261563,False,False,Nneka Ogwumike,LAS,DAL,blk,0.5,OVER,OVER,-5.24673480062376,-0.09999999999999998,,C,6,Above Avg,0.4,0.4,nneka ogwumike,True,False
Cameron Brink,cameron brink,LA,1.375,16,16.75,blk,LAS,LA,1,top,Cameron Brink,13.0,2.0,5.0,-0.004903002979926032,-0.945054945054945,-0.3161111111111111,0.5678210678210678,0.0021480406707697964,0.2,0.0,0.6289438339438339,False,True,,,,,,,,,,,,,,,,,False,False
Rae Burrell,rae burrell,LA,0.43478260869565216,23,27.52173913043478,blk,LAS,LA,2,top,Rae Burrell,20.0,5.0,6.0,0.13036959707818838,0.3996250808015514,0.07934704184704187,0.014798254052640021,-0.25373518456584193,0.3333333333333333,0.4,-0.3202780389545095,False,False,,,,,,,,,,,,,,,,,False,False
Ariel Atkins,ariel atkins,LA,0.4090909090909091,22,26.181818181818183,blk,LAS,LA,3,top,Ariel Atkins,19.0,5.0,4.0,0.0056338048007430475,-0.21542663476874005,0.34523809523809523,-0.01967769158945627,0.21489350340463104,0.25,0.2,0.5606647300068353,False,False,,,,,,,,,,,,,,,,,False,False
Dearica Hamby,dearica hamby,LA,0.2916666666666667,24,28.708333333333332,fg3m,LAS,LA,1,bottom,Dearica Hamby,21.0,5.0,6.0,0.04124670835798078,-0.11565101565101563,0.06828703703703705,0.10347137315504525,0.11010349349056199,0.3333333333333333,0.2,0.1839380526880527,False,False,,,,,,,,,,,,,,,,,False,False
Cameron Brink,cameron brink,LA,0.5625,16,16.75,fg3m,LAS,LA,2,bottom,Cameron Brink,13.0,2.0,5.0,0.3635388116157347,-0.019230769230769218,0.09722222222222221,0.7130591630591631,0.09914001750278591,0.2,0.5,0.11645299145299143,False,False,,,,,,,,,,,,,,,,,False,False
Erica Wheeler,erica wheeler,LA,1.0416666666666667,24,26.583333333333332,fg3m,LAS,LA,3,bottom,Erica Wheeler,21.0,5.0,6.0,0.24411169721800838,0.05714285714285716,0.013657407407407432,0.47586869114194463,-0.05757453436519434,0.5,0.6,-0.04348544973544973,False,False,Erica Wheeler,LAS,DAL,fg3m,0.5,OVER,OVER,5.091434024794937,1.0,-0.06467669956193989,A,6,Above Avg,1,1.8,erica wheeler,True,False
Kelsey Plum,kelsey plum,LA,2.5,12,32.0,fg3m,LAS,LA,1,top,Kelsey Plum,9.0,1.0,3.0,-0.6992784992784993,-1.7999999999999998,-0.9166666666666666,-0.3487012987012987,0.3174698430496413,0.3333333333333333,0.0,0.8833333333333332,False,False,,,,,,,,,,,,,,,,,False,False
Nneka Ogwumike,nneka ogwumike,LA,1.5,22,30.818181818181817,fg3m,LAS,LA,2,top,Nneka Ogwumike,19.0,5.0,6.0,-0.07863829135215802,0.012073365231259991,-0.3424603174603174,0.06253344286432522,-0.3368885262478327,0.3333333333333333,0.4,-0.3545336826915774,False,False,Nneka Ogwumike,LAS,DAL,fg3m,0.5,OVER,OVER,5.891883537893893,1.5,-0.1476064068591558,A,6,Above Avg,1,2.4,nneka ogwumike,True,False
Rae Burrell,rae burrell,LA,1.2608695652173914,23,27.52173913043478,fg3m,LAS,LA,3,top,Rae Burrell,20.0,5.0,6.0,0.3950188109534084,0.0526610644257703,0.4847222222222223,0.5254152848451094,0.18523238994516047,0.6666666666666666,0.6,0.432061157796452,False,False,Rae Burrell,LAS,DAL,fg3m,0.5,OVER,OVER,4.67097533344226,1.3,-0.123409717167915,A,6,Above Avg,0.8,2,rae burrell,True,False
Cameron Brink,cameron brink,LA,12.9375,16,16.75,pra,LAS,LA,1,bottom,Cameron Brink,13.0,2.0,5.0,2.5224109224109217,-1.4642857142857144,-1.0066666666666664,6.79220779220779,0.02518429015653831,0.6,0.0,0.45761904761904804,False,True,,,,,,,,,,,,,,,,,False,False
Ariel Atkins,ariel atkins,LA,14.409090909090908,22,26.181818181818183,pra,LAS,LA,2,bottom,Ariel Atkins,19.0,5.0,4.0,0.719438397271622,-2.1965111642743222,-2.8916666666666666,3.6218552036199094,-0.007717900563018027,0.25,0.4,-0.6951555023923444,False,True,Ariel Atkins,LAS,DAL,pra,14.5,OVER,OVER,2.160775284335419,3.1015000000000015,-0.3168832669572562,B,6,Above Avg,1,18.4,ariel atkins,True,False
Erica Wheeler,erica wheeler,LA,15.5,24,26.583333333333332,pra,LAS,LA,3,bottom,Erica Wheeler,21.0,5.0,6.0,3.712027932618091,0.9446997446997447,6.380555555555556,3.494575452814785,0.2582985493719652,0.6666666666666666,0.4,5.435855810855812,True,False,Erica Wheeler,LAS,DAL,pra,14.5,OVER,OVER,2.753681353382573,7.2745,-0.3554661747581179,B,6,Above Avg,1,22.8,erica wheeler,True,False
Kelsey Plum,kelsey plum,LA,29.25,12,32.0,pra,LAS,LA,1,top,Kelsey Plum,9.0,1.0,3.0,0.9533108866442193,-20.8,4.512962962962962,3.168181818181818,0.720349479201351,0.6666666666666666,0.0,25.312962962962963,True,False,,,,,,,,,,,,,,,,,False,False
Nneka Ogwumike,nneka ogwumike,LA,28.545454545454547,22,30.818181818181817,pra,LAS,LA,2,top,Nneka Ogwumike,19.0,5.0,6.0,3.4231709259002723,0.10262360446570966,4.328571428571428,4.819462624793507,0.09573732282876651,0.8333333333333334,0.6,4.2259478241057185,True,False,Nneka Ogwumike,LAS,DAL,pra,24.5,OVER,OVER,5.25006937196452,12.093999999999987,-0.3685984276012627,A,6,Above Avg,1,36.4,nneka ogwumike,True,False
Dearica Hamby,dearica hamby,LA,24.333333333333332,24,28.708333333333332,pra,LAS,LA,3,top,Dearica Hamby,21.0,5.0,6.0,1.9691504837912261,-3.8849816849816854,6.494675925925926,2.1809013028968613,0.33820692707257893,0.8333333333333334,0.0,10.37965761090761,True,True,Dearica Hamby,LAS,DAL,pra,19.5,OVER,OVER,1.968699333680665,6.7684999999999995,-0.3660676468997103,A,6,Above Avg,0.6,24.6,dearica hamby,True,False
Cameron Brink,cameron brink,LA,8.375,16,16.75,pts,LAS,LA,1,bottom,Cameron Brink,13.0,2.0,5.0,2.178226474380321,1.854395604395605,-0.07888888888888879,4.167099567099567,-0.13022746509974564,0.6,1.0,-1.9332844932844937,False,False,Cameron Brink,LAS,DAL,pts,4.5,OVER,OVER,5.010180468654705,4.399999999999999,-0.3446951521610944,A,6,Above Avg,0.8,8.2,cameron brink,True,False
Erica Wheeler,erica wheeler,LA,8.541666666666666,24,26.583333333333332,pts,LAS,LA,2,bottom,Erica Wheeler,21.0,5.0,6.0,2.5004404234672197,0.19862359862359824,4.30300925925926,2.5698075344138074,0.2542839283639295,0.6666666666666666,0.4,4.1043856606356615,True,False,Erica Wheeler,LAS,DAL,pts,5.5,OVER,OVER,5.84916095656916,6.85,-0.3476825614416389,A,6,Above Avg,1,14.2,erica wheeler,True,False
Ariel Atkins,ariel atkins,LA,8.863636363636363,22,26.181818181818183,pts,LAS,LA,3,bottom,Ariel Atkins,19.0,5.0,4.0,1.1419394048549174,-1.504342105263158,-0.6404761904761909,3.178046398046398,0.07868033552912401,0.5,0.2,0.8638659147869672,False,True,Ariel Atkins,LAS,DAL,pts,7.5,OVER,OVER,3.376883208801558,2.9000000000000004,-0.2985900821211156,A,6,Above Avg,1,11.8,ariel atkins,True,False
Kelsey Plum,kelsey plum,LA,21.666666666666668,12,32.0,pts,LAS,LA,1,top,Kelsey Plum,9.0,1.0,3.0,-1.0197771364438037,-14.899999999999999,0.5574074074074069,0.8099567099567089,0.5768969307957236,0.6666666666666666,0.0,15.457407407407405,True,False,,,,,,,,,,,,,,,,,False,False
Nneka Ogwumike,nneka ogwumike,LA,17.09090909090909,22,30.818181818181817,pts,LAS,LA,2,top,Nneka Ogwumike,19.0,5.0,6.0,1.4825573470126996,-0.9827551834130783,2.557936507936508,2.216843307835955,0.157293558461823,0.8333333333333334,0.4,3.5406916913495863,True,True,Nneka Ogwumike,LAS,DAL,pts,11.5,OVER,OVER,5.674120155229529,9.149999999999999,-0.3656388798206686,A,6,Above Avg,1,21.8,nneka ogwumike,True,False
Dearica Hamby,dearica hamby,LA,14.791666666666666,24,28.708333333333332,pts,LAS,LA,3,top,Dearica Hamby,21.0,5.0,6.0,1.0181809732066445,-3.3033744033744035,3.744444444444445,1.543200578754489,0.26828966532088944,0.6666666666666666,0.2,7.047818847818848,True,True,Dearica Hamby,LAS,DAL,pts,9.5,OVER,OVER,5.49339044574129,6.050000000000001,-0.346065242838165,A,6,Above Avg,1,15.6,dearica hamby,True,False
Erica Wheeler,erica wheeler,LA,1.875,24,26.583333333333332,reb,LAS,LA,1,bottom,Erica Wheeler,21.0,5.0,6.0,0.6092835593037504,0.5001554001554002,0.45925925925925926,0.7538622189046202,0.0011120240296347518,0.6666666666666666,0.6,-0.04089614089614091,False,False,Erica Wheeler,LAS,DAL,reb,1.5,OVER,OVER,3.573634269084815,1.0,-0.0875665637214399,A,6,Above Avg,1,3,erica wheeler,True,False
Kelsey Plum,kelsey plum,LA,2.1666666666666665,12,32.0,reb,LAS,LA,2,bottom,Kelsey Plum,9.0,1.0,3.0,0.2577120410453743,-1.2000000000000002,0.5407407407407407,0.37943722943722935,0.24124883004478728,0.3333333333333333,0.0,1.740740740740741,False,False,,,,,,,,,,,,,,,,,False,False
Rae Burrell,rae burrell,LA,2.260869565217391,23,27.52173913043478,reb,LAS,LA,3,bottom,Rae Burrell,20.0,5.0,6.0,-0.07045577358657851,-0.3016009480715362,0.9542027417027416,-0.6251474646211489,0.34171068744486466,0.6666666666666666,0.4,1.2558036897742777,True,True,Rae Burrell,LAS,DAL,reb,1.5,OVER,OVER,1.776252210310716,0.8500000000000001,-0.04754064491796395,A,6,Above Avg,0.6,2.6,rae burrell,True,False
Nneka Ogwumike,nneka ogwumike,LA,8.409090909090908,22,30.818181818181817,reb,LAS,LA,1,top,Nneka Ogwumike,19.0,5.0,6.0,1.3326012053505127,0.5323644338118019,1.5690476190476188,1.6554143772893775,0.05886722895371708,0.5,0.4,1.036683185235817,False,False,Nneka Ogwumike,LAS,DAL,reb,5.5,OVER,OVER,5.755713188917111,3.8000000000000007,-0.3299117240588456,A,6,Above Avg,0.8,9.8,nneka ogwumike,True,False
Dearica Hamby,dearica hamby,LA,7.125,24,28.708333333333332,reb,LAS,LA,2,top,Dearica Hamby,21.0,5.0,6.0,0.9161550651404602,-0.01408591408591402,2.1969907407407407,0.6127741493934792,0.22511475386896093,1.0,0.6,2.211076654826655,True,False,Dearica Hamby,LAS,DAL,reb,4.5,OVER,OVER,5.074227345000349,2.45,-0.2729749924331009,B,6,Above Avg,1,7,dearica hamby,True,False
Cameron Brink,cameron brink,LA,3.8125,16,16.75,reb,LAS,LA,3,top,Cameron Brink,13.0,2.0,5.0,0.10524198024198025,-2.428571428571429,-1.7394444444444446,2.487085137085137,0.004970751473570776,0.2,0.0,0.6891269841269843,False,True,Cameron Brink,LAS,DAL,reb,2.5,OVER,OVER,0.6109462572673715,0.9500000000000002,-0.07435725063331966,A,6,Above Avg,0.4,2.8,cameron brink,True,False
Cameron Brink,cameron brink,LA,0.6875,16,16.75,stl,LAS,LA,1,bottom,Cameron Brink,13.0,2.0,5.0,-0.24149205495359344,-0.2417582417582418,-0.10277777777777777,-0.356998556998557,0.2983401209286469,0.6,0.5,0.13898046398046401,False,False,,,,,,,,,,,,,,,,,False,False
Rae Burrell,rae burrell,LA,0.782608695652174,23,27.52173913043478,stl,LAS,LA,2,bottom,Rae Burrell,20.0,5.0,6.0,-0.14531575686954942,0.2997457444516268,-0.4751803751803752,-0.17266240095187463,-0.3420918778047587,0.3333333333333333,0.6,-0.7749261196320021,False,False,,,,,,,,,,,,,,,,,False,False
Erica Wheeler,erica wheeler,LA,0.9583333333333334,24,26.583333333333332,stl,LAS,LA,3,bottom,Erica Wheeler,21.0,5.0,6.0,-0.22706634426559236,-0.23717393717393714,-0.41967592592592595,-0.10644679881521987,-0.17406131139777833,0.0,0.2,-0.1825019887519888,False,False,,,,,,,,,,,,,,,,,False,False
Dearica Hamby,dearica hamby,LA,1.625,24,28.708333333333332,stl,LAS,LA,1,top,Dearica Hamby,21.0,5.0,6.0,0.4751953136527104,0.5773670773670773,1.0148148148148148,0.10033773109826419,0.05620014734745711,0.6666666666666666,0.6,0.4374477374477376,False,False,Dearica Hamby,LAS,DAL,stl,1.5,OVER,OVER,3.786469483319971,0.8500000000000001,-0.1865588054042234,A,6,Above Avg,0.8,2.6,dearica hamby,True,False
Ariel Atkins,ariel atkins,LA,1.5454545454545454,22,26.181818181818183,stl,LAS,LA,2,top,Ariel Atkins,19.0,5.0,4.0,-0.3741564210869246,-0.2719258373205742,-0.3142857142857143,-0.4492199956905839,0.02323545819665579,0.25,0.4,-0.0423598769651401,False,False,,,,,,,,,,,,,,,,,False,False
Nneka Ogwumike,nneka ogwumike,LA,1.0909090909090908,22,30.818181818181817,stl,LAS,LA,3,top,Nneka Ogwumike,19.0,5.0,6.0,-0.19532923737135893,-0.3421092503987241,-0.2984126984126985,-0.026279133448251113,0.01466113257824869,0.16666666666666666,0.2,0.04369655198602557,False,True,Nneka Ogwumike,LAS,DAL,stl,1.5,OVER,OVER,-5.187881742804621,-0.6499999999999999,,D,6,Above Avg,0,0.6,nneka ogwumike,True,False
Kelsey Plum,kelsey plum,LA,1.0,12,32.0,stocks,LAS,LA,1,bottom,Kelsey Plum,9.0,1.0,3.0,0.07310004810004814,-1.2,1.3499999999999999,-0.43841991341991343,0.7096470001245067,0.6666666666666666,0.0,2.55,True,False,,,,,,,,,,,,,,,,,False,False
Erica Wheeler,erica wheeler,LA,1.0416666666666667,24,26.583333333333332,stocks,LAS,LA,2,bottom,Erica Wheeler,21.0,5.0,6.0,-0.21495668551319183,-0.3262959262959263,-0.31666666666666665,-0.09826107642973977,-0.09120016643722108,0.16666666666666666,0.0,0.009629259629259646,False,True,,,,,,,,,,,,,,,,,False,False
Rae Burrell,rae burrell,LA,1.2173913043478262,23,27.52173913043478,stocks,LAS,LA,3,bottom,Rae Burrell,20.0,5.0,6.0,-0.01494615979136098,0.6993708252531782,-0.3958333333333333,-0.15786414689923456,-0.43390534944826703,0.3333333333333333,0.6,-1.0952041585865115,False,False,,,,,,,,,,,,,,,,,False,False
Cameron Brink,cameron brink,LA,2.0625,16,16.75,stocks,LAS,LA,1,top,Cameron Brink,13.0,2.0,5.0,-0.2463950579335195,-1.1868131868131868,-0.4188888888888889,0.21082251082251072,0.15252789378641002,0.0,0.0,0.767924297924298,False,True,,,,,,,,,,,,,,,,,False,False
Dearica Hamby,dearica hamby,LA,2.0,24,28.708333333333332,stocks,LAS,LA,2,top,Dearica Hamby,21.0,5.0,6.0,0.7111859205409096,0.8732600732600734,1.4210648148148148,0.2042215076169848,0.08563848782443646,0.8333333333333334,0.6,0.5478047415547415,True,False,Dearica Hamby,LAS,DAL,stocks,1.5,OVER,OVER,2.641044794348947,1.5,-0.173335020728219,A,6,Above Avg,0.8,3.4,dearica hamby,True,False
Ariel Atkins,ariel atkins,LA,1.9545454545454546,22,26.181818181818183,stocks,LAS,LA,3,top,Ariel Atkins,19.0,5.0,4.0,-0.36852261628618155,-0.4873524720893142,0.030952380952380953,-0.4688976872800403,0.12353370233611659,0.25,0.2,0.5183048530416952,False,True,,,,,,,,,,,,,,,,,False,False
NaLyssa Smith,nalyssa smith,LV,0.76,25,23.32,ast,LVA,LV,1,bottom,NaLyssa Smith,22.0,5.0,6.0,-0.07453651376048556,-0.0680808080808081,-0.09747474747474745,-0.06495916158892336,0.007472827938397208,0.3333333333333333,0.6,-0.029393939393939347,False,False,,,,,,,,,,,,,,,,,False,False
Dana Evans,dana evans,LV,1.0,1,18.0,ast,LVA,LV,2,bottom,,,,,,,,,,,,,False,False,,,,,,,,,,,,,,,,,False,False
Stephanie Talbot,stephanie talbot,LV,1.24,25,18.64,ast,LVA,LV,3,bottom,Stephanie Talbot,22.0,5.0,6.0,-0.040281056137986576,1.1861616161616162,0.004148629148629161,-0.621989371885051,-0.1813640865245486,0.3333333333333333,0.8,-1.182012987012987,False,False,,,,,,,,,,,,,,,,,False,False
Chelsea Gray,chelsea gray,LV,7.36,25,32.16,ast,LVA,LV,1,top,Chelsea Gray,22.0,5.0,6.0,1.0573484054838604,0.4412121212121212,1.878787878787879,0.8893524583506411,0.3325396867043707,0.6666666666666666,0.4,1.4375757575757577,True,False,,,,,,,,,,,,,,,,,False,False
Jackie Young,jackie young,LV,6.08,25,31.56,ast,LVA,LV,2,top,Jackie Young,22.0,5.0,6.0,0.8368721856409082,0.7737373737373737,2.148015873015873,0.15040054339253428,0.18599884359281663,0.8333333333333334,0.6,1.3742784992784993,True,False,,,,,,,,,,,,,,,,,False,False
A'ja Wilson,a ja wilson,LV,2.8095238095238093,21,31.142857142857142,ast,LVA,LV,3,top,A'ja Wilson,18.0,5.0,5.0,0.12227920142006833,1.410909090909091,-0.11666666666666661,-0.5337733119563616,-0.1674667171264609,0.6,0.6,-1.5275757575757576,False,False,,,,,,,,,,,,,,,,,False,False
Dana Evans,dana evans,LV,0.0,1,18.0,blk,LVA,LV,1,bottom,,,,,,,,,,,,,False,False,,,,,,,,,,,,,,,,,False,False
Stephanie Talbot,stephanie talbot,LV,0.16,25,18.64,blk,LVA,LV,2,bottom,Stephanie Talbot,22.0,5.0,6.0,-0.007458091875424444,0.5991919191919192,-0.11125541125541126,-0.22659137724422418,-0.3285197336871386,0.0,0.4,-0.7104473304473304,False,False,,,,,,,,,,,,,,,,,False,False
Jewell Loyd,jewell loyd,LV,0.17391304347826086,23,28.304347826086957,blk,LVA,LV,3,bottom,Jewell Loyd,20.0,4.0,5.0,-0.11084772232411548,-0.29935897435897435,-0.14380952380952378,-0.027315539090799434,0.028556019192407897,0.2,0.0,0.15554945054945057,False,False,,,,,,,,,,,,,,,,,False,False
A'ja Wilson,a ja wilson,LV,1.8571428571428572,21,31.142857142857142,blk,LVA,LV,1,top,A'ja Wilson,18.0,5.0,5.0,-0.09002554964242271,0.1343506493506494,1.15,-1.005276642539607,0.3499504103855066,1.0,0.6,1.0156493506493505,True,False,,,,,,,,,,,,,,,,,False,False
NaLyssa Smith,nalyssa smith,LV,0.68,25,23.32,blk,LVA,LV,2,top,NaLyssa Smith,22.0,5.0,6.0,-0.44142276017497806,-0.818888888888889,-0.4477994227994228,-0.26636906750986705,0.1528468833854964,0.16666666666666666,0.2,0.3710894660894662,False,True,,,,,,,,,,,,,,,,,False,False
Chennedy Carter,chennedy carter,LV,0.5,14,18.857142857142858,blk,LVA,LV,3,top,Chennedy Carter,11.0,2.0,4.0,-0.26841517068789794,-0.1111111111111111,-0.23035714285714287,-0.3617832167832168,-0.06715162851736284,0.5,0.5,-0.11924603174603177,False,False,,,,,,,,,,,,,,,,,False,False
NaLyssa Smith,nalyssa smith,LV,0.04,25,23.32,fg3m,LVA,LV,1,bottom,NaLyssa Smith,22.0,5.0,6.0,-0.00832277431347109,-0.0704040404040404,0.14242424242424243,-0.06232966249287422,0.4150110902282513,0.16666666666666666,0.0,0.2128282828282828,False,False,,,,,,,,,,,,,,,,,False,False
Stephanie Talbot,stephanie talbot,LV,0.44,25,18.64,fg3m,LVA,LV,2,bottom,Stephanie Talbot,22.0,5.0,6.0,0.04095220241381172,0.6168686868686868,0.04563492063492066,-0.22338222773173638,-0.13436631663953874,0.16666666666666666,0.6,-0.5712337662337661,False,False,,,,,,,,,,,,,,,,,False,False
A'ja Wilson,a ja wilson,LV,0.8571428571428571,21,31.142857142857142,fg3m,LVA,LV,3,bottom,A'ja Wilson,18.0,5.0,5.0,-0.07245479432656933,0.3825324675324676,0.38888888888888895,-0.6451616349981288,0.0989237977683074,0.6,0.6,0.006356421356421338,False,False,,,,,,,,,,,,,,,,,False,False
Dana Evans,dana evans,LV,2.0,1,18.0,fg3m,LVA,LV,1,top,,,,,,,,,,,,,False,False,,,,,,,,,,,,,,,,,False,False
Jackie Young,jackie young,LV,1.88,25,31.56,fg3m,LVA,LV,2,top,Jackie Young,22.0,5.0,6.0,0.5343697854090175,2.3869696969696967,0.012012987012986994,-0.022799193448002117,-0.4093671712702799,0.5,0.8,-2.37495670995671,False,False,,,,,,,,,,,,,,,,,False,False
Jewell Loyd,jewell loyd,LV,1.7826086956521738,23,28.304347826086957,fg3m,LVA,LV,3,top,Jewell Loyd,20.0,4.0,5.0,0.340486373146977,0.5405982905982906,0.5828571428571429,0.15754987147824184,-0.05508239709612377,0.6,0.5,0.042258852258852286,False,False,,,,,,,,,,,,,,,,,False,False
Stephanie Talbot,stephanie talbot,LV,7.68,25,18.64,pra,LVA,LV,1,bottom,Stephanie Talbot,22.0,5.0,6.0,-0.5710039168142547,1.7573737373737373,-0.5245310245310245,-1.654706246326922,-0.06492612802348541,0.3333333333333333,0.4,-2.281904761904762,False,False,,,,,,,,,,,,,,,,,False,False
Dana Evans,dana evans,LV,11.0,1,18.0,pra,LVA,LV,2,bottom,,,,,,,,,,,,,False,False,,,,,,,,,,,,,,,,,False,False
Jewell Loyd,jewell loyd,LV,12.391304347826088,23,28.304347826086957,pra,LVA,LV,3,bottom,Jewell Loyd,20.0,4.0,5.0,0.040964787276706806,0.5585470085470088,-1.8571428571428572,0.7155292724600352,-0.22999908965159985,0.2,0.75,-2.415689865689866,False,False,,,,,,,,,,,,,,,,,False,False
A'ja Wilson,a ja wilson,LV,37.523809523809526,21,31.142857142857142,pra,LVA,LV,1,top,A'ja Wilson,18.0,5.0,5.0,4.892930517911169,6.267857142857143,11.483333333333333,-0.08540038231891955,0.27251759549853694,1.0,0.6,5.215476190476189,True,False,,,,,,,,,,,,,,,,,False,False
Jackie Young,jackie young,LV,26.56,25,31.56,pra,LVA,LV,2,top,Jackie Young,22.0,5.0,6.0,2.7973942416963613,8.18222222222222,0.7297258297258301,1.4775642934412623,-0.3025357424846443,0.6666666666666666,0.8,-7.45249639249639,False,False,,,,,,,,,,,,,,,,,False,False
Chelsea Gray,chelsea gray,LV,21.88,25,32.16,pra,LVA,LV,3,top,Chelsea Gray,22.0,5.0,6.0,1.1277755560589877,2.56979797979798,2.3939754689754693,-0.2183436799586347,0.05192400851946043,0.5,0.8,-0.17582251082251066,False,False,,,,,,,,,,,,,,,,,False,False
Stephanie Talbot,stephanie talbot,LV,3.52,25,18.64,pts,LVA,LV,1,bottom,Stephanie Talbot,22.0,5.0,6.0,-0.545815830388497,0.5443434343434342,-0.34826839826839834,-1.1490959136957923,-0.026385016337369373,0.3333333333333333,0.4,-0.8926118326118326,False,False,,,,,,,,,,,,,,,,,False,False
Dana Evans,dana evans,LV,8.0,1,18.0,pts,LVA,LV,2,bottom,,,,,,,,,,,,,False,False,,,,,,,,,,,,,,,,,False,False
Jewell Loyd,jewell loyd,LV,8.565217391304348,23,28.304347826086957,pts,LVA,LV,3,bottom,Jewell Loyd,20.0,4.0,5.0,0.244991612274894,-0.1861111111111109,-1.2895238095238093,1.0992632488692153,-0.18685320286629853,0.4,0.25,-1.1034126984126984,False,False,,,,,,,,,,,,,,,,,False,False
A'ja Wilson,a ja wilson,LV,24.952380952380953,21,31.142857142857142,pts,LVA,LV,1,top,A'ja Wilson,18.0,5.0,5.0,2.0355449430075327,1.4119480519480518,7.388888888888888,-0.9205469662561385,0.28074773822757026,1.0,0.6,5.9769408369408366,True,False,,,,,,,,,,,,,,,,,False,False
Jackie Young,jackie young,LV,16.68,25,31.56,pts,LVA,LV,2,top,Jackie Young,22.0,5.0,6.0,1.9075277259414365,6.288888888888889,-1.6516233766233765,1.8573550714552198,-0.3573609461040914,0.5,0.8,-7.9405122655122655,False,False,,,,,,,,,,,,,,,,,False,False
Chennedy Carter,chennedy carter,LV,14.0,14,18.857142857142858,pts,LVA,LV,3,top,Chennedy Carter,11.0,2.0,4.0,-0.9521884680975586,-4.055555555555555,7.926785714285715,-6.814020979020978,0.6640993621944025,1.0,0.5,11.982341269841271,True,True,,,,,,,,,,,,,,,,,False,False
Dana Evans,dana evans,LV,2.0,1,18.0,reb,LVA,LV,1,bottom,,,,,,,,,,,,,False,False,,,,,,,,,,,,,,,,,False,False
Chennedy Carter,chennedy carter,LV,2.142857142857143,14,18.857142857142858,reb,LVA,LV,2,bottom,Chennedy Carter,11.0,2.0,4.0,-0.41331042694679065,-1.1944444444444444,0.6880952380952379,-0.9819813519813518,0.38110436880977294,0.5,0.0,1.8825396825396823,False,True,,,,,,,,,,,,,,,,,False,False
Jewell Loyd,jewell loyd,LV,2.5652173913043477,23,28.304347826086957,reb,LVA,LV,3,bottom,Jewell Loyd,20.0,4.0,5.0,-0.2607738638640341,0.844017094017094,-0.7004761904761904,-0.4626513364516461,-0.31160418210326124,0.4,0.75,-1.5444932844932844,False,False,,,,,,,,,,,,,,,,,False,False
A'ja Wilson,a ja wilson,LV,9.761904761904763,21,31.142857142857142,reb,LVA,LV,1,top,A'ja Wilson,18.0,5.0,5.0,2.7351063734835663,3.4450000000000003,4.211111111111111,1.3689198958935802,0.16404319278818957,0.8,0.8,0.766111111111111,True,False,,,,,,,,,,,,,,,,,False,False
NaLyssa Smith,nalyssa smith,LV,6.16,25,23.32,reb,LVA,LV,2,top,NaLyssa Smith,22.0,5.0,6.0,-0.7991982620643795,-0.31595959595959594,-1.9913059163059164,-0.3686116625257155,-0.17048050570790838,0.16666666666666666,0.4,-1.6753463203463204,False,True,,,,,,,,,,,,,,,,,False,False
Jackie Young,jackie young,LV,3.8,25,31.56,reb,LVA,LV,3,top,Jackie Young,22.0,5.0,6.0,0.05299433011401762,1.1195959595959597,0.2333333333333334,-0.5301913214064917,-0.19333813242712258,0.3333333333333333,0.6,-0.8862626262626263,False,False,,,,,,,,,,,,,,,,,False,False
Dana Evans,dana evans,LV,0.0,1,18.0,stl,LVA,LV,1,bottom,,,,,,,,,,,,,False,False,,,,,,,,,,,,,,,,,False,False
NaLyssa Smith,nalyssa smith,LV,0.44,25,23.32,stl,LVA,LV,2,bottom,NaLyssa Smith,22.0,5.0,6.0,0.15907776951100722,-0.3616161616161616,0.7584415584415586,0.0688311260612378,0.4655517044192316,0.5,0.0,1.1200577200577202,False,True,,,,,,,,,,,,,,,,,False,False
Stephanie Talbot,stephanie talbot,LV,0.68,25,18.64,stl,LVA,LV,3,bottom,Stephanie Talbot,22.0,5.0,6.0,-0.04192269766126517,-0.3106060606060606,-0.02593795093795089,0.07148715091910678,0.04412891286297161,0.3333333333333333,0.4,0.28466810966810974,False,True,,,,,,,,,,,,,,,,,False,False
A'ja Wilson,a ja wilson,LV,1.5238095238095237,21,31.142857142857142,stl,LVA,LV,1,top,A'ja Wilson,18.0,5.0,5.0,0.33863466732403785,-0.5296103896103896,0.45555555555555555,0.8082122727633564,0.23739181961876032,0.6,0.0,0.9851659451659451,True,True,,,,,,,,,,,,,,,,,False,False
Jewell Loyd,jewell loyd,LV,1.2608695652173914,23,28.304347826086957,stl,LVA,LV,2,top,Jewell Loyd,20.0,4.0,5.0,0.0075274645804831565,-0.10256410256410253,-0.41047619047619044,0.237562423113366,-0.24993692479058868,0.2,0.0,-0.3079120879120879,False,False,,,,,,,,,,,,,,,,,False,False
Chelsea Gray,chelsea gray,LV,1.24,25,32.16,stl,LVA,LV,3,top,Chelsea Gray,22.0,5.0,6.0,0.2081737716670382,0.16404040404040404,0.40183982683982683,0.12259836322125994,0.03640940545180897,0.8333333333333334,0.6,0.2377994227994228,False,False,,,,,,,,,,,,,,,,,False,False
Dana Evans,dana evans,LV,0.0,1,18.0,stocks,LVA,LV,1,bottom,,,,,,,,,,,,,False,False,,,,,,,,,,,,,,,,,False,False
Stephanie Talbot,stephanie talbot,LV,0.84,25,18.64,stocks,LVA,LV,2,bottom,Stephanie Talbot,22.0,5.0,6.0,-0.049380789536689625,0.2885858585858586,-0.13719336219336217,-0.15510422632511744,-0.16233182950251307,0.3333333333333333,0.8,-0.4257792207792208,False,False,,,,,,,,,,,,,,,,,False,False
NaLyssa Smith,nalyssa smith,LV,1.12,25,23.32,stocks,LVA,LV,3,bottom,NaLyssa Smith,22.0,5.0,6.0,-0.28234499066397095,-1.1805050505050505,0.31064213564213566,-0.19753794144862924,0.4604909251471865,0.6666666666666666,0.0,1.491147186147186,True,True,,,,,,,,,,,,,,,,,False,False
A'ja Wilson,a ja wilson,LV,3.380952380952381,21,31.142857142857142,stocks,LVA,LV,1,top,A'ja Wilson,18.0,5.0,5.0,0.24860911768161514,-0.39525974025974026,1.6055555555555556,-0.19706436977625058,0.3683095499889503,0.8,0.4,2.000815295815296,True,True,,,,,,,,,,,,,,,,,False,False
Chelsea Gray,chelsea gray,LV,1.64,25,32.16,stocks,LVA,LV,2,top,Chelsea Gray,22.0,5.0,6.0,-0.24373295662393052,-0.43626262626262624,-0.022330447330447385,-0.27698447549369615,0.08826964913614355,0.6666666666666666,0.6,0.4139321789321789,False,True,,,,,,,,,,,,,,,,,False,False
Jackie Young,jackie young,LV,1.44,25,31.56,stocks,LVA,LV,3,top,Jackie Young,22.0,5.0,6.0,0.016750419895113933,-0.24202020202020194,0.16479076479076485,0.05362415082262973,0.09354830261342459,0.5,0.2,0.4068109668109668,False,False,,,,,,,,,,,,,,,,,False,False
Emma Cechova,emma cechova,MIN,0.0,4,19.0,ast,MIN,MIN,1,bottom,Emma Cechova,1.0,0.0,0.0,0.0,,,0.0,,,,,False,False,,,,,,,,,,,,,,,,,False,False
Saylor Poffenbarger,saylor poffenbarger,MIN,0.6666666666666666,3,23.0,ast,MIN,MIN,2,bottom,,,,,,,,,,,,,False,False,,,,,,,,,,,,,,,,,False,False
Kayla McBride,kayla mcbride,MIN,2.08,25,31.88,ast,MIN,MIN,3,bottom,Kayla McBride,22.0,4.0,9.0,-0.020395277561680147,-0.14902597402597406,-0.06018885237992796,0.07656749568514273,-0.028126906666066268,0.4444444444444444,0.25,0.0888371216460461,False,False,,,,,,,,,,,,,,,,,False,False
Olivia Miles,olivia miles,MIN,5.68,25,29.32,ast,MIN,MIN,1,top,Olivia Miles,22.0,5.0,7.0,0.9536969966999245,1.7881410256410253,0.365748618287895,0.9480388471177946,-0.21457839846726615,0.42857142857142855,0.8,-1.4223924073531302,False,False,,,,,,,,,,,,,,,,,False,False
Courtney Williams,courtney williams,MIN,4.148148148148148,27,29.11111111111111,ast,MIN,MIN,2,top,Courtney Williams,24.0,5.0,9.0,0.25898848982028083,1.8224358974358974,0.6164232862272079,-0.8444265307537618,-0.06750913317522028,0.4444444444444444,0.8,-1.2060126112086895,False,False,,,,,,,,,,,,,,,,,False,False
Natasha Howard,natasha howard,MIN,3.08,25,29.32,ast,MIN,MIN,3,top,Natasha Howard,22.0,4.0,9.0,0.19348598161466032,-0.8253246753246753,-0.0993413718242093,0.9391180714710126,0.034823580849516284,0.3333333333333333,0.5,0.725983303500466,False,True,,,,,,,,,,,,,,,,,False,False
Kayla McBride,kayla mcbride,MIN,0.28,25,31.88,blk,MIN,MIN,1,bottom,Kayla McBride,22.0,4.0,9.0,0.07863283545323524,-0.26818181818181813,-0.0246864955961066,0.3360920125626008,0.04114784298823653,0.2222222222222222,0.0,0.24349532258571152,False,False,,,,,,,,,,,,,,,,,False,False
Courtney Williams,courtney williams,MIN,0.3333333333333333,27,29.11111111111111,blk,MIN,MIN,2,bottom,Courtney Williams,24.0,5.0,9.0,0.030699440546702945,0.08835470085470085,-0.25785113941976684,0.2615673323625268,-0.2343383765881507,0.1111111111111111,0.2,-0.34620584027446766,False,False,,,,,,,,,,,,,,,,,False,False
Olivia Miles,olivia miles,MIN,0.76,25,29.32,blk,MIN,MIN,3,bottom,Olivia Miles,22.0,5.0,7.0,0.30578437597704844,1.1824786324786323,0.5253363664306302,-0.28624914559125086,-0.22215474562453194,0.5714285714285714,0.6,-0.6571422660480021,False,False,,,,,,,,,,,,,,,,,False,False
Emma Cechova,emma cechova,MIN,1.5,4,19.0,blk,MIN,MIN,1,top,Emma Cechova,1.0,0.0,0.0,-2.0,,,-2.0,,,,,False,False,,,,,,,,,,,,,,,,,False,False
Nia Coffey,nia coffey,MIN,1.4814814814814814,27,25.59259259259259,blk,MIN,MIN,2,top,Nia Coffey,24.0,5.0,9.0,0.08914754095271327,0.5288461538461539,0.22730446024563675,-0.2550429928576382,-0.005336575297350919,0.4444444444444444,0.6,-0.3015416936005171,False,False,,,,,,,,,,,,,,,,,False,False
Dorka Juhasz,dorka juhasz,MIN,1.0,4,20.25,blk,MIN,MIN,3,top,Dorka Juhasz,1.0,0.0,1.0,0.0,,0.0,,,0.0,,,False,False,,,,,,,,,,,,,,,,,False,False
Emma Cechova,emma cechova,MIN,0.0,4,19.0,fg3m,MIN,MIN,1,bottom,Emma Cechova,1.0,0.0,0.0,0.0,,,0.0,,,,,False,False,,,,,,,,,,,,,,,,,False,False
Natasha Howard,natasha howard,MIN,0.04,25,29.32,fg3m,MIN,MIN,2,bottom,Natasha Howard,22.0,4.0,9.0,0.03951820577314649,0.0,-0.009460547504025764,0.10606060606060606,-0.07985356685258359,0.0,0.0,-0.009460547504025764,False,False,,,,,,,,,,,,,,,,,False,False
Saylor Poffenbarger,saylor poffenbarger,MIN,1.0,3,23.0,fg3m,MIN,MIN,3,bottom,,,,,,,,,,,,,False,False,,,,,,,,,,,,,,,,,False,False
Kayla McBride,kayla mcbride,MIN,2.32,25,31.88,fg3m,MIN,MIN,1,top,Kayla McBride,22.0,4.0,9.0,0.9234932391167479,0.4305194805194806,0.7689714578158515,1.2971144686830962,0.04326914139581633,0.5555555555555556,0.5,0.33845197729637094,False,False,,,,,,,,,,,,,,,,,False,False
Nia Coffey,nia coffey,MIN,1.4814814814814814,27,25.59259259259259,fg3m,MIN,MIN,2,top,Nia Coffey,24.0,5.0,9.0,0.1270395426250437,0.4505341880341881,-0.5984898471172981,0.6182686706885792,-0.37301723901565276,0.2222222222222222,0.8,-1.0490240351514863,False,False,,,,,,,,,,,,,,,,,False,False
Courtney Williams,courtney williams,MIN,1.2962962962962963,27,29.11111111111111,fg3m,MIN,MIN,3,top,Courtney Williams,24.0,5.0,9.0,0.113521058473441,-0.05192307692307692,-0.023736365304992804,0.31977480757229043,-0.03842022494936866,0.3333333333333333,0.4,0.028186711618084115,False,False,,,,,,,,,,,,,,,,,False,False
Saylor Poffenbarger,saylor poffenbarger,MIN,12.333333333333334,3,23.0,pra,MIN,MIN,1,bottom,,,,,,,,,,,,,False,False,,,,,,,,,,,,,,,,,False,False
Dorka Juhasz,dorka juhasz,MIN,13.75,4,20.25,pra,MIN,MIN,2,bottom,Dorka Juhasz,1.0,0.0,1.0,11.0,,11.0,,,1.0,,,False,False,,,,,,,,,,,,,,,,,False,False
Emma Cechova,emma cechova,MIN,14.5,4,19.0,pra,MIN,MIN,3,bottom,Emma Cechova,1.0,0.0,0.0,-14.0,,,-14.0,,,,,False,False,,,,,,,,,,,,,,,,,False,False
Olivia Miles,olivia miles,MIN,27.76,25,29.32,pra,MIN,MIN,1,top,Olivia Miles,22.0,5.0,7.0,4.198345307603252,5.609829059829062,2.60030359970075,4.6112326270221,-0.0524759028391476,0.7142857142857143,0.8,-3.009525460128312,False,False,,,,,,,,,,,,,,,,,False,False
Natasha Howard,natasha howard,MIN,26.28,25,29.32,pra,MIN,MIN,2,top,Natasha Howard,22.0,4.0,9.0,2.868095358146478,2.4246753246753237,1.4297200870999494,4.5035461996246315,-0.16802725551679978,0.4444444444444444,0.5,-0.9949552375753743,False,False,,,,,,,,,,,,,,,,,False,False
Courtney Williams,courtney williams,MIN,23.814814814814813,27,29.11111111111111,pra,MIN,MIN,3,top,Courtney Williams,24.0,5.0,9.0,3.154333822469128,8.734935897435898,-0.0940137422490363,3.2875455932320916,-0.41645099457879514,0.5555555555555556,0.8,-8.828949639684934,False,False,,,,,,,,,,,,,,,,,False,False
Saylor Poffenbarger,saylor poffenbarger,MIN,5.666666666666667,3,23.0,pts,MIN,MIN,1,bottom,,,,,,,,,,,,,False,False,,,,,,,,,,,,,,,,,False,False
Dorka Juhasz,dorka juhasz,MIN,6.75,4,20.25,pts,MIN,MIN,2,bottom,Dorka Juhasz,1.0,0.0,1.0,7.0,,7.0,,,1.0,,,False,False,,,,,,,,,,,,,,,,,False,False
Nia Coffey,nia coffey,MIN,8.148148148148149,27,25.59259259259259,pts,MIN,MIN,3,bottom,Nia Coffey,24.0,5.0,9.0,-0.4641554368858681,0.9542735042735042,-2.1295434848376025,0.3254793356910062,-0.3014327971975316,0.3333333333333333,0.4,-3.0838169891111065,False,False,,,,,,,,,,,,,,,,,False,False
Olivia Miles,olivia miles,MIN,17.48,25,29.32,pts,MIN,MIN,1,top,Olivia Miles,22.0,5.0,7.0,3.3588038128470896,4.047863247863248,2.82853300740586,3.3854636591478693,0.06410734095862575,0.7142857142857143,0.8,-1.2193302404573876,False,False,,,,,,,,,,,,,,,,,False,False
Kayla McBride,kayla mcbride,MIN,17.16,25,31.88,pts,MIN,MIN,2,top,Kayla McBride,22.0,4.0,9.0,2.922167461904855,-0.13603896103896096,4.441741477439418,2.7617963010119877,0.3031165718648803,0.7777777777777778,0.5,4.57778043847838,True,False,,,,,,,,,,,,,,,,,False,False
Natasha Howard,natasha howard,MIN,15.4,25,29.32,pts,MIN,MIN,3,top,Natasha Howard,22.0,4.0,9.0,1.9021363986948032,2.7766233766233763,0.5696122389772277,2.8459996793330125,-0.21505843681815226,0.6666666666666666,0.5,-2.2070111376461488,False,False,,,,,,,,,,,,,,,,,False,False
Kayla McBride,kayla mcbride,MIN,3.72,25,31.88,reb,MIN,MIN,1,bottom,Kayla McBride,22.0,4.0,9.0,-0.07098363160814974,-0.4896103896103896,-0.3340527554486365,0.37814182912222116,-0.14396976555452376,0.3333333333333333,0.25,0.1555576341617531,False,True,,,,,,,,,,,,,,,,,False,False
Emma Cechova,emma cechova,MIN,4.25,4,19.0,reb,MIN,MIN,2,bottom,Emma Cechova,1.0,0.0,0.0,-3.0,,,-3.0,,,,,False,False,,,,,,,,,,,,,,,,,False,False
Dorka Juhasz,dorka juhasz,MIN,4.5,4,20.25,reb,MIN,MIN,3,bottom,Dorka Juhasz,1.0,0.0,1.0,0.666666666666667,,0.666666666666667,,,1.0,,,False,False,,,,,,,,,,,,,,,,,False,False
Natasha Howard,natasha howard,MIN,7.8,25,29.32,reb,MIN,MIN,1,top,Natasha Howard,22.0,4.0,9.0,0.772472977837015,0.47337662337662345,0.9594492199469317,0.7184284488206059,-0.021030990679108123,0.4444444444444444,0.75,0.4860725965703082,False,False,,,,,,,,,,,,,,,,,False,False
Saylor Poffenbarger,saylor poffenbarger,MIN,6.0,3,23.0,reb,MIN,MIN,2,top,,,,,,,,,,,,,False,False,,,,,,,,,,,,,,,,,False,False
Nia Coffey,nia coffey,MIN,5.2592592592592595,27,25.59259259259259,reb,MIN,MIN,3,top,Nia Coffey,24.0,5.0,9.0,0.22545512788046276,0.6105769230769231,-1.062788467886507,1.1923134664725055,-0.3206312701491546,0.2222222222222222,0.6,-1.67336539096343,False,False,,,,,,,,,,,,,,,,,False,False
Dorka Juhasz,dorka juhasz,MIN,0.0,4,20.25,stl,MIN,MIN,1,bottom,Dorka Juhasz,1.0,0.0,1.0,0.0,,0.0,,,0.0,,,False,False,,,,,,,,,,,,,,,,,False,False
Emma Cechova,emma cechova,MIN,0.25,4,19.0,stl,MIN,MIN,2,bottom,Emma Cechova,1.0,0.0,0.0,-0.3333333333333333,,,-0.3333333333333333,,,,,False,False,,,,,,,,,,,,,,,,,False,False
Saylor Poffenbarger,saylor poffenbarger,MIN,0.3333333333333333,3,23.0,stl,MIN,MIN,3,bottom,,,,,,,,,,,,,False,False,,,,,,,,,,,,,,,,,False,False
Kayla McBride,kayla mcbride,MIN,1.64,25,31.88,stl,MIN,MIN,1,top,Kayla McBride,22.0,4.0,9.0,0.15288802261492213,0.08961038961038958,-0.538190980982743,0.8720904186590461,-0.2625474040326892,0.3333333333333333,0.5,-0.6278013705931326,False,False,,,,,,,,,,,,,,,,,False,False
Natasha Howard,natasha howard,MIN,1.52,25,29.32,stl,MIN,MIN,2,top,Natasha Howard,22.0,4.0,9.0,0.4359394307232325,0.14740259740259737,0.3021268099643386,0.6979906440690754,-0.00035817998066575306,0.4444444444444444,0.5,0.15472421256174124,False,False,,,,,,,,,,,,,,,,,False,False
Olivia Miles,olivia miles,MIN,1.2,25,29.32,stl,MIN,MIN,3,top,Olivia Miles,22.0,5.0,7.0,0.22858445019019677,0.3482905982905983,-0.08603586362081063,0.388965595807701,-0.20364534033763032,0.2857142857142857,0.4,-0.4343264619114089,False,False,,,,,,,,,,,,,,,,,False,False
Dorka Juhasz,dorka juhasz,MIN,1.0,4,20.25,stocks,MIN,MIN,1,bottom,Dorka Juhasz,1.0,0.0,1.0,0.0,,0.0,,,0.0,,,False,False,,,,,,,,,,,,,,,,,False,False
Saylor Poffenbarger,saylor poffenbarger,MIN,1.3333333333333333,3,23.0,stocks,MIN,MIN,2,bottom,,,,,,,,,,,,,False,False,,,,,,,,,,,,,,,,,False,False
Courtney Williams,courtney williams,MIN,1.5185185185185186,27,29.11111111111111,stocks,MIN,MIN,3,bottom,Courtney Williams,24.0,5.0,9.0,0.11472521024042093,0.6117521367521368,-0.2913063407181054,0.2316401428472367,-0.2134059624731399,0.4444444444444444,0.6,-0.9030584774702421,False,False,,,,,,,,,,,,,,,,,False,False
Nia Coffey,nia coffey,MIN,2.4444444444444446,27,25.59259259259259,stocks,MIN,MIN,1,top,Nia Coffey,24.0,5.0,9.0,0.4771939901440423,1.057371794871795,0.8919829915908346,-0.1862050135219472,0.0932092172015365,0.6666666666666666,0.6,-0.16538880328096028,False,False,,,,,,,,,,,,,,,,,False,False
Natasha Howard,natasha howard,MIN,2.36,25,29.32,stocks,MIN,MIN,2,top,Natasha Howard,22.0,4.0,9.0,0.7700778995020542,0.8431818181818183,0.8583015509788966,0.6493636175008723,0.04594727816198102,0.5555555555555556,0.5,0.015119732797078345,False,False,,,,,,,,,,,,,,,,,False,False
Olivia Miles,olivia miles,MIN,1.96,25,29.32,stocks,MIN,MIN,3,top,Olivia Miles,22.0,5.0,7.0,0.5343688261672451,1.5307692307692307,0.4393005028098195,0.10271645021645019,-0.3173269339552711,0.5714285714285714,0.6,-1.091468727959411,False,False,,,,,,,,,,,,,,,,,False,False
Alex Fowler,alex fowler,NY,0.5,4,17.5,ast,NYL,NY,1,bottom,Alex Fowler,1.0,1.0,0.0,-0.6666666666666666,-0.6666666666666666,,,,,0.0,,False,False,,,,,,,,,,,,,,,,,False,False
Anneli Maley,anneli maley,NY,0.6666666666666666,6,16.833333333333332,ast,NYL,NY,2,bottom,Anneli Maley,4.0,0.0,2.0,-0.9499999999999998,,-0.9,-1.0,,0.0,,,False,False,,,,,,,,,,,,,,,,,False,False
Derin Erdogan,derin erdogan,NY,1.0,2,16.0,ast,NYL,NY,3,bottom,,,,,,,,,,,,,False,False,,,,,,,,,,,,,,,,,False,False
Julie Vanloo,julie vanloo,NY,5.4,5,16.2,ast,NYL,NY,1,top,Julie Vanloo,4.0,1.0,3.0,0.016666666666666607,4.333333333333334,-1.4222222222222225,,,0.3333333333333333,1.0,-5.755555555555556,False,False,,,,,,,,,,,,,,,,,False,False
Ny'Ceara Pryor,ny ceara pryor,NY,5.0,1,24.0,ast,NYL,NY,2,top,,,,,,,,,,,,,False,False,,,,,,,,,,,,,,,,,False,False
Sabrina Ionescu,sabrina ionescu,NY,4.2,15,28.533333333333335,ast,NYL,NY,3,top,Sabrina Ionescu,12.0,4.0,3.0,0.5235819735819736,0.9702380952380952,0.7256410256410256,0.045021645021645094,0.06478478660518219,0.3333333333333333,0.75,-0.24459706959706962,False,False,,,,,,,,,,,,,,,,,False,False
Alex Fowler,alex fowler,NY,0.0,4,17.5,blk,NYL,NY,1,bottom,Alex Fowler,1.0,1.0,0.0,0.0,0.0,,,,,0.0,,False,False,,,,,,,,,,,,,,,,,False,False
Anneli Maley,anneli maley,NY,0.0,6,16.833333333333332,blk,NYL,NY,2,bottom,Anneli Maley,4.0,0.0,2.0,0.0,,0.0,0.0,,0.0,,,False,False,,,,,,,,,,,,,,,,,False,False
Derin Erdogan,derin erdogan,NY,0.0,2,16.0,blk,NYL,NY,3,bottom,,,,,,,,,,,,,False,False,,,,,,,,,,,,,,,,,False,False
Jonquel Jones,jonquel jones,NY,1.08,25,28.96,blk,NYL,NY,1,top,Jonquel Jones,22.0,5.0,8.0,-0.159930443556574,-0.4839334521687463,0.009409114436288335,-0.13045282365457805,0.14096717745593754,0.25,0.0,0.4933425666050346,False,True,,,,,,,,,,,,,,,,,False,False
Breanna Stewart,breanna stewart,NY,1.04,25,31.6,blk,NYL,NY,2,top,Breanna Stewart,22.0,4.0,9.0,0.030913833495087525,-0.045580808080808055,0.0709148339583122,0.02491045151003875,0.15526159042090187,0.5555555555555556,0.5,0.11649564203912026,False,False,,,,,,,,,,,,,,,,,False,False
Pauline Astier,pauline astier,NY,0.24,25,24.52,blk,NYL,NY,3,top,Pauline Astier,22.0,5.0,8.0,-0.06680122069994683,-0.29180035650623887,-0.051358695652173894,0.04447161026108394,0.2295502814694619,0.25,0.0,0.240441660854065,False,False,,,,,,,,,,,,,,,,,False,False
Ny'Ceara Pryor,ny ceara pryor,NY,0.0,1,24.0,fg3m,NYL,NY,1,bottom,,,,,,,,,,,,,False,False,,,,,,,,,,,,,,,,,False,False
Rebekah Gardner,rebekah gardner,NY,0.2727272727272727,22,16.59090909090909,fg3m,NYL,NY,2,bottom,Rebekah Gardner,19.0,4.0,8.0,-0.22046415238121284,-0.20133053221288516,0.03558420745920743,-0.5240243465807375,0.09154698036994144,0.25,0.25,0.2369147396720926,False,False,,,,,,,,,,,,,,,,,False,False
Anneli Maley,anneli maley,NY,0.3333333333333333,6,16.833333333333332,fg3m,NYL,NY,3,bottom,Anneli Maley,4.0,0.0,2.0,0.012500000000000039,,-0.225,0.25,,0.0,,,False,False,,,,,,,,,,,,,,,,,False,False
Marine Johannes,marine johannes,NY,2.32,25,23.52,fg3m,NYL,NY,1,top,Marine Johannes,22.0,5.0,8.0,-1.0451002984579172,-1.34708853238265,-1.196972049689441,-0.7423319451828223,0.10904393344844554,0.125,0.2,0.1501164826932091,False,True,,,,,,,,,,,,,,,,,False,False
Sabrina Ionescu,sabrina ionescu,NY,1.8666666666666667,15,28.533333333333335,fg3m,NYL,NY,2,top,Sabrina Ionescu,12.0,4.0,3.0,0.9132904132904134,0.9583333333333333,0.07692307692307694,1.379076479076479,-0.17866404487643128,0.3333333333333333,0.75,-0.8814102564102563,False,False,,,,,,,,,,,,,,,,,False,False
Leonie Fiebich,leonie fiebich,NY,1.6923076923076923,13,29.923076923076923,fg3m,NYL,NY,3,top,Leonie Fiebich,10.0,3.0,3.0,0.3892568542568543,0.24629629629629637,1.2380952380952381,-0.14015151515151514,0.3350534176834017,0.6666666666666666,0.6666666666666666,0.9917989417989418,True,False,,,,,,,,,,,,,,,,,False,False
Alex Fowler,alex fowler,NY,7.25,4,17.5,pra,NYL,NY,1,bottom,Alex Fowler,1.0,1.0,0.0,-9.666666666666666,-9.666666666666666,,,,,0.0,,False,False,,,,,,,,,,,,,,,,,False,False
Betnijah Laney-Hamilton,betnijah laney hamilton,NY,8.125,16,16.9375,pra,NYL,NY,2,bottom,Betnijah Laney-Hamilton,13.0,3.0,5.0,-1.8272533022533024,-5.637806637806638,1.8968253968253967,-3.2650000000000006,0.511586413671077,0.8,0.0,7.534632034632034,True,True,,,,,,,,,,,,,,,,,False,False
Anneli Maley,anneli maley,NY,9.0,6,16.833333333333332,pra,NYL,NY,3,bottom,Anneli Maley,4.0,0.0,2.0,-8.637500000000001,,-11.025,-6.25,,0.0,,,False,False,,,,,,,,,,,,,,,,,False,False
Breanna Stewart,breanna stewart,NY,30.92,25,31.6,pra,NYL,NY,1,top,Breanna Stewart,22.0,4.0,9.0,2.732383670421106,-0.16262626262626334,4.474762254653559,2.27667616754304,0.33773459728914296,1.0,0.5,4.637388517279822,True,False,,,,,,,,,,,,,,,,,False,False
Jonquel Jones,jonquel jones,NY,25.4,25,28.96,pra,NYL,NY,2,top,Jonquel Jones,22.0,5.0,8.0,3.8093366430081264,7.137492572786689,4.51914172783738,1.3294232732829228,-0.20007177065514514,0.625,1.0,-2.618350844949309,False,False,,,,,,,,,,,,,,,,,False,False
Sabrina Ionescu,sabrina ionescu,NY,21.066666666666666,15,28.533333333333335,pra,NYL,NY,3,top,Sabrina Ionescu,12.0,4.0,3.0,7.053993228993228,7.9922619047619055,4.542307692307692,7.810389610389609,0.015262552653375198,0.3333333333333333,0.75,-3.4499542124542133,False,False,,,,,,,,,,,,,,,,,False,False
Ny'Ceara Pryor,ny ceara pryor,NY,1.0,1,24.0,pts,NYL,NY,1,bottom,,,,,,,,,,,,,False,False,,,,,,,,,,,,,,,,,False,False
Betnijah Laney-Hamilton,betnijah laney hamilton,NY,4.875,16,16.9375,pts,NYL,NY,2,bottom,Betnijah Laney-Hamilton,13.0,3.0,5.0,-1.6440230709461479,-4.805194805194805,0.8963492063492063,-2.287692307692308,0.4720105897887803,0.8,0.0,5.701544011544011,True,True,,,,,,,,,,,,,,,,,False,False
Alex Fowler,alex fowler,NY,5.0,4,17.5,pts,NYL,NY,3,bottom,Alex Fowler,1.0,1.0,0.0,-6.666666666666667,-6.666666666666667,,,,,0.0,,False,False,,,,,,,,,,,,,,,,,False,False
Breanna Stewart,breanna stewart,NY,20.28,25,31.6,pts,NYL,NY,1,top,Breanna Stewart,22.0,4.0,9.0,2.118443431637196,2.417550505050505,2.722200122743601,1.3817502634582093,0.11544690833562435,0.6666666666666666,0.25,0.3046496176930962,False,False,,,,,,,,,,,,,,,,,False,False
Jonquel Jones,jonquel jones,NY,13.96,25,28.96,pts,NYL,NY,2,top,Jonquel Jones,22.0,5.0,8.0,1.8797659632701054,5.1929887106357695,1.5116888998682474,0.3662662710908325,-0.31670394726570755,0.625,0.8,-3.681299810767522,False,False,,,,,,,,,,,,,,,,,False,False
Sabrina Ionescu,sabrina ionescu,NY,13.333333333333334,15,28.533333333333335,pts,NYL,NY,3,top,Sabrina Ionescu,12.0,4.0,3.0,5.963743894993894,6.716964285714286,4.097435897435897,6.480952380952381,-0.04189845736331192,0.6666666666666666,1.0,-2.619528388278389,False,False,,,,,,,,,,,,,,,,,False,False
Derin Erdogan,derin erdogan,NY,0.0,2,16.0,reb,NYL,NY,1,bottom,,,,,,,,,,,,,False,False,,,,,,,,,,,,,,,,,False,False
Alex Fowler,alex fowler,NY,1.75,4,17.5,reb,NYL,NY,2,bottom,Alex Fowler,1.0,1.0,0.0,-2.3333333333333335,-2.3333333333333335,,,,,0.0,,False,False,,,,,,,,,,,,,,,,,False,False
Betnijah Laney-Hamilton,betnijah laney hamilton,NY,1.8125,16,16.9375,reb,NYL,NY,3,bottom,Betnijah Laney-Hamilton,13.0,3.0,5.0,0.19166944166944166,-0.31096681096681095,1.004920634920635,-0.32,0.4046324309301758,0.8,0.3333333333333333,1.3158874458874459,True,True,,,,,,,,,,,,,,,,,False,False
Jonquel Jones,jonquel jones,NY,9.04,25,28.96,reb,NYL,NY,1,top,Jonquel Jones,22.0,5.0,8.0,1.5582492313491227,1.7050326797385622,2.5952080980613585,0.5549616562774459,0.1051277558369978,0.875,0.6,0.8901754183227963,True,False,,,,,,,,,,,,,,,,,False,False
Breanna Stewart,breanna stewart,NY,8.0,25,31.6,reb,NYL,NY,2,top,Breanna Stewart,22.0,4.0,9.0,0.15021519431876887,-1.2599747474747474,0.8803418803418803,0.04683959353722016,0.434078393442803,0.6666666666666666,0.25,2.1403166278166275,True,True,,,,,,,,,,,,,,,,,False,False
Sabrina Ionescu,sabrina ionescu,NY,3.533333333333333,15,28.533333333333335,reb,NYL,NY,3,top,Sabrina Ionescu,12.0,4.0,3.0,0.5666673604173604,0.3050595238095236,-0.2807692307692308,1.2844155844155845,0.10889485016865696,0.6666666666666666,0.25,-0.5858287545787544,False,False,,,,,,,,,,,,,,,,,False,False
Satou Sabally,satou sabally,NY,0.1,10,17.7,stl,NYL,NY,1,bottom,Satou Sabally,7.0,0.0,4.0,0.10912698412698411,,0.21875,-0.037037037037037035,0.19014831263967358,0.25,,,False,False,,,,,,,,,,,,,,,,,False,False
Betnijah Laney-Hamilton,betnijah laney hamilton,NY,0.3125,16,16.9375,stl,NYL,NY,2,bottom,Betnijah Laney-Hamilton,13.0,3.0,5.0,0.020644526413757185,-0.40945165945165946,0.10793650793650796,0.19141025641025644,0.18702168033789046,0.4,0.0,0.5173881673881674,False,True,,,,,,,,,,,,,,,,,False,False
Julie Vanloo,julie vanloo,NY,0.4,5,16.2,stl,NYL,NY,3,bottom,Julie Vanloo,4.0,1.0,3.0,-0.029166666666666632,-0.3333333333333333,0.07222222222222226,,,0.3333333333333333,0.0,0.40555555555555556,False,False,,,,,,,,,,,,,,,,,False,False
Ny'Ceara Pryor,ny ceara pryor,NY,4.0,1,24.0,stl,NYL,NY,1,top,,,,,,,,,,,,,False,False,,,,,,,,,,,,,,,,,False,False
Alex Fowler,alex fowler,NY,1.5,4,17.5,stl,NYL,NY,2,top,Alex Fowler,1.0,1.0,0.0,-0.6666666666666667,-0.6666666666666667,,,,,0.0,,False,False,,,,,,,,,,,,,,,,,False,False
Leonie Fiebich,leonie fiebich,NY,1.3076923076923077,13,29.923076923076923,stl,NYL,NY,3,top,Leonie Fiebich,10.0,3.0,3.0,0.264040404040404,0.8407407407407407,-0.5,0.40454545454545454,-0.29063696364716657,0.0,0.6666666666666666,-1.3407407407407406,False,False,,,,,,,,,,,,,,,,,False,False
Satou Sabally,satou sabally,NY,0.3,10,17.7,stocks,NYL,NY,1,bottom,Satou Sabally,7.0,0.0,4.0,0.06213151927437645,,0.01845238095238097,0.12037037037037039,0.0679518341247523,0.25,,,False,False,,,,,,,,,,,,,,,,,False,False
Julie Vanloo,julie vanloo,NY,0.4,5,16.2,stocks,NYL,NY,2,bottom,Julie Vanloo,4.0,1.0,3.0,-0.029166666666666632,-0.3333333333333333,0.07222222222222226,,,0.3333333333333333,0.0,0.40555555555555556,False,False,,,,,,,,,,,,,,,,,False,False
Betnijah Laney-Hamilton,betnijah laney hamilton,NY,0.4375,16,16.9375,stocks,NYL,NY,3,bottom,Betnijah Laney-Hamilton,13.0,3.0,5.0,-0.07223929916237609,-0.5732323232323232,-0.08619047619047619,0.24230769230769234,0.24094666417395766,0.4,0.0,0.487041847041847,False,True,,,,,,,,,,,,,,,,,False,False
Ny'Ceara Pryor,ny ceara pryor,NY,4.0,1,24.0,stocks,NYL,NY,1,top,,,,,,,,,,,,,False,False,,,,,,,,,,,,,,,,,False,False
Breanna Stewart,breanna stewart,NY,2.32,25,31.6,stocks,NYL,NY,2,top,Breanna Stewart,22.0,4.0,9.0,0.36751411227917613,-0.4551767676767676,0.7493723466549552,0.35129626899492744,0.35336808028011263,0.6666666666666666,0.25,1.2045491143317228,True,True,,,,,,,,,,,,,,,,,False,False
Jonquel Jones,jonquel jones,NY,1.72,25,28.96,stocks,NYL,NY,3,top,Jonquel Jones,22.0,5.0,8.0,-0.25967274321879735,-0.5606179441473559,-0.22544407585168455,-0.12290644702925405,0.11651724123752198,0.375,0.4,0.3351738682956713,False,True,,,,,,,,,,,,,,,,,False,False
Morgan Maly,morgan maly,PHX,0.5,2,15.0,ast,PHX,PHX,1,bottom,,,,,,,,,,,,,False,False,,,,,,,,,,,,,,,,,False,False
Natasha Mack,natasha mack,PHX,1.2352941176470589,17,23.941176470588236,ast,PHX,PHX,2,bottom,Natasha Mack,14.0,6.0,3.0,0.24102266780838214,0.10997474747474746,1.1611721611721613,-0.1538095238095239,0.12477940667857741,1.0,0.5,1.0511974136974138,True,False,Natasha Mack,PHX,CON,ast,2.5,OVER,OVER,-5.061394233486906,-1.2,,D,14,Weak,0,1.4,natasha mack,True,True
DeWanna Bonner,dewanna bonner,PHX,1.36,25,26.32,ast,PHX,PHX,3,bottom,DeWanna Bonner,22.0,8.0,5.0,0.2036736193245848,0.45230739893211286,0.9943528693528693,-0.45660043478670936,0.09838790277218208,0.4,0.625,0.5420454704207565,False,False,DeWanna Bonner,PHX,CON,ast,3.5,OVER,OVER,-5.061394233486906,-1.794455,,D,14,Weak,0,1.8,dewanna bonner,True,False
Alyssa Thomas,alyssa thomas,PHX,7.695652173913044,23,32.08695652173913,ast,PHX,PHX,1,top,Alyssa Thomas,20.0,8.0,3.0,-0.6274836040722264,0.0220031194295901,-1.2337662337662338,-1.0027109261758385,-0.17148038268388976,0.0,0.5,-1.255769353195824,False,False,Alyssa Thomas,PHX,CON,ast,5.5,OVER,OVER,3.624057734435595,1.4610950000000003,-0.1769235531692361,B,14,Weak,0.6,6.2,alyssa thomas,True,False
Monique Akoa Makani,monique akoa makani,PHX,2.6666666666666665,12,23.166666666666668,ast,PHX,PHX,2,top,Monique Akoa Makani,9.0,3.0,2.0,-0.6942921276254608,-0.41111111111111115,-0.022727272727272707,-1.2424603174603175,0.14476732896063066,0.5,0.3333333333333333,0.38838383838383844,False,True,Monique Akoa Makani,PHX,CON,ast,2.5,OVER,OVER,0.04361165662472584,0.055544999999999956,0.1104731205501835,A,14,Weak,0.6,2.6,monique akoa makani,True,False
Lexi Held,lexi held,PHX,2.0714285714285716,14,21.071428571428573,ast,PHX,PHX,3,top,Lexi Held,14.0,5.0,3.0,0.6636816623962797,0.45699589883800407,1.5735449735449734,0.38098814312049606,0.20285403246634331,1.0,0.8,1.1165490747069693,True,False,,,,,,,,,,,,,,,,,False,False
Jovana Nogic,jovana nogic,PHX,0.0,13,21.615384615384617,blk,PHX,PHX,1,bottom,Jovana Nogic,10.0,3.0,3.0,0.0,0.0,0.0,0.0,,0.0,0.0,0.0,False,False,,,,,,,,,,,,,,,,,False,False
Morgan Maly,morgan maly,PHX,0.0,2,15.0,blk,PHX,PHX,2,bottom,,,,,,,,,,,,,False,False,,,,,,,,,,,,,,,,,False,False
Kahleah Copper,kahleah copper,PHX,0.08333333333333333,24,31.541666666666668,blk,PHX,PHX,3,bottom,Kahleah Copper,21.0,8.0,4.0,0.03390226468366191,0.06903860028860029,-0.05115089514066496,0.04047137073452864,-0.16488096475913316,0.0,0.125,-0.12018949542926524,False,False,,,,,,,,,,,,,,,,,False,False
Natasha Mack,natasha mack,PHX,1.1764705882352942,17,23.941176470588236,blk,PHX,PHX,1,top,Natasha Mack,14.0,6.0,3.0,0.22744735423306858,0.7226010101010102,-1.031135531135531,0.38841269841269843,-0.5612555743264782,0.0,0.6666666666666666,-1.7537365412365413,False,False,,,,,,,,,,,,,,,,,False,False
DeWanna Bonner,dewanna bonner,PHX,0.68,25,26.32,blk,PHX,PHX,2,top,DeWanna Bonner,22.0,8.0,5.0,-0.12501558887581413,-0.14265329207405864,0.24310134310134313,-0.3138470371313508,0.058591645327595226,0.6,0.25,0.38575463517540176,False,False,,,,,,,,,,,,,,,,,False,False
Alyssa Thomas,alyssa thomas,PHX,0.391304347826087,23,32.08695652173913,blk,PHX,PHX,3,top,Alyssa Thomas,20.0,8.0,3.0,0.25593580782822273,0.08857349758085051,0.10894660894660894,0.4536987054530914,-0.048566626230273836,0.3333333333333333,0.25,0.020373111365758437,False,False,Alyssa Thomas,PHX,CON,blk,0.5,OVER,OVER,0.9110831639655744,0.151331,0.01711458179206549,A,14,Weak,0.6,0.6,alyssa thomas,True,False
Alyssa Thomas,alyssa thomas,PHX,0.0,23,32.08695652173913,fg3m,PHX,PHX,1,bottom,Alyssa Thomas,20.0,8.0,3.0,0.0,0.0,0.0,0.0,,0.0,0.0,0.0,False,False,,,,,,,,,,,,,,,,,False,False
Morgan Maly,morgan maly,PHX,0.0,2,15.0,fg3m,PHX,PHX,2,bottom,,,,,,,,,,,,,False,False,,,,,,,,,,,,,,,,,False,False
Natasha Mack,natasha mack,PHX,0.058823529411764705,17,23.941176470588236,fg3m,PHX,PHX,3,bottom,Natasha Mack,14.0,6.0,3.0,-0.039099689992547135,0.06401515151515151,-0.12881562881562883,-0.1090079365079365,-0.3718406356815034,0.0,0.16666666666666666,-0.19283078033078033,False,False,,,,,,,,,,,,,,,,,False,False
Jovana Nogic,jovana nogic,PHX,2.3846153846153846,13,21.615384615384617,fg3m,PHX,PHX,1,top,Jovana Nogic,10.0,3.0,3.0,-0.48311327561327566,-1.4925925925925927,-1.2348484848484849,0.8377976190476191,0.08935728971500383,0.0,0.0,0.25774410774410783,False,True,,,,,,,,,,,,,,,,,False,False
Kahleah Copper,kahleah copper,PHX,1.7083333333333333,24,31.541666666666668,fg3m,PHX,PHX,2,top,Kahleah Copper,21.0,8.0,4.0,-0.06317886000740834,0.28431637806637805,-1.1939014736329314,0.13047986776056952,-0.4287445737556867,0.0,0.625,-1.4782178516993094,False,False,Kahleah Copper,PHX,CON,fg3m,1.5,OVER,OVER,2.756667504199048,0.552772,0.01229837100796127,A,14,Weak,0.6,2.2,kahleah copper,True,False
Monique Akoa Makani,monique akoa makani,PHX,1.4166666666666667,12,23.166666666666668,fg3m,PHX,PHX,3,top,Monique Akoa Makani,9.0,3.0,2.0,-0.0048741382074715366,0.25555555555555554,-1.0227272727272727,0.30873015873015874,-0.19614687985269932,0.0,0.3333333333333333,-1.2782828282828282,False,False,Monique Akoa Makani,PHX,CON,fg3m,0.5,OVER,OVER,5.234981422968803,1.002772,-0.06147126619945742,A,14,Weak,0.6,1.8,monique akoa makani,True,False
Morgan Maly,morgan maly,PHX,4.5,2,15.0,pra,PHX,PHX,1,bottom,,,,,,,,,,,,,False,False,,,,,,,,,,,,,,,,,False,False
Noemie Brochant,noemie brochant,PHX,9.318181818181818,22,21.727272727272727,pra,PHX,PHX,2,bottom,Noemie Brochant,19.0,5.0,5.0,1.2387517557307357,6.113675213675213,0.15519480519480505,-0.8675629706073459,-0.2628028499494879,0.4,0.8,-5.958480408480408,False,False,,,,,,,,,,,,,,,,,False,False
Lexi Held,lexi held,PHX,10.571428571428571,14,21.071428571428573,pra,PHX,PHX,3,bottom,Lexi Held,14.0,5.0,3.0,2.37851346893806,2.644101161995899,7.01111111111111,-0.15910842969666503,0.237578564123211,1.0,0.4,4.367009949115211,True,False,,,,,,,,,,,,,,,,,False,False
Alyssa Thomas,alyssa thomas,PHX,28.304347826086957,23,32.08695652173913,pra,PHX,PHX,1,top,Alyssa Thomas,20.0,8.0,3.0,0.7609237576149338,0.4533677107206522,4.796536796536796,-0.31089743589743635,0.020856644866833654,1.0,0.5,4.343169085816144,True,False,Alyssa Thomas,PHX,CON,pra,24.5,OVER,OVER,3.052506336468167,6.198255,-0.3864183902585325,A,14,Weak,0.6,28.4,alyssa thomas,True,True
Kahleah Copper,kahleah copper,PHX,25.291666666666668,24,31.541666666666668,pra,PHX,PHX,2,top,Kahleah Copper,21.0,8.0,4.0,3.2632647492061855,4.453237734487734,4.890999878212154,1.4820731493977108,-0.006686773543719993,0.75,0.75,0.4377621437244201,False,False,Kahleah Copper,PHX,CON,pra,19.5,OVER,OVER,5.078913531044465,9.218755000000002,-0.3961177333309999,A,14,Weak,0.8,25.4,kahleah copper,True,False
Natasha Mack,natasha mack,PHX,18.529411764705884,17,23.941176470588236,pra,PHX,PHX,3,top,Natasha Mack,14.0,6.0,3.0,-0.7107342062699201,-0.11275252525252515,3.587912087912089,-4.007499999999999,0.08597126775881833,1.0,0.5,3.700664613164614,True,False,Natasha Mack,PHX,CON,pra,13.5,OVER,OVER,3.13636827410036,5.9205000000000005,-0.3924505801463037,B,14,Weak,0.6,18.4,natasha mack,True,True
Morgan Maly,morgan maly,PHX,2.0,2,15.0,pts,PHX,PHX,1,bottom,,,,,,,,,,,,,False,False,,,,,,,,,,,,,,,,,False,False
Noemie Brochant,noemie brochant,PHX,5.318181818181818,22,21.727272727272727,pts,PHX,PHX,2,bottom,Noemie Brochant,19.0,5.0,5.0,0.1797236136123214,3.2122222222222225,-0.12623376623376625,-1.3350215134786856,-0.20929254774471148,0.6,0.6,-3.338455988455989,False,False,,,,,,,,,,,,,,,,,False,False
Lexi Held,lexi held,PHX,7.214285714285714,14,21.071428571428573,pts,PHX,PHX,3,bottom,Lexi Held,14.0,5.0,3.0,1.5186148548488225,1.8385964912280706,5.520899470899471,-0.7491788168258758,0.2512353576265491,1.0,0.4,3.682302979671401,True,False,,,,,,,,,,,,,,,,,False,False
Kahleah Copper,kahleah copper,PHX,20.291666666666668,24,31.541666666666668,pts,PHX,PHX,1,top,Kahleah Copper,21.0,8.0,4.0,2.2021841507811066,2.9017180735930737,3.2033400316648404,1.1354180501110323,0.026830435767617768,1.0,0.5,0.3016219580717667,False,False,Kahleah Copper,PHX,CON,pts,14.5,OVER,OVER,5.726672739048941,7.105889999999999,-0.3936593342805383,A,14,Weak,0.8,20.6,kahleah copper,True,False
Alyssa Thomas,alyssa thomas,PHX,14.043478260869565,23,32.08695652173913,pts,PHX,PHX,2,top,Alyssa Thomas,20.0,8.0,3.0,0.9538422031185194,-0.9897186147186146,5.5064935064935066,1.1639013845154196,0.24737054270251324,1.0,0.375,6.496212121212121,True,True,Alyssa Thomas,PHX,CON,pts,9.5,OVER,OVER,5.263964961247378,5.45589,-0.3699608131756174,A,14,Weak,0.8,15.2,alyssa thomas,True,True
Jovana Nogic,jovana nogic,PHX,11.76923076923077,13,21.615384615384617,pts,PHX,PHX,3,top,Jovana Nogic,10.0,3.0,3.0,-2.166428571428572,-6.155555555555556,-2.1333333333333333,0.8005952380952381,0.10839258067485275,0.0,0.0,4.022222222222222,False,True,,,,,,,,,,,,,,,,,False,False
Jovana Nogic,jovana nogic,PHX,1.0769230769230769,13,21.615384615384617,reb,PHX,PHX,1,bottom,Jovana Nogic,10.0,3.0,3.0,0.10840909090909093,-0.05555555555555558,-0.2636363636363636,0.5104166666666667,-0.2513416155952018,0.3333333333333333,0.3333333333333333,-0.20808080808080803,False,False,,,,,,,,,,,,,,,,,False,False
Lexi Held,lexi held,PHX,1.2857142857142858,14,21.071428571428573,reb,PHX,PHX,2,bottom,Lexi Held,14.0,5.0,3.0,0.19621695169295794,0.3485087719298246,-0.08333333333333333,0.20908224400871459,-0.11551142897444416,0.3333333333333333,0.4,-0.4318421052631579,False,False,,,,,,,,,,,,,,,,,False,False
Monique Akoa Makani,monique akoa makani,PHX,2.0,12,23.166666666666668,reb,PHX,PHX,3,bottom,Monique Akoa Makani,9.0,3.0,2.0,-0.3281305114638448,0.411111111111111,0.625,-1.3591269841269842,-0.03193780040857734,0.5,0.3333333333333333,0.21388888888888902,False,False,Monique Akoa Makani,PHX,CON,reb,6.5,OVER,OVER,-5.061394233486906,-5.0411280000000005,,D,14,Weak,0,1,monique akoa makani,True,False
Natasha Mack,natasha mack,PHX,8.176470588235293,17,23.941176470588236,reb,PHX,PHX,1,top,Natasha Mack,14.0,6.0,3.0,-0.5496362764219908,-0.15542929292929308,-0.5824175824175827,-1.003015873015873,0.1446587295482474,0.6666666666666666,0.6666666666666666,-0.4269882894882896,False,False,Natasha Mack,PHX,CON,reb,3.5,OVER,OVER,9.282347687840678,4.45,-0.3534158525643543,B,14,Weak,1,7.8,natasha mack,True,False
Alyssa Thomas,alyssa thomas,PHX,6.565217391304348,23,32.08695652173913,reb,PHX,PHX,2,top,Alyssa Thomas,20.0,8.0,3.0,0.43456515856864153,1.4210832060096765,0.5238095238095237,-0.4720878942370169,-0.2922252787513668,0.6666666666666666,0.625,-0.8972736822001528,False,False,Alyssa Thomas,PHX,CON,reb,4.5,OVER,OVER,6.989287691789133,2.258872,-0.2734853352653153,B,14,Weak,1,7,alyssa thomas,True,False
DeWanna Bonner,dewanna bonner,PHX,5.52,25,26.32,reb,PHX,PHX,3,top,DeWanna Bonner,22.0,8.0,5.0,0.5670517544170703,0.22901346127175648,1.7716727716727718,0.1982963387375153,0.12285111725602658,0.6,0.5,1.5426593104010153,True,False,DeWanna Bonner,PHX,CON,reb,3.5,OVER,OVER,9.448706326425684,3.7677519999999998,-0.3554706471323961,B,14,Weak,1,7.4,dewanna bonner,True,True
Valeriane Ayayi,valeriane ayayi,PHX,0.47058823529411764,17,19.235294117647058,stl,PHX,PHX,1,bottom,Valeriane Ayayi,14.0,4.0,3.0,-0.2320693195693196,-0.5495670995670995,-0.3666666666666667,0.007042560613989192,-0.03945518878723577,0.3333333333333333,0.0,0.18290043290043279,False,True,,,,,,,,,,,,,,,,,False,False
Lexi Held,lexi held,PHX,0.5,14,21.071428571428573,stl,PHX,PHX,2,bottom,Lexi Held,14.0,5.0,3.0,-0.056470205245636465,0.05416723627249944,-0.2388888888888889,-0.05745873135579018,-0.2417397158922778,0.3333333333333333,0.4,-0.29305612516138835,False,False,,,,,,,,,,,,,,,,,False,False
Jovana Nogic,jovana nogic,PHX,0.6923076923076923,13,21.615384615384617,stl,PHX,PHX,3,bottom,Jovana Nogic,10.0,3.0,3.0,-0.5002597402597403,-0.7555555555555555,0.06818181818181819,-0.7351190476190476,0.47498095057991585,0.3333333333333333,0.0,0.8237373737373738,False,True,,,,,,,,,,,,,,,,,False,False
Alyssa Thomas,alyssa thomas,PHX,1.5217391304347827,23,32.08695652173913,stl,PHX,PHX,1,top,Alyssa Thomas,20.0,8.0,3.0,-0.35284908031425055,-0.5735294117647058,0.064935064935065,-0.2959501674413956,0.027735223857105133,0.6666666666666666,0.5,0.6384644766997708,True,True,Alyssa Thomas,PHX,CON,stl,1.5,OVER,OVER,-5.260218428989814,-0.348336,,C,14,Weak,0.2,1.2,alyssa thomas,True,True
Monique Akoa Makani,monique akoa makani,PHX,1.1666666666666667,12,23.166666666666668,stl,PHX,PHX,2,top,Monique Akoa Makani,9.0,3.0,2.0,-0.6229397146063813,-0.26666666666666666,-0.011363636363636354,-1.1959325396825398,-0.18483637498038183,0.5,0.3333333333333333,0.2553030303030303,False,False,,,,,,,,,,,,,,,,,False,False
DeWanna Bonner,dewanna bonner,PHX,1.04,25,26.32,stl,PHX,PHX,3,top,DeWanna Bonner,22.0,8.0,5.0,0.22980802685208948,0.03675520941682271,1.2192612942612941,-0.14828572843278728,0.36617051970853326,0.8,0.375,1.1825060848444715,True,False,,,,,,,,,,,,,,,,,False,False
Valeriane Ayayi,valeriane ayayi,PHX,0.6470588235294118,17,19.235294117647058,stocks,PHX,PHX,1,bottom,Valeriane Ayayi,14.0,4.0,3.0,-0.1728094326308612,-0.45346320346320346,-0.1625,-0.016854177568463285,0.022160680652181197,0.3333333333333333,0.25,0.2909632034632035,False,True,,,,,,,,,,,,,,,,,False,False
Jovana Nogic,jovana nogic,PHX,0.6923076923076923,13,21.615384615384617,stocks,PHX,PHX,2,bottom,Jovana Nogic,10.0,3.0,3.0,-0.5002597402597403,-0.7555555555555555,0.06818181818181819,-0.7351190476190476,0.47498095057991585,0.3333333333333333,0.0,0.8237373737373738,False,True,,,,,,,,,,,,,,,,,False,False
Lexi Held,lexi held,PHX,0.7142857142857143,14,21.071428571428573,stocks,PHX,PHX,3,bottom,Lexi Held,14.0,5.0,3.0,-0.058119518510385396,0.26879357484620636,-0.4748677248677248,-0.12217299312887549,-0.401117412439464,0.3333333333333333,0.6,-0.7436612997139311,False,False,,,,,,,,,,,,,,,,,False,False
Natasha Mack,natasha mack,PHX,2.0,17,23.941176470588236,stocks,PHX,PHX,1,top,Natasha Mack,14.0,6.0,3.0,-0.05489906918478349,-0.19936868686868692,-0.9835164835164835,0.6756349206349206,-0.19317614861608376,0.0,0.3333333333333333,-0.7841477966477965,False,False,,,,,,,,,,,,,,,,,False,False
Alyssa Thomas,alyssa thomas,PHX,1.9130434782608696,23,32.08695652173913,stocks,PHX,PHX,2,top,Alyssa Thomas,20.0,8.0,3.0,-0.09691327248602792,-0.4849559141838554,0.17388167388167383,0.15774853801169586,0.008523457465945095,0.6666666666666666,0.5,0.6588375880655293,True,True,Alyssa Thomas,PHX,CON,stocks,1.5,OVER,OVER,0.007032517976828357,0.30000000000000004,0.06616718594652793,A,14,Weak,0.4,1.8,alyssa thomas,True,True
DeWanna Bonner,dewanna bonner,PHX,1.72,25,26.32,stocks,PHX,PHX,3,top,DeWanna Bonner,22.0,8.0,5.0,0.1047924379762753,-0.10589808265723596,1.4623626373626373,-0.4621327655641381,0.30089419566301057,0.8,0.375,1.5682607200198733,True,False,,,,,,,,,,,,,,,,,False,False
Chloe Bibby,chloe bibby,POR,0.0,1,16.0,ast,POR,POR,1,bottom,,,,,,,,,,,,,False,False,,,,,,,,,,,,,,,,,False,False
Frieda Buhner,frieda buhner,POR,0.6818181818181818,22,15.318181818181818,ast,POR,POR,2,bottom,Frieda Buhner,19.0,7.0,6.0,0.41614649178605506,0.4491341991341992,0.45307017543859646,0.34073714956067896,-0.14001607947605696,0.8333333333333334,0.7142857142857143,0.003935976304397237,False,False,,,,,,,,,,,,,,,,,False,False
Nyadiew Puoch,nyadiew puoch,POR,0.8076923076923077,26,17.346153846153847,ast,POR,POR,3,bottom,Nyadiew Puoch,23.0,7.0,7.0,-0.30828614764848794,-0.1905844155844156,-0.7169315628616053,-0.08199661631034182,-0.2918309867307642,0.14285714285714285,0.42857142857142855,-0.5263471472771897,False,False,,,,,,,,,,,,,,,,,False,False
Sug Sutton,sug sutton,POR,5.666666666666667,3,23.0,ast,POR,POR,1,top,,,,,,,,,,,,,False,False,,,,,,,,,,,,,,,,,False,False
Carla Leite,carla leite,POR,5.5,24,25.291666666666668,ast,POR,POR,2,top,Carla Leite,21.0,7.0,6.0,1.014603627710083,1.5324285790124301,1.2330892963245905,0.39764254385964926,-0.08680474455093683,0.5,0.5714285714285714,-0.2993392826878396,False,False,,,,,,,,,,,,,,,,,False,False
Kamiah Smalls,kamiah smalls,POR,3.0,2,15.0,ast,POR,POR,3,top,,,,,,,,,,,,,False,False,,,,,,,,,,,,,,,,,False,False
Chloe Bibby,chloe bibby,POR,0.0,1,16.0,blk,POR,POR,1,bottom,,,,,,,,,,,,,False,False,,,,,,,,,,,,,,,,,False,False
Haley Jones,haley jones,POR,0.0,7,15.285714285714286,blk,POR,POR,2,bottom,Haley Jones,4.0,0.0,1.0,0.0,,0.0,0.0,,0.0,,,False,False,,,,,,,,,,,,,,,,,False,False
Kamiah Smalls,kamiah smalls,POR,0.0,2,15.0,blk,POR,POR,3,bottom,,,,,,,,,,,,,False,False,,,,,,,,,,,,,,,,,False,False
Emily Engstler,emily engstler,POR,1.72,25,23.8,blk,POR,POR,1,top,Emily Engstler,22.0,7.0,7.0,-0.5996052619846505,-0.6516079158936302,-0.5214562008040268,-0.622483368347339,-0.01572394687848949,0.2857142857142857,0.14285714285714285,0.13015171508960344,False,True,,,,,,,,,,,,,,,,,False,False
Megan Gustafson,megan gustafson,POR,0.5217391304347826,23,22.565217391304348,blk,POR,POR,2,top,Megan Gustafson,20.0,6.0,6.0,0.23164182781442846,0.23100934153565733,0.3271011396011396,0.16052170868347337,0.14857163661195585,0.6666666666666666,0.5,0.09609179806548229,False,False,,,,,,,,,,,,,,,,,False,False
Bridget Carleton,bridget carleton,POR,0.5,24,30.0,blk,POR,POR,3,top,Bridget Carleton,21.0,6.0,7.0,0.14147944851966734,0.2558090460264373,0.19318636545527307,0.010488698070934915,-0.03871469623454932,0.42857142857142855,0.3333333333333333,-0.06262268057116421,False,False,,,,,,,,,,,,,,,,,False,False
Chloe Bibby,chloe bibby,POR,0.0,1,16.0,fg3m,POR,POR,1,bottom,,,,,,,,,,,,,False,False,,,,,,,,,,,,,,,,,False,False
Haley Jones,haley jones,POR,0.0,7,15.285714285714286,fg3m,POR,POR,2,bottom,Haley Jones,4.0,0.0,1.0,0.0,,0.0,0.0,,0.0,,,False,False,,,,,,,,,,,,,,,,,False,False
Maya Caldwell,maya caldwell,POR,0.0,1,15.0,fg3m,POR,POR,3,bottom,,,,,,,,,,,,,False,False,,,,,,,,,,,,,,,,,False,False
Bridget Carleton,bridget carleton,POR,2.375,24,30.0,fg3m,POR,POR,1,top,Bridget Carleton,21.0,6.0,7.0,-0.05040621496643266,1.176741253915167,-0.07138309869402303,-0.9524120433659908,-0.17956186178206457,0.2857142857142857,0.5,-1.2481243526091899,False,False,,,,,,,,,,,,,,,,,False,False
Kamiah Smalls,kamiah smalls,POR,2.0,2,15.0,fg3m,POR,POR,2,top,,,,,,,,,,,,,False,False,,,,,,,,,,,,,,,,,False,False
Sarah Ashlee Barker,sarah ashlee barker,POR,1.3333333333333333,24,25.416666666666668,fg3m,POR,POR,3,top,Sarah Ashlee Barker,21.0,6.0,7.0,0.2508550052513862,0.6134924487327233,-0.17279545850974423,0.3495710784313726,-0.33206527117662527,0.2857142857142857,0.8333333333333334,-0.7862879072424676,False,False,,,,,,,,,,,,,,,,,False,False
Chloe Bibby,chloe bibby,POR,1.0,1,16.0,pra,POR,POR,1,bottom,,,,,,,,,,,,,False,False,,,,,,,,,,,,,,,,,False,False
Nyadiew Puoch,nyadiew puoch,POR,6.1923076923076925,26,17.346153846153847,pra,POR,POR,2,bottom,Nyadiew Puoch,23.0,7.0,7.0,-2.2055258271355003,-2.1720346320346318,-1.5313546547528243,-2.7559298907338126,0.07340558191897929,0.2857142857142857,0.2857142857142857,0.6406799772818075,False,True,,,,,,,,,,,,,,,,,False,False
Frieda Buhner,frieda buhner,POR,8.818181818181818,22,15.318181818181818,pra,POR,POR,3,bottom,Frieda Buhner,19.0,7.0,6.0,2.3339325252536103,1.6223845598845599,3.7220760233918124,1.7759283200459672,0.16703031527669196,1.0,0.5714285714285714,2.0996914635072526,True,False,,,,,,,,,,,,,,,,,False,False
Carla Leite,carla leite,POR,22.916666666666668,24,25.291666666666668,pra,POR,POR,1,top,Carla Leite,21.0,7.0,6.0,2.3279398241883573,2.656954587855209,5.624308208131737,-0.43222438197767143,0.11651303102801776,0.6666666666666666,0.5714285714285714,2.9673536202765276,True,False,,,,,,,,,,,,,,,,,False,False
Bridget Carleton,bridget carleton,POR,19.083333333333332,24,30.0,pra,POR,POR,2,top,Bridget Carleton,21.0,6.0,7.0,0.2990001364873967,2.4625077418555676,0.5617701626104993,-1.5535543403964462,-0.07080561629883875,0.5714285714285714,0.6666666666666666,-1.9007375792450683,False,False,,,,,,,,,,,,,,,,,False,False
Sug Sutton,sug sutton,POR,18.666666666666668,3,23.0,pra,POR,POR,3,top,,,,,,,,,,,,,False,False,,,,,,,,,,,,,,,,,False,False
Chloe Bibby,chloe bibby,POR,0.0,1,16.0,pts,POR,POR,1,bottom,,,,,,,,,,,,,False,False,,,,,,,,,,,,,,,,,False,False
Maya Caldwell,maya caldwell,POR,2.0,1,15.0,pts,POR,POR,2,bottom,,,,,,,,,,,,,False,False,,,,,,,,,,,,,,,,,False,False
Nyadiew Puoch,nyadiew puoch,POR,3.6538461538461537,26,17.346153846153847,pts,POR,POR,3,bottom,Nyadiew Puoch,23.0,7.0,7.0,-1.7110287111888502,-1.823322510822511,-0.7424341132333938,-2.377040443216914,0.12210359389432673,0.2857142857142857,0.14285714285714285,1.0808883975891173,False,True,,,,,,,,,,,,,,,,,False,False
Carla Leite,carla leite,POR,15.25,24,25.291666666666668,pts,POR,POR,1,top,Carla Leite,21.0,7.0,6.0,1.079536707947809,0.4384484563055991,3.8801693404634583,-0.4599855462519935,0.19619107551259904,0.6666666666666666,0.42857142857142855,3.441720884157859,True,False,,,,,,,,,,,,,,,,,False,False
Bridget Carleton,bridget carleton,POR,13.083333333333334,24,30.0,pts,POR,POR,2,top,Bridget Carleton,21.0,6.0,7.0,-1.1981100785782726,1.1901426270991486,-1.523609443777511,-2.704487663287005,-0.17930615832780414,0.2857142857142857,0.5,-2.7137520708766596,False,False,,,,,,,,,,,,,,,,,False,False
Megan Gustafson,megan gustafson,POR,11.652173913043478,23,22.565217391304348,pts,POR,POR,3,top,Megan Gustafson,20.0,6.0,6.0,2.339325652202974,0.7228854965697072,3.2938034188034186,2.8357974439775915,0.09836813274464362,0.8333333333333334,0.5,2.5709179222337113,True,False,,,,,,,,,,,,,,,,,False,False
Kamiah Smalls,kamiah smalls,POR,0.0,2,15.0,reb,POR,POR,1,bottom,,,,,,,,,,,,,False,False,,,,,,,,,,,,,,,,,False,False
Chloe Bibby,chloe bibby,POR,1.0,1,16.0,reb,POR,POR,2,bottom,,,,,,,,,,,,,False,False,,,,,,,,,,,,,,,,,False,False
Sug Sutton,sug sutton,POR,1.6666666666666667,3,23.0,reb,POR,POR,3,bottom,,,,,,,,,,,,,False,False,,,,,,,,,,,,,,,,,False,False
Emily Engstler,emily engstler,POR,5.44,25,23.8,reb,POR,POR,1,top,Emily Engstler,22.0,7.0,7.0,1.1256137132197934,1.4285611214182643,1.0211618092052877,0.9519301470588235,-0.07195191082002624,0.5714285714285714,0.7142857142857143,-0.40739931221297665,False,False,,,,,,,,,,,,,,,,,False,False
Maya Caldwell,maya caldwell,POR,5.0,1,15.0,reb,POR,POR,2,top,,,,,,,,,,,,,False,False,,,,,,,,,,,,,,,,,False,False
Sarah Ashlee Barker,sarah ashlee barker,POR,4.75,24,25.416666666666668,reb,POR,POR,3,top,Sarah Ashlee Barker,21.0,6.0,7.0,0.4231863571627623,-0.8160857787860077,1.0565961815961815,0.7984068627450982,0.35160437005093137,0.7142857142857143,0.3333333333333333,1.8726819603821894,True,True,,,,,,,,,,,,,,,,,False,False
Chloe Bibby,chloe bibby,POR,0.0,1,16.0,stl,POR,POR,1,bottom,,,,,,,,,,,,,False,False,,,,,,,,,,,,,,,,,False,False
Kamiah Smalls,kamiah smalls,POR,0.0,2,15.0,stl,POR,POR,2,bottom,,,,,,,,,,,,,False,False,,,,,,,,,,,,,,,,,False,False
Maya Caldwell,maya caldwell,POR,0.0,1,15.0,stl,POR,POR,3,bottom,,,,,,,,,,,,,False,False,,,,,,,,,,,,,,,,,False,False
Bridget Carleton,bridget carleton,POR,1.75,24,30.0,stl,POR,POR,1,top,Bridget Carleton,21.0,6.0,7.0,-0.1262055131697268,0.07926554122206297,0.008498854087089391,-0.3981751253132832,0.040093131136676445,0.42857142857142855,0.6666666666666666,-0.07076668713497358,False,False,,,,,,,,,,,,,,,,,False,False
Emily Engstler,emily engstler,POR,1.6,25,23.8,stl,POR,POR,2,top,Emily Engstler,22.0,7.0,7.0,0.14609368702832282,-0.04598807625123413,0.2821604723778637,0.1951067927170869,0.051143192616209324,0.7142857142857143,0.42857142857142855,0.3281485486290978,False,False,,,,,,,,,,,,,,,,,False,False
Haley Jones,haley jones,POR,1.0,7,15.285714285714286,stl,POR,POR,3,top,Haley Jones,4.0,0.0,1.0,-0.8208333333333333,,-0.19999999999999996,-1.027777777777778,,0.0,,,False,False,,,,,,,,,,,,,,,,,False,False
Chloe Bibby,chloe bibby,POR,0.0,1,16.0,stocks,POR,POR,1,bottom,,,,,,,,,,,,,False,False,,,,,,,,,,,,,,,,,False,False
Kamiah Smalls,kamiah smalls,POR,0.0,2,15.0,stocks,POR,POR,2,bottom,,,,,,,,,,,,,False,False,,,,,,,,,,,,,,,,,False,False
Maya Caldwell,maya caldwell,POR,0.0,1,15.0,stocks,POR,POR,3,bottom,,,,,,,,,,,,,False,False,,,,,,,,,,,,,,,,,False,False
Emily Engstler,emily engstler,POR,3.32,25,23.8,stocks,POR,POR,1,top,Emily Engstler,22.0,7.0,7.0,-0.4535115749563279,-0.6975959921448643,-0.23929572842616326,-0.4273765756302523,0.022614563065993073,0.42857142857142855,0.14285714285714285,0.4583002637187011,False,True,,,,,,,,,,,,,,,,,False,False
Bridget Carleton,bridget carleton,POR,2.25,24,30.0,stocks,POR,POR,2,top,Bridget Carleton,21.0,6.0,7.0,0.015273935349940513,0.3350745872485002,0.20168521954236235,-0.3876864272423483,0.00786836197805265,0.42857142857142855,0.5,-0.13338936770613785,False,False,,,,,,,,,,,,,,,,,False,False
Sarah Ashlee Barker,sarah ashlee barker,POR,1.2916666666666667,24,25.416666666666668,stocks,POR,POR,3,top,Sarah Ashlee Barker,21.0,6.0,7.0,0.18822520313540064,-0.19475995654485348,0.580562294848009,0.1321691176470588,0.16782622247170456,0.5714285714285714,0.3333333333333333,0.7753222513928625,True,False,,,,,,,,,,,,,,,,,False,False
Mackenzie Holmes,mackenzie holmes,SEA,0.7857142857142857,14,16.428571428571427,ast,SEA,SEA,1,bottom,Mackenzie Holmes,11.0,1.0,6.0,0.45905357268993635,1.25,0.5788359788359788,0.08164335664335662,-0.07478071776849325,0.8333333333333334,1.0,-0.6711640211640212,False,False,,,,,,,,,,,,,,,,,False,False
Katie Lou Samuelson,katie lou samuelson,SEA,0.8947368421052632,19,16.31578947368421,ast,SEA,SEA,2,bottom,Katie Lou Samuelson,16.0,3.0,4.0,-0.38586699758574755,-0.26868686868686864,-0.8961195054945055,-0.19814814814814818,-0.29710265115459533,0.0,0.3333333333333333,-0.6274326368076368,False,False,,,,,,,,,,,,,,,,,False,False
Joyner Holmes,joyner holmes,SEA,1.0,1,15.0,ast,SEA,SEA,3,bottom,,,,,,,,,,,,,False,False,,,,,,,,,,,,,,,,,False,False
Natisha Hiedeman,natisha hiedeman,SEA,4.346153846153846,26,28.346153846153847,ast,SEA,SEA,1,top,Natisha Hiedeman,23.0,3.0,10.0,0.5236589782158851,0.45286195286195285,0.7690890269151139,0.2994680371228359,0.05922020085964993,0.6,0.6666666666666666,0.3162270740531611,False,False,,,,,,,,,,,,,,,,,False,False
Jade Melbourne,jade melbourne,SEA,3.8461538461538463,26,23.615384615384617,ast,SEA,SEA,2,top,Jade Melbourne,23.0,3.0,11.0,0.31536437523543,-0.692955192955193,0.7954639563335216,0.06468252106797007,0.18212805517162364,0.6363636363636364,0.6666666666666666,1.4884191492887147,True,True,,,,,,,,,,,,,,,,,False,False
Flau'jae Johnson,flau jae johnson,SEA,2.7777777777777777,27,27.962962962962962,ast,SEA,SEA,3,top,Flau'jae Johnson,24.0,3.0,11.0,1.1603930982634796,1.4789062958399342,0.5849763872491145,1.6977975211063447,-0.1774855752163122,0.6363636363636364,1.0,-0.8939299085908197,False,False,,,,,,,,,,,,,,,,,False,False
Zia Cooke,zia cooke,SEA,0.0,27,15.37037037037037,blk,SEA,SEA,1,bottom,Zia Cooke,24.0,3.0,11.0,0.0,0.0,0.0,0.0,,0.0,0.0,0.0,False,False,,,,,,,,,,,,,,,,,False,False
Katie Lou Samuelson,katie lou samuelson,SEA,0.05263157894736842,19,16.31578947368421,blk,SEA,SEA,2,bottom,Katie Lou Samuelson,16.0,3.0,4.0,0.0380064125008978,-0.022222222222222223,-0.05271291208791209,0.09840232389251996,-0.022171304601424368,0.0,0.0,-0.030490689865689865,False,False,,,,,,,,,,,,,,,,,False,False
Lexie Brown,lexie brown,SEA,0.09090909090909091,11,17.09090909090909,blk,SEA,SEA,3,bottom,Lexie Brown,8.0,0.0,7.0,-0.011954365079365079,,0.014909297052154201,-0.2,0.3455689054742824,0.14285714285714285,,,False,False,,,,,,,,,,,,,,,,,False,False
Joyner Holmes,joyner holmes,SEA,3.0,1,15.0,blk,SEA,SEA,1,top,,,,,,,,,,,,,False,False,,,,,,,,,,,,,,,,,False,False
Dominique Malonga,dominique malonga,SEA,1.1578947368421053,19,25.36842105263158,blk,SEA,SEA,2,top,Dominique Malonga,16.0,3.0,6.0,-0.031870228423537206,0.07272727272727275,0.46508699633699635,-0.5026610644257704,0.1045456915249173,0.5,0.3333333333333333,0.3923597236097236,False,False,,,,,,,,,,,,,,,,,False,False
Awa Fam,awa fam,SEA,0.9473684210526315,19,29.105263157894736,blk,SEA,SEA,3,top,Awa Fam,16.0,3.0,4.0,0.4662105153833095,-0.34545454545454546,0.3166208791208791,0.8032498184458969,0.08165903797232352,0.75,0.3333333333333333,0.6620754245754246,True,True,,,,,,,,,,,,,,,,,False,False
Joyner Holmes,joyner holmes,SEA,0.0,1,15.0,fg3m,SEA,SEA,1,bottom,,,,,,,,,,,,,False,False,,,,,,,,,,,,,,,,,False,False
Jordan Horston,jordan horston,SEA,0.2,20,17.65,fg3m,SEA,SEA,2,bottom,Jordan Horston,17.0,2.0,8.0,0.054455536066353775,0.23863636363636365,0.11805847338935575,-0.07085662875136559,0.04761960905783447,0.25,0.5,-0.1205778902470079,False,False,,,,,,,,,,,,,,,,,False,False
Mackenzie Holmes,mackenzie holmes,SEA,0.42857142857142855,14,16.428571428571427,fg3m,SEA,SEA,3,bottom,Mackenzie Holmes,11.0,1.0,6.0,0.01379201606474334,-0.4166666666666667,0.23458994708994707,-0.2097902097902098,0.4519509250462702,0.5,0.0,0.6512566137566138,False,False,,,,,,,,,,,,,,,,,False,False
Natisha Hiedeman,natisha hiedeman,SEA,1.8846153846153846,26,28.346153846153847,fg3m,SEA,SEA,1,top,Natisha Hiedeman,23.0,3.0,10.0,0.531158960615819,0.8021885521885522,0.9088888888888889,0.0721201548709288,0.20636864057438825,0.5,0.6666666666666666,0.10670033670033663,False,False,,,,,,,,,,,,,,,,,False,False
Awa Fam,awa fam,SEA,1.4736842105263157,19,29.105263157894736,fg3m,SEA,SEA,2,top,Awa Fam,16.0,3.0,4.0,0.9122024268623533,1.1696969696969697,0.6471497252747254,0.9441721132897606,-0.21993553905571686,0.5,0.6666666666666666,-0.5225472444222443,False,False,,,,,,,,,,,,,,,,,False,False
Flau'jae Johnson,flau jae johnson,SEA,1.2962962962962963,27,27.962962962962962,fg3m,SEA,SEA,3,top,Flau'jae Johnson,24.0,3.0,11.0,-0.25709797164728854,-0.06900193627882412,-0.5967499672045127,0.060090412855118715,-0.13189488009025763,0.2727272727272727,0.6666666666666666,-0.5277480309256886,False,False,,,,,,,,,,,,,,,,,False,False
Katie Lou Samuelson,katie lou samuelson,SEA,7.421052631578948,19,16.31578947368421,pra,SEA,SEA,1,bottom,Katie Lou Samuelson,16.0,3.0,4.0,-0.12940841327789854,-3.7010101010101013,-0.9232486263736264,1.4139433551198257,0.1729074359811728,0.25,0.0,2.777761474636475,False,True,,,,,,,,,,,,,,,,,False,False
Lexie Brown,lexie brown,SEA,7.7272727272727275,11,17.09090909090909,pra,SEA,SEA,2,bottom,Lexie Brown,8.0,0.0,7.0,-2.904563492063492,,-2.8337868480725623,-3.4000000000000004,0.30886240063965975,0.14285714285714285,,,False,False,,,,,,,,,,,,,,,,,False,False
Stefanie Dolson,stefanie dolson,SEA,7.884615384615385,26,18.26923076923077,pra,SEA,SEA,3,bottom,Stefanie Dolson,23.0,3.0,11.0,-1.7433176786615718,0.34078507305051947,-0.3331955922865013,-4.161501145912911,0.14755059933056808,0.45454545454545453,0.6666666666666666,-0.6739806653370208,False,False,,,,,,,,,,,,,,,,,False,False
Dominique Malonga,dominique malonga,SEA,25.94736842105263,19,25.36842105263158,pra,SEA,SEA,1,top,Dominique Malonga,16.0,3.0,6.0,3.275496756103373,-2.2040404040404042,2.5147283272283274,6.27595704948646,-0.13906136671486896,0.6666666666666666,0.6666666666666666,4.718768731268732,True,True,,,,,,,,,,,,,,,,,False,False
Natisha Hiedeman,natisha hiedeman,SEA,21.807692307692307,26,28.346153846153847,pra,SEA,SEA,2,top,Natisha Hiedeman,23.0,3.0,10.0,4.594921621407836,6.315656565656565,6.038624913733609,2.6349978458074435,0.16566694292099723,0.8,1.0,-0.27703165192295565,False,False,,,,,,,,,,,,,,,,,False,False
Flau'jae Johnson,flau jae johnson,SEA,21.37037037037037,27,27.962962962962962,pra,SEA,SEA,3,top,Flau'jae Johnson,24.0,3.0,11.0,2.3807535263851727,6.26943613213636,-1.3772596090777909,5.347963193669076,-0.3656663155027793,0.36363636363636365,0.6666666666666666,-7.646695741214151,False,False,,,,,,,,,,,,,,,,,False,False
Joyner Holmes,joyner holmes,SEA,2.0,1,15.0,pts,SEA,SEA,1,bottom,,,,,,,,,,,,,False,False,,,,,,,,,,,,,,,,,False,False
Jordan Horston,jordan horston,SEA,4.0,20,17.65,pts,SEA,SEA,2,bottom,Jordan Horston,17.0,2.0,8.0,0.9159904855156176,2.315340909090909,2.489723389355742,-1.2823758113231796,0.23800303429754505,0.625,1.0,0.17438248026483283,False,False,,,,,,,,,,,,,,,,,False,False
Stefanie Dolson,stefanie dolson,SEA,4.076923076923077,26,18.26923076923077,pts,SEA,SEA,3,bottom,Stefanie Dolson,23.0,3.0,11.0,-1.2751973322375447,0.11447515108842381,0.04437557392102837,-3.3512328230955686,0.17154193919437072,0.36363636363636365,0.6666666666666666,-0.07009957716739543,False,False,,,,,,,,,,,,,,,,,False,False
Dominique Malonga,dominique malonga,SEA,15.947368421052632,19,25.36842105263158,pts,SEA,SEA,1,top,Dominique Malonga,16.0,3.0,6.0,1.34825606889026,-2.7939393939393944,0.3111645299145298,4.012418300653596,-0.14362649392813218,0.5,0.0,3.105103923853924,False,True,,,,,,,,,,,,,,,,,False,False
Natisha Hiedeman,natisha hiedeman,SEA,14.807692307692308,26,28.346153846153847,pts,SEA,SEA,2,top,Natisha Hiedeman,23.0,3.0,10.0,3.7720863680795955,4.516835016835016,5.252094547964113,2.0686535935684542,0.2049290794476885,0.8,1.0,0.7352595311290964,True,False,,,,,,,,,,,,,,,,,False,False
Flau'jae Johnson,flau jae johnson,SEA,13.555555555555555,27,27.962962962962962,pts,SEA,SEA,3,top,Flau'jae Johnson,24.0,3.0,11.0,0.4971960082622269,3.257466408496157,-2.5224813065722147,2.990759934509935,-0.33686651668820206,0.36363636363636365,0.6666666666666666,-5.779947715068372,False,False,,,,,,,,,,,,,,,,,False,False
Zia Cooke,zia cooke,SEA,1.8148148148148149,27,15.37037037037037,reb,SEA,SEA,1,bottom,Zia Cooke,24.0,3.0,11.0,-0.550244894629906,-0.37956932464941623,-0.4720582447855174,-0.6874528804528804,-0.005990578255324863,0.45454545454545453,0.3333333333333333,-0.09248892013610116,False,True,,,,,,,,,,,,,,,,,False,False
Lexie Brown,lexie brown,SEA,1.9090909090909092,11,17.09090909090909,reb,SEA,SEA,2,bottom,Lexie Brown,8.0,0.0,7.0,-1.5165178571428573,,-1.904591836734694,1.2000000000000002,-0.7510474645704949,0.14285714285714285,,,False,False,,,,,,,,,,,,,,,,,False,False
Jade Melbourne,jade melbourne,SEA,2.0384615384615383,26,23.615384615384617,reb,SEA,SEA,3,bottom,Jade Melbourne,23.0,3.0,11.0,0.44570488437835565,1.3215488215488216,0.3732276177928352,0.2423402311482807,-0.19470698619150567,0.45454545454545453,0.6666666666666666,-0.9483212037559864,False,False,,,,,,,,,,,,,,,,,False,False
Dominique Malonga,dominique malonga,SEA,8.526315789473685,19,25.36842105263158,reb,SEA,SEA,1,top,Dominique Malonga,16.0,3.0,6.0,1.2326193771506273,-0.14343434343434325,1.5605540293040292,1.5412698412698413,-0.007827786821374172,0.5,0.6666666666666666,1.7039883727383724,False,False,,,,,,,,,,,,,,,,,False,False
Awa Fam,awa fam,SEA,5.473684210526316,19,29.105263157894736,reb,SEA,SEA,2,top,Awa Fam,16.0,3.0,4.0,0.8127377065336623,-1.7656565656565657,0.6213942307692308,1.757244008714597,0.23097927164430082,0.75,0.3333333333333333,2.3870507964257968,True,True,,,,,,,,,,,,,,,,,False,False
Flau'jae Johnson,flau jae johnson,SEA,5.037037037037037,27,27.962962962962962,reb,SEA,SEA,3,top,Flau'jae Johnson,24.0,3.0,11.0,0.7231644198594663,1.53306342780027,0.5602453102453103,0.6594057380527969,-0.16650630660121385,0.5454545454545454,0.6666666666666666,-0.9728181175549596,False,False,,,,,,,,,,,,,,,,,False,False
Joyner Holmes,joyner holmes,SEA,0.0,1,15.0,stl,SEA,SEA,1,bottom,,,,,,,,,,,,,False,False,,,,,,,,,,,,,,,,,False,False
Zia Cooke,zia cooke,SEA,0.2962962962962963,27,15.37037037037037,stl,SEA,SEA,2,bottom,Zia Cooke,24.0,3.0,11.0,-0.05300571957587539,0.012908525494337816,-0.10210219073855437,-0.018773874817992465,-0.01618716011772544,0.2727272727272727,0.3333333333333333,-0.11501071623289218,False,False,,,,,,,,,,,,,,,,,False,False
Stefanie Dolson,stefanie dolson,SEA,0.38461538461538464,26,18.26923076923077,stl,SEA,SEA,3,bottom,Stefanie Dolson,23.0,3.0,11.0,-0.017462422678014324,-0.41823622601654636,0.049698281516463355,0.034043539974912544,0.1384362282208083,0.45454545454545453,0.0,0.4679345075330097,False,True,,,,,,,,,,,,,,,,,False,False
Flau'jae Johnson,flau jae johnson,SEA,1.3703703703703705,27,27.962962962962962,stl,SEA,SEA,1,top,Flau'jae Johnson,24.0,3.0,11.0,0.3176260575251439,0.620137299771167,0.036396431850977316,0.5362252730929201,-0.28392799980223826,0.2727272727272727,0.6666666666666666,-0.5837408679201898,False,False,,,,,,,,,,,,,,,,,False,False
Natisha Hiedeman,natisha hiedeman,SEA,1.1153846153846154,26,28.346153846153847,stl,SEA,SEA,2,top,Natisha Hiedeman,23.0,3.0,10.0,0.3789794835023288,0.11195286195286187,0.5476535541752934,0.29041339929420423,0.24701766335875494,0.6,0.3333333333333333,0.4357006922224315,False,False,,,,,,,,,,,,,,,,,False,False
Awa Fam,awa fam,SEA,1.0,19,29.105263157894736,stl,SEA,SEA,3,top,Awa Fam,16.0,3.0,4.0,0.23187394203019202,-1.02020202020202,1.1148695054945055,0.2567901234567901,0.365455323348826,0.5,0.0,2.1350715256965254,False,True,,,,,,,,,,,,,,,,,False,False
Zia Cooke,zia cooke,SEA,0.2962962962962963,27,15.37037037037037,stocks,SEA,SEA,1,bottom,Zia Cooke,24.0,3.0,11.0,-0.05300571957587539,0.012908525494337816,-0.10210219073855437,-0.018773874817992465,-0.01618716011772544,0.2727272727272727,0.3333333333333333,-0.11501071623289218,False,False,,,,,,,,,,,,,,,,,False,False
Lexie Brown,lexie brown,SEA,0.7272727272727273,11,17.09090909090909,stocks,SEA,SEA,2,bottom,Lexie Brown,8.0,0.0,7.0,-0.22033730158730155,,-0.13752834467120179,-0.8,0.39222214952109935,0.2857142857142857,,,False,False,,,,,,,,,,,,,,,,,False,False
Katie Lou Samuelson,katie lou samuelson,SEA,0.8947368421052632,19,16.31578947368421,stocks,SEA,SEA,3,bottom,Katie Lou Samuelson,16.0,3.0,4.0,-0.10131746827518887,-0.6303030303030303,-0.25223214285714285,0.14208424110384896,0.05020633693828381,0.25,0.3333333333333333,0.3780708874458874,False,True,,,,,,,,,,,,,,,,,False,False
Joyner Holmes,joyner holmes,SEA,3.0,1,15.0,stocks,SEA,SEA,1,top,,,,,,,,,,,,,False,False,,,,,,,,,,,,,,,,,False,False
Flau'jae Johnson,flau jae johnson,SEA,2.2222222222222223,27,27.962962962962962,stocks,SEA,SEA,2,top,Flau'jae Johnson,24.0,3.0,11.0,0.3447129264734259,-0.05433315730798571,0.05833333333333333,0.7794443040619512,-0.13181034459385513,0.36363636363636365,0.3333333333333333,0.11266649064131903,False,False,,,,,,,,,,,,,,,,,False,False
Dominique Malonga,dominique malonga,SEA,2.1578947368421053,19,25.36842105263158,stocks,SEA,SEA,3,top,Dominique Malonga,16.0,3.0,6.0,0.00021062475106595202,0.7616161616161617,0.8524877899877898,-1.0566293183940243,0.09473318453986825,0.5,0.3333333333333333,0.0908716283716281,False,False,,,,,,,,,,,,,,,,,False,False
Elizabeth Balogun,elizabeth balogun,TOR,0.0,2,15.0,ast,TOR,TOR,1,bottom,,,,,,,,,,,,,False,False,,,,,,,,,,,,,,,,,False,False
Aaliyah Nye,aaliyah nye,TOR,1.5,2,18.5,ast,TOR,TOR,2,bottom,,,,,,,,,,,,,False,False,,,,,,,,,,,,,,,,,False,False
Isabelle Harrison,isabelle harrison,TOR,1.5,12,25.166666666666668,ast,TOR,TOR,3,bottom,Isabelle Harrison,9.0,3.0,2.0,-1.19354657687991,-0.8787878787878789,-0.725,-1.6638888888888888,-0.035105179299184316,0.0,0.0,0.15378787878787892,False,True,,,,,,,,,,,,,,,,,False,False
Julie Allemand,julie allemand,TOR,5.470588235294118,17,28.176470588235293,ast,TOR,TOR,1,top,Julie Allemand,14.0,4.0,4.0,1.75145301127444,0.5989583333333334,3.3499999999999996,1.454084804084804,0.33632113960292037,0.75,0.75,2.751041666666666,True,False,,,,,,,,,,,,,,,,,False,False
Marina Mabrey,marina mabrey,TOR,3.8095238095238093,21,29.19047619047619,ast,TOR,TOR,2,top,Marina Mabrey,18.0,5.0,5.0,0.738880044581799,-0.3653846153846153,1.0234335839599003,1.251199494949495,0.0883018862377235,0.4,0.2,1.3888181993445157,False,True,,,,,,,,,,,,,,,,,False,False
Brittney Sykes,brittney sykes,TOR,3.3846153846153846,13,29.76923076923077,ast,TOR,TOR,3,top,Brittney Sykes,10.0,2.0,3.0,-0.06017676767676754,-0.9444444444444444,1.527777777777778,-0.6592424242424243,0.5748743440530737,0.6666666666666666,0.0,2.4722222222222223,True,True,,,,,,,,,,,,,,,,,False,False
Aaliyah Nye,aaliyah nye,TOR,0.0,2,18.5,blk,TOR,TOR,1,bottom,,,,,,,,,,,,,False,False,,,,,,,,,,,,,,,,,False,False
Elizabeth Balogun,elizabeth balogun,TOR,0.0,2,15.0,blk,TOR,TOR,2,bottom,,,,,,,,,,,,,False,False,,,,,,,,,,,,,,,,,False,False
Kristy Wallace,kristy wallace,TOR,0.0,1,17.0,blk,TOR,TOR,3,bottom,,,,,,,,,,,,,False,False,,,,,,,,,,,,,,,,,False,False
Nyara Sabally,nyara sabally,TOR,1.0,18,22.944444444444443,blk,TOR,TOR,1,top,Nyara Sabally,15.0,4.0,5.0,-0.1706385553444377,0.10315126050420159,0.2372727272727273,-0.6930911680911681,0.08796248678713203,0.4,0.25,0.1341214667685257,False,False,,,,,,,,,,,,,,,,,False,False
Isabelle Harrison,isabelle harrison,TOR,0.6666666666666666,12,25.166666666666668,blk,TOR,TOR,2,top,Isabelle Harrison,9.0,3.0,2.0,0.06901555234888572,-0.30591630591630586,0.35,0.2097222222222222,0.42353225551456475,0.5,0.3333333333333333,0.6559163059163058,False,True,,,,,,,,,,,,,,,,,False,False
Marina Mabrey,marina mabrey,TOR,0.38095238095238093,21,29.19047619047619,blk,TOR,TOR,3,top,Marina Mabrey,18.0,5.0,5.0,-0.008746277754275679,-0.4148076923076923,-0.2032581453634085,0.3666120235973177,0.024314177080016902,0.2,0.0,0.21154954694428382,False,True,,,,,,,,,,,,,,,,,False,False
Temi Fagbenle,temi fagbenle,TOR,0.3333333333333333,9,18.77777777777778,fg3m,TOR,TOR,1,bottom,Temi Fagbenle,6.0,2.0,2.0,0.21607142857142858,0.11249999999999999,0.75,-0.21428571428571427,0.256648491166851,0.5,0.5,0.6375,False,False,,,,,,,,,,,,,,,,,False,False
Nyara Sabally,nyara sabally,TOR,0.6111111111111112,18,22.944444444444443,fg3m,TOR,TOR,2,bottom,Nyara Sabally,15.0,4.0,5.0,0.3441667918138507,-0.04306722689075626,0.20909090909090908,0.7148860398860398,-0.03745240114770627,0.4,0.25,0.25215813598166537,False,False,,,,,,,,,,,,,,,,,False,False
Kiki Rice,kiki rice,TOR,0.8333333333333334,12,25.583333333333332,fg3m,TOR,TOR,3,bottom,Kiki Rice,9.0,3.0,3.0,0.08373416706750043,0.17460317460317465,0.4166666666666667,-0.34006734006734013,0.3347160207320078,0.3333333333333333,0.6666666666666666,0.24206349206349204,False,False,,,,,,,,,,,,,,,,,False,False
Marina Mabrey,marina mabrey,TOR,3.3333333333333335,21,29.19047619047619,fg3m,TOR,TOR,1,top,Marina Mabrey,18.0,5.0,5.0,0.16294866220046822,-1.5207692307692309,1.8872180451127822,0.13760398098633397,0.522189529352013,0.4,0.0,3.407987275882013,False,True,,,,,,,,,,,,,,,,,False,False
Maria Conde,maria conde,TOR,1.7727272727272727,22,27.272727272727273,fg3m,TOR,TOR,2,top,Maria Conde,19.0,5.0,5.0,0.010300042280244323,-0.10299073475544063,0.23428571428571426,-0.05119712159185844,0.11627657944358494,0.4,0.4,0.3372764490411549,False,False,,,,,,,,,,,,,,,,,False,False
Aaliyah Nye,aaliyah nye,TOR,1.5,2,18.5,fg3m,TOR,TOR,3,top,,,,,,,,,,,,,False,False,,,,,,,,,,,,,,,,,False,False
Aaliyah Nye,aaliyah nye,TOR,8.5,2,18.5,pra,TOR,TOR,1,bottom,,,,,,,,,,,,,False,False,,,,,,,,,,,,,,,,,False,False
Kristy Wallace,kristy wallace,TOR,10.0,1,17.0,pra,TOR,TOR,2,bottom,,,,,,,,,,,,,False,False,,,,,,,,,,,,,,,,,False,False
Elizabeth Balogun,elizabeth balogun,TOR,11.5,2,15.0,pra,TOR,TOR,3,bottom,,,,,,,,,,,,,False,False,,,,,,,,,,,,,,,,,False,False
Marina Mabrey,marina mabrey,TOR,29.0,21,29.19047619047619,pra,TOR,TOR,1,top,Marina Mabrey,18.0,5.0,5.0,2.541174595289663,-4.534230769230769,7.801253132832082,3.675753862150921,0.3606483123620329,0.6,0.4,12.335483902062851,True,True,,,,,,,,,,,,,,,,,False,False
Brittney Sykes,brittney sykes,TOR,25.692307692307693,13,29.76923076923077,pra,TOR,TOR,2,top,Brittney Sykes,10.0,2.0,3.0,1.1296536796536791,-12.166666666666668,7.4523809523809526,2.6545454545454548,0.5451699373729513,0.6666666666666666,0.0,19.61904761904762,True,True,,,,,,,,,,,,,,,,,False,False
Isabelle Harrison,isabelle harrison,TOR,21.75,12,25.166666666666668,pra,TOR,TOR,3,top,Isabelle Harrison,9.0,3.0,2.0,-2.196805355138688,4.008658008658009,-8.95,-3.4743055555555555,-0.6375816545846821,0.0,0.6666666666666666,-12.95865800865801,False,False,,,,,,,,,,,,,,,,,False,False
Kristy Wallace,kristy wallace,TOR,5.0,1,17.0,pts,TOR,TOR,1,bottom,,,,,,,,,,,,,False,False,,,,,,,,,,,,,,,,,False,False
Aaliyah Nye,aaliyah nye,TOR,5.5,2,18.5,pts,TOR,TOR,2,bottom,,,,,,,,,,,,,False,False,,,,,,,,,,,,,,,,,False,False
Julie Allemand,julie allemand,TOR,6.117647058823529,17,28.176470588235293,pts,TOR,TOR,3,bottom,Julie Allemand,14.0,4.0,4.0,2.0723047785547783,2.244791666666667,5.083333333333334,-0.05003885003885008,0.32450957008030556,0.75,0.75,2.838541666666667,True,False,,,,,,,,,,,,,,,,,False,False
Marina Mabrey,marina mabrey,TOR,21.571428571428573,21,29.19047619047619,pts,TOR,TOR,1,top,Marina Mabrey,18.0,5.0,5.0,2.1667661009250274,-4.110769230769231,6.80375939849624,3.1921048722519307,0.3635921838014182,0.6,0.4,10.91452862926547,True,True,,,,,,,,,,,,,,,,,False,False
Brittney Sykes,brittney sykes,TOR,18.46153846153846,13,29.76923076923077,pts,TOR,TOR,2,top,Brittney Sykes,10.0,2.0,3.0,1.1524386724386724,-10.38888888888889,8.21031746031746,1.5342424242424244,0.614099323630998,0.6666666666666666,0.0,18.599206349206348,True,True,,,,,,,,,,,,,,,,,False,False
Isabelle Harrison,isabelle harrison,TOR,13.666666666666666,12,25.166666666666668,pts,TOR,TOR,3,top,Isabelle Harrison,9.0,3.0,2.0,-0.5020723104056436,4.698412698412699,-6.425,-1.4409722222222219,-0.7230842501921579,0.0,0.6666666666666666,-11.123412698412698,False,False,,,,,,,,,,,,,,,,,False,False
Aaliyah Nye,aaliyah nye,TOR,1.5,2,18.5,reb,TOR,TOR,1,bottom,,,,,,,,,,,,,False,False,,,,,,,,,,,,,,,,,False,False
Kristy Wallace,kristy wallace,TOR,2.0,1,17.0,reb,TOR,TOR,2,bottom,,,,,,,,,,,,,False,False,,,,,,,,,,,,,,,,,False,False
Elizabeth Balogun,elizabeth balogun,TOR,2.5,2,15.0,reb,TOR,TOR,3,bottom,,,,,,,,,,,,,False,False,,,,,,,,,,,,,,,,,False,False
Isabelle Harrison,isabelle harrison,TOR,6.583333333333333,12,25.166666666666668,reb,TOR,TOR,1,top,Isabelle Harrison,9.0,3.0,2.0,-0.5011864678531345,0.18903318903318903,-1.7999999999999998,-0.36944444444444446,-0.34517647214948094,0.0,0.6666666666666666,-1.989033189033189,False,False,,,,,,,,,,,,,,,,,False,False
Nyara Sabally,nyara sabally,TOR,4.555555555555555,18,22.944444444444443,reb,TOR,TOR,2,top,Nyara Sabally,15.0,4.0,5.0,-0.1397864934629641,-2.3876050420168067,0.0056818181818181655,1.2375356125356125,0.3262230882282893,0.2,0.0,2.393286860198625,False,True,,,,,,,,,,,,,,,,,False,False
Maria Conde,maria conde,TOR,4.545454545454546,22,27.272727272727273,reb,TOR,TOR,3,top,Maria Conde,19.0,5.0,5.0,0.20135525673247703,-0.6644440853264383,0.09190476190476202,0.7431607216694938,0.018847275897066328,0.6,0.2,0.7563488472312003,True,True,,,,,,,,,,,,,,,,,False,False
Kristy Wallace,kristy wallace,TOR,0.0,1,17.0,stl,TOR,TOR,1,bottom,,,,,,,,,,,,,False,False,,,,,,,,,,,,,,,,,False,False
Maria Conde,maria conde,TOR,0.4090909090909091,22,27.272727272727273,stl,TOR,TOR,2,bottom,Maria Conde,19.0,5.0,5.0,0.05743368077977822,-0.31707175177763414,0.05809523809523809,0.26512472258086295,0.19226442772814897,0.4,0.0,0.3751669898728722,False,True,,,,,,,,,,,,,,,,,False,False
Elizabeth Balogun,elizabeth balogun,TOR,0.5,2,15.0,stl,TOR,TOR,3,bottom,,,,,,,,,,,,,False,False,,,,,,,,,,,,,,,,,False,False
Aaliyah Nye,aaliyah nye,TOR,1.5,2,18.5,stl,TOR,TOR,1,top,,,,,,,,,,,,,False,False,,,,,,,,,,,,,,,,,False,False
Brittney Sykes,brittney sykes,TOR,1.3846153846153846,13,29.76923076923077,stl,TOR,TOR,2,top,Brittney Sykes,10.0,2.0,3.0,-0.45458513708513715,-1.2222222222222223,0.7896825396825395,-0.8940909090909092,0.5760313261012092,0.6666666666666666,0.0,2.011904761904762,True,True,,,,,,,,,,,,,,,,,False,False
Julie Allemand,julie allemand,TOR,1.2941176470588236,17,28.176470588235293,stl,TOR,TOR,3,top,Julie Allemand,14.0,4.0,4.0,-0.08401885812600096,0.1579861111111111,0.1791666666666667,-0.42081252081252085,0.05886732009093168,0.5,0.5,0.02118055555555559,False,False,,,,,,,,,,,,,,,,,False,False
Kristy Wallace,kristy wallace,TOR,0.0,1,17.0,stocks,TOR,TOR,1,bottom,,,,,,,,,,,,,False,False,,,,,,,,,,,,,,,,,False,False
Elizabeth Balogun,elizabeth balogun,TOR,0.5,2,15.0,stocks,TOR,TOR,2,bottom,,,,,,,,,,,,,False,False,,,,,,,,,,,,,,,,,False,False
Maria Conde,maria conde,TOR,0.5454545454545454,22,27.272727272727273,stocks,TOR,TOR,3,bottom,Maria Conde,19.0,5.0,5.0,0.09944460469554162,-0.4649418228829994,0.14952380952380956,0.3851708395568044,0.27125531787422,0.6,0.0,0.614465632406809,True,True,,,,,,,,,,,,,,,,,False,False
Nyara Sabally,nyara sabally,TOR,1.8888888888888888,18,22.944444444444443,stocks,TOR,TOR,1,top,Nyara Sabally,15.0,4.0,5.0,-0.6343672993672994,-0.25357142857142856,-0.7124242424242424,-0.8231837606837606,-0.11178339072703992,0.2,0.5,-0.45885281385281385,False,False,,,,,,,,,,,,,,,,,False,False
Brittney Sykes,brittney sykes,TOR,1.6923076923076923,13,29.76923076923077,stocks,TOR,TOR,2,top,Brittney Sykes,10.0,2.0,3.0,-0.4728535353535353,-1.5555555555555556,0.8333333333333334,-0.8234848484848485,0.5483764095627126,0.6666666666666666,0.0,2.388888888888889,True,True,,,,,,,,,,,,,,,,,False,False
Julie Allemand,julie allemand,TOR,1.588235294117647,17,28.176470588235293,stocks,TOR,TOR,3,top,Julie Allemand,14.0,4.0,4.0,0.09728337139051427,0.484375,0.28125000000000006,-0.2834221334221334,0.014470849224422256,0.5,0.75,-0.20312499999999994,False,False,,,,,,,,,,,,,,,,,False,False
Cassandre Prosper,cassandre prosper,WSH,0.631578947368421,19,15.263157894736842,ast,WSH,WSH,1,bottom,Cassandre Prosper,16.0,7.0,4.0,-0.4227478710015475,-0.18676085818942964,-0.8535539215686275,-0.4084848484848484,-0.3122433568102104,0.0,0.5714285714285714,-0.6667930633791979,False,False,,,,,,,,,,,,,,,,,False,False
Lauren Betts,lauren betts,WSH,0.9583333333333334,24,16.458333333333332,ast,WSH,WSH,2,bottom,Lauren Betts,21.0,9.0,6.0,-0.05294365493873214,0.2713165764653179,0.1603641456582633,-0.7526418026418028,-0.03465970630613331,0.5,0.6666666666666666,-0.11095243080705464,False,False,,,,,,,,,,,,,,,,,False,False
Kiki Iriafen,kiki iriafen,WSH,1.5,22,27.318181818181817,ast,WSH,WSH,3,bottom,Kiki Iriafen,19.0,9.0,5.0,-0.17553736072556342,-0.2544520657265756,0.0950626566416041,-0.3040909090909091,0.022971609690911218,0.2,0.4444444444444444,0.3495147223681797,False,False,,,,,,,,,,,,,,,,,False,False
Sonia Citron,sonia citron,WSH,3.4285714285714284,21,32.666666666666664,ast,WSH,WSH,1,top,Sonia Citron,18.0,7.0,6.0,0.8187817815139797,0.004153456254296576,1.126499645578593,1.5899999999999999,0.2721023289653486,0.6666666666666666,0.42857142857142855,1.1223461893242963,True,False,,,,,,,,,,,,,,,,,False,False
Georgia Amoore,georgia amoore,WSH,3.2916666666666665,24,22.416666666666668,ast,WSH,WSH,2,top,Georgia Amoore,21.0,9.0,6.0,-0.009560813020469162,-0.5388759741543877,-0.6710566802478567,1.445907795907796,0.08843978603896449,0.16666666666666666,0.4444444444444444,-0.132180706093469,False,True,,,,,,,,,,,,,,,,,False,False
Alicia Florez Getino,alicia florez getino,WSH,3.25,4,21.75,ast,WSH,WSH,3,top,Alicia Florez Getino,1.0,1.0,0.0,-4.333333333333333,-4.333333333333333,,,,,0.0,,False,False,,,,,,,,,,,,,,,,,False,False
Alicia Florez Getino,alicia florez getino,WSH,0.0,4,21.75,blk,WSH,WSH,1,bottom,Alicia Florez Getino,1.0,1.0,0.0,0.0,0.0,,,,,0.0,,False,False,,,,,,,,,,,,,,,,,False,False
Rori Harmon,rori harmon,WSH,0.0,5,17.0,blk,WSH,WSH,2,bottom,Rori Harmon,2.0,0.0,0.0,0.0,,,0.0,,,,,False,False,,,,,,,,,,,,,,,,,False,False
Cassandre Prosper,cassandre prosper,WSH,0.10526315789473684,19,15.263157894736842,blk,WSH,WSH,3,bottom,Cassandre Prosper,16.0,7.0,4.0,-0.15043017644120585,-0.19431362288505147,-0.16482843137254902,-0.07747474747474747,0.10096756455805878,0.0,0.0,0.02948519151250245,False,False,,,,,,,,,,,,,,,,,False,False
Shakira Austin,shakira austin,WSH,1.4761904761904763,21,29.047619047619047,blk,WSH,WSH,1,top,Shakira Austin,18.0,9.0,5.0,0.14088714194493346,0.25812041988512574,0.7311483837799628,-0.8607142857142858,-0.0024380265759401287,0.6,0.4444444444444444,0.4730279638948371,False,False,,,,,,,,,,,,,,,,,False,False
Sonia Citron,sonia citron,WSH,0.6666666666666666,21,32.666666666666664,blk,WSH,WSH,2,top,Sonia Citron,18.0,7.0,6.0,0.11273661170461996,-0.11142354377648496,0.4265373028530923,0.050000000000000024,0.40988146650336255,0.8333333333333334,0.42857142857142855,0.5379608466295773,True,False,,,,,,,,,,,,,,,,,False,False
Kiki Iriafen,kiki iriafen,WSH,0.5,22,27.318181818181817,blk,WSH,WSH,3,top,Kiki Iriafen,19.0,9.0,5.0,-0.18035512773576978,-0.1282542076659724,-0.10040100250626571,-0.3540909090909091,-0.11769516138254618,0.4,0.3333333333333333,0.027853205159706684,False,False,,,,,,,,,,,,,,,,,False,False
Lauren Betts,lauren betts,WSH,0.0,24,16.458333333333332,fg3m,WSH,WSH,1,bottom,Lauren Betts,21.0,9.0,6.0,0.0,0.0,0.0,0.0,,0.0,0.0,0.0,False,False,,,,,,,,,,,,,,,,,False,False
Rori Harmon,rori harmon,WSH,0.2,5,17.0,fg3m,WSH,WSH,2,bottom,Rori Harmon,2.0,0.0,0.0,0.375,,,0.375,,,,,False,False,,,,,,,,,,,,,,,,,False,False
Alicia Florez,alicia florez,WSH,0.25,8,17.875,fg3m,WSH,WSH,3,bottom,Alicia Florez,5.0,3.0,2.0,-0.4371428571428571,-0.484126984126984,-0.3666666666666667,,0.3995027773674807,0.0,0.0,0.11746031746031732,False,True,,,,,,,,,,,,,,,,,False,False
Michaela Onyenwere,michaela onyenwere,WSH,1.3333333333333333,18,26.22222222222222,fg3m,WSH,WSH,1,top,Michaela Onyenwere,15.0,7.0,5.0,0.02594542712189775,-0.9269938744728661,1.3851515151515152,-0.015873015873015817,0.46358589683084805,0.6,0.14285714285714285,2.3121453896243813,True,True,,,,,,,,,,,,,,,,,False,False
Georgia Amoore,georgia amoore,WSH,1.1666666666666667,24,22.416666666666668,fg3m,WSH,WSH,2,top,Georgia Amoore,21.0,9.0,6.0,-0.16782561876763172,-0.45845915109835783,-0.06878925812749344,0.1690883190883191,0.1960018202156167,0.3333333333333333,0.1111111111111111,0.3896698929708644,False,True,,,,,,,,,,,,,,,,,False,False
Sonia Citron,sonia citron,WSH,1.1428571428571428,21,32.666666666666664,fg3m,WSH,WSH,3,top,Sonia Citron,18.0,7.0,6.0,-0.1692717773664626,0.41571038671879007,-0.7455885610490873,-0.2966666666666667,-0.34561792585605944,0.16666666666666666,0.42857142857142855,-1.1612989477678775,False,False,,,,,,,,,,,,,,,,,False,False
Cassandre Prosper,cassandre prosper,WSH,5.684210526315789,19,15.263157894736842,pra,WSH,WSH,1,bottom,Cassandre Prosper,16.0,7.0,4.0,-2.3790185253880107,-3.7798360369788946,-2.407169117647059,-0.39535353535353546,0.13161533542720616,0.0,0.0,1.3726669193318357,False,True,,,,,,,,,,,,,,,,,False,False
Rori Harmon,rori harmon,WSH,6.0,5,17.0,pra,WSH,WSH,2,bottom,Rori Harmon,2.0,0.0,0.0,0.2916666666666665,,,0.2916666666666665,,,,,False,False,,,,,,,,,,,,,,,,,False,False
Alicia Florez,alicia florez,WSH,10.0,8,17.875,pra,WSH,WSH,3,bottom,Alicia Florez,5.0,3.0,2.0,-4.828095238095238,-5.313492063492064,-4.1,,0.26898446556087796,0.0,0.0,1.2134920634920645,False,True,,,,,,,,,,,,,,,,,False,False
Shakira Austin,shakira austin,WSH,27.0,21,29.047619047619047,pra,WSH,WSH,1,top,Shakira Austin,18.0,9.0,5.0,-0.46090732715474736,0.462940681323034,2.636964205385258,-6.411904761904762,0.09258553376315204,0.8,0.5555555555555556,2.174023524062224,True,False,,,,,,,,,,,,,,,,,False,False
Kiki Iriafen,kiki iriafen,WSH,24.681818181818183,22,27.318181818181817,pra,WSH,WSH,2,top,Kiki Iriafen,19.0,9.0,5.0,-1.6072578976705587,-3.2447100920140133,2.3774436090225555,-2.6445454545454545,0.2114954652154175,0.6,0.4444444444444444,5.622153701036568,True,True,,,,,,,,,,,,,,,,,False,False
Sonia Citron,sonia citron,WSH,23.714285714285715,21,32.666666666666664,pra,WSH,WSH,3,top,Sonia Citron,18.0,7.0,6.0,1.6792606998360353,0.24285970798575818,2.787779106858055,2.3600000000000003,0.19401859006890995,0.5,0.5714285714285714,2.5449193988722967,False,False,,,,,,,,,,,,,,,,,False,False
Rori Harmon,rori harmon,WSH,2.2,5,17.0,pts,WSH,WSH,1,bottom,Rori Harmon,2.0,0.0,0.0,-0.41666666666666674,,,-0.41666666666666674,,,,,False,False,,,,,,,,,,,,,,,,,False,False
Cassandre Prosper,cassandre prosper,WSH,3.263157894736842,19,15.263157894736842,pts,WSH,WSH,2,bottom,Cassandre Prosper,16.0,7.0,4.0,-1.312912205237573,-2.3575789290075,-1.1645220588235294,0.030909090909090865,0.2001290760984765,0.25,0.0,1.1930568701839706,False,True,,,,,,,,,,,,,,,,,False,False
Alicia Florez,alicia florez,WSH,4.375,8,17.875,pts,WSH,WSH,3,bottom,Alicia Florez,5.0,3.0,2.0,-2.492380952380952,-2.642857142857143,-2.2666666666666666,,0.05881818583635351,0.5,0.0,0.3761904761904762,False,True,,,,,,,,,,,,,,,,,False,False
Sonia Citron,sonia citron,WSH,16.523809523809526,21,32.666666666666664,pts,WSH,WSH,1,top,Sonia Citron,18.0,7.0,6.0,0.29463757490073283,0.6579888365602657,-0.11429647350700023,0.2766666666666673,0.059011057367230564,0.5,0.5714285714285714,-0.772285310067266,False,False,,,,,,,,,,,,,,,,,False,False
Shakira Austin,shakira austin,WSH,14.952380952380953,21,29.047619047619047,pts,WSH,WSH,2,top,Shakira Austin,18.0,9.0,5.0,-0.6944538853723582,-0.2679936621113092,0.6242593663646293,-3.3023809523809526,0.032982769450219655,0.6,0.4444444444444444,0.8922530284759385,True,False,,,,,,,,,,,,,,,,,False,False
Kiki Iriafen,kiki iriafen,WSH,14.363636363636363,22,27.318181818181817,pts,WSH,WSH,3,top,Kiki Iriafen,19.0,9.0,5.0,-0.6277904050125823,-1.2215429904155395,0.7343859649122801,-0.9212121212121215,0.10281532546136722,0.4,0.2222222222222222,1.9559289553278196,False,True,,,,,,,,,,,,,,,,,False,False
Georgia Amoore,georgia amoore,WSH,1.25,24,22.416666666666668,reb,WSH,WSH,1,bottom,Georgia Amoore,21.0,9.0,6.0,0.019915479460361457,0.6665391336634662,-0.30735134963076144,-0.6227531727531729,-0.4386983791148504,0.16666666666666666,0.6666666666666666,-0.9738904832942277,False,False,,,,,,,,,,,,,,,,,False,False
Rori Harmon,rori harmon,WSH,1.4,5,17.0,reb,WSH,WSH,2,bottom,Rori Harmon,2.0,0.0,0.0,0.75,,,0.75,,,,,False,False,,,,,,,,,,,,,,,,,False,False
Cassandre Prosper,cassandre prosper,WSH,1.7894736842105263,19,15.263157894736842,reb,WSH,WSH,3,bottom,Cassandre Prosper,16.0,7.0,4.0,-0.6433584491488903,-1.235496249781964,-0.389093137254902,-0.017777777777777802,0.12461651590241339,0.75,0.2857142857142857,0.8464031125270619,True,True,,,,,,,,,,,,,,,,,False,False
Shakira Austin,shakira austin,WSH,9.523809523809524,21,29.047619047619047,reb,WSH,WSH,1,top,Shakira Austin,18.0,9.0,5.0,0.6652208677879473,1.0952119231530997,1.8707152496626178,-1.809126984126984,0.09004292289599497,0.8,0.4444444444444444,0.7755033265095181,True,False,,,,,,,,,,,,,,,,,False,False
Kiki Iriafen,kiki iriafen,WSH,8.818181818181818,22,27.318181818181817,reb,WSH,WSH,2,top,Kiki Iriafen,19.0,9.0,5.0,-0.8039301319324131,-1.7687150358718986,1.547994987468672,-1.4192424242424242,0.36172771692962136,0.6,0.4444444444444444,3.316710023340571,True,True,,,,,,,,,,,,,,,,,False,False
Sonia Citron,sonia citron,WSH,3.761904761904762,21,32.666666666666664,reb,WSH,WSH,3,top,Sonia Citron,18.0,7.0,6.0,0.5658413434213228,-0.41928258482880326,1.7755759347864613,0.4933333333333332,0.356322207872584,0.6666666666666666,0.42857142857142855,2.1948585196152646,True,True,,,,,,,,,,,,,,,,,False,False
Cassandre Prosper,cassandre prosper,WSH,0.2631578947368421,19,15.263157894736842,stl,WSH,WSH,1,bottom,Cassandre Prosper,16.0,7.0,4.0,-0.24901690935698287,-0.3973486830629688,-0.3495710784313726,0.03909090909090912,-0.05280171627883952,0.0,0.0,0.04777760463159619,False,True,,,,,,,,,,,,,,,,,False,False
Michaela Onyenwere,michaela onyenwere,WSH,0.3888888888888889,18,26.22222222222222,stl,WSH,WSH,2,bottom,Michaela Onyenwere,15.0,7.0,5.0,-0.05204175998293644,-0.3209027200623839,0.15409090909090908,0.23174603174603173,0.3760448579696374,0.6,0.14285714285714285,0.474993629153293,False,True,,,,,,,,,,,,,,,,,False,False
Georgia Amoore,georgia amoore,WSH,0.4583333333333333,24,22.416666666666668,stl,WSH,WSH,3,bottom,Georgia Amoore,21.0,9.0,6.0,-0.5696665010259898,-0.3297767365273086,-0.6079412825736356,-0.8912263662263663,-0.25601911343457634,0.0,0.3333333333333333,-0.27816454604632695,False,True,,,,,,,,,,,,,,,,,False,False
Rori Harmon,rori harmon,WSH,2.0,5,17.0,stl,WSH,WSH,1,top,Rori Harmon,2.0,0.0,0.0,-1.4583333333333333,,,-1.4583333333333333,,,,,False,False,,,,,,,,,,,,,,,,,False,False
Sonia Citron,sonia citron,WSH,1.2380952380952381,21,32.666666666666664,stl,WSH,WSH,2,top,Sonia Citron,18.0,7.0,6.0,0.04463157719091674,0.30690635228450347,-0.9352737905369484,0.8533333333333335,-0.44299321817588083,0.0,0.42857142857142855,-1.2421801428214518,False,False,,,,,,,,,,,,,,,,,False,False
Alicia Florez,alicia florez,WSH,1.0,8,17.875,stl,WSH,WSH,3,top,Alicia Florez,5.0,3.0,2.0,-0.7466666666666667,-0.3888888888888889,-1.2833333333333332,,-0.9003751124732337,0.0,0.0,-0.8944444444444444,False,True,,,,,,,,,,,,,,,,,False,False
Cassandre Prosper,cassandre prosper,WSH,0.3684210526315789,19,15.263157894736842,stocks,WSH,WSH,1,bottom,Cassandre Prosper,16.0,7.0,4.0,-0.3994470857981887,-0.5916623059480203,-0.5143995098039216,-0.03838383838383839,-0.006568118678130026,0.0,0.0,0.0772627961440987,False,True,,,,,,,,,,,,,,,,,False,False
Michaela Onyenwere,michaela onyenwere,WSH,0.5,18,26.22222222222222,stocks,WSH,WSH,2,bottom,Michaela Onyenwere,15.0,7.0,5.0,0.04078054842760728,-0.2279501544207426,0.30242424242424243,0.23174603174603173,0.3252800877341044,0.6,0.2857142857142857,0.530374396844985,True,False,,,,,,,,,,,,,,,,,False,False
Georgia Amoore,georgia amoore,WSH,0.5833333333333334,24,22.416666666666668,stocks,WSH,WSH,3,bottom,Georgia Amoore,21.0,9.0,6.0,-0.5831425576156649,-0.2747763127625828,-0.7984731771496478,-0.8303613053613055,-0.3145839313909464,0.0,0.4444444444444444,-0.523696864387065,False,False,,,,,,,,,,,,,,,,,False,False
Shakira Austin,shakira austin,WSH,2.142857142857143,21,29.047619047619047,stocks,WSH,WSH,1,top,Shakira Austin,18.0,9.0,5.0,0.0024271165138037474,0.21925133689839565,0.11662489557226392,-0.6281746031746033,-0.14745368023396332,0.4,0.4444444444444444,-0.10262644132613173,False,False,,,,,,,,,,,,,,,,,False,False
Rori Harmon,rori harmon,WSH,2.0,5,17.0,stocks,WSH,WSH,2,top,Rori Harmon,2.0,0.0,0.0,-1.4583333333333333,,,-1.4583333333333333,,,,,False,False,,,,,,,,,,,,,,,,,False,False
Sonia Citron,sonia citron,WSH,1.9047619047619047,21,32.666666666666664,stocks,WSH,WSH,3,top,Sonia Citron,18.0,7.0,6.0,0.15736818889553664,0.19548280850801855,-0.5087364876838562,0.9033333333333331,-0.2410258175652342,0.5,0.7142857142857143,-0.7042192961918747,False,False,,,,,,,,,,,,,,,,,False,False
