PLAYER_NAME,PLAYER_NORM,TEAM,season_avg,games,avg_toi,category,team_slate,team_def_key,rank_on_team,leader_side,PLAYER_NAME_split,n_games,n_elite,n_weak,avg_delta_all,avg_delta_vs_elite,avg_delta_vs_weak,avg_delta_vs_mid,def_rank_corr,weak_over_rate,elite_over_rate,def_boost,overperform_vs_weak,fades_vs_elite
Lars Nootbaar,lars nootbaar,ARI,0.5333333333333333,15,,hits,ARI,ARI,1,bottom,Lars Nootbaar,15,5,2,-0.021526121510641625,0.03356950067476381,0.4297385620915033,-0.16877705627705625,-0.07020300404058626,0.5,0.6,0.39616906141673947,False,False
Alek Thomas,alek thomas,ARI,0.6071428571428571,28,,hits,ARI,ARI,2,bottom,Alek Thomas,25,10,5,0.011182148232208831,-0.4446400684661554,0.15106893106893102,0.39706097351221187,0.41682848565697145,0.6,0.2,0.5957089995350864,True,True
Ildemaro Vargas,ildemaro vargas,ARI,0.65,20,,hits,ARI,ARI,3,bottom,Ildemaro Vargas,17,7,3,0.009167913775453411,0.03899521531100479,0.07706971677559911,-0.04976016047444617,-0.05311485706751001,0.3333333333333333,0.7142857142857143,0.03807450146459432,False,False
Tim Tawa,tim tawa,ARI,1.25,20,,hits,ARI,ARI,1,top,Tim Tawa,17,7,3,-0.22639444217936297,-0.39213943950786057,0.8254357298474945,-0.5114338042909471,0.2873084707032106,1.0,0.14285714285714285,1.2175751693553551,True,True
Gabriel Moreno,gabriel moreno,ARI,1.15,20,,hits,ARI,ARI,2,top,Gabriel Moreno,17,7,3,0.27095543370812,0.21776030986557302,-0.2739651416122004,0.5576879469736612,-0.06590710555594367,0.3333333333333333,0.42857142857142855,-0.49172545147777347,False,False
Geraldo Perdomo,geraldo perdomo,ARI,1.1,20,,hits,ARI,ARI,3,top,Geraldo Perdomo,17,7,3,-0.25276522052382555,0.012544347882693716,0.21663943355119822,-0.719248212105355,-0.07045826843038874,0.3333333333333333,0.2857142857142857,0.2040950856685045,False,False
Geraldo Perdomo,geraldo perdomo,ARI,0.0,20,,home_runs,ARI,ARI,1,bottom,Geraldo Perdomo,17,7,3,0.0,0.0,0.0,0.0,,0.0,0.0,0.0,False,False
Jose Fernandez,jose fernandez,ARI,0.05,60,,home_runs,ARI,ARI,2,bottom,Jose Fernandez,57,17,8,-0.11130267603671025,-0.15394832331828956,-0.1596406025139222,-0.07656269429906823,0.10931092959281524,0.0,0.0,-0.0056922791956326435,False,True
Ryan Waldschmidt,ryan waldschmidt,ARI,0.05,20,,home_runs,ARI,ARI,3,bottom,Ryan Waldschmidt,17,6,3,-0.015553313165314622,0.07726703121439964,-0.05895969498910675,-0.06889117826617827,-0.2865909357480601,0.0,0.16666666666666666,-0.1362267262035064,False,False
Nolan Arenado,nolan arenado,ARI,0.35,20,,home_runs,ARI,ARI,1,top,Nolan Arenado,17,7,3,-0.010120939987995166,0.060725302266655665,-0.03894335511982574,-0.0686147186147186,-0.09757334393771384,0.3333333333333333,0.2857142857142857,-0.0996686573864814,False,False
Tim Tawa,tim tawa,ARI,0.2,20,,home_runs,ARI,ARI,2,top,Tim Tawa,17,7,3,-0.16602575599798328,-0.1666552745500114,0.13793572984749455,-0.2956654456654456,0.12206952031195041,0.3333333333333333,0.14285714285714285,0.30459100439750597,False,True
Jordan Lawlar,jordan lawlar,ARI,0.1111111111111111,18,,home_runs,ARI,ARI,3,top,Jordan Lawlar,15,2,7,0.04816381875205405,0.4411764705882353,0.023242630385487528,-0.05376567876567876,-0.31475560786573614,0.14285714285714285,0.5,-0.41793384020274776,False,False
Geraldo Perdomo,geraldo perdomo,ARI,0.15,20,,rbi,ARI,ARI,1,bottom,Geraldo Perdomo,17,7,3,0.07064571236853154,0.03690557562738014,0.1772875816993464,0.05868219082504798,0.03832358802332873,0.3333333333333333,0.14285714285714285,0.14038200607196627,False,False
Jose Fernandez,jose fernandez,ARI,0.26666666666666666,60,,rbi,ARI,ARI,2,bottom,Jose Fernandez,57,17,8,-0.23909960058963842,-0.49198987167969954,-0.145335706285078,-0.12819261764918355,0.29059822409736047,0.375,0.0,0.34665416539462157,False,True
Corbin Carroll,corbin carroll,ARI,0.3,20,,rbi,ARI,ARI,3,bottom,Corbin Carroll,17,7,3,-0.051077293626465,-0.21004784688995212,0.038534858387799555,0.06948805163090879,0.34562509087984744,0.3333333333333333,0.14285714285714285,0.24858270527775167,False,True
Gabriel Moreno,gabriel moreno,ARI,0.9,20,,rbi,ARI,ARI,1,top,Gabriel Moreno,17,7,3,0.0539085613389019,-0.22732968785600363,-0.3148148148148148,0.493171114599686,0.07058666036347587,0.3333333333333333,0.5714285714285714,-0.0874851269588112,False,True
Nolan Arenado,nolan arenado,ARI,0.75,20,,rbi,ARI,ARI,2,top,Nolan Arenado,17,7,3,0.18091119735401284,0.07141480073810902,-0.15645424836601307,0.43499278499278493,0.023167831642293184,0.6666666666666666,0.2857142857142857,-0.2278690491041221,False,False
Ildemaro Vargas,ildemaro vargas,ARI,0.65,20,,rbi,ARI,ARI,3,top,Ildemaro Vargas,17,7,3,0.004439641582238555,-0.2375712007290955,0.37227668845315903,0.0888060352346066,0.15577759659506976,0.6666666666666666,0.2857142857142857,0.6098478891822545,True,True
Lars Nootbaar,lars nootbaar,ARI,0.8666666666666667,15,,total_bases,ARI,ARI,1,bottom,Lars Nootbaar,15,5,2,0.11824001419976657,0.041626502152817935,0.616013071895425,0.0416801948051948,-0.029943985032302285,0.5,0.6,0.574386569742607,False,False
Ryan Waldschmidt,ryan waldschmidt,ARI,1.0,20,,total_bases,ARI,ARI,2,bottom,Ryan Waldschmidt,17,6,3,-0.16913382530984067,-0.40646312751575914,-0.0970860566448802,-0.018154761904761924,0.051511655362719226,0.3333333333333333,0.16666666666666666,0.30937707087087896,False,True
Max Kepler,max kepler,ARI,1.0555555555555556,36,,total_bases,ARI,ARI,3,bottom,Max Kepler,33,11,9,0.14237904503001064,0.20478358075979716,0.10330831162874501,0.11662417638260575,-0.020835860789814045,0.3333333333333333,0.36363636363636365,-0.10147526913105215,False,False
Corbin Carroll,corbin carroll,ARI,2.0,20,,total_bases,ARI,ARI,1,top,Corbin Carroll,17,7,3,0.6042096817365439,0.07197539302802462,1.4131263616557732,0.7897653933368218,0.29703034765999353,1.0,0.42857142857142855,1.3411509686277485,True,False
Gabriel Moreno,gabriel moreno,ARI,2.0,20,,total_bases,ARI,ARI,2,top,Gabriel Moreno,17,7,3,0.5905776870491858,0.6384256094782411,-0.9025054466230937,1.1826225361939646,-0.17225041627654153,0.0,0.8571428571428571,-1.5409310561013347,False,False
Nolan Arenado,nolan arenado,ARI,1.95,20,,total_bases,ARI,ARI,3,top,Nolan Arenado,17,7,3,0.04557991635026779,-0.10373805392602398,-0.45016339869281036,0.40735930735930737,0.013855928678979381,0.3333333333333333,0.2857142857142857,-0.3464253447667864,False,False
Carlos Cortes,carlos cortes,ATH,0.5,20,,hits,ATH,ATH,1,bottom,Carlos Cortes,17,4,4,0.3499019225275828,0.572790404040404,0.39797794117647056,0.2294732557890453,-0.07374484851566514,0.75,0.75,-0.17481246286393348,False,False
Donovan Walton,donovan walton,ATH,0.55,20,,hits,ATH,ATH,2,bottom,Donovan Walton,17,5,4,0.20852802471815401,0.07346320346320348,0.2704248366013072,0.2619951320609215,0.14363269340643062,0.75,0.4,0.1969616331381037,False,False
Jonah Heim,jonah heim,ATH,0.6857142857142857,70,,hits,ATH,ATH,3,bottom,Jonah Heim,70,14,23,-0.035138203317491026,0.22932151749082033,-0.20270623105592603,-0.030543398873016925,-0.19978625619887758,0.4782608695652174,0.6428571428571429,-0.43202774854674636,False,False
Henry Bolte,henry bolte,ATH,1.35,20,,hits,ATH,ATH,1,top,Henry Bolte,17,6,3,0.14315673424897604,0.3341149591149592,-0.23815359477124187,0.14292943898207058,-0.12480193957788584,0.3333333333333333,0.5,-0.5722685538862011,False,False
Lawrence Butler,lawrence butler,ATH,1.0,20,,hits,ATH,ATH,2,top,Lawrence Butler,17,6,3,0.3539566821915211,0.5778679653679655,0.07856753812636168,0.2892941488336226,-0.18330023846620247,0.6666666666666666,0.8333333333333334,-0.4993004272416038,False,False
Tommy White,tommy white,ATH,0.9,20,,hits,ATH,ATH,3,top,Tommy White,17,5,5,-0.039977464208023325,0.1791414141414141,0.4714052287581699,-0.5617643008620452,0.10297974979444145,0.6,0.8,0.2922638146167558,True,False
Carlos Cortes,carlos cortes,ATH,0.0,20,,home_runs,ATH,ATH,1,bottom,Carlos Cortes,17,4,4,0.0,0.0,0.0,0.0,,0.0,0.0,0.0,False,False
Donovan Walton,donovan walton,ATH,0.05,20,,home_runs,ATH,ATH,2,bottom,Donovan Walton,17,5,4,0.052459580323357416,0.0,0.2361111111111111,-0.006578947368421052,0.35127319143685215,0.25,0.0,0.2361111111111111,False,False
Jeff McNeil,jeff mcneil,ATH,0.05217391304347826,115,,home_runs,ATH,ATH,3,bottom,Jeff McNeil,112,29,33,0.022270084853386638,0.04218333921767337,0.028387230581321258,0.006683081141663471,-0.04467009183792709,0.06060606060606061,0.06896551724137931,-0.013796108636352115,False,False
Brian Serven,brian serven,ATH,0.3,10,,home_runs,ATH,ATH,1,top,Brian Serven,7,2,1,0.06213151927437643,-0.18333333333333335,0.7777777777777778,0.005952380952380973,0.606912511223989,1.0,0.0,0.9611111111111111,False,True
Lawrence Butler,lawrence butler,ATH,0.25,20,,home_runs,ATH,ATH,2,top,Lawrence Butler,17,6,3,-0.06347872947991322,0.3905844155844156,-0.29479847494553374,-0.3172811837285522,-0.6487205120714723,0.0,0.6666666666666666,-0.6853828905299493,False,False
Zack Gelof,zack gelof,ATH,0.15,20,,home_runs,ATH,ATH,3,top,Zack Gelof,17,6,3,0.032030324488437754,0.35468374218374216,-0.17687908496732027,-0.1316187102371313,-0.5366127167076354,0.0,0.5,-0.5315628271510624,False,False
Donovan Walton,donovan walton,ATH,0.2,20,,rbi,ATH,ATH,1,bottom,Donovan Walton,17,5,4,0.06667585611539356,-0.22795093795093796,0.10345179738562091,0.23242963177173703,0.20738301693738206,0.25,0.0,0.33140273533655884,False,True
Henry Bolte,henry bolte,ATH,0.25,20,,rbi,ATH,ATH,2,bottom,Henry Bolte,17,6,3,0.08135894918129484,0.3317881192881193,-0.29479847494553374,0.03459610564873725,-0.279185067275358,0.0,0.16666666666666666,-0.626586594233653,False,False
Tommy White,tommy white,ATH,0.35,20,,rbi,ATH,ATH,3,bottom,Tommy White,17,5,5,0.28420835978202574,0.09792929292929291,0.25849673202614376,0.43563028450246494,0.164155585335398,0.2,0.2,0.16056743909685084,False,False
Brian Serven,brian serven,ATH,0.9,10,,rbi,ATH,ATH,1,top,Brian Serven,7,2,1,0.4304421768707483,-0.55,2.3333333333333335,0.44494047619047616,0.8392976378479754,1.0,0.0,2.8833333333333337,False,True
Lawrence Butler,lawrence butler,ATH,0.55,20,,rbi,ATH,ATH,2,top,Lawrence Butler,17,6,3,0.1927822387551945,0.6527477152477154,0.23543028322440085,-0.16818488529014844,-0.25093378423592494,0.6666666666666666,0.6666666666666666,-0.4173174320233145,False,False
Carlos Cortes,carlos cortes,ATH,0.5,20,,rbi,ATH,ATH,3,top,Carlos Cortes,17,4,4,-0.20011126593716286,1.2888257575757576,-0.5921977124183007,-0.6876004112846218,-0.6224254921017675,0.0,0.75,-1.8810234699940582,False,False
Carlos Cortes,carlos cortes,ATH,0.65,20,,total_bases,ATH,ATH,1,bottom,Carlos Cortes,17,4,4,0.416642797903042,1.2523358585858584,0.2653186274509804,0.11247884668937301,-0.41145048546525353,0.75,0.75,-0.9870172311348779,False,False
Donovan Walton,donovan walton,ATH,0.85,20,,total_bases,ATH,ATH,2,bottom,Donovan Walton,17,5,4,0.4283511205906944,-0.0405122655122655,0.8460988562091503,0.5125168690958164,0.31286026260075106,0.75,0.4,0.8866111217214158,True,False
Jeff McNeil,jeff mcneil,ATH,1.1565217391304348,115,,total_bases,ATH,ATH,3,bottom,Jeff McNeil,112,29,33,0.1420087774271748,0.11518953862173285,-0.04803969503013186,0.2829959277561535,-0.0632526051246421,0.36363636363636365,0.2413793103448276,-0.1632292336518647,False,False
Lawrence Butler,lawrence butler,ATH,1.85,20,,total_bases,ATH,ATH,1,top,Lawrence Butler,17,6,3,0.27807157734311255,1.7496212121212118,-0.47249455337690627,-0.544128349720455,-0.52571000475787,0.6666666666666666,0.8333333333333334,-2.222115765498118,False,False
Henry Bolte,henry bolte,ATH,1.8,20,,total_bases,ATH,ATH,2,top,Henry Bolte,17,6,3,0.19107776443188937,0.4491462241462241,-0.37649782135076254,0.2103672643146327,-0.13176595177162514,0.3333333333333333,0.5,-0.8256440454969867,False,False
Brian Serven,brian serven,ATH,1.7,10,,total_bases,ATH,ATH,3,top,Brian Serven,7,2,1,0.45357142857142857,-0.6,3.666666666666667,0.17708333333333331,0.6733726664153139,1.0,0.0,4.266666666666667,False,True
Jorge Mateo,jorge mateo,ATL,0.47692307692307695,65,,hits,ATL,ATL,1,bottom,Jorge Mateo,62,8,19,-0.10482343792079078,0.18254305505178509,-0.2135238182113605,-0.11149842987107032,-0.03456087252687791,0.3157894736842105,0.5,-0.3960668732631456,False,False
Dominic Smith,dominic smith,ATL,0.5625,80,,hits,ATL,ATL,2,bottom,Dominic Smith,77,20,18,0.050722307982422575,0.24445960499667074,0.06682315464671632,-0.05606131202378893,-0.05365911559685617,0.4444444444444444,0.5,-0.17763645034995443,False,False
Mike Yastrzemski,mike yastrzemski,ATL,0.575,80,,hits,ATL,ATL,3,bottom,Mike Yastrzemski,77,19,17,-0.08385791813623741,-0.07232503953739171,0.06862108367595854,-0.15242542360417394,0.09515324702294231,0.5882352941176471,0.47368421052631576,0.14094612321335026,False,False
Michael Harris II,michael harris ii,ATL,1.2,80,,hits,ATL,ATL,1,top,Michael Harris II,77,16,22,-0.14937730766281096,0.0947228246067856,-0.5393076101263866,-0.029560268229859278,-0.22183369758128743,0.18181818181818182,0.4375,-0.6340304347331722,False,False
Mauricio Dubón,mauricio dubon,ATL,1.05,80,,hits,ATL,ATL,2,top,Mauricio Dubón,77,17,19,-0.07540753186464783,0.2183337319069581,-0.3723293853302035,-0.059604757920056144,-0.21224841989132814,0.15789473684210525,0.47058823529411764,-0.5906631172371616,False,False
Drake Baldwin,drake baldwin,ATL,0.975,80,,hits,ATL,ATL,3,top,Drake Baldwin,77,21,16,-0.024505584382393978,0.06616480508489879,-0.10403643084325907,-0.04029520026837659,-0.0794674347491906,0.5625,0.38095238095238093,-0.17020123592815786,False,False
Jim Jarvis,jim jarvis,ATL,0.02631578947368421,38,,home_runs,ATL,ATL,1,bottom,Jim Jarvis,35,9,12,-0.021473892109190464,0.0661333523402489,-0.06469109882355271,-0.0407495149286624,-0.20994170139687895,0.0,0.1111111111111111,-0.13082445116380162,False,False
Dominic Smith,dominic smith,ATL,0.05,80,,home_runs,ATL,ATL,2,bottom,Dominic Smith,77,20,18,0.01613974482189228,0.019119395080804284,0.012285717781741416,0.016390500758930122,0.00048595285743393093,0.05555555555555555,0.05,-0.006833677299062868,False,False
Jorge Mateo,jorge mateo,ATL,0.06153846153846154,65,,home_runs,ATL,ATL,3,bottom,Jorge Mateo,62,8,19,-0.04204005390109506,-0.08243201876095034,0.007242774893570471,-0.05956114042166085,0.2054116805905543,0.10526315789473684,0.0,0.08967479365452082,False,True
Matt Olson,matt olson,ATL,0.275,80,,home_runs,ATL,ATL,1,top,Matt Olson,77,18,19,0.0346713362932452,-0.04074662370228008,0.07714118273355214,0.0484362412320858,0.021547712679534172,0.3157894736842105,0.2222222222222222,0.11788780643583222,False,False
Drake Baldwin,drake baldwin,ATL,0.175,80,,home_runs,ATL,ATL,2,top,Drake Baldwin,77,21,16,-0.03124707600192922,0.0235170049552723,-0.14984260266140242,-0.012560007840670722,-0.06483343222717246,0.0625,0.19047619047619047,-0.17335960761667474,False,False
Ronald Acuna Jr.,ronald acuna jr.,ATL,0.16455696202531644,79,,home_runs,ATL,ATL,3,top,Ronald Acuna Jr.,76,9,33,0.07745734897470219,-0.05086178567925214,0.18057405075997074,0.011340321120929434,0.14500725114247295,0.21212121212121213,0.1111111111111111,0.2314358364392229,False,True
Jorge Mateo,jorge mateo,ATL,0.16923076923076924,65,,rbi,ATL,ATL,1,bottom,Jorge Mateo,62,8,19,-0.09959360687549472,-0.09386649362159896,-0.05489556657010026,-0.12516731178502788,0.11217340495431752,0.15789473684210525,0.125,0.038970927051498704,False,True
Jim Jarvis,jim jarvis,ATL,0.2894736842105263,38,,rbi,ATL,ATL,2,bottom,Jim Jarvis,35,9,12,-0.017542968170902798,0.14115880322776875,-0.1332632005140081,-0.020376764918815602,-0.08198862281081881,0.16666666666666666,0.3333333333333333,-0.27442200374177683,False,False
Dominic Smith,dominic smith,ATL,0.3375,80,,rbi,ATL,ATL,3,bottom,Dominic Smith,77,20,18,0.07984075314497756,-0.05895977538057702,0.12195092167763416,0.13158504896352302,0.07441131832552803,0.2222222222222222,0.15,0.18091069705821117,False,False
Jonah Heim,jonah heim,ATL,0.6666666666666666,12,,rbi,ATL,ATL,1,top,Jonah Heim,9,0,5,0.6428892095558763,,0.17619047619047618,1.2262626262626262,-0.026171358294532848,0.4,,,False,False
Michael Harris II,michael harris ii,ATL,0.5875,80,,rbi,ATL,ATL,2,top,Michael Harris II,77,16,22,-0.19926960617293746,0.05528943690369817,-0.4404709345900261,-0.16764179755884046,-0.22506777373484538,0.18181818181818182,0.5,-0.4957603714937243,False,False
Drake Baldwin,drake baldwin,ATL,0.4875,80,,rbi,ATL,ATL,3,top,Drake Baldwin,77,21,16,-0.05951355451819657,0.05779655899284995,-0.2814889113056024,-0.03231122139653375,-0.08736988256073912,0.25,0.38095238095238093,-0.33928547029845235,False,False
Jorge Mateo,jorge mateo,ATL,0.7538461538461538,65,,total_bases,ATL,ATL,1,bottom,Jorge Mateo,62,8,19,-0.23345088822568624,-0.03176633850611116,-0.23780118379912063,-0.27718862485029594,0.09012807204319363,0.3157894736842105,0.5,-0.20603484529300947,False,False
Dominic Smith,dominic smith,ATL,0.7875,80,,total_bases,ATL,ATL,2,bottom,Dominic Smith,77,20,18,0.07726733024012743,0.3059261633451835,0.0421940596895337,-0.02380594648270431,-0.07178210960181222,0.3888888888888889,0.5,-0.2637321036556498,False,False
Jim Jarvis,jim jarvis,ATL,0.868421052631579,38,,total_bases,ATL,ATL,3,bottom,Jim Jarvis,35,9,12,-0.27907865049612274,0.35035687277066585,-0.6151739761387763,-0.39563406490249803,-0.16626754886217424,0.25,0.3333333333333333,-0.9655308489094422,False,False
Michael Harris II,michael harris ii,ATL,2.025,80,,total_bases,ATL,ATL,1,top,Michael Harris II,77,16,22,-0.4249734013887669,0.1348449893550544,-1.4709011832531376,-0.06463194115504853,-0.28893621128916175,0.09090909090909091,0.375,-1.605746172608192,False,False
Matt Olson,matt olson,ATL,1.975,80,,total_bases,ATL,ATL,2,top,Matt Olson,77,18,19,0.09008684623139394,-0.4631736362011438,0.14916352952984135,0.3109926387592735,0.04254264890217413,0.5263157894736842,0.2777777777777778,0.6123371657309852,False,True
Drake Baldwin,drake baldwin,ATL,1.5875,80,,total_bases,ATL,ATL,3,top,Drake Baldwin,77,21,16,-0.09422101910918382,0.1583765952898746,-0.5431939220164483,-0.04724560550578373,-0.07352122845711055,0.1875,0.42857142857142855,-0.7015705173063229,False,False
Carlos Narváez,carlos narvaez,BAL,0.2,15,,hits,BAL,BAL,1,bottom,Carlos Narváez,15,10,2,-0.18419996408700237,-0.17949228661184663,-0.3956521739130435,-0.05892408245349421,0.028948656440235893,0.0,0.2,-0.2161598873011969,False,True
Christian Franklin,christian franklin,BAL,0.3076923076923077,13,,hits,BAL,BAL,2,bottom,Christian Franklin,10,7,0,0.18712842712842712,0.19725829725829724,,0.16349206349206352,0.016731046869085695,,0.2857142857142857,,False,False
Tyler O'neill,tyler o'neill,BAL,0.5875,80,,hits,BAL,BAL,3,bottom,Tyler O'neill,77,26,18,0.029172098531875787,-0.055945433892081745,0.0008082721037675181,0.1117055748569923,0.10153289102391357,0.5555555555555556,0.4230769230769231,0.056753705995849266,False,False
Pete Alonso,pete alonso,BAL,1.1125,80,,hits,BAL,BAL,1,top,Pete Alonso,77,24,18,0.048128665396357025,0.1926390358244657,-0.19149287006725496,0.07226977248408292,-0.12944679289885244,0.2222222222222222,0.4583333333333333,-0.38413190589172064,False,False
Taylor Ward,taylor ward,BAL,0.9099099099099099,111,,hits,BAL,BAL,2,top,Taylor Ward,108,27,27,-0.08697345062011098,0.15309655799009894,-0.35329682764684284,-0.07384676641184992,-0.1618191459535521,0.37037037037037035,0.6666666666666666,-0.5063933856369418,False,False
Gunnar Henderson,gunnar henderson,BAL,0.825,80,,hits,BAL,BAL,3,top,Gunnar Henderson,77,24,18,0.05044448030330834,-0.03310136575211279,-0.2996434078039554,0.2877782600536185,-0.028139364345025807,0.4444444444444444,0.5,-0.26654204205184256,False,False
Carlos Narváez,carlos narvaez,BAL,0.0,15,,home_runs,BAL,BAL,1,bottom,Carlos Narváez,15,10,2,-0.03873038039412949,-0.03753557758618845,-0.043961352657004835,-0.039225741578682756,-0.6257989840450215,0.0,0.0,-0.006425775070816382,False,False
Christian Franklin,christian franklin,BAL,0.0,13,,home_runs,BAL,BAL,2,bottom,Christian Franklin,10,7,0,0.0,0.0,,0.0,,,0.0,,False,False
Leody Taveras,leody taveras,BAL,0.0625,80,,home_runs,BAL,BAL,3,bottom,Leody Taveras,77,26,19,0.04038826997118099,-0.03974342400030351,0.027409647852712944,0.11320132820585253,0.1570662113356623,0.05263157894736842,0.0,0.06715307185301644,False,False
Pete Alonso,pete alonso,BAL,0.25,80,,home_runs,BAL,BAL,1,top,Pete Alonso,77,24,18,0.04582691667534933,0.20473065992556103,-0.12583164417001103,0.025145895452818076,-0.23263473306821572,0.1111111111111111,0.375,-0.3305623040955721,False,False
Christian Encarnacion-strand,christian encarnacion-strand,BAL,0.20689655172413793,29,,home_runs,BAL,BAL,2,top,Christian Encarnacion-strand,26,15,6,-0.13865133101611507,-0.07961354024397505,-0.29363830613830616,-0.12978033318590593,-0.14176896504547612,0.0,0.2,-0.21402476589433111,False,True
Samuel Basallo,samuel basallo,BAL,0.1875,80,,home_runs,BAL,BAL,3,top,Samuel Basallo,77,20,19,0.0040757461249921224,-0.028167006194449905,0.08762081382830025,-0.020726918084850353,0.09680035976480038,0.21052631578947367,0.15,0.11578782002275016,False,False
Carlos Narváez,carlos narvaez,BAL,0.0,15,,rbi,BAL,BAL,1,bottom,Carlos Narváez,15,10,2,-0.15492152157651795,-0.1501423103447538,-0.17584541062801934,-0.15690296631473102,-0.6257989840450215,0.0,0.0,-0.02570310028326553,False,True
Christian Franklin,christian franklin,BAL,0.0,13,,rbi,BAL,BAL,2,bottom,Christian Franklin,10,7,0,0.0,0.0,,0.0,,,0.0,,False,False
Tyler O'neill,tyler o'neill,BAL,0.25,80,,rbi,BAL,BAL,3,bottom,Tyler O'neill,77,26,18,0.06905544168459667,0.11434490646153053,0.11955070104763293,0.005829964328992665,-0.0027491393582972806,0.2222222222222222,0.23076923076923078,0.005205794586102402,False,False
Christian Encarnacion-strand,christian encarnacion-strand,BAL,0.7586206896551724,29,,rbi,BAL,BAL,1,top,Christian Encarnacion-strand,26,15,6,-0.23684681335140287,0.04460061489771639,-0.7016737891737893,-0.5233967271118974,-0.19878227196676176,0.16666666666666666,0.3333333333333333,-0.7462744040715057,False,False
Pete Alonso,pete alonso,BAL,0.6625,80,,rbi,BAL,BAL,2,top,Pete Alonso,77,24,18,0.0530438306723989,0.1718546582892566,-0.018643686316109395,0.008441414757786508,-0.06799721032340832,0.4444444444444444,0.4166666666666667,-0.19049834460536602,False,False
Samuel Basallo,samuel basallo,BAL,0.5625,80,,rbi,BAL,BAL,3,top,Samuel Basallo,77,20,19,0.03901182658985648,-0.08202141096055145,0.12559041727138864,0.059424235222989286,0.03368262054929857,0.3684210526315789,0.3,0.20761182823194008,False,True
Carlos Narváez,carlos narvaez,BAL,0.2,15,,total_bases,BAL,BAL,1,bottom,Carlos Narváez,15,10,2,-0.3778518660576498,-0.3671701745427889,-0.6154589371980677,-0.255052790346908,0.003587794647395066,0.0,0.2,-0.24828876265527877,False,True
Christian Franklin,christian franklin,BAL,0.38461538461538464,13,,total_bases,BAL,BAL,2,bottom,Christian Franklin,10,7,0,0.16014069264069267,0.2314935064935065,,-0.006349206349206345,-0.07300401614758495,,0.2857142857142857,,False,False
Tyler O'neill,tyler o'neill,BAL,1.025,80,,total_bases,BAL,BAL,3,bottom,Tyler O'neill,77,26,18,0.24779849453556532,0.15310097854283983,0.35283845772496614,0.2651141332750093,0.08096479076971695,0.5,0.3076923076923077,0.1997374791821263,False,False
Pete Alonso,pete alonso,BAL,2.0,80,,total_bases,BAL,BAL,1,top,Pete Alonso,77,24,18,0.2445553657705037,0.8189536094919422,-0.5021304498384336,0.23469213238897077,-0.2049894391961688,0.2777777777777778,0.5833333333333334,-1.3210840593303756,False,False
Christian Encarnacion-strand,christian encarnacion-strand,BAL,1.5172413793103448,29,,total_bases,BAL,BAL,2,top,Christian Encarnacion-strand,26,15,6,-0.8332549705190059,-0.4994999120578831,-1.4706552706552707,-1.069639785738857,-0.12724288038390083,0.16666666666666666,0.26666666666666666,-0.9711553585973876,False,True
Samuel Basallo,samuel basallo,BAL,1.5,80,,total_bases,BAL,BAL,3,top,Samuel Basallo,77,20,19,-0.19544723884254456,-0.45407865149319215,-0.11886879268694235,-0.09761466578842593,0.051221964040151786,0.3684210526315789,0.3,0.3352098588062498,False,True
Carlos Narváez,carlos narvaez,BOS,0.4,45,,hits,BOS,BOS,1,bottom,Carlos Narváez,42,15,12,-0.012491312626357689,0.05032644781607514,-0.0617606076911457,-0.03589363701696001,-0.009836184397503042,0.3333333333333333,0.3333333333333333,-0.11208705550722084,False,False
Adley Rutschman,adley rutschman,BOS,0.5,12,,hits,BOS,BOS,2,bottom,Adley Rutschman,12,3,3,-0.17114622742525218,-0.6398989898989899,0.6951159951159952,-0.36990095745900703,0.6309823821877393,0.6666666666666666,0.0,1.335014985014985,True,True
Mickey Gasper,mickey gasper,BOS,0.7,20,,hits,BOS,BOS,3,bottom,Mickey Gasper,17,3,3,0.22321301899702922,0.22222222222222224,0.8128205128205127,0.06268119252920828,0.06913751462247043,1.0,0.6666666666666666,0.5905982905982905,True,False
Ceddanne Rafaela,ceddanne rafaela,BOS,1.3,20,,hits,BOS,BOS,1,top,Ceddanne Rafaela,17,2,6,0.11834277112231947,-0.7613636363636364,-0.1149267399267399,0.4693460912630159,0.04380837884849035,0.3333333333333333,0.0,0.6464368964368965,False,True
Nick Sogard,nick sogard,BOS,1.2,20,,hits,BOS,BOS,2,top,Nick Sogard,17,3,6,0.13846307984898404,-0.3636363636363636,0.6017094017094017,-0.020684370239323818,0.35589333946082913,0.6666666666666666,0.3333333333333333,0.9653457653457653,True,True
Caleb Durbin,caleb durbin,BOS,1.15,20,,hits,BOS,BOS,3,top,Caleb Durbin,17,3,6,-0.29624124054783313,-0.5494949494949496,-0.5093711843711844,-0.041423641825151125,-0.08341474569881782,0.16666666666666666,0.0,0.04012376512376514,False,True
Carlos Narváez,carlos narvaez,BOS,0.044444444444444446,45,,home_runs,BOS,BOS,1,bottom,Carlos Narváez,42,15,12,-0.049306966425322875,0.00021388201890973623,-0.0829683322473526,-0.07189872221193169,-0.18806204435154358,0.0,0.06666666666666667,-0.08318221426626234,False,False
Andruw Monasterio,andruw monasterio,BOS,0.06666666666666667,90,,home_runs,BOS,BOS,2,bottom,Andruw Monasterio,87,26,22,0.012306957506034203,-0.013740478299105132,0.025268542822222392,0.02236025119776452,0.07466475327949125,0.09090909090909091,0.038461538461538464,0.03900902112132752,False,False
Adley Rutschman,adley rutschman,BOS,0.08333333333333333,12,,home_runs,BOS,BOS,3,bottom,Adley Rutschman,12,3,3,0.05865188911822039,0.0,0.3111111111111111,-0.03825177731911478,0.41878871595954736,0.3333333333333333,0.0,0.3111111111111111,False,False
Wilyer Abreu,wilyer abreu,BOS,0.3,20,,home_runs,BOS,BOS,1,top,Wilyer Abreu,17,3,5,-0.45139432088985904,-0.15151515151515152,-0.618021978021978,-0.45878312338580657,-0.4511163048936167,0.0,0.3333333333333333,-0.4665068265068265,False,True
Jarren Duran,jarren duran,BOS,0.2,20,,home_runs,BOS,BOS,2,top,Jarren Duran,17,3,5,-0.22290566482425886,-0.2511655011655012,-0.002857142857142847,-0.3357348982477981,0.22057684761931123,0.4,0.0,0.24830835830835835,False,True
Willson Contreras,willson contreras,BOS,0.2,20,,home_runs,BOS,BOS,3,top,Willson Contreras,17,2,5,-0.01771338977904266,-0.17424242424242425,0.01304029304029305,-0.0017844242960341982,0.0487992227202475,0.2,0.0,0.1872827172827173,False,True
Carlos Narváez,carlos narvaez,BOS,0.17777777777777778,45,,rbi,BOS,BOS,1,bottom,Carlos Narváez,42,15,12,0.05431010389219703,0.16412666742327492,-0.049096107989009874,0.02721850986608468,-0.1446898389780252,0.08333333333333333,0.13333333333333333,-0.2132227754122848,False,False
Jarren Duran,jarren duran,BOS,0.3,20,,rbi,BOS,BOS,2,bottom,Jarren Duran,17,3,5,-0.2336808252351869,-0.41860916860916864,0.06857142857142859,-0.3399559628919794,0.2872802448962701,0.4,0.0,0.48718059718059725,False,True
Adley Rutschman,adley rutschman,BOS,0.3333333333333333,12,,rbi,BOS,BOS,3,bottom,Adley Rutschman,12,3,3,0.06950808980607744,-0.18282828282828287,1.0772893772893772,-0.3082143676183924,0.5426312418522419,0.6666666666666666,0.0,1.26011766011766,True,True
Caleb Durbin,caleb durbin,BOS,0.85,20,,rbi,BOS,BOS,1,top,Caleb Durbin,17,3,6,-0.6627752751204764,-1.371212121212121,-0.7050061050061048,-0.36543833542188814,0.11691293102561937,0.0,0.0,0.6662060162060163,False,True
Wilyer Abreu,wilyer abreu,BOS,0.8,20,,rbi,BOS,BOS,2,top,Wilyer Abreu,17,3,5,-0.45709123531924484,-0.7000000000000001,-0.031282051282051304,-0.6126823048907672,0.35240575768032917,0.4,0.0,0.6687179487179488,False,True
Mickey Gasper,mickey gasper,BOS,0.6,20,,rbi,BOS,BOS,3,top,Mickey Gasper,17,3,3,0.46207788220399765,0.6388888888888888,2.0534798534798537,-0.02016202087620608,0.36759364028595826,1.0,0.6666666666666666,1.414590964590965,True,False
Carlos Narváez,carlos narvaez,BOS,0.6222222222222222,45,,total_bases,BOS,BOS,1,bottom,Carlos Narváez,42,15,12,-0.20368049494721643,-0.031190119053164208,-0.25172819213850933,-0.33773271308823427,-0.025721788415761913,0.3333333333333333,0.3333333333333333,-0.22053807308534512,False,False
Adley Rutschman,adley rutschman,BOS,0.8333333333333334,12,,total_bases,BOS,BOS,2,bottom,Adley Rutschman,12,3,3,-0.022064594761963208,-0.7313131313131315,1.844078144078144,-0.6005116959064328,0.6179242578041693,0.6666666666666666,0.0,2.5753912753912753,True,True
Andruw Monasterio,andruw monasterio,BOS,1.2333333333333334,90,,total_bases,BOS,BOS,3,bottom,Andruw Monasterio,87,26,22,0.15565056801207716,-0.1392763695355252,0.4570515526550775,0.18224745811699136,0.1466366345746456,0.5,0.3076923076923077,0.5963279221906027,False,False
Wilyer Abreu,wilyer abreu,BOS,2.45,20,,total_bases,BOS,BOS,1,top,Wilyer Abreu,17,3,5,-1.4956013355712865,0.34393939393939377,-2.3623809523809522,-1.6272373471805877,-0.4198629046254023,0.0,0.3333333333333333,-2.706320346320346,False,False
Ceddanne Rafaela,ceddanne rafaela,BOS,1.85,20,,total_bases,BOS,BOS,2,top,Ceddanne Rafaela,17,2,6,-0.19408582827359008,-0.912878787878788,-0.38177655677655675,0.09077309286287617,-0.0015922248614126991,0.16666666666666666,0.5,0.5311022311022312,False,True
Jarren Duran,jarren duran,BOS,1.85,20,,total_bases,BOS,BOS,3,top,Jarren Duran,17,3,5,-0.7682036487764041,-0.8372183372183372,-0.4495238095238096,-0.9222431077694235,-0.06631942605879174,0.4,0.0,0.38769452769452756,False,True
Michael Conforto,michael conforto,CHC,0.55,20,,hits,CHC,CHC,1,bottom,Michael Conforto,17,2,7,-0.05340028529110663,-0.55,-0.05070981649929017,0.06839548319327732,0.09701241508265497,0.2857142857142857,0.0,0.49929018350070986,False,True
Miguel Amaya,miguel amaya,CHC,0.5915492957746479,71,,hits,CHC,CHC,2,bottom,Miguel Amaya,68,18,24,-0.03339256843110498,-0.24714239697785173,-0.0057783916472092245,0.08909807276227742,0.14197802938532592,0.4583333333333333,0.3333333333333333,0.2413640053306425,False,True
Ian Happ,ian happ,CHC,0.8,20,,hits,CHC,CHC,3,bottom,Ian Happ,17,0,7,0.4026827444192223,,0.014485347568054323,0.6744209222150399,-0.2689931073251981,0.5714285714285714,,,False,False
Alex Bregman,alex bregman,CHC,1.25,20,,hits,CHC,CHC,1,top,Alex Bregman,17,0,7,0.02580451226872645,,-0.343165001247708,0.28408317173023057,-0.09224777684164505,0.2857142857142857,,,False,False
Nico Hoerner,nico hoerner,CHC,1.1,20,,hits,CHC,CHC,2,top,Nico Hoerner,17,1,6,-0.04883586814246077,2.0,-0.32837807903597377,-0.08599412842059899,-0.2242332679400743,0.16666666666666666,1.0,-2.3283780790359736,False,False
Pete Crow-Armstrong,pete crow-armstrong,CHC,1.1,20,,hits,CHC,CHC,3,top,Pete Crow-Armstrong,17,0,7,-0.39139720434566544,,-0.7979583699508511,-0.1068043884220354,-0.3123132459481397,0.0,,,False,False
Nico Hoerner,nico hoerner,CHC,0.05,20,,home_runs,CHC,CHC,1,bottom,Nico Hoerner,17,1,6,-0.12045527394962836,-0.3333333333333333,-0.09383085238348395,-0.11514212095094448,0.3880435323250041,0.0,0.0,0.23950248094984938,False,False
Miguel Amaya,miguel amaya,CHC,0.07042253521126761,71,,home_runs,CHC,CHC,2,bottom,Miguel Amaya,68,18,24,-0.02861735514482979,-0.03816413844581176,-0.03705746138676048,-0.014217176328521628,-0.0002443856957151854,0.041666666666666664,0.05555555555555555,0.001106677059051285,False,False
Carson Kelly,carson kelly,CHC,0.1,20,,home_runs,CHC,CHC,3,bottom,Carson Kelly,17,4,5,0.05307413781507754,0.2142857142857143,0.13924058397742609,-0.08138567927170867,-0.12723393165706737,0.2,0.25,-0.07504513030828822,False,False
Pete Crow-Armstrong,pete crow-armstrong,CHC,0.45,20,,home_runs,CHC,CHC,1,top,Pete Crow-Armstrong,17,0,7,0.014945753825283969,,-0.041494157471601074,0.05445369173310349,-0.05848366874221503,0.2857142857142857,,,False,False
Alex Bregman,alex bregman,CHC,0.4,20,,home_runs,CHC,CHC,2,top,Alex Bregman,17,0,7,0.14110912686536436,,0.1799032212566047,0.1139532607914961,-0.01567348471392417,0.2857142857142857,,,False,False
Ian Happ,ian happ,CHC,0.2,20,,home_runs,CHC,CHC,3,top,Ian Happ,17,0,7,0.08342422212846545,,-0.2167068103158329,0.2935159448394743,-0.5954397080391364,0.0,,,False,False
Michael Busch,michael busch,CHC,0.3,20,,rbi,CHC,CHC,1,bottom,Michael Busch,17,1,6,-0.38796018197994153,-1.3333333333333333,-0.39286726918305875,-0.29047861452273216,0.12782496418201658,0.0,0.0,0.9404660641502745,False,False
Miguel Amaya,miguel amaya,CHC,0.30985915492957744,71,,rbi,CHC,CHC,2,bottom,Miguel Amaya,68,18,24,-0.02968849048157433,-0.2111088033647172,-0.13260726231885073,0.19091213090270281,0.05260418711593093,0.125,0.1111111111111111,0.07850154104586649,False,True
Pedro Ramirez,pedro ramirez,CHC,0.35,20,,rbi,CHC,CHC,3,bottom,Pedro Ramirez,17,2,5,0.33171190871291034,0.0,0.05977139819245083,0.5340245457157222,-0.20197827613469604,0.2,0.0,0.05977139819245083,False,False
Alex Bregman,alex bregman,CHC,1.1,20,,rbi,CHC,CHC,1,top,Alex Bregman,17,0,7,0.22309794103183284,,-0.04071244127635113,0.40776520864756155,-0.07286308459425828,0.2857142857142857,,,False,False
Pete Crow-Armstrong,pete crow-armstrong,CHC,0.95,20,,rbi,CHC,CHC,2,top,Pete Crow-Armstrong,17,0,7,-0.20971966806741887,,-0.35259740259740263,-0.10970525389643038,-0.14623463066154288,0.14285714285714285,,,False,False
Seiya Suzuki,seiya suzuki,CHC,0.7,20,,rbi,CHC,CHC,3,top,Seiya Suzuki,17,1,7,-0.20385186986671236,-1.0,0.2479420954984865,-0.46678627291372393,0.4326323326401561,0.5714285714285714,0.0,1.2479420954984866,True,False
Miguel Amaya,miguel amaya,CHC,0.9295774647887324,71,,total_bases,CHC,CHC,1,bottom,Miguel Amaya,68,18,24,-0.09051034019031967,-0.31053573721354244,-0.1678005781466985,0.13315976970856894,0.05955529953176337,0.4166666666666667,0.3333333333333333,0.14273515906684395,False,True
Michael Conforto,michael conforto,CHC,1.15,20,,total_bases,CHC,CHC,2,bottom,Michael Conforto,17,2,7,0.3366524297046971,-0.7333333333333334,0.6725064409274937,0.3102766106442577,0.09745511883960871,0.2857142857142857,0.0,1.405839774260827,False,True
Carson Kelly,carson kelly,CHC,1.35,20,,total_bases,CHC,CHC,3,bottom,Carson Kelly,17,4,5,0.20861031054984802,0.9702380952380951,0.1723469512943198,-0.1495389822595705,-0.2690554298557895,0.2,0.5,-0.7978911439437754,False,False
Pete Crow-Armstrong,pete crow-armstrong,CHC,2.7,20,,total_bases,CHC,CHC,1,top,Pete Crow-Armstrong,17,0,7,-0.3730984643455048,,-1.0588598118673305,0.10693447891977312,-0.16497315075492752,0.2857142857142857,,,False,False
Alex Bregman,alex bregman,CHC,2.6,20,,total_bases,CHC,CHC,2,top,Alex Bregman,17,0,7,0.24542099778850818,,-0.012643350801245503,0.4260660418013358,-0.04148377263040411,0.2857142857142857,,,False,False
Seiya Suzuki,seiya suzuki,CHC,2.0,20,,total_bases,CHC,CHC,3,top,Seiya Suzuki,17,1,7,-0.30805283720508625,-0.6666666666666665,0.7309317666460523,-1.076305992482463,0.29829051828260134,0.2857142857142857,0.0,1.397598433312719,False,False
Ivan Johnson,ivan johnson,CIN,0.08333333333333333,12,,hits,CIN,CIN,1,bottom,Ivan Johnson,9,2,4,0.007050665383998721,-0.07142857142857142,-0.1067550505050505,0.2111111111111111,-0.19691328316781148,0.0,0.0,-0.03532647907647908,False,False
Ke'Bryan Hayes,ke'bryan hayes,CIN,0.3815789473684211,76,,hits,CIN,CIN,2,bottom,Ke'Bryan Hayes,73,18,26,0.07526070371462841,0.28790858725977914,-0.05966321274440355,0.06423863213263244,-0.22684998913569532,0.2692307692307692,0.5,-0.3475718000041827,False,False
Hector Rodriguez,hector rodriguez,CIN,0.5,14,,hits,CIN,CIN,3,bottom,Hector Rodriguez,11,0,7,0.20979979616343253,,0.510977910977911,-0.31726190476190474,0.36642059849719677,0.7142857142857143,,,False,False
Sal Stewart,sal stewart,CIN,1.25,20,,hits,CIN,CIN,1,top,Sal Stewart,17,0,10,0.1516689400362684,,0.175660924043277,0.11739467716911325,0.22400547854392605,0.2,,,False,False
Elly De La Cruz,elly de la cruz,CIN,0.75,20,,hits,CIN,CIN,2,top,Elly De La Cruz,17,0,10,0.10219800712652655,,0.29928590200649025,-0.1793561284162788,0.18387416139439275,0.5,,,False,False
Tyler Stephenson,tyler stephenson,CIN,0.75,20,,hits,CIN,CIN,3,top,Tyler Stephenson,17,0,10,-0.08206916871549907,,-0.26634184443007974,0.18117751087675898,-0.1428746639875022,0.3,,,False,False
Ivan Johnson,ivan johnson,CIN,0.0,12,,home_runs,CIN,CIN,1,bottom,Ivan Johnson,9,2,4,0.0,0.0,0.0,0.0,,0.0,0.0,0.0,False,False
Ke'Bryan Hayes,ke'bryan hayes,CIN,0.06578947368421052,76,,home_runs,CIN,CIN,2,bottom,Ke'Bryan Hayes,73,18,26,0.028888290136331738,0.13959696862642146,-0.016154972055700302,0.0005561730387875372,-0.2515809779994313,0.038461538461538464,0.16666666666666666,-0.15575194068212175,False,False
Hector Rodriguez,hector rodriguez,CIN,0.07142857142857142,14,,home_runs,CIN,CIN,3,bottom,Hector Rodriguez,11,0,7,0.08391608391608392,,0.13186813186813187,0.0,0.13053895922653028,0.14285714285714285,,,False,False
Matt McLain,matt mclain,CIN,0.25,20,,home_runs,CIN,CIN,1,top,Matt McLain,17,0,10,-0.12658520681649435,,-0.1097520779873721,-0.15063253371524046,-0.19412640631232775,0.2,,,False,False
Eugenio Suarez,eugenio suarez,CIN,0.2,20,,home_runs,CIN,CIN,2,top,Eugenio Suarez,17,0,10,-0.17537851876770105,,-0.2097892630245571,-0.12622031268647813,0.24189772444031968,0.1,,,False,False
Tyler Stephenson,tyler stephenson,CIN,0.2,20,,home_runs,CIN,CIN,3,top,Tyler Stephenson,17,0,10,-0.12469945926511215,,-0.21342562666092077,0.0020522084431859005,-0.21557197561490843,0.1,,,False,False
Ivan Johnson,ivan johnson,CIN,0.0,12,,rbi,CIN,CIN,1,bottom,Ivan Johnson,9,2,4,0.0,0.0,0.0,0.0,,0.0,0.0,0.0,False,False
Ke'Bryan Hayes,ke'bryan hayes,CIN,0.10526315789473684,76,,rbi,CIN,CIN,2,bottom,Ke'Bryan Hayes,73,18,26,0.03911738966855022,0.1765490471160636,0.01783578819302996,-0.027104961907026118,-0.1215400647489566,0.07692307692307693,0.16666666666666666,-0.15871325892303362,False,False
Hector Rodriguez,hector rodriguez,CIN,0.21428571428571427,14,,rbi,CIN,CIN,3,bottom,Hector Rodriguez,11,0,7,0.2018859927950837,,0.31724941724941724,0.0,0.09831916091089166,0.2857142857142857,,,False,False
Eugenio Suarez,eugenio suarez,CIN,0.7,20,,rbi,CIN,CIN,1,top,Eugenio Suarez,17,0,10,-0.13043609752314905,,-0.1896841393900217,-0.045796037713330996,0.19131050313482187,0.4,,,False,False
Tyler Stephenson,tyler stephenson,CIN,0.7,20,,rbi,CIN,CIN,2,top,Tyler Stephenson,17,0,10,-0.1507168548281278,,-0.28333530848236727,0.03873807896364286,0.045485893013418204,0.2,,,False,False
Sal Stewart,sal stewart,CIN,0.6,20,,rbi,CIN,CIN,3,top,Sal Stewart,17,0,10,0.24097532205344988,,0.2446016565134212,0.2357948442534909,-0.020163710381966612,0.4,,,False,False
Ivan Johnson,ivan johnson,CIN,0.08333333333333333,12,,total_bases,CIN,CIN,1,bottom,Ivan Johnson,9,2,4,0.007050665383998721,-0.07142857142857142,-0.1067550505050505,0.2111111111111111,-0.19691328316781148,0.0,0.0,-0.03532647907647908,False,False
Ke'Bryan Hayes,ke'bryan hayes,CIN,0.631578947368421,76,,total_bases,CIN,CIN,2,bottom,Ke'Bryan Hayes,73,18,26,0.16067471600961009,0.6559535816231853,-0.1358265888078,0.11908900374093105,-0.2901334095883143,0.2692307692307692,0.5,-0.7917801704309853,False,False
Hector Rodriguez,hector rodriguez,CIN,0.8571428571428571,14,,total_bases,CIN,CIN,3,bottom,Hector Rodriguez,11,0,7,0.39971770653588834,,0.9000666000666,-0.4758928571428571,0.25655635349371037,0.7142857142857143,,,False,False
Sal Stewart,sal stewart,CIN,1.75,20,,total_bases,CIN,CIN,1,top,Sal Stewart,17,0,10,-0.0497581669226178,,-0.05960976931565163,-0.03568444921828373,0.1671687075941979,0.4,,,False,False
Matt McLain,matt mclain,CIN,1.6,20,,total_bases,CIN,CIN,2,top,Matt McLain,17,0,10,-0.5422140315420227,,-0.4885808962279551,-0.6188327962764053,-0.21162079238071502,0.3,,,False,False
Eugenio Suarez,eugenio suarez,CIN,1.5,20,,total_bases,CIN,CIN,3,top,Eugenio Suarez,17,0,10,-0.6405191663796654,,-0.9265684642155231,-0.2318773123284402,0.062155176242573024,0.2,,,False,False
Brayan Rocchio,brayan rocchio,CLE,0.55,20,,hits,CLE,CLE,1,bottom,Brayan Rocchio,17,0,2,0.10565644416491256,,-0.45614035087719296,0.18056268350385998,-0.30471397508522563,0.0,,,False,False
Patrick Bailey,patrick bailey,CLE,0.6271186440677966,59,,hits,CLE,CLE,2,bottom,Patrick Bailey,59,13,14,0.14760364373901566,-0.06752354396184632,0.03948030877094093,0.28230302279102354,0.11349732727065952,0.35714285714285715,0.3076923076923077,0.10700385273278724,False,False
Petey Halpin,petey halpin,CLE,0.65,20,,hits,CLE,CLE,3,bottom,Petey Halpin,17,0,5,-0.08618327002728751,,0.30368421052631583,-0.24862805359128892,0.19286008468760293,0.8,,,False,False
Steven Kwan,steven kwan,CLE,1.25,20,,hits,CLE,CLE,1,top,Steven Kwan,17,0,1,-0.2993966574917222,,0.7894736842105263,-0.3674510538481127,0.4093884551532287,1.0,,,False,False
Chase DeLauter,chase delauter,CLE,1.1444444444444444,90,,hits,CLE,CLE,2,top,Chase DeLauter,87,19,21,0.027797922429649572,0.011634171727044507,-0.17390203984855576,0.12445346436990082,-0.019591168088532396,0.3333333333333333,0.2631578947368421,-0.18553621157560027,False,False
Angel Genao,angel genao,CLE,1.0588235294117647,17,,hits,CLE,CLE,3,top,Angel Genao,14,0,1,-0.2848152839224268,,-0.0625,-0.3019164596087673,-0.031617341563631406,0.0,,,False,False
Brayan Rocchio,brayan rocchio,CLE,0.05,20,,home_runs,CLE,CLE,1,bottom,Brayan Rocchio,17,0,2,0.03719965282294548,,-0.02631578947368421,0.04566837846249611,0.0484499499101484,0.0,,,False,False
Petey Halpin,petey halpin,CLE,0.05,20,,home_runs,CLE,CLE,2,bottom,Petey Halpin,17,0,5,0.048999372710900664,,-0.010526315789473684,0.07380174291938997,0.11421883346798588,0.0,,,False,False
Steven Kwan,steven kwan,CLE,0.05,20,,home_runs,CLE,CLE,3,bottom,Steven Kwan,17,0,1,-0.027318019047667553,,-0.05263157894736842,-0.02573592155393626,0.16569429961557042,0.0,,,False,False
Jo Adell,jo adell,CLE,0.2222222222222222,18,,home_runs,CLE,CLE,1,top,Jo Adell,17,0,1,0.12041068337963257,,-0.21052631578947367,0.14109424582770172,-0.3056513867091713,0.0,,,False,False
Nathaniel Lowe,nathaniel lowe,CLE,0.125,16,,home_runs,CLE,CLE,2,top,Nathaniel Lowe,16,0,1,0.023399876911873813,,-0.10526315789473684,0.03197741256564786,-0.2323111425034128,0.0,,,False,False
José Ramírez,jose ramirez,CLE,0.10204081632653061,98,,home_runs,CLE,CLE,3,top,José Ramírez,95,23,32,-0.032966461353265385,0.051980636263949956,0.00013341110849826414,-0.10829094045257515,-0.06143020495519757,0.125,0.17391304347826086,-0.05184722515545169,False,False
Brayan Rocchio,brayan rocchio,CLE,0.15,20,,rbi,CLE,CLE,1,bottom,Brayan Rocchio,17,0,2,0.14538678732586946,,-0.07894736842105263,0.17529800809212576,0.12422343412115004,0.0,,,False,False
Angel Genao,angel genao,CLE,0.17647058823529413,17,,rbi,CLE,CLE,2,bottom,Angel Genao,14,0,1,-0.16848954616811765,,-0.1875,-0.16702720356566508,-0.023150494519005377,0.0,,,False,False
Petey Halpin,petey halpin,CLE,0.2,20,,rbi,CLE,CLE,3,bottom,Petey Halpin,17,0,5,0.045665551541075135,,0.2912280701754386,-0.056652164556576325,0.3491515999175778,0.2,,,False,False
Jo Adell,jo adell,CLE,1.0,18,,rbi,CLE,CLE,1,top,Jo Adell,17,0,1,0.710839057490396,,0.10526315789473684,0.7486875512151246,-0.09161620761570818,1.0,,,False,False
Nathaniel Lowe,nathaniel lowe,CLE,0.6875,16,,rbi,CLE,CLE,2,top,Nathaniel Lowe,16,0,1,-0.24827539349840047,,0.26315789473684215,-0.28237094604741664,-0.06334191940000668,1.0,,,False,False
Chase DeLauter,chase delauter,CLE,0.5222222222222223,90,,rbi,CLE,CLE,3,top,Chase DeLauter,87,19,21,-0.08963583751906645,-0.17086902949035676,-0.06262304789851296,-0.06886643187177083,0.044585425982458446,0.38095238095238093,0.3157894736842105,0.1082459815918438,False,True
Brayan Rocchio,brayan rocchio,CLE,0.8,20,,total_bases,CLE,CLE,1,bottom,Brayan Rocchio,17,0,2,0.1339997815070662,,-0.7543859649122806,0.25245121436297907,-0.1046728646930743,0.0,,,False,False
Petey Halpin,petey halpin,CLE,0.85,20,,total_bases,CLE,CLE,2,bottom,Petey Halpin,17,0,5,0.08858765326621819,,0.261578947368421,0.016507947390300332,0.18541155828017597,0.8,,,False,False
Patrick Bailey,patrick bailey,CLE,1.0847457627118644,59,,total_bases,CLE,CLE,3,bottom,Patrick Bailey,59,13,14,0.36770023990121825,-0.07353847677745332,0.10970397170204561,0.6598268358890667,0.11582948545716872,0.35714285714285715,0.3076923076923077,0.18324244847949894,False,False
Jo Adell,jo adell,CLE,1.8888888888888888,18,,total_bases,CLE,CLE,1,top,Jo Adell,17,0,1,0.6987443769427925,,-0.736842105263158,0.7884685320806645,0.005670453739860574,0.0,,,False,False
Chase DeLauter,chase delauter,CLE,1.6666666666666667,90,,total_bases,CLE,CLE,2,top,Chase DeLauter,87,19,21,0.08096292459393517,-0.06880785911539136,-0.038297637316200624,0.19479519460648959,0.02730779721143573,0.42857142857142855,0.42105263157894735,0.03051022179919074,False,False
Nathaniel Lowe,nathaniel lowe,CLE,1.5,16,,total_bases,CLE,CLE,3,top,Nathaniel Lowe,16,0,1,-0.5495306677219409,,-1.7894736842105263,-0.4668677999560353,0.023496753916234882,0.0,,,False,False
Braxton Fulford,braxton fulford,COL,0.2,10,,hits,COL,COL,1,bottom,Braxton Fulford,7,3,3,-0.0807256235827664,0.1634920634920635,-0.26851851851851855,-0.25,-0.6059913088960708,0.0,0.3333333333333333,-0.43201058201058207,False,False
Jordan Beck,jordan beck,COL,0.5,10,,hits,COL,COL,2,bottom,Jordan Beck,7,3,1,-0.03446712018140589,-0.41111111111111115,-0.5555555555555556,0.5158730158730159,0.08058942685934645,0.0,0.0,-0.14444444444444443,False,True
Brett Sullivan,brett sullivan,COL,0.65,20,,hits,COL,COL,3,bottom,Brett Sullivan,17,5,5,0.026115245870299585,-0.5004761904761905,-0.1002548036758563,0.4925163072221896,0.23353803171277385,0.4,0.2,0.4002213868003342,False,True
Jake McCarthy,jake mccarthy,COL,1.25,20,,hits,COL,COL,1,top,Jake McCarthy,17,4,7,-0.38926900994147384,-0.4175824175824176,-0.23577992600548983,-0.5494640027728264,0.04294919355457355,0.2857142857142857,0.25,0.18180249157692777,False,True
Willi Castro,willi castro,COL,1.05,20,,hits,COL,COL,2,top,Willi Castro,17,4,7,-0.27248608627455834,-0.23708791208791208,-0.3046843298722998,-0.2585202515349574,-0.03855569381654952,0.2857142857142857,0.25,-0.06759641778438774,False,True
Cole Carrigg,cole carrigg,COL,0.9193548387096774,62,,hits,COL,COL,3,top,Cole Carrigg,59,18,14,-0.016051430897606446,0.005497259043841006,0.2016818537746154,-0.14331596439231606,0.07557597278280896,0.6428571428571429,0.6111111111111112,0.19618459473077438,False,False
Braxton Fulford,braxton fulford,COL,0.0,10,,home_runs,COL,COL,1,bottom,Braxton Fulford,7,3,3,0.0,0.0,0.0,0.0,,0.0,0.0,0.0,False,False
Jordan Beck,jordan beck,COL,0.0,10,,home_runs,COL,COL,2,bottom,Jordan Beck,7,3,1,0.0,0.0,0.0,0.0,,0.0,0.0,0.0,False,False
TJ Rumfield,tj rumfield,COL,0.0,20,,home_runs,COL,COL,3,bottom,TJ Rumfield,17,5,7,0.0,0.0,0.0,0.0,,0.0,0.0,0.0,False,False
Mickey Moniak,mickey moniak,COL,0.2,20,,home_runs,COL,COL,1,top,Mickey Moniak,17,4,7,-0.0646966929042143,0.22261904761904766,-0.2716851652941879,-0.014753968798086456,-0.4855517486895389,0.0,0.5,-0.49430421291323556,False,False
Willi Castro,willi castro,COL,0.2,20,,home_runs,COL,COL,2,top,Willi Castro,17,4,7,-0.06225431244325798,0.29249084249084256,-0.16416636830170667,-0.17985368389780154,-0.2998870622388405,0.14285714285714285,0.5,-0.45665721079254923,False,False
Brett Sullivan,brett sullivan,COL,0.15,20,,home_runs,COL,COL,3,top,Brett Sullivan,17,5,5,0.06963177532518271,-0.12035714285714286,0.3261988304093567,0.022075963252433838,0.39005762271396605,0.4,0.0,0.44655597326649954,False,True
Braxton Fulford,braxton fulford,COL,0.0,10,,rbi,COL,COL,1,bottom,Braxton Fulford,7,3,3,0.0,0.0,0.0,0.0,,0.0,0.0,0.0,False,False
Jordan Beck,jordan beck,COL,0.0,10,,rbi,COL,COL,2,bottom,Jordan Beck,7,3,1,0.0,0.0,0.0,0.0,,0.0,0.0,0.0,False,False
Connor Norby,connor norby,COL,0.25,12,,rbi,COL,COL,3,bottom,Connor Norby,12,3,3,0.21630296124297674,0.3111111111111111,0.2982456140350877,0.127927559912854,0.03889396792819897,0.3333333333333333,0.3333333333333333,-0.012865497076023413,False,False
Mickey Moniak,mickey moniak,COL,0.7,20,,rbi,COL,COL,1,top,Mickey Moniak,17,4,7,-0.18841751921564343,0.24523809523809526,-0.7015216612960974,0.12110023690906051,-0.3455648070850604,0.14285714285714285,0.5,-0.9467597565341926,False,False
Brett Sullivan,brett sullivan,COL,0.65,20,,rbi,COL,COL,2,top,Brett Sullivan,17,5,5,0.23759265734771104,-0.36714285714285716,0.4913324979114453,0.4883038530097354,0.32106783878291384,0.4,0.2,0.8584753550543025,False,True
Cole Carrigg,cole carrigg,COL,0.5483870967741935,62,,rbi,COL,COL,3,top,Cole Carrigg,59,18,14,-0.1192937959047031,-0.18134864980665766,-0.15329618619941102,-0.06029302426169972,-0.004300188296898881,0.2857142857142857,0.3333333333333333,0.02805246360724664,False,True
Braxton Fulford,braxton fulford,COL,0.3,10,,total_bases,COL,COL,1,bottom,Braxton Fulford,7,3,3,-0.270578231292517,-0.006349206349206364,-0.5,-0.375,-0.6294643702333905,0.0,0.3333333333333333,-0.4936507936507936,False,False
Jordan Beck,jordan beck,COL,0.6,10,,total_bases,COL,COL,2,bottom,Jordan Beck,7,3,1,-0.22431972789115642,-0.6166666666666667,-0.6666666666666666,0.31547619047619047,0.10714907366161172,0.0,0.0,-0.04999999999999993,False,True
TJ Rumfield,tj rumfield,COL,1.05,20,,total_bases,COL,COL,3,bottom,TJ Rumfield,17,5,7,-0.41872788273261774,0.003992673992674023,-0.29686120062059906,-1.0120617944147356,-0.10142243087283725,0.2857142857142857,0.4,-0.30085387461327306,False,False
Willi Castro,willi castro,COL,1.95,20,,total_bases,COL,COL,1,top,Willi Castro,17,4,7,-0.6609565693316375,0.20494505494505483,-0.8588495047141664,-1.0073492275698157,-0.16660765417728304,0.2857142857142857,0.5,-1.0637945596592213,False,False
Jake McCarthy,jake mccarthy,COL,1.9,20,,total_bases,COL,COL,2,top,Jake McCarthy,17,4,7,-0.9560760618810152,-1.1626373626373625,-0.3879460556152286,-1.4811868686868686,0.10585534016659394,0.2857142857142857,0.25,0.774691307022134,False,True
Cole Carrigg,cole carrigg,COL,1.532258064516129,62,,total_bases,COL,COL,3,top,Cole Carrigg,59,18,14,-0.3115283551761771,-0.1357427114108642,-0.23111490878415214,-0.4704146454452134,-0.023757076336704444,0.35714285714285715,0.5,-0.09537219737328795,False,False
Drew Romo,drew romo,CWS,0.43636363636363634,55,,hits,CWS,CWS,1,bottom,Drew Romo,52,15,10,-0.042052453435861774,0.08717181194627169,-0.1577310837272928,-0.07099977483651702,-0.11710426109297051,0.2,0.4666666666666667,-0.2449028956735645,False,False
Munetaka Murakami,munetaka murakami,CWS,0.55,20,,hits,CWS,CWS,2,bottom,Munetaka Murakami,17,5,3,0.004123738773620398,-0.2102448428764218,-0.3353174603174603,0.23636446160955968,-0.08951746443228807,0.3333333333333333,0.4,-0.12507261744103848,False,True
Andrew Benintendi,andrew benintendi,CWS,0.7,20,,hits,CWS,CWS,3,bottom,Andrew Benintendi,17,5,3,-0.1398111179275812,-0.09952043570464622,-0.4246031746031746,-0.06726414471512511,-0.23338548842983609,0.3333333333333333,0.6,-0.32508273889852835,False,False
Miguel Vargas,miguel vargas,CWS,1.05,20,,hits,CWS,CWS,1,top,Miguel Vargas,17,5,2,0.1540413895176234,-0.023859649122807004,-0.23214285714285715,0.3202287581699347,-0.05631426458954872,0.5,0.2,-0.20828320802005015,False,False
Chase Meidroth,chase meidroth,CWS,0.95,20,,hits,CWS,CWS,2,top,Chase Meidroth,17,5,2,-0.20026974659327598,-0.736007326007326,0.8035714285714286,-0.13316919191919188,0.5375098185460909,1.0,0.0,1.5395787545787547,True,True
Tristan Peters,tristan peters,CWS,0.8,20,,hits,CWS,CWS,3,top,Tristan Peters,17,5,3,0.23224610331694648,-0.2098361287834972,-0.14285714285714288,0.6028817587641117,0.004751698141974541,0.3333333333333333,0.4,0.06697898592635432,False,True
Sam Antonacci,sam antonacci,CWS,0.0,20,,home_runs,CWS,CWS,1,bottom,Sam Antonacci,17,5,3,0.0,0.0,0.0,0.0,,0.0,0.0,0.0,False,False
Braden Montgomery,braden montgomery,CWS,0.1,20,,home_runs,CWS,CWS,2,bottom,Braden Montgomery,17,5,3,0.010435678922748682,-0.08072296124927704,-0.14484126984126985,0.1128383508285469,-0.09739057220480707,0.0,0.0,-0.06411830859199281,False,True
Colson Montgomery,colson montgomery,CWS,0.1,20,,home_runs,CWS,CWS,3,bottom,Colson Montgomery,17,4,3,0.04324998111421349,-0.08007036822826297,-0.1263227513227513,0.14344994058229352,-0.0970092392610395,0.0,0.0,-0.04625238309448834,False,True
Miguel Vargas,miguel vargas,CWS,0.3,20,,home_runs,CWS,CWS,1,top,Miguel Vargas,17,5,2,-0.007943409056594308,-0.3615095430884905,0.3035714285714286,0.10653669043374922,0.2751917061800454,0.5,0.0,0.6650809716599191,False,True
Munetaka Murakami,munetaka murakami,CWS,0.25,20,,home_runs,CWS,CWS,2,top,Munetaka Murakami,17,5,3,0.012173396172212433,-0.11893194524773472,-0.2896825396825397,0.18562834224598934,-0.07990063222268,0.0,0.2,-0.170750594434805,False,True
Tristan Peters,tristan peters,CWS,0.2,20,,home_runs,CWS,CWS,3,top,Tristan Peters,17,5,3,0.1835535225514282,0.10875072296124928,0.0,0.2862951409520037,-0.1954385777846624,0.0,0.2,-0.10875072296124928,False,False
Sam Antonacci,sam antonacci,CWS,0.25,20,,rbi,CWS,CWS,1,bottom,Sam Antonacci,17,5,3,-0.16642755401178275,-0.29131289762868706,-0.04563492063492062,-0.13731101868356768,0.1360193682085021,0.3333333333333333,0.0,0.24567797699376645,False,True
Drew Romo,drew romo,CWS,0.2909090909090909,55,,rbi,CWS,CWS,2,bottom,Drew Romo,52,15,10,-0.1661270977192347,-0.22797173632171905,-0.111076370413653,-0.15215812342362559,0.1458062903319982,0.2,0.13333333333333333,0.11689536590806605,False,True
Munetaka Murakami,munetaka murakami,CWS,0.35,20,,rbi,CWS,CWS,3,bottom,Munetaka Murakami,17,5,3,0.024392888167701486,-0.25932523616734143,-0.43452380952380953,0.33498630091767345,-0.07019025646343012,0.0,0.2,-0.1751985733564681,False,True
Braden Montgomery,braden montgomery,CWS,0.6,20,,rbi,CWS,CWS,1,top,Braden Montgomery,17,5,3,-0.05047685322225478,-0.23034509350298826,-0.5793650793650794,0.22574602231464974,-0.1219080001320667,0.0,0.2,-0.34901998586209115,False,True
Andrew Benintendi,andrew benintendi,CWS,0.5,20,,rbi,CWS,CWS,2,top,Andrew Benintendi,17,5,3,0.04785731680650637,0.12448043184885293,0.414021164021164,-0.1167656961774609,0.12979044388517197,0.3333333333333333,0.4,0.2895407321723111,False,False
Miguel Vargas,miguel vargas,CWS,0.5,20,,rbi,CWS,CWS,3,top,Miguel Vargas,17,5,2,-0.18331172560821077,-0.5826257952573741,0.0357142857142857,-0.02745989304812837,0.1268680982942563,0.5,0.0,0.6183400809716598,False,True
Sam Antonacci,sam antonacci,CWS,0.9,20,,total_bases,CWS,CWS,1,bottom,Sam Antonacci,17,5,3,-0.39290824161976956,-0.9121476768845189,1.597222222222222,-0.7678187099755728,0.7048957729850529,1.0,0.0,2.509369899106741,True,True
Drew Romo,drew romo,CWS,0.9090909090909091,55,,total_bases,CWS,CWS,2,bottom,Drew Romo,52,15,10,-0.4500876551299092,-0.43438417500718846,-0.6682595796503729,-0.37800739426458235,0.0028036657290421833,0.2,0.4,-0.2338754046431844,False,True
Braden Montgomery,braden montgomery,CWS,1.2,20,,total_bases,CWS,CWS,3,bottom,Braden Montgomery,17,5,3,0.20321409680588337,-0.22016387121650274,-0.7222222222222223,0.7469028520499109,-0.08186236364654656,0.0,0.2,-0.5020583510057196,False,True
Miguel Vargas,miguel vargas,CWS,2.2,20,,total_bases,CWS,CWS,1,top,Miguel Vargas,17,5,2,0.253830547171924,-1.153364179679969,0.5446428571428572,0.8992654486036841,0.153916394775396,0.5,0.2,1.6980070368228262,False,True
Chase Meidroth,chase meidroth,CWS,1.6,20,,total_bases,CWS,CWS,2,top,Chase Meidroth,17,5,2,-0.335212584315662,-1.6485637169847696,2.178571428571429,-0.18129382055852652,0.5551222496140644,1.0,0.0,3.8271351455561984,True,True
Tristan Peters,tristan peters,CWS,1.6,20,,total_bases,CWS,CWS,3,top,Tristan Peters,17,5,3,0.8232150796551634,0.06768074031231923,0.0039682539682539915,1.5160386545190465,-0.07671957778845596,0.3333333333333333,0.4,-0.06371248634406523,False,False
Ben Malgeri,ben malgeri,DET,0.4,10,,hits,DET,DET,1,bottom,Ben Malgeri,7,3,0,-0.42670068027210883,-0.14444444444444446,,-0.6383928571428572,-0.5914592848662737,,0.3333333333333333,,False,True
Jake Rogers,jake rogers,DET,0.4411764705882353,34,,hits,DET,DET,2,bottom,Jake Rogers,31,8,11,0.02765941458119531,0.07143571329033287,0.09884295708822956,-0.06677636518967789,0.017394646353021407,0.45454545454545453,0.25,0.02740724379789669,False,False
Hao-yu Lee,hao-yu lee,DET,0.6,20,,hits,DET,DET,3,bottom,Hao-yu Lee,17,4,0,0.3037032227571292,0.5235155195681511,,0.23606866989219927,0.09849797242470168,,0.5,,False,False
Kevin McGonigle,kevin mcgonigle,DET,1.0,20,,hits,DET,DET,1,top,Kevin McGonigle,17,4,0,0.28637236946060474,0.32298534798534795,,0.27510683760683763,-0.22431204035437186,,0.75,,False,False
Gleyber Torres,gleyber torres,DET,0.9863013698630136,73,,hits,DET,DET,2,top,Gleyber Torres,70,15,15,0.0738351033169876,0.11693729759892448,0.07394061345443408,0.05763221415971885,0.02201246376993632,0.6,0.4666666666666667,-0.0429966841444904,False,False
Dillon Dingler,dillon dingler,DET,0.9669421487603306,121,,hits,DET,DET,3,top,Dillon Dingler,118,26,33,0.034977800977946595,0.32626347331153654,-0.2862221465995306,0.08626883130647893,-0.16119768138423776,0.30303030303030304,0.6153846153846154,-0.6124856199110671,False,False
Javier Baez,javier baez,DET,0.0,20,,home_runs,DET,DET,1,bottom,Javier Baez,17,3,3,0.0,0.0,0.0,0.0,,0.0,0.0,0.0,False,False
Max Clark,max clark,DET,0.0,20,,home_runs,DET,DET,2,bottom,Max Clark,17,4,0,0.0,0.0,,0.0,,,0.0,,False,False
Spencer Torkelson,spencer torkelson,DET,0.0,20,,home_runs,DET,DET,3,bottom,Spencer Torkelson,17,4,0,0.0,0.0,,0.0,,,0.0,,False,False
Eduardo Valencia,eduardo valencia,DET,0.2608695652173913,23,,home_runs,DET,DET,1,top,Eduardo Valencia,20,2,8,-0.17435489927169492,-0.3078947368421052,-0.22698412698412695,-0.10554354958766721,0.06676197431367754,0.125,0.0,0.08091060985797827,False,True
Dillon Dingler,dillon dingler,DET,0.21487603305785125,121,,home_runs,DET,DET,2,top,Dillon Dingler,118,26,33,-0.013337612877380263,0.042209326954434245,-0.11233937992204258,0.017557944357309233,-0.10506065172555047,0.12121212121212122,0.19230769230769232,-0.15454870687647682,False,False
Ben Malgeri,ben malgeri,DET,0.2,10,,home_runs,DET,DET,3,top,Ben Malgeri,7,3,0,-0.37970521541950114,-0.31851851851851853,,-0.425595238095238,-0.43563772314142746,,0.0,,False,True
Colt Keith,colt keith,DET,0.1,10,,rbi,DET,DET,1,bottom,Colt Keith,7,3,0,0.0006235827664399071,-0.20555555555555557,,0.1552579365079365,0.48295118040165574,,0.0,,False,True
Zach McKinstry,zach mckinstry,DET,0.2,10,,rbi,DET,DET,2,bottom,Zach McKinstry,7,3,0,0.14546485260770975,0.2111111111111111,,0.09623015873015875,-0.11752221056430583,,0.3333333333333333,,False,False
Jake Rogers,jake rogers,DET,0.2647058823529412,34,,rbi,DET,DET,3,bottom,Jake Rogers,31,8,11,-0.0511777900356505,-0.2063730042602325,-0.014851438266343735,0.018986530325539607,0.13973175750938904,0.18181818181818182,0.125,0.19152156599388875,False,True
Kevin McGonigle,kevin mcgonigle,DET,0.75,20,,rbi,DET,DET,1,top,Kevin McGonigle,17,4,0,0.16913266446821357,0.3573019086176981,,0.11123443549914142,-0.16960807132943787,,0.5,,False,False
Eduardo Valencia,eduardo valencia,DET,0.7391304347826086,23,,rbi,DET,DET,2,top,Eduardo Valencia,20,2,8,-0.1394810847906823,-0.8723684210526316,0.22465277777777776,-0.28421070759306055,0.322439551277819,0.25,0.0,1.0970211988304093,False,True
Dillon Dingler,dillon dingler,DET,0.6776859504132231,121,,rbi,DET,DET,3,top,Dillon Dingler,118,26,33,-0.09218237743927607,0.10774718926918235,-0.38656520464597854,-0.01563213060196655,-0.1404053942315742,0.21212121212121213,0.4230769230769231,-0.4943123939151609,False,False
Zach McKinstry,zach mckinstry,DET,0.8,10,,total_bases,DET,DET,1,bottom,Zach McKinstry,7,3,0,0.5951814058956916,1.1777777777777778,,0.15823412698412698,-0.32820256195003794,,0.6666666666666666,,False,False
Jake Rogers,jake rogers,DET,0.8235294117647058,34,,total_bases,DET,DET,2,bottom,Jake Rogers,31,8,11,0.1059852377392591,0.4226872976057759,0.3116581555263424,-0.29368297680991184,-0.028987651660197688,0.45454545454545453,0.25,-0.11102914207943348,False,False
Hao-yu Lee,hao-yu lee,DET,0.85,20,,total_bases,DET,DET,3,bottom,Hao-yu Lee,17,4,0,0.5333523765435074,0.4039714671293618,,0.5731618871324754,0.2983361901989476,,0.5,,False,False
Eduardo Valencia,eduardo valencia,DET,2.0,23,,total_bases,DET,DET,1,top,Eduardo Valencia,20,2,8,-0.690040736052733,-2.3092105263157894,-0.3913194444444445,-0.6051838112867524,0.2664245450001564,0.25,0.0,1.9178910818713448,False,True
Dillon Dingler,dillon dingler,DET,1.8429752066115703,121,,total_bases,DET,DET,2,top,Dillon Dingler,118,26,33,0.008880353036276475,0.5614862047977829,-0.7042314272693402,0.16421826158349992,-0.16233233328780988,0.24242424242424243,0.46153846153846156,-1.265717632067123,False,False
Kevin McGonigle,kevin mcgonigle,DET,1.65,20,,total_bases,DET,DET,3,top,Kevin McGonigle,17,4,0,0.6016102417281619,1.096500867553499,,0.4493362030126736,-0.2730276615041622,,0.75,,False,False
Lamonte Wade Jr.,lamonte wade jr.,HOU,0.5405405405405406,37,,hits,HOU,HOU,1,bottom,Lamonte Wade Jr.,34,8,11,-0.11721898604892202,0.200358005521049,-0.3717829657598866,-0.09991312976486587,-0.23440930664947116,0.18181818181818182,0.75,-0.5721409712809356,False,False
Daulton Varsho,daulton varsho,HOU,0.6111111111111112,18,,hits,HOU,HOU,2,bottom,Daulton Varsho,18,0,6,-0.14523742824152566,,0.0991436353028625,-0.2674279600137197,0.30481358820582555,0.6666666666666666,,,False,False
Christian Vazquez,christian vazquez,HOU,0.618421052631579,76,,hits,HOU,HOU,3,bottom,Christian Vazquez,73,23,19,-0.15299016259274936,-0.23842602685594827,0.023707343012241106,-0.1979007344779508,0.18083705989538792,0.5263157894736842,0.391304347826087,0.26213336986818936,False,True
Yordan Alvarez,yordan alvarez,HOU,1.15,80,,hits,HOU,HOU,1,top,Yordan Alvarez,77,20,21,0.06269455429473575,0.6707240546692319,-0.2505839661910976,-0.09235380896324823,-0.28333409625389594,0.19047619047619047,0.6,-0.9213080208603295,False,False
Jeremy Pena,jeremy pena,HOU,1.1125,80,,hits,HOU,HOU,2,top,Jeremy Pena,77,19,16,0.043405441036367544,0.36850451672702367,-0.29985932606654747,0.02710434188218118,-0.2141344808617109,0.1875,0.631578947368421,-0.6683638427935712,False,False
Isaac Paredes,isaac paredes,HOU,0.975,80,,hits,HOU,HOU,3,top,Isaac Paredes,77,20,21,0.12988575522483406,0.11248804563590627,-0.08896045247521821,0.2672114372659355,-0.1577073293183122,0.6190476190476191,0.65,-0.20144849811112447,False,False
Lamonte Wade Jr.,lamonte wade jr.,HOU,0.05405405405405406,37,,home_runs,HOU,HOU,1,bottom,Lamonte Wade Jr.,34,8,11,-0.09209591913918046,-0.026647884120710202,-0.1350796371905294,-0.09548014457804203,-0.2008322278293673,0.0,0.125,-0.1084317530698192,False,False
Christian Vazquez,christian vazquez,HOU,0.09210526315789473,76,,home_runs,HOU,HOU,2,bottom,Christian Vazquez,73,23,19,-0.028562655991998264,-0.02541653657640756,0.033778985205792166,-0.06910626661511453,0.0327415961117335,0.15789473684210525,0.08695652173913043,0.05919552178219972,False,False
Daulton Varsho,daulton varsho,HOU,0.1111111111111111,18,,home_runs,HOU,HOU,3,bottom,Daulton Varsho,18,0,6,0.05853159058167369,,0.11224329853243908,0.031675736606290986,0.2772012055601516,0.16666666666666666,,,False,False
Yordan Alvarez,yordan alvarez,HOU,0.2625,80,,home_runs,HOU,HOU,1,top,Yordan Alvarez,77,20,21,-0.0689895813400472,0.17711911735302496,-0.24291146336358435,-0.10426220498913509,-0.2942226602910211,0.09523809523809523,0.4,-0.4200305807166093,False,False
Jeremy Pena,jeremy pena,HOU,0.175,80,,home_runs,HOU,HOU,2,top,Jeremy Pena,77,19,16,0.06425328653912285,0.11525514485264061,-0.07355588622074866,0.09367974978200636,-0.20309188227524244,0.0625,0.21052631578947367,-0.18881103107338926,False,False
Cam Smith,cam smith,HOU,0.1625,80,,home_runs,HOU,HOU,3,top,Cam Smith,77,21,21,0.02863145052835144,0.016726514347543346,-0.05443082645228477,0.08561177842521803,-0.012244803051716916,0.09523809523809523,0.14285714285714285,-0.0711573407998281,False,False
Daulton Varsho,daulton varsho,HOU,0.2222222222222222,18,,rbi,HOU,HOU,1,bottom,Daulton Varsho,18,0,6,-0.04500734347533021,,-0.09701135543907029,-0.019005337493460176,0.020875438370370508,0.16666666666666666,,,False,False
Christian Vazquez,christian vazquez,HOU,0.32894736842105265,76,,rbi,HOU,HOU,2,bottom,Christian Vazquez,73,23,19,-0.2098439634529667,-0.2962781761280231,-0.07303112534669766,-0.22956838385596073,0.17847346465090372,0.3157894736842105,0.17391304347826086,0.22324705078132545,False,True
Yainer Diaz,yainer diaz,HOU,0.36666666666666664,60,,rbi,HOU,HOU,3,bottom,Yainer Diaz,57,10,14,-0.07860903311098517,0.2572204021115792,0.0769338662145302,-0.2463634253165264,-0.04351852850265629,0.35714285714285715,0.4,-0.18028653589704902,False,False
Yordan Alvarez,yordan alvarez,HOU,0.7375,80,,rbi,HOU,HOU,1,top,Yordan Alvarez,77,20,21,-0.05824267594522157,0.5843560867319819,-0.2754175644819031,-0.28855663689727035,-0.18879926340362943,0.3333333333333333,0.55,-0.8597736512138849,False,False
Isaac Paredes,isaac paredes,HOU,0.6375,80,,rbi,HOU,HOU,2,top,Isaac Paredes,77,20,21,0.0863517100572025,0.3088180555454217,-0.13498949833010276,0.09187500078967555,-0.2066320711544801,0.2857142857142857,0.4,-0.44380755387552445,False,False
Christian Walker,christian walker,HOU,0.5375,80,,rbi,HOU,HOU,3,top,Christian Walker,77,21,19,-0.15742217728977448,0.03915954406823473,-0.36235515756247205,-0.16375973197455662,-0.11551193096078836,0.2631578947368421,0.3333333333333333,-0.4015147016307068,False,False
Lamonte Wade Jr.,lamonte wade jr.,HOU,0.8378378378378378,37,,total_bases,HOU,HOU,1,bottom,Lamonte Wade Jr.,34,8,11,-0.4514880478519565,-0.007082274609448547,-0.7690626460820663,-0.45561642154588017,-0.20698612354477303,0.18181818181818182,0.625,-0.7619803714726178,False,False
Christian Vazquez,christian vazquez,HOU,0.9868421052631579,76,,total_bases,HOU,HOU,2,bottom,Christian Vazquez,73,23,19,-0.30397147104897765,-0.43144460417553887,0.12642850793766405,-0.47318816585011564,0.16058973144662053,0.47368421052631576,0.2608695652173913,0.5578731121132029,False,True
Daulton Varsho,daulton varsho,HOU,1.0555555555555556,18,,total_bases,HOU,HOU,3,bottom,Daulton Varsho,18,0,6,-0.09027550473303175,,0.5492947945412969,-0.41006065437019595,0.41914126696529624,0.5,,,False,False
Yordan Alvarez,yordan alvarez,HOU,2.15,80,,total_bases,HOU,HOU,1,top,Yordan Alvarez,77,20,21,-0.06028924909276587,1.4742009750680027,-0.8455583339467913,-0.45471018523945567,-0.33102692164004344,0.19047619047619047,0.55,-2.319759309014794,False,False
Jeremy Pena,jeremy pena,HOU,1.85,80,,total_bases,HOU,HOU,2,top,Jeremy Pena,77,19,16,0.19604465176995306,0.8049344902276891,-0.4243928619436863,0.15695163483474456,-0.25227149628161977,0.375,0.47368421052631576,-1.2293273521713755,False,False
Isaac Paredes,isaac paredes,HOU,1.65,80,,total_bases,HOU,HOU,3,top,Isaac Paredes,77,20,21,0.13403570075301136,0.485411288053064,-0.31736240737739585,0.20214260421794178,-0.2613656525737135,0.38095238095238093,0.45,-0.8027736954304598,False,False
Kyle Isbel,kyle isbel,KC,0.7123287671232876,73,,hits,KC,KC,1,bottom,Kyle Isbel,70,15,19,-0.1689060927145469,-0.4622197118322504,0.10579161123974046,-0.1916714285024887,0.22432199424592147,0.631578947368421,0.26666666666666666,0.5680113230719909,True,True
Isaac Collins,isaac collins,KC,0.7125,80,,hits,KC,KC,2,bottom,Isaac Collins,77,18,24,0.025888234305308153,-0.16524870092387053,0.11021841023072582,0.06636082321717078,0.13922360348121268,0.5833333333333334,0.3888888888888889,0.2754671111545963,True,True
Nick Loftin,nick loftin,KC,0.725,80,,hits,KC,KC,3,bottom,Nick Loftin,77,20,22,0.0746888801231082,-0.06288613590601334,0.10678409607023105,0.13312903925870043,-0.010888785563361226,0.5,0.35,0.1696702319762444,False,False
Bobby Witt Jr.,bobby witt jr.,KC,1.125,80,,hits,KC,KC,1,top,Bobby Witt Jr.,77,18,26,-0.07030238740934883,-0.13891629754574922,0.06478273466044202,-0.1393073204808445,0.10301565312013826,0.38461538461538464,0.2777777777777778,0.20369903220619123,False,True
Jac Caglianone,jac caglianone,KC,1.1125,80,,hits,KC,KC,2,top,Jac Caglianone,77,22,24,0.04795772331091201,0.38560421602120143,0.13097864576963172,-0.25593663083862483,-0.03377814450561372,0.4166666666666667,0.5909090909090909,-0.25462557025156973,False,False
Michael Massey,michael massey,KC,0.95,80,,hits,KC,KC,3,top,Michael Massey,77,19,23,0.10089753036983871,-0.1869710186646589,0.4703529106607682,0.014384064225955128,0.17220230494329924,0.782608695652174,0.47368421052631576,0.657323929325427,True,True
Isaac Collins,isaac collins,KC,0.0375,80,,home_runs,KC,KC,1,bottom,Isaac Collins,77,18,24,0.017394060853953147,0.04329534913094099,0.022196821414953927,0.0007800767839588686,-0.04258006093928445,0.041666666666666664,0.05555555555555555,-0.021098527715987064,False,False
Nick Loftin,nick loftin,KC,0.075,80,,home_runs,KC,KC,2,bottom,Nick Loftin,77,20,22,0.018394213571055258,-0.005931669743284727,0.040869791017961996,0.018167212498336714,-0.045411676776516224,0.09090909090909091,0.05,0.04680146076124672,False,False
Kyle Isbel,kyle isbel,KC,0.0821917808219178,73,,home_runs,KC,KC,3,bottom,Kyle Isbel,70,15,19,-0.04059481458267314,-0.04125523039009471,-0.033451589024464566,-0.044089677040857554,-0.010041355779665107,0.05263157894736842,0.06666666666666667,0.007803641365630144,False,False
Jac Caglianone,jac caglianone,KC,0.225,80,,home_runs,KC,KC,1,top,Jac Caglianone,77,22,24,0.015205319203320024,0.11752048689034235,0.09575362832472227,-0.11976542621694272,-0.014283439237721978,0.25,0.18181818181818182,-0.02176685856562008,False,False
Bobby Witt Jr.,bobby witt jr.,KC,0.175,80,,home_runs,KC,KC,2,top,Bobby Witt Jr.,77,18,26,-0.0666632812758697,0.0035520537731671222,-0.06280437515190865,-0.10800290521846521,-0.09919327099624396,0.15384615384615385,0.16666666666666666,-0.06635642892507577,False,False
Carter Jensen,carter jensen,KC,0.1375,80,,home_runs,KC,KC,3,top,Carter Jensen,77,19,22,0.025849941524570572,0.1578486561630026,-0.02908344728356882,-0.010245642485183348,-0.1548349245394295,0.09090909090909091,0.2631578947368421,-0.1869321034465714,False,False
Isaac Collins,isaac collins,KC,0.3125,80,,rbi,KC,KC,1,bottom,Isaac Collins,77,18,24,-0.001467896959576061,-0.11986162199866254,0.1979253711521033,-0.07730650793034025,0.18419880054976598,0.3333333333333333,0.16666666666666666,0.31778699315076586,False,True
Kyle Isbel,kyle isbel,KC,0.3150684931506849,73,,rbi,KC,KC,2,bottom,Kyle Isbel,70,15,19,-0.023270083478479735,-0.12373011134367216,-0.0647225639886401,0.04046595951237952,-0.004151803420066812,0.15789473684210525,0.13333333333333333,0.05900754735503207,False,True
Michael Massey,michael massey,KC,0.3875,80,,rbi,KC,KC,3,bottom,Michael Massey,77,19,23,0.05560080858140579,-0.16074281216295228,0.3531976614298227,-0.02251915774347377,0.19556112956583893,0.5652173913043478,0.10526315789473684,0.513940473592775,True,True
Jac Caglianone,jac caglianone,KC,0.65,80,,rbi,KC,KC,1,top,Jac Caglianone,77,22,24,0.12578633388458302,0.17353413448798916,0.3915270199956866,-0.11383392675868871,0.0696478132374491,0.4583333333333333,0.2727272727272727,0.21799288550769746,False,False
Salvador Perez,salvador perez,KC,0.5,80,,rbi,KC,KC,2,top,Salvador Perez,77,19,22,0.061144395998518675,-0.09338738183904557,0.062014499651874735,0.14217110429129332,0.008509885554534944,0.36363636363636365,0.2631578947368421,0.15540188149092032,False,True
Carter Jensen,carter jensen,KC,0.475,80,,rbi,KC,KC,3,top,Carter Jensen,77,19,22,-0.07841309027214693,-0.12119323511390694,-0.19545500253732898,0.015690932556393193,-0.016322304473592956,0.3181818181818182,0.3157894736842105,-0.07426176742342204,False,True
Isaac Collins,isaac collins,KC,1.0875,80,,total_bases,KC,KC,1,bottom,Isaac Collins,77,18,24,0.15021893890955004,-0.002796282177453751,0.26550823604299073,0.149856963148507,0.08363408393730502,0.5,0.3333333333333333,0.2683045182204445,False,False
Kyle Isbel,kyle isbel,KC,1.095890410958904,73,,total_bases,KC,KC,2,bottom,Kyle Isbel,70,15,19,-0.2791693578530921,-0.5788820775634745,0.0760372459600645,-0.34175920998626536,0.14579920718676903,0.42105263157894735,0.13333333333333333,0.6549193235235391,False,True
Nick Loftin,nick loftin,KC,1.2125,80,,total_bases,KC,KC,3,bottom,Nick Loftin,77,20,22,0.06257232696138937,-0.14479617852552418,0.19337806879044753,0.09884786380421762,-0.029880355418761013,0.4090909090909091,0.3,0.3381742473159717,False,False
Jac Caglianone,jac caglianone,KC,2.0125,80,,total_bases,KC,KC,1,top,Jac Caglianone,77,22,24,0.09437751033506998,0.7244920351434617,0.3157093787655437,-0.5241542441202846,-0.025924529941231872,0.4583333333333333,0.3181818181818182,-0.408782656377918,False,False
Bobby Witt Jr.,bobby witt jr.,KC,1.8625,80,,total_bases,KC,KC,2,top,Bobby Witt Jr.,77,18,26,-0.2922076862360697,-0.24514897739466146,-0.08336164934946184,-0.4824214352723467,0.029233009210730975,0.4230769230769231,0.3888888888888889,0.16178732804519963,False,True
Salvador Perez,salvador perez,KC,1.5,80,,total_bases,KC,KC,3,top,Salvador Perez,77,19,22,0.044848883597509596,-0.7462703510357042,0.34891628316037865,0.2765650688099525,0.20717657881729246,0.36363636363636365,0.15789473684210525,1.0951866341960828,False,True
Travis d'Arnaud,travis d'arnaud,LAA,0.391304347826087,23,,hits,LAA,LAA,1,bottom,Travis d'Arnaud,20,6,3,-0.03171460741700678,-0.272943722943723,0.2139705882352941,0.03285985678330177,0.3195710854532845,0.6666666666666666,0.16666666666666666,0.48691431117901707,True,True
Tyler Heineman,tyler heineman,LAA,0.4,10,,hits,LAA,LAA,2,bottom,Tyler Heineman,7,2,2,-0.09988662131519273,-0.5357142857142857,-0.04999999999999999,0.15740740740740744,0.26030582386867057,0.5,0.0,0.4857142857142857,False,True
Denzer Guzman,denzer guzman,LAA,0.5,20,,hits,LAA,LAA,3,bottom,Denzer Guzman,17,7,3,0.2276659405165142,0.3767090169401094,0.5017094017094017,-0.03882433356117565,-0.007669466161178046,1.0,0.42857142857142855,0.12500038476929232,False,False
Zach Neto,zach neto,LAA,1.15,20,,hits,LAA,LAA,1,top,Zach Neto,17,6,4,0.4308031923357001,0.4619708994708995,1.8175824175824173,-0.3883572567783094,0.41896862084738357,1.0,0.5,1.3556115181115178,True,False
Josh Lowe,josh lowe,LAA,0.8,10,,hits,LAA,LAA,2,top,Josh Lowe,7,3,3,0.2989795918367347,-0.8690476190476191,1.1222222222222222,1.3333333333333335,0.8228113125002634,1.0,0.0,1.9912698412698413,True,True
Mike Trout,mike trout,LAA,0.8,20,,hits,LAA,LAA,3,top,Mike Trout,17,7,3,0.2224903362082382,0.8518240629585169,-0.4772893772893772,-0.1069377990430622,-0.4674738436761171,0.3333333333333333,0.7142857142857143,-1.3291134402478941,False,False
Moisés Ballesteros,moises ballesteros,LAA,0.0,19,,home_runs,LAA,LAA,1,bottom,Moisés Ballesteros,17,7,4,0.0,0.0,0.0,0.0,,0.0,0.0,0.0,False,False
Tyler Heineman,tyler heineman,LAA,0.0,10,,home_runs,LAA,LAA,2,bottom,Tyler Heineman,7,2,2,0.0,0.0,0.0,0.0,,0.0,0.0,0.0,False,False
Vaughn Grissom,vaughn grissom,LAA,0.0,20,,home_runs,LAA,LAA,3,bottom,Vaughn Grissom,17,7,5,0.0,0.0,0.0,0.0,,0.0,0.0,0.0,False,False
Josh Lowe,josh lowe,LAA,0.2,10,,home_runs,LAA,LAA,1,top,Josh Lowe,7,3,3,-0.18922902494331065,-0.28968253968253965,-0.07777777777777777,-0.2222222222222222,0.27485232702255336,0.3333333333333333,0.0,0.21190476190476187,False,True
Zach Neto,zach neto,LAA,0.15,20,,home_runs,LAA,LAA,2,top,Zach Neto,17,6,4,0.059026554901623195,0.044545596016184234,0.44624542124542127,-0.14982911825017092,0.3982101429027787,0.5,0.16666666666666666,0.40169982522923703,False,False
Jose Siri,jose siri,LAA,0.1,20,,home_runs,LAA,LAA,3,top,Jose Siri,17,7,3,-0.13600858711494299,-0.20643257302921167,-0.14334554334554334,-0.0624401913875598,0.009625525702520725,0.0,0.0,0.06308702968366833,False,True
Tyler Heineman,tyler heineman,LAA,0.1,10,,rbi,LAA,LAA,1,bottom,Tyler Heineman,7,2,2,0.08871882086167801,-0.13392857142857142,0.5,-0.037037037037037035,0.6586622239925521,0.5,0.0,0.6339285714285714,False,True
Travis d'Arnaud,travis d'arnaud,LAA,0.13043478260869565,23,,rbi,LAA,LAA,2,bottom,Travis d'Arnaud,20,6,3,0.07339807573747202,-0.14336219336219336,-0.17132352941176474,0.2583732057416268,0.10748719918057208,0.0,0.0,-0.027961336049571378,False,True
Moisés Ballesteros,moises ballesteros,LAA,0.21052631578947367,19,,rbi,LAA,LAA,3,bottom,Moisés Ballesteros,17,7,4,0.20192891398045287,0.08438375350140057,0.5,0.14035087719298245,0.30599839803915224,0.25,0.14285714285714285,0.4156162464985994,False,False
Zach Neto,zach neto,LAA,0.8,20,,rbi,LAA,LAA,1,top,Zach Neto,17,6,4,0.19034327461526515,-0.4431897759103642,2.255860805860806,-0.4469241285030759,0.5714076706209993,0.75,0.3333333333333333,2.69905058177117,True,True
Denzer Guzman,denzer guzman,LAA,0.35,20,,rbi,LAA,LAA,2,top,Denzer Guzman,17,7,3,0.24899761350772096,0.24474789915966386,1.1455433455433457,-0.13098655730234676,0.3920901279226113,0.6666666666666666,0.42857142857142855,0.9007954463836818,True,False
Logan O'hoppe,logan o'hoppe,LAA,0.30666666666666664,75,,rbi,LAA,LAA,3,top,Logan O'hoppe,72,22,24,-0.009269938074287628,0.14143586463201385,0.05060605797477665,-0.19206038287106353,-0.015982761113341272,0.25,0.36363636363636365,-0.0908298066572372,False,False
Tyler Heineman,tyler heineman,LAA,0.4,10,,total_bases,LAA,LAA,1,bottom,Tyler Heineman,7,2,2,-0.09988662131519273,-0.5357142857142857,-0.04999999999999999,0.15740740740740744,0.26030582386867057,0.5,0.0,0.4857142857142857,False,True
Travis d'Arnaud,travis d'arnaud,LAA,0.5652173913043478,23,,total_bases,LAA,LAA,2,bottom,Travis d'Arnaud,20,6,3,-0.06785719419039853,-0.5196488696488696,-0.014460784313725513,0.1640119715478567,0.27899904983629714,0.6666666666666666,0.16666666666666666,0.505188085335144,True,True
Denzer Guzman,denzer guzman,LAA,0.8,20,,total_bases,LAA,LAA,3,bottom,Denzer Guzman,17,7,3,0.4764605646685413,0.37688408696812065,1.7411477411477412,0.03402825244930509,0.34761051702134976,1.0,0.42857142857142855,1.3642636541796205,True,False
Zach Neto,zach neto,LAA,2.0,20,,total_bases,LAA,LAA,1,top,Zach Neto,17,6,4,0.9045012526072442,1.1923046996576407,3.5142857142857142,-0.8334928229665072,0.34312378972950064,0.75,0.5,2.3219810146280735,True,False
Josh Lowe,josh lowe,LAA,1.5,10,,total_bases,LAA,LAA,2,top,Josh Lowe,7,3,3,-0.12585034013605437,-1.7380952380952381,0.888888888888889,1.6666666666666667,0.6720802754262938,0.3333333333333333,0.0,2.626984126984127,False,True
Mike Trout,mike trout,LAA,1.25,20,,total_bases,LAA,LAA,3,top,Mike Trout,17,7,3,0.20978280329719048,0.9850356809390421,-0.9789987789987791,-0.05599225336067442,-0.4628224784023471,0.0,0.7142857142857143,-1.9640344599378212,False,False
Hunter Feduccia,hunter feduccia,LAD,0.5,16,,hits,LAD,LAD,1,bottom,Hunter Feduccia,16,7,3,-0.03998779865620425,0.03220705130118932,0.12706146526711046,-0.20773975556815408,-0.1566412731905661,0.6666666666666666,0.5714285714285714,0.09485441396592115,False,False
Kyle Tucker,kyle tucker,LAD,0.7625,80,,hits,LAD,LAD,2,bottom,Kyle Tucker,77,21,23,-0.039676362312331216,0.13102905270373788,-0.23148121936482643,-0.014624907861727092,-0.12226894953775716,0.391304347826087,0.6666666666666666,-0.36251027206856434,False,False
Max Muncy,max muncy,LAD,0.8,80,,hits,LAD,LAD,3,bottom,Max Muncy,77,19,23,0.008837711917250638,0.03844252307229781,0.009182161399627266,-0.007459823798193921,0.027126311597969573,0.5652173913043478,0.5789473684210527,-0.029260361672670546,False,False
Freddie Freeman,freddie freeman,LAD,1.2125,80,,hits,LAD,LAD,1,top,Freddie Freeman,77,18,25,0.10051322840991408,-0.36329118129066323,-0.08370414460595776,0.4815106901748315,0.09093553434989891,0.28,0.16666666666666666,0.27958703668470547,False,True
Shohei Ohtani,shohei ohtani,LAD,1.1875,80,,hits,LAD,LAD,2,top,Shohei Ohtani,77,22,23,-0.21712413733637662,-0.4421331007431429,-0.11067325490077906,-0.1389420467448105,0.0962695147889921,0.391304347826087,0.22727272727272727,0.3314598458423638,False,True
Mookie Betts,mookie betts,LAD,0.95,80,,hits,LAD,LAD,3,top,Mookie Betts,77,21,23,0.05657890018672732,-0.2081901049943205,0.06036427132201766,0.22242997814704024,0.1717050756984846,0.43478260869565216,0.47619047619047616,0.26855437631633816,False,True
Hunter Feduccia,hunter feduccia,LAD,0.0625,16,,home_runs,LAD,LAD,1,bottom,Hunter Feduccia,16,7,3,0.025730813017951756,-0.039587687129329585,-0.03175136542072026,0.13067681907578269,0.12107921049942966,0.0,0.0,0.007836321708609324,False,False
Tommy Edman,tommy edman,LAD,0.07407407407407407,54,,home_runs,LAD,LAD,2,bottom,Tommy Edman,51,13,12,0.02013448444966341,0.1600769179551147,0.025229110241412337,-0.05218809805310022,-0.17986207573858098,0.08333333333333333,0.23076923076923078,-0.13484780771370236,False,False
Kyle Tucker,kyle tucker,LAD,0.0875,80,,home_runs,LAD,LAD,3,bottom,Kyle Tucker,77,21,23,0.02840474871456005,0.03144300161518201,0.03330466878700657,0.023056219242459125,-0.07285271059452503,0.08695652173913043,0.09523809523809523,0.001861667171824559,False,False
Shohei Ohtani,shohei ohtani,LAD,0.2875,80,,home_runs,LAD,LAD,1,top,Shohei Ohtani,77,22,23,0.03235528520755288,-0.041318593819771376,-0.005687877517008508,0.11034960024711682,0.10325112059310215,0.2608695652173913,0.18181818181818182,0.03563071630276287,False,False
Max Muncy,max muncy,LAD,0.1875,80,,home_runs,LAD,LAD,2,top,Max Muncy,77,19,23,0.014814055804875397,0.097684446850814,0.04704418569644422,-0.05135252754880794,-0.01333435458926131,0.21739130434782608,0.2631578947368421,-0.05064026115436978,False,False
Mookie Betts,mookie betts,LAD,0.15,80,,home_runs,LAD,LAD,3,top,Mookie Betts,77,21,23,0.008825373645830893,-0.12709919674160616,-0.033425787818110723,0.12477060673088652,0.1840763100726996,0.08695652173913043,0.0,0.09367340892349543,False,True
Hunter Feduccia,hunter feduccia,LAD,0.125,16,,rbi,LAD,LAD,1,bottom,Hunter Feduccia,16,7,3,-0.060614114649533354,-0.04443241055548416,-0.19050819252432158,-0.014545730488529982,-0.14826486147581938,0.0,0.14285714285714285,-0.14607578196883741,False,False
Teoscar Hernández,teoscar hernandez,LAD,0.4,80,,rbi,LAD,LAD,2,bottom,Teoscar Hernández,77,21,19,-0.026015857791646054,0.11701530351876481,-0.11858091519427164,-0.05966229824755799,-0.11115786785905112,0.21052631578947367,0.23809523809523808,-0.23559621871303643,False,False
Tommy Edman,tommy edman,LAD,0.4444444444444444,54,,rbi,LAD,LAD,3,bottom,Tommy Edman,51,13,12,-0.0023261717910668753,0.12311637033052653,0.3565370560278562,-0.23067662492213575,0.06022989272196541,0.3333333333333333,0.38461538461538464,0.23342068569732966,False,False
Shohei Ohtani,shohei ohtani,LAD,0.725,80,,rbi,LAD,LAD,1,top,Shohei Ohtani,77,22,23,-0.04398685426765614,-0.14307250093596194,-0.21787607341677173,0.14911740408023094,-0.0006866055226113645,0.34782608695652173,0.3181818181818182,-0.0748035724808098,False,True
Max Muncy,max muncy,LAD,0.625,80,,rbi,LAD,LAD,2,top,Max Muncy,77,19,23,0.15494781343928618,0.2536862612874898,0.1586875639045642,0.09888939144450729,0.053493922804227885,0.391304347826087,0.42105263157894735,-0.09499869738292557,False,False
Freddie Freeman,freddie freeman,LAD,0.475,80,,rbi,LAD,LAD,3,top,Freddie Freeman,77,18,25,-0.08484528082897304,-0.2320209232031582,-0.1561430275057332,0.04549604945497802,0.06298184457618196,0.36,0.2222222222222222,0.07587789569742501,False,True
Hunter Feduccia,hunter feduccia,LAD,0.8125,16,,total_bases,LAD,LAD,1,bottom,Hunter Feduccia,16,7,3,0.018530865197164653,-0.0885826226620563,-0.11107377538829151,0.2082989213256505,-0.036165695561895944,0.6666666666666666,0.5714285714285714,-0.02249115272623521,False,False
Kyle Tucker,kyle tucker,LAD,1.1875,80,,total_bases,LAD,LAD,2,bottom,Kyle Tucker,77,21,23,-0.0636348212103881,0.27738640562316225,-0.27753015456423247,-0.13156976352451344,-0.14516000104352486,0.2608695652173913,0.2857142857142857,-0.5549165601873947,False,False
Teoscar Hernández,teoscar hernandez,LAD,1.225,80,,total_bases,LAD,LAD,3,bottom,Teoscar Hernández,77,21,19,0.18239117755709794,0.10461928654059192,-0.13659636933563435,0.3903363965384097,-0.12104983130343806,0.3157894736842105,0.2857142857142857,-0.2412156558762263,False,False
Shohei Ohtani,shohei ohtani,LAD,2.2875,80,,total_bases,LAD,LAD,1,top,Shohei Ohtani,77,22,23,-0.16881445650027482,-0.6264329754662655,-0.17588313025465535,0.15087888454980494,0.0901305589463862,0.391304347826087,0.2727272727272727,0.4505498452116102,False,True
Freddie Freeman,freddie freeman,LAD,1.7625,80,,total_bases,LAD,LAD,2,top,Freddie Freeman,77,18,25,-0.1007516909603568,-0.7963220944355602,-0.32072323492200583,0.4292352461453752,0.1284006134409924,0.24,0.2222222222222222,0.4755988595135544,False,True
Max Muncy,max muncy,LAD,1.575,80,,total_bases,LAD,LAD,3,top,Max Muncy,77,19,23,0.09575206014806563,0.45900207152835754,0.12137969452761813,-0.11828182005065586,-0.01633006193520237,0.391304347826087,0.5263157894736842,-0.3376223770007394,False,False
Brian Navarreto,brian navarreto,MIA,0.25,16,,hits,MIA,MIA,1,bottom,Brian Navarreto,13,2,8,0.08462861924400385,-0.225,0.27710483960483956,-0.22222222222222224,0.2756026886843747,0.25,0.0,0.5021048396048395,False,True
Christopher Morel,christopher morel,MIA,0.5,22,,hits,MIA,MIA,2,bottom,Christopher Morel,19,6,8,-0.0019699356732923827,-0.1399551837051837,0.044345238095238104,0.08950808393532853,0.09318277429431034,0.5,0.3333333333333333,0.1843004218004218,False,True
Esteury Ruiz,esteury ruiz,MIA,0.5,20,,hits,MIA,MIA,3,bottom,Esteury Ruiz,17,3,10,-0.12681226102051085,-0.3194444444444444,-0.07044926478750006,-0.12324561403508774,0.08041348668028676,0.4,0.3333333333333333,0.24899517965694434,False,True
Javier Sanoja,javier sanoja,MIA,1.0,20,,hits,MIA,MIA,1,top,Javier Sanoja,17,4,12,0.07150282562092793,-0.011408730158730118,0.19281787792817204,-1.0526315789473684,0.10846383956279618,0.5,0.25,0.20422660808690216,False,False
Liam Hicks,liam hicks,MIA,1.0,64,,hits,MIA,MIA,2,top,Liam Hicks,61,16,18,0.1431751615803433,0.05111760011068634,0.3861208221192696,0.03576401690678178,0.10595883807158507,0.7777777777777778,0.4375,0.3350032220085833,True,False
Xavier Edwards,xavier edwards,MIA,0.95,20,,hits,MIA,MIA,3,top,Xavier Edwards,17,4,12,0.18272250018744282,0.02281746031746032,0.24686509024744316,0.052631578947368474,0.13284024579469902,0.75,0.75,0.22404762992998284,True,False
Agustin Ramirez,agustin ramirez,MIA,0.0,20,,home_runs,MIA,MIA,1,bottom,Agustin Ramirez,17,5,11,0.0,0.0,0.0,0.0,,0.0,0.0,0.0,False,False
Christopher Morel,christopher morel,MIA,0.0,22,,home_runs,MIA,MIA,2,bottom,Christopher Morel,19,6,8,0.0,0.0,0.0,0.0,,0.0,0.0,0.0,False,False
Otto Lopez,otto lopez,MIA,0.0,20,,home_runs,MIA,MIA,3,bottom,Otto Lopez,17,4,12,0.0,0.0,0.0,0.0,,0.0,0.0,0.0,False,False
Jakob Marsee,jakob marsee,MIA,0.2,10,,home_runs,MIA,MIA,1,top,Jakob Marsee,7,0,6,-0.08072562358276644,,-0.05714285714285713,-0.2222222222222222,0.2046401864273045,0.16666666666666666,,,False,False
Kyle Stowers,kyle stowers,MIA,0.16842105263157894,95,,home_runs,MIA,MIA,2,top,Kyle Stowers,92,24,32,0.06924562961278723,-0.013632745180355205,0.18695332215062643,0.019868819441247396,0.1490106046662498,0.21875,0.041666666666666664,0.20058606733098164,False,False
Heriberto Hernandez,heriberto hernandez,MIA,0.15,20,,home_runs,MIA,MIA,3,top,Heriberto Hernandez,17,4,12,0.10167720490521438,0.25,0.07386726835256247,-0.15789473684210525,-0.13265308073435791,0.16666666666666666,0.25,-0.17613273164743753,False,False
Christopher Morel,christopher morel,MIA,0.045454545454545456,22,,rbi,MIA,MIA,1,bottom,Christopher Morel,19,6,8,0.003815707268127019,-0.07529345654345655,0.11279761904761905,-0.07562435500515996,0.3454657693824106,0.125,0.0,0.1880910755910756,False,False
Esteury Ruiz,esteury ruiz,MIA,0.05,20,,rbi,MIA,MIA,2,bottom,Esteury Ruiz,17,3,10,0.010006910924321237,0.2962962962962963,-0.06661398242280596,-0.013157894736842105,-0.43278520552827665,0.0,0.3333333333333333,-0.36291027871910225,False,False
Brian Navarreto,brian navarreto,MIA,0.0625,16,,rbi,MIA,MIA,3,bottom,Brian Navarreto,13,2,8,0.060383206537052696,0.0,0.10645604395604397,-0.022222222222222223,0.1842783629581831,0.125,0.0,0.10645604395604397,False,False
Javier Sanoja,javier sanoja,MIA,0.65,20,,rbi,MIA,MIA,1,top,Javier Sanoja,17,4,12,0.21444927343443096,0.026289682539682557,0.3520574537118655,-0.6842105263157895,0.06581617935191973,0.4166666666666667,0.25,0.3257677711721829,False,False
Kyle Stowers,kyle stowers,MIA,0.5473684210526316,95,,rbi,MIA,MIA,2,top,Kyle Stowers,92,24,32,0.18899466512012264,0.07063499420294332,0.54572496790403,-0.04919249007634209,0.17516026489955536,0.4375,0.3333333333333333,0.4750899737010867,False,False
Heriberto Hernandez,heriberto hernandez,MIA,0.5,20,,rbi,MIA,MIA,3,top,Heriberto Hernandez,17,4,12,0.29291797510245887,0.4409722222222222,0.31183603977721625,-0.5263157894736842,-0.04466463344046859,0.5,0.25,-0.12913618244500596,False,False
Brian Navarreto,brian navarreto,MIA,0.5,16,,total_bases,MIA,MIA,1,bottom,Brian Navarreto,13,2,8,0.24770934194011124,-0.3375,0.6285693473193474,-0.37777777777777777,0.26749007523320784,0.25,0.0,0.9660693473193475,False,True
Christopher Morel,christopher morel,MIA,0.6363636363636364,22,,total_bases,MIA,MIA,2,bottom,Christopher Morel,19,6,8,0.08666201111003131,-0.07010975135975135,0.007738095238095252,0.40106639146886824,0.01724300908798336,0.5,0.3333333333333333,0.0778478465978466,False,False
Leo Jimenez,leo jimenez,MIA,0.6833333333333333,60,,total_bases,MIA,MIA,3,bottom,Leo Jimenez,57,15,26,0.06040518007498444,-0.2688248445226669,0.03006101973195533,0.41836758869270485,0.10312065079007117,0.4230769230769231,0.4,0.29888586425462227,False,True
Kyle Stowers,kyle stowers,MIA,1.7263157894736842,95,,total_bases,MIA,MIA,1,top,Kyle Stowers,92,24,32,0.2888392522736887,-0.1891977080375161,0.8780929311087751,0.08374951129441513,0.16928418194422387,0.46875,0.3333333333333333,1.067290639146291,False,True
Jakob Marsee,jakob marsee,MIA,1.6,10,,total_bases,MIA,MIA,2,top,Jakob Marsee,7,0,6,-0.3901927437641724,,-0.15892857142857153,-1.7777777777777777,0.36049197699286584,0.3333333333333333,,,False,False
Javier Sanoja,javier sanoja,MIA,1.6,20,,total_bases,MIA,MIA,3,top,Javier Sanoja,17,4,12,0.19307252926356913,-0.22371031746031744,0.48844039946981127,-1.6842105263157894,0.18236771649810538,0.6666666666666666,0.25,0.7121507169301287,True,True
Gary Sanchez,gary sanchez,MIL,0.5633802816901409,71,,hits,MIL,MIL,1,bottom,Gary Sanchez,68,18,18,-0.07355184255104069,-0.09581608003102592,-0.16797078025436413,-0.007917556510429528,-0.009445582470684919,0.3888888888888889,0.4444444444444444,-0.07215470022333821,False,False
Joey Ortiz,joey ortiz,MIL,0.725,80,,hits,MIL,MIL,2,bottom,Joey Ortiz,77,22,26,0.12263109826559633,0.09443535411861648,0.15710869668555855,0.1131100228281667,-0.03136897974952608,0.4230769230769231,0.5454545454545454,0.06267334256694207,False,False
Luis Lara,luis lara,MIL,0.7567567567567568,37,,hits,MIL,MIL,3,bottom,Luis Lara,34,12,2,0.03253870587151932,0.030630919101525118,-0.7279411764705883,0.10973136616772661,-0.019194433931557918,0.0,0.5,-0.7585720955721135,False,False
Jackson Chourio,jackson chourio,MIL,1.1125,80,,hits,MIL,MIL,1,top,Jackson Chourio,77,20,26,-0.0020931686882508065,-0.06766358254322524,0.09869635518457451,-0.04432282493321757,0.09375732369040564,0.4230769230769231,0.25,0.16635993772779975,False,False
Brice Turang,brice turang,MIL,0.9875,80,,hits,MIL,MIL,2,top,Brice Turang,77,19,28,0.015387404161480258,-0.27650212782892786,-0.043884643383542414,0.2555713521307599,0.14212667587685118,0.4642857142857143,0.21052631578947367,0.23261748444538544,False,True
William Contreras,william contreras,MIL,0.9875,80,,hits,MIL,MIL,3,top,William Contreras,77,21,27,-0.22734076742099746,0.2926858845153738,-0.3621407406480034,-0.4784083678877091,-0.184940957875715,0.25925925925925924,0.5714285714285714,-0.6548266251633772,False,False
Luis Lara,luis lara,MIL,0.02702702702702703,37,,home_runs,MIL,MIL,1,bottom,Luis Lara,34,12,2,0.025078999960055325,-0.0071467475879240586,0.0,0.04692234848484848,-0.014076798781471896,0.0,0.0,0.0071467475879240586,False,False
Cooper Pratt,cooper pratt,MIL,0.041666666666666664,48,,home_runs,MIL,MIL,2,bottom,Cooper Pratt,45,15,16,0.022455915571353385,-0.022211334322511274,-0.010422029172029171,0.107888477307217,0.05710138694902794,0.0,0.0,0.011789305150482102,False,False
Andrew Vaughn,andrew vaughn,MIL,0.05,80,,home_runs,MIL,MIL,3,bottom,Andrew Vaughn,77,23,25,0.022223646729443016,0.008428891197834956,0.01542771374021922,0.03902287783142854,0.041654588922357676,0.04,0.043478260869565216,0.006998822542384264,False,False
Jake Bauers,jake bauers,MIL,0.2125,80,,home_runs,MIL,MIL,1,top,Jake Bauers,77,20,28,-0.033354797917405504,-0.1377591861109368,0.11147922489121853,-0.10119151773708988,0.24519476448251917,0.35714285714285715,0.1,0.24923841100215532,False,True
Jackson Chourio,jackson chourio,MIL,0.2,80,,home_runs,MIL,MIL,2,top,Jackson Chourio,77,20,26,-0.06174193825317221,-0.11947956718358103,0.014589119091655538,-0.08851145155502206,0.18555635993846803,0.2692307692307692,0.15,0.13406868627523658,False,True
Gary Sanchez,gary sanchez,MIL,0.14084507042253522,71,,home_runs,MIL,MIL,3,top,Gary Sanchez,68,18,18,-0.10940128113799037,-0.055950535906233875,-0.09907090316065853,-0.14527816294310253,0.056597049980069584,0.1111111111111111,0.1111111111111111,-0.043120367254424655,False,True
Cooper Pratt,cooper pratt,MIL,0.375,48,,rbi,MIL,MIL,1,bottom,Cooper Pratt,45,15,16,0.04766499523320007,-0.1637452380999636,0.14267314133316455,0.16559522111877326,0.2769186495004901,0.3125,0.2,0.30641837943312816,False,True
Joey Ortiz,joey ortiz,MIL,0.375,80,,rbi,MIL,MIL,2,bottom,Joey Ortiz,77,22,26,0.10219202104318406,-0.052161749535787755,0.08497141821387824,0.23472714608798861,-0.0540992362006508,0.23076923076923078,0.18181818181818182,0.137133167749666,False,False
Andrew Vaughn,andrew vaughn,MIL,0.4125,80,,rbi,MIL,MIL,3,bottom,Andrew Vaughn,77,23,25,-0.03260335087626607,-0.03313169049565586,-0.05748722496176424,-0.010732707311320658,0.010009151046620167,0.2,0.34782608695652173,-0.02435553446610838,False,False
Jake Bauers,jake bauers,MIL,0.65,80,,rbi,MIL,MIL,1,top,Jake Bauers,77,20,28,-0.20365063726937385,-0.44895119671503886,0.0725002275274131,-0.3011062588347785,0.24902480871813787,0.5,0.25,0.5214514242424519,False,True
Brice Turang,brice turang,MIL,0.6,80,,rbi,MIL,MIL,2,top,Brice Turang,77,19,28,0.002777868585142733,-0.20017166373950496,0.00030203915215561746,0.13362334652820756,0.11703173641450534,0.35714285714285715,0.2631578947368421,0.20047370289166058,False,True
Jackson Chourio,jackson chourio,MIL,0.5625,80,,rbi,MIL,MIL,3,top,Jackson Chourio,77,20,26,-0.1929544995757909,-0.3356597158148308,-0.125928500340815,-0.15710197232832546,0.10681903028275218,0.34615384615384615,0.25,0.20973121547401577,False,True
Cooper Pratt,cooper pratt,MIL,1.0416666666666667,48,,total_bases,MIL,MIL,1,bottom,Cooper Pratt,45,15,16,0.04072479376260052,-0.17241274342959537,0.06362089963096151,0.24291946261896927,0.10930254759491262,0.375,0.3333333333333333,0.23603364306055688,False,True
Luis Lara,luis lara,MIL,1.1081081081081081,37,,total_bases,MIL,MIL,2,bottom,Luis Lara,34,12,2,0.14929579826918343,0.0845918676000346,-1.1525735294117647,0.3183050894387675,-0.008794486715483404,0.0,0.5,-1.2371653970117993,False,False
Gary Sanchez,gary sanchez,MIL,1.1408450704225352,71,,total_bases,MIL,MIL,3,bottom,Gary Sanchez,68,18,18,-0.36616381266329506,-0.4155069570229529,-0.5499372292492353,-0.23503574713139624,0.0479838393212144,0.16666666666666666,0.1111111111111111,-0.13443027222628234,False,True
Jackson Chourio,jackson chourio,MIL,1.9,80,,total_bases,MIL,MIL,1,top,Jackson Chourio,77,20,26,-0.19733264191914035,-0.38245829534295817,0.0872931713031713,-0.31661516047732574,0.16349425709921442,0.5,0.35,0.46975146664612943,False,True
Jake Bauers,jake bauers,MIL,1.6875,80,,total_bases,MIL,MIL,2,top,Jake Bauers,77,20,28,-0.07046006771319273,-0.6642945069493135,0.5207638784003816,-0.23175598862552585,0.2630576583916942,0.4642857142857143,0.2,1.185058385349695,False,True
Brice Turang,brice turang,MIL,1.6375,80,,total_bases,MIL,MIL,3,top,Brice Turang,77,19,28,-0.06424801102565707,-0.7746165574573167,0.04341945094574357,0.28516243720775347,0.22812150729131914,0.42857142857142855,0.21052631578947367,0.8180360084030603,False,True
Ryan Kreidler,ryan kreidler,MIN,0.3,20,,hits,MIN,MIN,1,bottom,Ryan Kreidler,17,6,5,-0.023891682539925116,0.17245370370370372,0.016202919887130407,-0.2536492374727669,-0.05018641225087866,0.4,0.3333333333333333,-0.1562507838165733,False,False
Victor Caratini,victor caratini,MIN,0.4,10,,hits,MIN,MIN,2,bottom,Victor Caratini,7,3,3,0.25011337868480726,0.5,0.23174603174603178,-0.4444444444444444,-0.046536541976578236,0.3333333333333333,0.3333333333333333,-0.2682539682539682,False,False
Byron Buxton,byron buxton,MIN,0.65,20,,hits,MIN,MIN,3,bottom,Byron Buxton,17,3,7,-0.03460534260251976,0.09670329670329673,-0.1361650880447873,0.0106792717086835,-0.14834017075356415,0.2857142857142857,0.6666666666666666,-0.23286838474808402,False,False
Luke Keaschall,luke keaschall,MIN,1.3,20,,hits,MIN,MIN,1,top,Luke Keaschall,17,6,7,0.10592819481455434,0.2994810744810745,0.014328299102735207,-0.024101307189542454,-0.2376571669874155,0.42857142857142855,0.6666666666666666,-0.28515277537833933,False,False
Kaelen Culpepper,kaelen culpepper,MIN,1.2142857142857142,14,,hits,MIN,MIN,2,top,Kaelen Culpepper,11,3,5,0.6374819624819625,0.792989417989418,1.1466666666666667,-0.3666666666666667,0.1391166503722326,1.0,1.0,0.3536772486772487,True,False
Josh Bell,josh bell,MIN,1.15,20,,hits,MIN,MIN,3,top,Josh Bell,17,6,7,-0.27193789587251616,0.20308302808302806,-0.23096702795950916,-1.0561683006535947,-0.14757391688947205,0.2857142857142857,0.5,-0.4340500560425372,False,False
Alan Roden,alan roden,MIN,0.0,10,,home_runs,MIN,MIN,1,bottom,Alan Roden,7,4,2,0.0,0.0,0.0,0.0,,0.0,0.0,0.0,False,False
Byron Buxton,byron buxton,MIN,0.0,20,,home_runs,MIN,MIN,2,bottom,Byron Buxton,17,3,7,0.0,0.0,0.0,0.0,,0.0,0.0,0.0,False,False
Victor Caratini,victor caratini,MIN,0.0,10,,home_runs,MIN,MIN,3,bottom,Victor Caratini,7,3,3,0.0,0.0,0.0,0.0,,0.0,0.0,0.0,False,False
Brooks Lee,brooks lee,MIN,0.2,20,,home_runs,MIN,MIN,1,top,Brooks Lee,17,5,7,0.13511250885135423,0.11399267399267399,0.01946614371426402,0.3181372549019608,-0.07287727938015201,0.14285714285714285,0.2,-0.09452653027840996,False,False
Josh Bell,josh bell,MIN,0.2,20,,home_runs,MIN,MIN,2,top,Josh Bell,17,6,7,-0.10371798975423088,0.05082417582417581,-0.1467573153663379,-0.26021241830065356,-0.20895866703234067,0.14285714285714285,0.3333333333333333,-0.19758149119051371,False,False
Luke Keaschall,luke keaschall,MIN,0.2,20,,home_runs,MIN,MIN,3,top,Luke Keaschall,17,6,7,-0.16602575599798328,-0.31306471306471306,-0.09874144235046489,-0.06321486928104575,0.2051379368811569,0.14285714285714285,0.0,0.21432327071424817,False,True
Ryan Kreidler,ryan kreidler,MIN,0.05,20,,rbi,MIN,MIN,1,bottom,Ryan Kreidler,17,6,5,0.058823529411764705,0.0,0.2,0.0,0.2775928553565613,0.2,0.0,0.2,False,False
Victor Caratini,victor caratini,MIN,0.1,10,,rbi,MIN,MIN,2,bottom,Victor Caratini,7,3,3,0.08871882086167801,-0.041666666666666664,0.28571428571428575,-0.1111111111111111,0.44153672173829717,0.3333333333333333,0.0,0.32738095238095244,False,False
Byron Buxton,byron buxton,MIN,0.15,20,,rbi,MIN,MIN,3,bottom,Byron Buxton,17,3,7,-0.1955876457765913,0.18998778998779,-0.22506102919636756,-0.3313608776844071,-0.32339054584101595,0.0,0.3333333333333333,-0.4150488191841576,False,False
Josh Bell,josh bell,MIN,0.85,20,,rbi,MIN,MIN,1,top,Josh Bell,17,6,7,0.1590669983813309,0.5536630036630038,0.17025735334006006,-0.45241013071895425,-0.14740743019699423,0.42857142857142855,0.6666666666666666,-0.3834056503229437,False,False
Kody Clemens,kody clemens,MIN,0.65,20,,rbi,MIN,MIN,2,top,Kody Clemens,17,6,5,0.5163875431313056,0.8336385836385837,0.49522062732589045,0.21677559912854028,-0.2109395792677811,0.6,0.5,-0.3384179563126932,False,False
Ryan Jeffers,ryan jeffers,MIN,0.6176470588235294,68,,rbi,MIN,MIN,3,top,Ryan Jeffers,65,17,17,-0.008320173454127293,-0.1774450272800221,-0.06661882252728614,0.11639594103890218,-0.021644731041003895,0.29411764705882354,0.23529411764705882,0.11082620475273595,False,True
Victor Caratini,victor caratini,MIN,0.4,10,,total_bases,MIN,MIN,1,bottom,Victor Caratini,7,3,3,0.25011337868480726,0.5,0.23174603174603178,-0.4444444444444444,-0.046536541976578236,0.3333333333333333,0.3333333333333333,-0.2682539682539682,False,False
Ryan Kreidler,ryan kreidler,MIN,0.45,20,,total_bases,MIN,MIN,2,bottom,Ryan Kreidler,17,6,5,0.152578905695369,0.17245370370370372,0.6162029198871304,-0.2536492374727669,0.1557203159593352,0.4,0.3333333333333333,0.44374921618342666,False,False
Byron Buxton,byron buxton,MIN,0.8,20,,total_bases,MIN,MIN,3,bottom,Byron Buxton,17,3,7,-0.07381187556246746,-0.04664224664224662,0.008367509683299166,-0.16763538748832868,0.0012391018658713666,0.2857142857142857,0.6666666666666666,0.05500975632554579,False,False
Luke Keaschall,luke keaschall,MIN,2.2,20,,total_bases,MIN,MIN,1,top,Luke Keaschall,17,6,7,-0.20265765795951549,-0.46468253968253975,0.1293450075404963,-0.390625,0.0686591007481137,0.42857142857142855,0.3333333333333333,0.5940275472230361,False,True
Josh Bell,josh bell,MIN,1.95,20,,total_bases,MIN,MIN,2,top,Josh Bell,17,6,7,-0.5622010547274616,0.5272588522588522,-0.6442540333517778,-2.0527982026143787,-0.2419210465312008,0.42857142857142855,0.5,-1.17151288561063,False,False
Brooks Lee,brooks lee,MIN,1.8,20,,total_bases,MIN,MIN,3,top,Brooks Lee,17,5,7,0.5477844733626922,0.14725274725274723,0.4228656055723725,1.123202614379085,0.0951200306493837,0.5714285714285714,0.2,0.2756128583196253,False,False
Eric Wagaman,eric wagaman,NYM,0.36,25,,hits,NYM,NYM,1,bottom,Eric Wagaman,22,7,9,0.06148154386943714,0.2913926409724729,-0.07605820105820106,-0.00043845202598062166,-0.33009385743246905,0.2222222222222222,0.5714285714285714,-0.36745084203067396,False,False
Luis Torrens,luis torrens,NYM,0.6710526315789473,76,,hits,NYM,NYM,2,bottom,Luis Torrens,73,18,23,0.08347665467256132,-0.04931715418693147,0.17344688225822355,0.09350707107883133,0.07238390951380667,0.5652173913043478,0.4444444444444444,0.22276403644515502,True,False
Luis Robert Jr.,luis robert jr.,NYM,0.75,52,,hits,NYM,NYM,3,bottom,Luis Robert Jr.,49,19,11,-0.13827695264463596,-0.15545600191951237,-0.3868451961475218,0.02281002707927955,-0.03394212987535548,0.18181818181818182,0.5263157894736842,-0.2313891942280094,False,True
Bo Bichette,bo bichette,NYM,1.1375,80,,hits,NYM,NYM,1,top,Bo Bichette,77,26,21,0.10465165453938653,0.39402793699778627,0.07868540319241943,-0.12796474764834959,-0.11165281287423771,0.3333333333333333,0.5,-0.3153425338053668,False,False
Carson Benge,carson benge,NYM,1.125,80,,hits,NYM,NYM,2,top,Carson Benge,77,23,21,0.16860648118051172,0.05303071607403921,0.01317760370160348,0.34806857283220693,0.02574949337246082,0.2857142857142857,0.391304347826087,-0.03985311237243573,False,False
Francisco Lindor,francisco lindor,NYM,0.9054054054054054,74,,hits,NYM,NYM,3,top,Francisco Lindor,71,26,17,0.10261084521454657,0.14500120480381914,0.2617272884292521,-0.03335804349870634,0.028133521437248156,0.7058823529411765,0.6153846153846154,0.11672608362543294,False,False
A.j. Ewing,a.j. ewing,NYM,0.075,80,,home_runs,NYM,NYM,1,bottom,A.j. Ewing,77,25,21,0.010117563332467942,0.040885703468161345,-0.0033068075799226704,-0.005601524223407312,-0.023538881352245383,0.047619047619047616,0.12,-0.04419251104808401,False,False
Eric Wagaman,eric wagaman,NYM,0.08,25,,home_runs,NYM,NYM,2,bottom,Eric Wagaman,22,7,9,-0.08508102728969356,0.0265641921104106,-0.16168430335097,-0.1004288691645671,-0.2573916543454136,0.0,0.14285714285714285,-0.18824849546138062,False,False
Luis Torrens,luis torrens,NYM,0.10526315789473684,76,,home_runs,NYM,NYM,3,bottom,Luis Torrens,73,18,23,0.08949568657545424,0.028973297330876797,0.030120154596669235,0.16621569413528076,0.00355029713514244,0.043478260869565216,0.05555555555555555,0.0011468572657924378,False,False
Luis Robert Jr.,luis robert jr.,NYM,0.17307692307692307,52,,home_runs,NYM,NYM,1,top,Luis Robert Jr.,49,19,11,0.03213538789096254,0.09252522465235169,-0.07409983720765961,0.03325015513403888,-0.08528386463023098,0.09090909090909091,0.21052631578947367,-0.1666250618600113,False,False
Carson Benge,carson benge,NYM,0.1625,80,,home_runs,NYM,NYM,2,top,Carson Benge,77,23,21,0.02192807956957254,-0.12205515427266189,-0.004259637137629611,0.13894494106116762,0.0727583001609065,0.14285714285714285,0.043478260869565216,0.11779551713503228,False,True
Marcus Semien,marcus semien,NYM,0.1625,80,,home_runs,NYM,NYM,3,top,Marcus Semien,77,23,23,0.011708904223456981,0.042464138299577174,-0.11658389782928637,0.08407548691579028,-0.1390961676019251,0.043478260869565216,0.21739130434782608,-0.15904803612886353,False,False
Eric Wagaman,eric wagaman,NYM,0.2,25,,rbi,NYM,NYM,1,bottom,Eric Wagaman,22,7,9,-0.03147157838891093,0.08884266993510691,-0.11860670194003527,-0.04113551610691196,-0.07990090935927877,0.1111111111111111,0.14285714285714285,-0.20744937187514217,False,False
A.j. Ewing,a.j. ewing,NYM,0.3,80,,rbi,NYM,NYM,2,bottom,A.j. Ewing,77,25,21,-0.005790069689389539,-0.07033070816307471,0.16426909976061868,-0.06894254054771355,0.12763683800084882,0.2857142857142857,0.2,0.2345998079236934,False,False
Francisco Alvarez,francisco alvarez,NYM,0.3375,80,,rbi,NYM,NYM,3,bottom,Francisco Alvarez,77,25,23,0.003895925592273461,0.08815074921744487,-0.0063602049973360995,-0.0606033705135288,-0.025536505453403295,0.21739130434782608,0.36,-0.09451095421478097,False,False
Bo Bichette,bo bichette,NYM,0.4875,80,,rbi,NYM,NYM,1,top,Bo Bichette,77,26,21,0.06399304783356104,0.26286592814750287,-0.1550591900068157,0.04497311804974181,-0.1957105582065722,0.23809523809523808,0.38461538461538464,-0.41792511815431854,False,False
Carson Benge,carson benge,NYM,0.45,80,,rbi,NYM,NYM,2,top,Carson Benge,77,23,21,0.07640054094209318,-0.07303631660361123,0.159487789489105,0.1276797986410009,0.15649099455165622,0.38095238095238093,0.2608695652173913,0.23252410609271623,False,False
Luis Torrens,luis torrens,NYM,0.4342105263157895,76,,rbi,NYM,NYM,3,top,Luis Torrens,73,18,23,0.06574807994163266,-0.015543481146649302,-0.17793367480327846,0.2866208442766961,-0.10364414305776376,0.17391304347826086,0.2222222222222222,-0.16239019365662916,False,False
Eric Wagaman,eric wagaman,NYM,0.6,25,,total_bases,NYM,NYM,1,bottom,Eric Wagaman,22,7,9,-0.19376153799964363,0.37108521730370475,-0.5611111111111111,-0.3017250595196819,-0.3523797744810271,0.2222222222222222,0.5714285714285714,-0.9321963284148158,False,False
Luis Torrens,luis torrens,NYM,1.144736842105263,76,,total_bases,NYM,NYM,2,bottom,Luis Torrens,73,18,23,0.3302919036390825,0.07807992496571389,0.24307931762325993,0.534845187841725,0.02839351813015291,0.5217391304347826,0.4444444444444444,0.16499939265754604,False,False
Francisco Alvarez,francisco alvarez,NYM,1.2625,80,,total_bases,NYM,NYM,3,bottom,Francisco Alvarez,77,25,23,-0.02469077024333516,0.07471720985826212,0.199958435563926,-0.2885573645918502,0.04764049871846524,0.34782608695652173,0.4,0.12524122570566387,False,False
Carson Benge,carson benge,NYM,1.8125,80,,total_bases,NYM,NYM,1,top,Carson Benge,77,23,21,0.2671415039125224,-0.2913745039462229,-0.07670261946310522,0.8752201333561382,0.03213686155208032,0.38095238095238093,0.391304347826087,0.21467188448311766,False,True
Bo Bichette,bo bichette,NYM,1.7125,80,,total_bases,NYM,NYM,2,top,Bo Bichette,77,26,21,0.2313359593062538,0.6488685217882947,-0.020325609742518402,0.04563750348929232,-0.11200911828280924,0.38095238095238093,0.5384615384615384,-0.6691941315308131,False,False
Francisco Lindor,francisco lindor,NYM,1.6081081081081081,74,,total_bases,NYM,NYM,3,top,Francisco Lindor,71,26,17,0.2020575596092078,0.19667486077613283,0.3920986948624585,0.09167366212187514,0.013300634157907203,0.4117647058823529,0.2692307692307692,0.1954238340863257,False,False
Heliot Ramos,heliot ramos,NYY,0.4,10,,hits,NYY,NYY,1,bottom,Heliot Ramos,7,0,3,0.3611678004535147,,0.4492063492063492,0.2951388888888889,0.14559109469288134,0.6666666666666666,,,False,False
Austin Wells,austin wells,NYY,0.4875,80,,hits,NYY,NYY,2,bottom,Austin Wells,77,20,20,0.003796590919355883,0.05852112679742651,0.14403325443349976,-0.10158784118454389,0.05850183068168635,0.55,0.45,0.08551212763607324,False,False
Spencer Jones,spencer jones,NYY,0.6491228070175439,57,,hits,NYY,NYY,3,bottom,Spencer Jones,54,7,12,0.1234429672037895,0.1506089236549107,-0.11590861139041948,0.20007317428872262,-0.06778605056961094,0.25,0.42857142857142855,-0.26651753504533016,False,False
George Lombard Jr.,george lombard jr.,NYY,1.0,17,,hits,NYY,NYY,1,top,George Lombard Jr.,14,2,3,-0.0075185726971441135,-0.125,0.337995337995338,-0.09658289241622574,0.17252068304059756,0.6666666666666666,0.5,0.462995337995338,True,True
Cody Bellinger,cody bellinger,NYY,0.95,80,,hits,NYY,NYY,2,top,Cody Bellinger,77,21,19,-0.005078744674736238,0.11304723556430869,0.19971630196643533,-0.1772882438964174,0.06782781806718927,0.47368421052631576,0.5714285714285714,0.08666906640212664,False,False
Luis Garcia Jr.,luis garcia jr.,NYY,0.9,10,,hits,NYY,NYY,3,top,Luis Garcia Jr.,7,0,3,-0.11088435374149662,,0.45555555555555544,-0.5357142857142857,0.46017928655983387,0.6666666666666666,,,False,False
Heliot Ramos,heliot ramos,NYY,0.0,10,,home_runs,NYY,NYY,1,bottom,Heliot Ramos,7,0,3,0.0,,0.0,0.0,,0.0,,,False,False
Austin Wells,austin wells,NYY,0.0875,80,,home_runs,NYY,NYY,2,bottom,Austin Wells,77,20,20,-0.007349872495076453,0.04150263674951167,0.08802944877124827,-0.08531302412259692,0.05942466658347718,0.2,0.15,0.0465268120217366,False,False
Cody Bellinger,cody bellinger,NYY,0.1,80,,home_runs,NYY,NYY,3,bottom,Cody Bellinger,77,21,19,-0.018904961103721665,-0.10780388654065043,-0.0129226623616636,0.028479194519964845,0.14755426307575376,0.05263157894736842,0.0,0.09488122417898683,False,True
Ben Rice,ben rice,NYY,0.225,80,,home_runs,NYY,NYY,1,top,Ben Rice,77,16,18,0.033353080299253476,0.12691508782384048,0.11589989350188629,-0.03601516988774147,0.018143038201137884,0.3333333333333333,0.3125,-0.011015194321954191,False,False
Luis Garcia Jr.,luis garcia jr.,NYY,0.2,10,,home_runs,NYY,NYY,2,top,Luis Garcia Jr.,7,0,3,0.215702947845805,,0.3333333333333333,0.12748015873015872,0.21935661980414484,0.3333333333333333,,,False,False
Jazz Chisholm Jr.,jazz chisholm jr.,NYY,0.175,80,,home_runs,NYY,NYY,3,top,Jazz Chisholm Jr.,77,15,15,0.004510025500673992,0.021031989501816152,0.012236705728751058,-0.003228903508651276,-0.018426205880544937,0.2,0.13333333333333333,-0.008795283773065094,False,False
Heliot Ramos,heliot ramos,NYY,0.1,10,,rbi,NYY,NYY,1,bottom,Heliot Ramos,7,0,3,0.10912698412698411,,0.3333333333333333,-0.059027777777777776,0.5285685731915275,0.3333333333333333,,,False,False
Austin Wells,austin wells,NYY,0.225,80,,rbi,NYY,NYY,2,bottom,Austin Wells,77,20,20,-0.01097715252297523,-0.05114237317453381,0.10452895718660267,-0.051701957419201895,0.10432881174558846,0.25,0.2,0.15567133036113648,False,False
George Lombard Jr.,george lombard jr.,NYY,0.29411764705882354,17,,rbi,NYY,NYY,3,bottom,George Lombard Jr.,14,2,3,-0.03820871588728731,0.08333333333333337,0.36421911421911424,-0.19936067019400353,0.2582163031011615,0.3333333333333333,0.5,0.28088578088578087,False,False
Ben Rice,ben rice,NYY,0.6125,80,,rbi,NYY,NYY,1,top,Ben Rice,77,16,18,-0.04034640454914337,0.2068595308423592,0.23646916655396324,-0.2482062939937936,0.06289706914578132,0.5555555555555556,0.375,0.02960963571160405,False,False
Cody Bellinger,cody bellinger,NYY,0.525,80,,rbi,NYY,NYY,2,top,Cody Bellinger,77,21,19,-0.24654193208220773,-0.38821268846476265,-0.12472967835441988,-0.2286864438874596,0.14268371201199576,0.3684210526315789,0.23809523809523808,0.26348301011034275,False,True
Trent Grisham,trent grisham,NYY,0.5,80,,rbi,NYY,NYY,3,top,Trent Grisham,77,24,19,-0.07028361274494992,-0.3293900334048699,0.08204231102451577,0.02749172679088043,0.1378602162891719,0.2631578947368421,0.16666666666666666,0.41143234442938564,False,True
Heliot Ramos,heliot ramos,NYY,0.6,10,,total_bases,NYY,NYY,1,bottom,Heliot Ramos,7,0,3,0.5066326530612245,,0.6126984126984127,0.42708333333333337,0.10037506385611648,0.6666666666666666,,,False,False
Austin Wells,austin wells,NYY,0.825,80,,total_bases,NYY,NYY,2,bottom,Austin Wells,77,20,20,0.0384842583521468,0.26585361248811884,0.3884936876563343,-0.2736123813452367,0.03295060971116815,0.45,0.4,0.12264007516821546,False,False
José Caballero,jose caballero,NYY,1.075,80,,total_bases,NYY,NYY,3,bottom,José Caballero,77,21,19,-0.1491344997178096,0.055846317245134766,-0.388690938469469,-0.14245949485133147,-0.06809462594494838,0.21052631578947367,0.2857142857142857,-0.4445372557146038,False,False
Ben Rice,ben rice,NYY,1.75,80,,total_bases,NYY,NYY,1,top,Ben Rice,77,16,18,-0.19153752673028662,0.2649712112892852,0.5097947539249525,-0.6549821978955762,0.07359838334042142,0.4444444444444444,0.375,0.24482354263566736,False,False
Trent Grisham,trent grisham,NYY,1.6625,80,,total_bases,NYY,NYY,2,top,Trent Grisham,77,24,19,-0.03685522627495279,-0.5074086284294171,-0.04956561245219586,0.30240297928606963,0.03328406505195542,0.3157894736842105,0.3333333333333333,0.45784301597722127,False,True
Luis Garcia Jr.,luis garcia jr.,NYY,1.6,10,,total_bases,NYY,NYY,3,top,Luis Garcia Jr.,7,0,3,0.3463718820861678,,1.25,-0.3313492063492062,0.3350687985427807,0.3333333333333333,,,False,False
Bryan De La Cruz,bryan de la cruz,PHI,0.5,10,,hits,PHI,PHI,1,bottom,Bryan De La Cruz,7,0,4,0.5867346938775511,,0.8184523809523809,0.2777777777777778,0.5385229640231107,0.75,,,False,False
J.T. Realmuto,j.t. realmuto,PHI,0.75,20,,hits,PHI,PHI,2,bottom,J.T. Realmuto,17,0,9,0.21467469806342507,,0.42856753812636167,-0.025954747007378584,0.23237698256601258,0.6666666666666666,,,False,False
Justin Crawford,justin crawford,PHI,0.75,20,,hits,PHI,PHI,3,bottom,Justin Crawford,17,0,7,-0.03947356494251413,,-0.24406429238362007,0.10373994426626006,-0.30223445293135004,0.5714285714285714,,,False,False
Luis Arraez,luis arraez,PHI,1.263157894736842,19,,hits,PHI,PHI,1,top,Luis Arraez,17,0,7,0.17807649891742042,,-0.05888188608776842,0.34394736842105267,-0.1156195324754539,0.42857142857142855,,,False,False
Bryce Harper,bryce harper,PHI,1.0,20,,hits,PHI,PHI,2,top,Bryce Harper,17,0,7,0.29097962656740656,,0.09773075897025481,0.4262538338854129,-0.05651524011709772,0.5714285714285714,,,False,False
Bryson Stott,bryson stott,PHI,1.0,20,,hits,PHI,PHI,3,top,Bryson Stott,17,0,7,-0.35631930065321066,,-0.4381502601040417,-0.299037629037629,0.04759602402304993,0.2857142857142857,,,False,False
Bryan De La Cruz,bryan de la cruz,PHI,0.0,10,,home_runs,PHI,PHI,1,bottom,Bryan De La Cruz,7,0,4,0.0,,0.0,0.0,,0.0,,,False,False
Edmundo Sosa,edmundo sosa,PHI,0.0,10,,home_runs,PHI,PHI,2,bottom,Edmundo Sosa,7,0,4,0.0,,0.0,0.0,,0.0,,,False,False
Justin Crawford,justin crawford,PHI,0.0,20,,home_runs,PHI,PHI,3,bottom,Justin Crawford,17,0,7,0.0,,0.0,0.0,,0.0,,,False,False
Kyle Schwarber,kyle schwarber,PHI,0.3,20,,home_runs,PHI,PHI,1,top,Kyle Schwarber,17,0,7,0.14153877446538163,,0.06842737094837935,0.19271675692728324,0.11821436617702907,0.2857142857142857,,,False,False
Bryce Harper,bryce harper,PHI,0.15,20,,home_runs,PHI,PHI,2,top,Bryce Harper,17,0,7,-0.08354900679158556,,-0.07151193810857677,-0.09197495486969169,-0.017803936417138375,0.14285714285714285,,,False,False
Alec Bohm,alec bohm,PHI,0.1111111111111111,126,,home_runs,PHI,PHI,3,top,Alec Bohm,123,32,30,0.001471001627082268,0.006460669003550055,-0.054102988482174784,0.02618494174561903,-0.023359249529240768,0.06666666666666667,0.09375,-0.06056365748572484,False,False
Justin Crawford,justin crawford,PHI,0.25,20,,rbi,PHI,PHI,1,bottom,Justin Crawford,17,0,7,-0.08763178230943663,,-0.04173336001067091,-0.11976067791857266,0.024832472042632683,0.2857142857142857,,,False,False
Brandon Marsh,brandon marsh,PHI,0.3,20,,rbi,PHI,PHI,2,bottom,Brandon Marsh,17,0,8,-0.04897770156147502,,-0.07380514705882353,-0.026908861119387426,0.23050595966178475,0.25,,,False,False
Trea Turner,trea turner,PHI,0.3,20,,rbi,PHI,PHI,3,bottom,Trea Turner,17,0,8,0.010085212648498027,,-0.06946486928104573,0.0807963965858703,-0.10362400667116829,0.25,,,False,False
Edmundo Sosa,edmundo sosa,PHI,1.0,10,,rbi,PHI,PHI,1,top,Edmundo Sosa,7,0,4,0.9213718820861677,,1.470734126984127,0.18888888888888886,0.421859116234189,0.75,,,False,False
Kyle Schwarber,kyle schwarber,PHI,0.75,20,,rbi,PHI,PHI,2,top,Kyle Schwarber,17,0,7,0.29988339201824904,,0.2588952247565693,0.3285751091014249,0.09783444773396209,0.5714285714285714,,,False,False
Alec Bohm,alec bohm,PHI,0.6031746031746031,126,,rbi,PHI,PHI,3,top,Alec Bohm,123,32,30,0.04021153766651632,-0.07726687735449203,-0.2671136191575319,0.25298307841067563,-0.06207888256206772,0.26666666666666666,0.21875,-0.18984674180303987,False,False
Bryan De La Cruz,bryan de la cruz,PHI,0.6,10,,total_bases,PHI,PHI,1,bottom,Bryan De La Cruz,7,0,4,0.7295918367346939,,1.068452380952381,0.2777777777777778,0.46529896878098775,0.75,,,False,False
Justin Crawford,justin crawford,PHI,1.05,20,,total_bases,PHI,PHI,2,bottom,Justin Crawford,17,0,7,-0.025369821804897382,,-0.44896291850073367,0.2711453458821881,-0.2770808171667336,0.2857142857142857,,,False,False
Brandon Marsh,brandon marsh,PHI,1.1,20,,total_bases,PHI,PHI,3,bottom,Brandon Marsh,17,0,8,0.0174967947732472,,0.1841299019607843,-0.13062152272678584,0.27311272464580916,0.25,,,False,False
Kyle Schwarber,kyle schwarber,PHI,1.9,20,,total_bases,PHI,PHI,1,top,Kyle Schwarber,17,0,7,0.6262968624992846,,0.5495281445911698,0.6800349650349649,0.22030972378309494,0.5714285714285714,,,False,False
Luis Arraez,luis arraez,PHI,1.8421052631578947,19,,total_bases,PHI,PHI,2,top,Luis Arraez,17,0,7,-0.11158279462094797,,-0.36050253434707213,0.06266102318733899,-0.15829120001098465,0.42857142857142855,,,False,False
Bryce Harper,bryce harper,PHI,1.65,20,,total_bases,PHI,PHI,3,top,Bryce Harper,17,0,7,0.12630667178791388,,0.3499483126583967,-0.030242476821424134,0.13063613432599022,0.5714285714285714,,,False,False
Jacob Gonzalez,jacob gonzalez,PIT,0.3,10,,hits,PIT,PIT,1,bottom,Jacob Gonzalez,7,2,0,-0.2909863945578231,-0.4017857142857143,,-0.24666666666666667,0.031383118740712965,,0.0,,False,True
Henry Davis,henry davis,PIT,0.4523809523809524,84,,hits,PIT,PIT,2,bottom,Henry Davis,81,26,33,0.009750667958087897,-0.09316008695627441,0.048418942041688395,0.07337005809511539,0.1030013593962355,0.42424242424242425,0.2692307692307692,0.14157902899796282,False,False
Nick Yorke,nick yorke,PIT,0.5,10,,hits,PIT,PIT,3,bottom,Nick Yorke,7,2,1,0.43424036281179135,-0.02777777777777779,0.0,0.7738095238095238,0.15288638477395847,0.0,0.5,0.02777777777777779,False,False
Rafael Flores Jr.,rafael flores jr.,PIT,1.0,10,,hits,PIT,PIT,1,top,Rafael Flores Jr.,7,3,0,-0.8961451247165534,-1.2632275132275133,,-0.6208333333333333,0.3630264190290567,,0.0,,False,True
Jake Mangum,jake mangum,PIT,0.9541284403669725,109,,hits,PIT,PIT,2,top,Jake Mangum,106,33,40,0.13813579821685673,0.016225173326144895,0.2778309594506238,0.09071895494542671,0.10795480518343575,0.65,0.5757575757575758,0.26160578612447893,True,False
Brandon Lowe,brandon lowe,PIT,0.9,20,,hits,PIT,PIT,3,top,Brandon Lowe,17,4,0,0.056277155835524076,0.10580065359477125,,0.04103915652498648,-0.06641849572321169,,0.75,,False,False
Bryan Reynolds,bryan reynolds,PIT,0.0,20,,home_runs,PIT,PIT,1,bottom,Bryan Reynolds,17,4,0,0.0,0.0,,0.0,,,0.0,,False,False
Nick Gonzales,nick gonzales,PIT,0.0,20,,home_runs,PIT,PIT,2,bottom,Nick Gonzales,17,7,0,0.0,0.0,,0.0,,,0.0,,False,False
Nick Yorke,nick yorke,PIT,0.0,10,,home_runs,PIT,PIT,3,bottom,Nick Yorke,7,2,1,0.0,0.0,0.0,0.0,,0.0,0.0,0.0,False,False
Rafael Flores Jr.,rafael flores jr.,PIT,0.5,10,,home_runs,PIT,PIT,1,top,Rafael Flores Jr.,7,3,0,-0.3921201814058957,-0.6316137566137566,,-0.2125,0.15464201560123295,,0.0,,False,True
Oneil Cruz,oneil cruz,PIT,0.3,20,,home_runs,PIT,PIT,2,top,Oneil Cruz,17,8,3,-0.04135036158119383,-0.19834623097490744,-0.07314814814814814,0.1838763575605681,0.17976596604827427,0.3333333333333333,0.125,0.12519808282675932,False,True
Brandon Lowe,brandon lowe,PIT,0.2,20,,home_runs,PIT,PIT,3,top,Brandon Lowe,17,4,0,0.04370476722734963,0.13562091503267976,,0.015422875594940386,0.07789025818628263,,0.25,,False,False
Spencer Horwitz,spencer horwitz,PIT,0.1,10,,rbi,PIT,PIT,1,bottom,Spencer Horwitz,7,2,0,0.06490929705215419,-0.13392857142857142,,0.14444444444444443,0.1988898709382462,,0.0,,False,True
Bryan Reynolds,bryan reynolds,PIT,0.15,20,,rbi,PIT,PIT,2,bottom,Bryan Reynolds,17,4,0,0.10675086538544924,-0.1326593137254902,,0.1804155358811229,0.37346378540385045,,0.0,,False,True
Jacob Gonzalez,jacob gonzalez,PIT,0.2,10,,rbi,PIT,PIT,3,bottom,Jacob Gonzalez,7,2,0,-0.37970521541950114,-0.26785714285714285,,-0.42444444444444446,-0.4486202550251457,,0.0,,False,True
Rafael Flores Jr.,rafael flores jr.,PIT,1.1,10,,rbi,PIT,PIT,1,top,Rafael Flores Jr.,7,3,0,-1.2143990929705215,-0.9669312169312171,,-1.4,-0.32863386229643204,,0.0,,False,True
Oneil Cruz,oneil cruz,PIT,0.9,20,,rbi,PIT,PIT,2,top,Oneil Cruz,17,8,3,0.07445282868247721,-0.3432079562594268,-0.10740740740740747,0.7222639933166249,0.18356547964168943,0.3333333333333333,0.25,0.23580054885201934,False,True
Nick Yorke,nick yorke,PIT,0.6,10,,rbi,PIT,PIT,3,top,Nick Yorke,7,2,1,0.46088435374149656,-0.7083333333333333,0.0,1.1607142857142856,0.30951972499672625,0.0,0.0,0.7083333333333333,False,True
Spencer Horwitz,spencer horwitz,PIT,0.5,10,,total_bases,PIT,PIT,1,bottom,Spencer Horwitz,7,2,0,0.3359977324263039,0.09821428571428573,,0.4311111111111111,-0.07486858355792618,,0.5,,False,False
Nick Yorke,nick yorke,PIT,0.6,10,,total_bases,PIT,PIT,2,bottom,Nick Yorke,7,2,1,0.5229591836734694,-0.14583333333333331,0.0,0.988095238095238,0.1536069015395618,0.0,0.5,0.14583333333333331,False,False
Jacob Gonzalez,jacob gonzalez,PIT,0.7,10,,total_bases,PIT,PIT,3,bottom,Jacob Gonzalez,7,2,0,-1.0503968253968254,-0.9375,,-1.0955555555555556,-0.20524688718588285,,0.0,,False,True
Rafael Flores Jr.,rafael flores jr.,PIT,2.6,10,,total_bases,PIT,PIT,1,top,Rafael Flores Jr.,7,3,0,-2.0075963718820864,-3.284391534391535,,-1.05,0.258139364497106,,0.0,,False,True
Oneil Cruz,oneil cruz,PIT,1.9,20,,total_bases,PIT,PIT,2,top,Oneil Cruz,17,8,3,-0.4770331216265471,-1.360967208853238,0.6768518518518518,0.12460317460317467,0.34911469266222467,0.3333333333333333,0.25,2.0378190607050897,False,True
Brandon Lowe,brandon lowe,PIT,1.55,20,,total_bases,PIT,PIT,3,top,Brandon Lowe,17,4,0,0.23985103784093045,0.7487745098039216,,0.08325920031385627,-0.03295003279474815,,0.5,,False,False
Gavin Sheets,gavin sheets,SD,0.35,20,,hits,SD,SD,1,bottom,Gavin Sheets,17,4,5,0.13903535354546098,-0.31862041467304625,0.19809523809523816,0.3309508098111039,0.16185734497712373,0.4,0.0,0.5167156527682844,False,True
Freddy Fermin,freddy fermin,SD,0.49382716049382713,81,,hits,SD,SD,2,bottom,Freddy Fermin,78,21,22,0.1318416079934661,0.19599239704108135,0.14347193706934014,0.08604064200291893,-0.056367365498478955,0.3181818181818182,0.47619047619047616,-0.05252045997174121,False,False
Xander Bogaerts,xander bogaerts,SD,0.6,20,,hits,SD,SD,3,bottom,Xander Bogaerts,17,3,5,-0.18084207623453666,0.02558479532163745,-0.45952380952380956,-0.0948278482592208,-0.2747041893001887,0.2,0.6666666666666666,-0.485108604845447,False,False
Fernando Tatis Jr.,fernando tatis jr.,SD,1.2,20,,hits,SD,SD,1,top,Fernando Tatis Jr.,17,4,4,0.33611213524935973,-0.8515037593984962,0.6458333333333334,0.7262875559444187,0.540877568337711,0.75,0.0,1.4973370927318297,True,True
Jake Cronenworth,jake cronenworth,SD,1.05,20,,hits,SD,SD,2,top,Jake Cronenworth,17,4,4,0.08233509089910476,0.3447420634920635,-0.25,0.1134142545907252,-0.3243241809378223,0.0,1.0,-0.5947420634920635,False,False
Luis Rengifo,luis rengifo,SD,1.0,20,,hits,SD,SD,3,top,Luis Rengifo,17,4,5,-0.01172848555155969,-0.2353801169590643,0.03857142857142852,0.06865988382532501,0.0143483005698033,0.4,0.25,0.27395154553049283,False,True
Freddy Fermin,freddy fermin,SD,0.04938271604938271,81,,home_runs,SD,SD,1,bottom,Freddy Fermin,78,21,22,0.028099235605324565,-0.0308257680502539,0.02737592813227705,0.06390888821030151,0.007198537189281237,0.045454545454545456,0.0,0.05820169618253095,False,False
Jake Cronenworth,jake cronenworth,SD,0.05,20,,home_runs,SD,SD,2,bottom,Jake Cronenworth,17,4,4,0.03267476594511744,-0.013157894736842105,0.0,0.06756695555715164,-0.06287807496720968,0.0,0.0,0.013157894736842105,False,False
Manny Machado,manny machado,SD,0.05,20,,home_runs,SD,SD,3,bottom,Manny Machado,17,4,4,0.041401333495214396,-0.013157894736842105,0.0,0.08405047204066812,-0.14533083596321772,0.0,0.0,0.013157894736842105,False,False
Fernando Tatis Jr.,fernando tatis jr.,SD,0.45,20,,home_runs,SD,SD,1,top,Fernando Tatis Jr.,17,4,4,0.07316721325781608,-0.18042502088554718,0.17083333333333334,0.14246770839908096,0.1814800986296669,0.5,0.25,0.3512583542188805,False,True
Jackson Merrill,jackson merrill,SD,0.25,20,,home_runs,SD,SD,2,top,Jackson Merrill,17,4,4,0.08953839948877283,-0.06430137844611528,0.45833333333333337,-0.0059972253599704685,0.578433355559892,0.5,0.25,0.5226347117794486,False,True
Gavin Sheets,gavin sheets,SD,0.1,20,,home_runs,SD,SD,3,top,Gavin Sheets,17,4,5,0.05140824441953562,-0.10182083997873471,0.2,0.03515293938088057,0.32485747765381356,0.2,0.0,0.3018208399787347,False,True
Freddy Fermin,freddy fermin,SD,0.19753086419753085,81,,rbi,SD,SD,1,bottom,Freddy Fermin,78,21,22,0.06395123475366685,-0.16199704134120382,0.13492436903119168,0.1549085160075737,0.09557059415114351,0.22727272727272727,0.0,0.2969214103723955,False,True
Gavin Sheets,gavin sheets,SD,0.2,20,,rbi,SD,SD,2,bottom,Gavin Sheets,17,4,5,-0.020047656819192045,-0.20364167995746943,0.023095238095238092,0.0447850454284278,0.10852483859302164,0.2,0.0,0.22673691805270751,False,True
Jake Cronenworth,jake cronenworth,SD,0.35,20,,rbi,SD,SD,3,bottom,Jake Cronenworth,17,4,4,0.1025119516150294,0.5485327903091061,-0.2375,0.05539689069100836,-0.27737905119703904,0.0,0.75,-0.786032790309106,False,False
Fernando Tatis Jr.,fernando tatis jr.,SD,0.9,20,,rbi,SD,SD,1,top,Fernando Tatis Jr.,17,4,4,0.39850637989865817,-0.4883302005012531,0.6708333333333333,0.6716217696609853,0.3511434600484327,0.5,0.25,1.1591635338345863,False,True
Jackson Merrill,jackson merrill,SD,0.7,20,,rbi,SD,SD,2,top,Jackson Merrill,17,4,4,-0.15460406239180596,0.006761695906432746,0.4458333333333333,-0.49318324195775176,0.44926383493642763,0.75,0.25,0.4390716374269006,True,False
Luis Campusano,luis campusano,SD,0.7,10,,rbi,SD,SD,3,top,Luis Campusano,7,1,0,-0.7575396825396826,-0.7777777777777778,,-0.7541666666666665,-0.008079550399383522,,0.0,,False,False
Gavin Sheets,gavin sheets,SD,0.65,20,,total_bases,SD,SD,1,bottom,Gavin Sheets,17,4,5,0.29326008680406784,-0.6240829346092504,0.7980952380952381,0.4364096279537456,0.3119110106701986,0.4,0.0,1.4221781727044884,False,True
Freddy Fermin,freddy fermin,SD,0.7777777777777778,81,,total_bases,SD,SD,2,bottom,Freddy Fermin,78,21,22,0.23753400715150078,0.2191907166200068,0.15415900944548266,0.3009471228856087,-0.06841238048494513,0.3181818181818182,0.47619047619047616,-0.06503170717452414,False,False
Xander Bogaerts,xander bogaerts,SD,1.05,20,,total_bases,SD,SD,3,bottom,Xander Bogaerts,17,3,5,-0.08334268323796641,0.7889863547758283,-0.6780952380952382,-0.04370094321074716,-0.31963917677056236,0.2,0.6666666666666666,-1.4670815928710665,False,False
Fernando Tatis Jr.,fernando tatis jr.,SD,2.8,20,,total_bases,SD,SD,1,top,Fernando Tatis Jr.,17,4,4,0.48170748290944987,-1.742794486215539,1.2666666666666666,1.1215042764062373,0.3766056071796374,0.5,0.25,3.0094611528822055,False,True
Jackson Merrill,jackson merrill,SD,1.9,20,,total_bases,SD,SD,2,top,Jackson Merrill,17,4,4,-0.10997830024646628,-0.2748015873015873,1.8,-0.885602750553731,0.6169889166230426,1.0,0.5,2.0748015873015873,True,True
Jake Cronenworth,jake cronenworth,SD,1.4,20,,total_bases,SD,SD,3,top,Jake Cronenworth,17,4,4,0.2532615589048843,0.38011695906432746,-0.15416666666666667,0.3779605924213767,-0.1793311955929254,0.25,0.5,-0.5342836257309942,False,False
Patrick Wisdom,patrick wisdom,SEA,0.3,10,,hits,SEA,SEA,1,bottom,Patrick Wisdom,7,1,5,-0.12431972789115645,-0.3333333333333333,-0.24071428571428574,0.6666666666666667,-0.2966638646236862,0.2,0.0,0.09261904761904757,False,False
Weston Wilson,weston wilson,SEA,0.4,20,,hits,SEA,SEA,2,bottom,Weston Wilson,17,11,3,0.06810636069650823,0.22341125155296282,-0.3876036244457297,-0.045634920634920605,-0.3829024855277797,0.0,0.45454545454545453,-0.6110148759986925,False,False
Taylor Ward,taylor ward,SEA,0.46153846153846156,13,,hits,SEA,SEA,3,bottom,Taylor Ward,13,9,1,-0.43161676436209445,-0.4474165273408861,-0.8699186991869918,-0.23811683048408713,-0.21380700180552323,0.0,0.4444444444444444,-0.4225021718461057,False,True
Josh Naylor,josh naylor,SEA,1.2,20,,hits,SEA,SEA,1,top,Josh Naylor,17,11,4,0.2819892647064383,0.23931036283977464,0.9778508771929825,-0.875,0.23950083442871647,0.75,0.5454545454545454,0.7385405143532078,True,False
Dominic Canzone,dominic canzone,SEA,1.0,20,,hits,SEA,SEA,2,top,Dominic Canzone,17,12,4,0.1738564299982985,-0.055723592855945824,0.8227272727272728,0.33333333333333337,0.3908053307062172,0.75,0.3333333333333333,0.8784508655832186,True,False
Julio Rodríguez,julio rodriguez,SEA,0.95,20,,hits,SEA,SEA,3,top,Julio Rodríguez,17,12,4,-0.36532493134660315,-0.6076287138787139,0.43692185007974477,-0.6666666666666667,0.5440969666086701,0.5,0.08333333333333333,1.0445505639584587,False,True
Taylor Ward,taylor ward,SEA,0.0,13,,home_runs,SEA,SEA,1,bottom,Taylor Ward,13,9,1,-0.05989036013241244,-0.05935046076641559,-0.056910569105691054,-0.06250332190597678,0.18406532753399624,0.0,0.0,0.002439891660724537,False,True
Victor Robles,victor robles,SEA,0.0,10,,home_runs,SEA,SEA,2,bottom,Victor Robles,7,5,2,0.0,0.0,0.0,,,0.0,0.0,0.0,False,False
Dominic Canzone,dominic canzone,SEA,0.05,20,,home_runs,SEA,SEA,3,bottom,Dominic Canzone,17,12,4,0.010006910924321231,0.041415957408604466,-0.08171850079744816,0.0,-0.3048355481368121,0.0,0.08333333333333333,-0.12313445820605262,False,False
Cal Raleigh,cal raleigh,SEA,0.3,20,,home_runs,SEA,SEA,1,top,Cal Raleigh,17,12,4,0.13768945294168386,-0.07448406713112594,0.8919657097288676,-0.3333333333333333,0.49542421585050606,0.5,0.08333333333333333,0.9664497768599936,False,True
Randy Arozarena,randy arozarena,SEA,0.3,20,,home_runs,SEA,SEA,2,top,Randy Arozarena,17,12,4,0.20598236144357066,0.28049787222581335,0.03393141945773526,0.0,-0.1696912371816366,0.25,0.3333333333333333,-0.2465664527680781,False,False
Julio Rodríguez,julio rodriguez,SEA,0.2,20,,home_runs,SEA,SEA,3,top,Julio Rodríguez,17,12,4,-0.07894285266120998,-0.0856727626948215,0.0048444976076554985,-0.3333333333333333,0.005749103682982721,0.25,0.16666666666666666,0.090517260302477,False,True
Weston Wilson,weston wilson,SEA,0.1,20,,rbi,SEA,SEA,1,bottom,Weston Wilson,17,11,3,-0.08778050800451093,-0.06466672068276345,-0.13398881819934452,-0.1263227513227513,-0.18632052231229737,0.0,0.09090909090909091,-0.06932209751658107,False,False
Taylor Ward,taylor ward,SEA,0.15384615384615385,13,,rbi,SEA,SEA,2,bottom,Taylor Ward,13,9,1,-0.10789214103536704,-0.03764678811584722,-0.2601626016260163,-0.2678713795970433,-0.05728678584897952,0.0,0.1111111111111111,-0.22251581351016908,False,False
Patrick Wisdom,patrick wisdom,SEA,0.2,10,,rbi,SEA,SEA,3,bottom,Patrick Wisdom,7,1,5,-0.37970521541950114,-0.2222222222222222,-0.35380952380952374,-0.6666666666666666,0.15514931438116827,0.0,0.0,-0.13158730158730153,False,False
Cal Raleigh,cal raleigh,SEA,0.6,20,,rbi,SEA,SEA,1,top,Cal Raleigh,17,12,4,-0.06685409407363514,-0.27376366144748493,0.8704944178628389,-1.3333333333333333,0.38820157821013784,0.5,0.08333333333333333,1.1442580793103239,False,True
Julio Rodríguez,julio rodriguez,SEA,0.45,20,,rbi,SEA,SEA,2,top,Julio Rodríguez,17,12,4,-0.16080500824172292,-0.25389029543441305,0.32824960127591707,-1.0,0.23725148731662554,0.25,0.25,0.5821398967103302,False,True
Randy Arozarena,randy arozarena,SEA,0.45,20,,rbi,SEA,SEA,3,top,Randy Arozarena,17,12,4,0.31744822540215,0.4744192762575116,-0.07410287081339711,0.0,-0.25671731871397935,0.25,0.4166666666666667,-0.5485221470709087,False,False
Patrick Wisdom,patrick wisdom,SEA,0.6,10,,total_bases,SEA,SEA,1,bottom,Patrick Wisdom,7,1,5,-0.6938775510204082,-0.6666666666666666,-0.7714285714285715,-0.33333333333333326,-0.282577279824756,0.0,0.0,-0.10476190476190483,False,False
Taylor Ward,taylor ward,SEA,0.6153846153846154,13,,total_bases,SEA,SEA,2,bottom,Taylor Ward,13,9,1,-0.6375338586415628,-0.583978313268692,-1.2195121951219512,-0.6042077159333796,-0.24406300232087558,0.0,0.1111111111111111,-0.6355338818532592,False,True
Weston Wilson,weston wilson,SEA,0.65,20,,total_bases,SEA,SEA,3,bottom,Weston Wilson,17,11,3,0.20303692568990328,0.5442614649165451,-0.6731251204935416,-0.17195767195767195,-0.44605909205388344,0.0,0.45454545454545453,-1.2173865854100867,False,False
Randy Arozarena,randy arozarena,SEA,1.95,20,,total_bases,SEA,SEA,1,top,Randy Arozarena,17,12,4,0.4716574864157271,0.5311532625870862,0.5777511961722488,-0.6666666666666667,0.02372043692853378,0.5,0.3333333333333333,0.04659793358516262,False,False
Josh Naylor,josh naylor,SEA,1.65,20,,total_bases,SEA,SEA,2,top,Josh Naylor,17,11,4,0.1437134611579158,0.24608406299582777,0.5173843700159491,-1.1666666666666665,0.012663937500434203,0.75,0.2727272727272727,0.2713003070201213,False,False
Julio Rodríguez,julio rodriguez,SEA,1.65,20,,total_bases,SEA,SEA,3,top,Julio Rodríguez,17,12,4,-0.5470535118071996,-0.9299632352941175,0.881578947368421,-1.6666666666666665,0.3501737653712713,0.25,0.16666666666666666,1.8115421826625386,False,True
Grant Mccray,grant mccray,SF,0.1,10,,hits,SF,SF,1,bottom,Grant Mccray,7,1,3,0.14285714285714285,0.0,0.3333333333333333,0.0,0.30513164421937183,0.3333333333333333,0.0,0.3333333333333333,False,False
Buddy Kennedy,buddy kennedy,SF,0.4,10,,hits,SF,SF,2,bottom,Buddy Kennedy,7,0,1,0.4056122448979592,,0.0,0.47321428571428575,-0.2031904050515823,0.0,,,False,False
Patrick Bailey,patrick bailey,SF,0.4,30,,hits,SF,SF,3,bottom,Patrick Bailey,27,6,11,0.04498324081227033,-0.11734140920860253,0.11244090231244383,0.06817460317460318,0.16446350095380907,0.5454545454545454,0.3333333333333333,0.22978231152104636,False,True
Willy Adames,willy adames,SF,1.2,10,,hits,SF,SF,1,top,Willy Adames,7,0,2,0.3381519274376417,,0.6666666666666667,0.20674603174603176,0.12270268154184184,0.5,,,False,False
Bryce Eldridge,bryce eldridge,SF,1.0,10,,hits,SF,SF,2,top,Bryce Eldridge,7,0,0,0.30413832199546487,,,0.30413832199546487,0.12704033124365155,,,,False,False
Jung Hoo Lee,jung hoo lee,SF,0.95,20,,hits,SF,SF,3,top,Jung Hoo Lee,17,2,4,-0.44565519190132197,-0.875,-0.34864766081871346,-0.4028679653679653,0.20832045194999635,0.5,0.0,0.5263523391812865,False,True
Buddy Kennedy,buddy kennedy,SF,0.0,10,,home_runs,SF,SF,1,bottom,Buddy Kennedy,7,0,1,0.0,,0.0,0.0,,0.0,,,False,False
Christian Koss,christian koss,SF,0.0,20,,home_runs,SF,SF,2,bottom,Christian Koss,17,1,4,0.0,0.0,0.0,0.0,,0.0,0.0,0.0,False,False
Drew Cavanaugh,drew cavanaugh,SF,0.0,35,,home_runs,SF,SF,3,bottom,Drew Cavanaugh,32,3,9,0.0,0.0,0.0,0.0,,0.0,0.0,0.0,False,False
Rafael Devers,rafael devers,SF,0.25,20,,home_runs,SF,SF,1,top,Rafael Devers,17,1,4,-0.007275624929513104,-0.3333333333333333,0.007884294068504605,0.014842544438132673,0.08288258382570932,0.25,0.0,0.3412176274018379,False,False
Bryce Eldridge,bryce eldridge,SF,0.2,10,,home_runs,SF,SF,2,top,Bryce Eldridge,7,0,0,-0.15351473922902495,,,-0.15351473922902495,-0.33506868671329443,,,,False,False
Willy Adames,willy adames,SF,0.2,10,,home_runs,SF,SF,3,top,Willy Adames,7,0,2,0.215702947845805,,0.0,0.30198412698412697,-0.3414387919166572,0.0,,,False,False
Grant Mccray,grant mccray,SF,0.0,10,,rbi,SF,SF,1,bottom,Grant Mccray,7,1,3,0.0,0.0,0.0,0.0,,0.0,0.0,0.0,False,False
Christian Koss,christian koss,SF,0.05,20,,rbi,SF,SF,2,bottom,Christian Koss,17,1,4,0.010006910924321233,0.0,0.20906432748538012,-0.055511652019004966,0.3578998403237182,0.25,0.0,0.20906432748538012,False,False
Buddy Kennedy,buddy kennedy,SF,0.1,10,,rbi,SF,SF,3,bottom,Buddy Kennedy,7,0,1,0.08871882086167801,,0.0,0.103505291005291,0.23128464466704846,0.0,,,False,False
Bryce Eldridge,bryce eldridge,SF,0.6,10,,rbi,SF,SF,1,top,Bryce Eldridge,7,0,0,-0.0907596371882086,,,-0.0907596371882086,0.5002702883871682,,,,False,False
Rafael Devers,rafael devers,SF,0.6,20,,rbi,SF,SF,2,top,Rafael Devers,17,1,4,0.19860096347530323,-0.3333333333333333,0.34735275689223055,0.19334489040371394,0.19975462585144266,0.25,0.0,0.6806860902255638,False,False
Drew Gilbert,drew gilbert,SF,0.5,20,,rbi,SF,SF,3,top,Drew Gilbert,17,2,4,0.25320257708256255,0.0,0.40383771929824563,0.2444629939282345,0.29729460558508786,0.5,0.0,0.40383771929824563,False,False
Grant Mccray,grant mccray,SF,0.3,10,,total_bases,SF,SF,1,bottom,Grant Mccray,7,1,3,0.42857142857142855,0.0,1.0,0.0,0.30513164421937194,0.3333333333333333,0.0,1.0,False,False
Buddy Kennedy,buddy kennedy,SF,0.4,10,,total_bases,SF,SF,2,bottom,Buddy Kennedy,7,0,1,0.4056122448979592,,0.0,0.47321428571428575,-0.2031904050515823,0.0,,,False,False
Patrick Bailey,patrick bailey,SF,0.5,30,,total_bases,SF,SF,3,bottom,Patrick Bailey,27,6,11,0.10425593865774317,0.29987065277659913,0.07682286422404999,0.017063492063492038,-0.07200683582412994,0.5454545454545454,0.3333333333333333,-0.22304778855254914,False,False
Willy Adames,willy adames,SF,1.9,10,,total_bases,SF,SF,1,top,Willy Adames,7,0,2,0.9858843537414964,,1.0416666666666667,0.9635714285714286,-0.05991486304243434,0.5,,,False,False
Rafael Devers,rafael devers,SF,1.7,20,,total_bases,SF,SF,2,top,Rafael Devers,17,1,4,0.22804557817988894,0.6666666666666667,-0.2684837092731829,0.3570035832903479,-0.059115623352100605,0.25,1.0,-0.9351503759398496,False,False
Bryce Eldridge,bryce eldridge,SF,1.6,10,,total_bases,SF,SF,3,top,Bryce Eldridge,7,0,0,-0.15640589569160998,,,-0.15640589569160998,-0.1736549410831832,,,,False,False
Nolan Gorman,nolan gorman,STL,0.35,20,,hits,STL,STL,1,bottom,Nolan Gorman,17,11,4,-0.43943021683187405,-0.47549142776415504,-0.3706495098039216,-0.3786549707602339,0.07640733573861179,0.25,0.18181818181818182,0.10484191796023345,False,True
Jimmy Crooks,jimmy crooks,STL,0.4583333333333333,48,,hits,STL,STL,2,bottom,Jimmy Crooks,45,12,19,-0.06496028803369067,0.15630392467492008,-0.18345027229708435,-0.0938074917121799,-0.24365095121773941,0.3157894736842105,0.4166666666666667,-0.33975419697200443,False,False
Bryan Torres,bryan torres,STL,0.5,56,,hits,STL,STL,3,bottom,Bryan Torres,53,23,18,-0.11414453734308382,-0.09054059535903573,0.020884811957322044,-0.36192945009645155,0.05687619376825279,0.5,0.34782608695652173,0.11142540731635778,False,False
Jordan Walker,jordan walker,STL,1.125,80,,hits,STL,STL,1,top,Jordan Walker,77,30,27,-0.02879401215888537,-0.11319861324638486,0.08957001853167128,-0.06197855195988772,0.0688909046520785,0.3333333333333333,0.26666666666666666,0.20276863177805615,False,True
Alec Burleson,alec burleson,STL,1.1,80,,hits,STL,STL,2,top,Alec Burleson,77,29,27,0.07407832689878696,0.02028288288422246,0.36718285041782145,-0.2284813997008112,0.17400056784840842,0.4444444444444444,0.4482758620689655,0.346899967533599,False,False
JJ Wetherholt,jj wetherholt,STL,0.975,80,,hits,STL,STL,3,top,JJ Wetherholt,77,31,26,-0.11454989524207192,-0.14566642602017127,-0.2616555783311017,0.12491811547972083,0.014594413630844688,0.38461538461538464,0.3548387096774194,-0.11598915231093043,False,True
Blaze Jordan,blaze jordan,STL,0.03636363636363636,55,,home_runs,STL,STL,1,bottom,Blaze Jordan,52,19,21,-0.04338293599879263,0.009665722224214548,-0.04564015564604632,-0.1234265104691934,-0.12144016242941823,0.0,0.05263157894736842,-0.05530587787026087,False,False
Nathan Church,nathan church,STL,0.05,80,,home_runs,STL,STL,2,bottom,Nathan Church,77,24,27,0.014527274693689942,0.11102741099437112,-0.044771910916596505,-0.012969850680872126,-0.32248761975663265,0.0,0.16666666666666666,-0.15579932191096763,False,False
Jose Fermin,jose fermin,STL,0.06666666666666667,60,,home_runs,STL,STL,3,bottom,Jose Fermin,57,21,22,0.01647573357725633,0.030708447187005668,0.0362900186429671,-0.03601007051205602,0.04525400480991993,0.09090909090909091,0.09523809523809523,0.005581571455961436,False,False
Joshua Baez,joshua baez,STL,0.4,10,,home_runs,STL,STL,1,top,Joshua Baez,7,0,7,-0.4604308390022676,,-0.4604308390022676,,0.6367624739977875,0.14285714285714285,,,False,False
Alec Burleson,alec burleson,STL,0.175,80,,home_runs,STL,STL,2,top,Alec Burleson,77,29,27,0.0005902899302451341,0.08956231010953401,-0.1360961213370177,0.053463838454850775,-0.22698910666893515,0.037037037037037035,0.1724137931034483,-0.22565843144655173,False,False
Jordan Walker,jordan walker,STL,0.175,80,,home_runs,STL,STL,3,top,Jordan Walker,77,30,27,-0.04248242271150561,-0.05429696629356907,-0.025544181299132343,-0.04762723324511436,0.05832062183598557,0.14814814814814814,0.16666666666666666,0.028752784994436724,False,True
Nolan Gorman,nolan gorman,STL,0.15,20,,rbi,STL,STL,1,bottom,Nolan Gorman,17,11,4,-0.19950921440404232,-0.17907193816284722,-0.2743259803921569,-0.16228070175438597,-0.16598069922496267,0.0,0.09090909090909091,-0.09525404222930967,False,True
Jimmy Crooks,jimmy crooks,STL,0.25,48,,rbi,STL,STL,2,bottom,Jimmy Crooks,45,12,19,-0.11282037397033944,-0.06529125901623041,-0.16894009107415642,-0.0773971421472527,-0.14434548292721153,0.15789473684210525,0.16666666666666666,-0.10364883205792601,False,False
JJ Wetherholt,jj wetherholt,STL,0.3,80,,rbi,STL,STL,3,bottom,JJ Wetherholt,77,31,26,0.018938435027540453,-0.06745276814181057,-0.07081600193963657,0.2695255679973646,0.04404299858559447,0.23076923076923078,0.16129032258064516,-0.003363233797825993,False,False
Joshua Baez,joshua baez,STL,0.9,10,,rbi,STL,STL,1,top,Joshua Baez,7,0,7,-0.605952380952381,,-0.605952380952381,,0.2372340243193303,0.14285714285714285,,,False,False
Alec Burleson,alec burleson,STL,0.7625,80,,rbi,STL,STL,2,top,Alec Burleson,77,29,27,0.05382558237557741,0.3325284221985962,-0.049582188005412905,-0.19809692022350833,-0.1112737743326241,0.4444444444444444,0.41379310344827586,-0.3821106102040091,False,False
Jordan Walker,jordan walker,STL,0.7625,80,,rbi,STL,STL,3,top,Jordan Walker,77,30,27,-0.16696381035751243,-0.15971590319098575,-0.23676232493581986,-0.08360767642658742,-0.020830845033150643,0.37037037037037035,0.3333333333333333,-0.07704642174483411,False,True
Nolan Gorman,nolan gorman,STL,0.65,20,,total_bases,STL,STL,1,bottom,Nolan Gorman,17,11,4,-0.676592038195116,-0.6168266077356986,-0.8276348039215686,-0.7032163742690059,-0.11075590407198706,0.0,0.18181818181818182,-0.21080819618587,False,True
Bryan Torres,bryan torres,STL,0.8035714285714286,56,,total_bases,STL,STL,2,bottom,Bryan Torres,53,23,18,-0.3594768540732428,-0.31265859226963405,-0.25741995497736936,-0.6022972045073032,-0.019583055463521234,0.5,0.34782608695652173,0.05523863729226469,False,True
Jimmy Crooks,jimmy crooks,STL,0.8125,48,,total_bases,STL,STL,3,bottom,Jimmy Crooks,45,12,19,-0.06639141543116273,0.5175242781006512,-0.3323103599968107,-0.2060005851193379,-0.3419992069238526,0.3157894736842105,0.4166666666666667,-0.8498346380974618,False,False
Alec Burleson,alec burleson,STL,1.9,80,,total_bases,STL,STL,1,top,Alec Burleson,77,29,27,0.10297831537049265,0.30228541793070624,0.01682421438491683,-0.06148574404072852,-0.07028223037250488,0.48148148148148145,0.5517241379310345,-0.2854612035457894,False,False
Jordan Walker,jordan walker,STL,1.875,80,,total_bases,STL,STL,2,top,Jordan Walker,77,30,27,-0.1561553510554351,-0.30944010308241654,0.1669272760659544,-0.36238976962883857,0.11618259360324816,0.5185185185185185,0.36666666666666664,0.4763673791483709,False,True
Joshua Baez,joshua baez,STL,1.7,10,,total_bases,STL,STL,3,top,Joshua Baez,7,0,7,-1.7768140589569161,,-1.7768140589569161,,0.5603863299740953,0.14285714285714285,,,False,False
Cedric Mullins,cedric mullins,TB,0.5,10,,hits,TB,TB,1,bottom,Cedric Mullins,7,0,3,-0.4598072562358277,,-0.2876984126984127,-0.5888888888888889,0.31624962579608007,0.3333333333333333,,,False,False
Hunter Feduccia,hunter feduccia,TB,0.55,60,,hits,TB,TB,2,bottom,Hunter Feduccia,57,9,16,0.061398421506397044,-0.04523000789529178,0.0526486172381537,0.09576256940974372,0.05928547959475748,0.375,0.4444444444444444,0.09787862513344547,False,False
Ryan Vilade,ryan vilade,TB,0.68,75,,hits,TB,TB,3,bottom,Ryan Vilade,72,13,19,0.08614726428816039,-0.06405345671965533,0.0810822915388848,0.13736836067160643,0.03812327169063636,0.42105263157894735,0.38461538461538464,0.14513574825854014,False,False
Chandler Simpson,chandler simpson,TB,1.7,20,,hits,TB,TB,1,top,Chandler Simpson,17,0,9,-0.2726949308810537,,-0.31647851059615767,-0.22343840370156168,-0.1859707344973688,0.3333333333333333,,,False,False
Yandy Díaz,yandy diaz,TB,1.35,20,,hits,TB,TB,2,top,Yandy Díaz,17,0,10,0.28272812271400877,,0.1954652618623207,0.4073893525021345,-0.15094720262884434,0.5,,,False,False
Jonathan Aranda,jonathan aranda,TB,1.15,20,,hits,TB,TB,3,top,Jonathan Aranda,17,0,10,-0.5049009871833583,,-0.44019788218317635,-0.5973339943264755,0.0940825579199687,0.3,,,False,False
Cedric Mullins,cedric mullins,TB,0.0,10,,home_runs,TB,TB,1,bottom,Cedric Mullins,7,0,3,0.0,,0.0,0.0,,0.0,,,False,False
Chandler Simpson,chandler simpson,TB,0.0,20,,home_runs,TB,TB,2,bottom,Chandler Simpson,17,0,9,0.0,,0.0,0.0,,0.0,,,False,False
Hunter Feduccia,hunter feduccia,TB,0.03333333333333333,60,,home_runs,TB,TB,3,bottom,Hunter Feduccia,57,9,16,0.018320256123006404,0.09818950770467494,0.041917044475684784,-0.015941365060677056,-0.04392582445226148,0.0625,0.1111111111111111,-0.056272463228990155,False,False
Junior Caminero,junior caminero,TB,0.25,20,,home_runs,TB,TB,1,top,Junior Caminero,17,0,10,-0.36446124369772154,,-0.25075916730328496,-0.5268927814040596,0.36999146034655866,0.2,,,False,False
Yandy Díaz,yandy diaz,TB,0.2,20,,home_runs,TB,TB,2,top,Yandy Díaz,17,0,10,0.07098067759149529,,0.11289194465665056,0.01110743892698779,0.0589447419381666,0.3,,,False,False
Liam Hicks,liam hicks,TB,0.1875,16,,home_runs,TB,TB,3,top,Liam Hicks,16,0,9,0.0967892816530139,,0.13035515767553899,0.05363315533833879,0.20382489880275,0.2222222222222222,,,False,False
Cedric Mullins,cedric mullins,TB,0.2,10,,rbi,TB,TB,1,bottom,Cedric Mullins,7,0,3,-0.18922902494331065,,-0.2896825396825397,-0.11388888888888887,-0.22183657875429472,0.0,,,False,False
Hunter Feduccia,hunter feduccia,TB,0.2,60,,rbi,TB,TB,2,bottom,Hunter Feduccia,57,9,16,0.01551326129600941,0.25815012727120584,-0.07223293296231637,-0.008855260130351698,-0.1598858089520914,0.125,0.2222222222222222,-0.3303830602335222,False,False
Jonny DeLuca,jonny deluca,TB,0.2,20,,rbi,TB,TB,3,bottom,Jonny DeLuca,17,0,9,-0.05180535990042454,,0.01310338173083271,-0.12482769423558895,0.05612895319495919,0.1111111111111111,,,False,False
Junior Caminero,junior caminero,TB,0.9,20,,rbi,TB,TB,1,top,Junior Caminero,17,0,10,-0.3115067243709568,,-0.062230604362957284,-0.6676154672395274,0.30872714545317265,0.4,,,False,False
Jonathan Aranda,jonathan aranda,TB,0.65,20,,rbi,TB,TB,2,top,Jonathan Aranda,17,0,10,-0.5870973946529401,,-0.4886506875477464,-0.7277355476603599,0.19931580586006079,0.2,,,False,False
Liam Hicks,liam hicks,TB,0.625,16,,rbi,TB,TB,3,top,Liam Hicks,16,0,9,0.14018735895323187,,-0.04599671837811066,0.37956688695067237,-0.07432776581204788,0.2222222222222222,,,False,False
Cedric Mullins,cedric mullins,TB,0.8,10,,total_bases,TB,TB,1,bottom,Cedric Mullins,7,0,3,-0.7303854875283449,,-0.28571428571428575,-1.063888888888889,0.4634938874345271,0.3333333333333333,,,False,False
Hunter Feduccia,hunter feduccia,TB,0.8,60,,total_bases,TB,TB,2,bottom,Hunter Feduccia,57,9,16,0.21029323539320777,0.4211871296392945,0.16730957384418593,0.1724711584110068,-0.04067658574263049,0.375,0.4444444444444444,-0.25387755579510857,False,False
Taylor Walls,taylor walls,TB,1.0,20,,total_bases,TB,TB,3,bottom,Taylor Walls,17,0,10,-0.06106642654174976,,0.2416883280118575,-0.4935732187611887,0.08064386873516728,0.2,,,False,False
Yandy Díaz,yandy diaz,TB,2.05,20,,total_bases,TB,TB,1,top,Yandy Díaz,17,0,10,0.369465489942179,,0.451456476530006,0.25233550910242636,-0.022482930079480677,0.3,,,False,False
Junior Caminero,junior caminero,TB,1.85,20,,total_bases,TB,TB,2,top,Junior Caminero,17,0,10,-1.1071080665120914,,-0.5959433621933622,-1.8373433583959904,0.4129063074599156,0.3,,,False,False
Chandler Simpson,chandler simpson,TB,1.8,20,,total_bases,TB,TB,3,top,Chandler Simpson,17,0,9,-0.25067151731693715,,-0.3265120863160079,-0.16535087719298253,-0.197582547310655,0.2222222222222222,,,False,False
Joc Pederson,joc pederson,TEX,0.0,10,,hits,TEX,TEX,1,bottom,Joc Pederson,7,0,7,0.0,,0.0,,,0.0,,,False,False
Elias Díaz,elias diaz,TEX,0.45,20,,hits,TEX,TEX,2,bottom,Elias Díaz,17,0,13,0.050730883728060935,,0.08611096671051423,-0.06425438596491226,-0.016668551271698733,0.46153846153846156,,,False,False
Evan Carter,evan carter,TEX,0.45,20,,hits,TEX,TEX,3,bottom,Evan Carter,17,0,16,0.30764616057367833,,0.29068983508321744,0.5789473684210527,-0.26562621797719954,0.4375,,,False,False
Corey Seager,corey seager,TEX,1.25,20,,hits,TEX,TEX,1,top,Corey Seager,17,0,15,0.36886873117978564,,0.1396886555710085,2.087719298245614,-0.41383804588452067,0.5333333333333333,,,False,False
Ezequiel Duran,ezequiel duran,TEX,1.1,20,,hits,TEX,TEX,2,top,Ezequiel Duran,17,0,16,-0.3315323744730957,,-0.41146367419345364,0.9473684210526316,-0.3269780345132634,0.25,,,False,False
Brandon Nimmo,brandon nimmo,TEX,0.8,20,,hits,TEX,TEX,3,top,Brandon Nimmo,17,0,16,-0.5585155703075936,,-0.5407912145044498,-0.8421052631578947,0.13314924039037365,0.1875,,,False,False
Cody Freeman,cody freeman,TEX,0.0,16,,home_runs,TEX,TEX,1,bottom,Cody Freeman,13,0,8,0.0,,0.0,0.0,,0.0,,,False,False
Evan Carter,evan carter,TEX,0.0,20,,home_runs,TEX,TEX,2,bottom,Evan Carter,17,0,16,0.0,,0.0,0.0,,0.0,,,False,False
Joc Pederson,joc pederson,TEX,0.0,10,,home_runs,TEX,TEX,3,bottom,Joc Pederson,7,0,7,0.0,,0.0,,,0.0,,,False,False
Corey Seager,corey seager,TEX,0.15,20,,home_runs,TEX,TEX,1,top,Corey Seager,17,0,15,0.04631244759409029,,0.06301375639610934,-0.07894736842105263,0.23511243281439906,0.2,,,False,False
Jake Burger,jake burger,TEX,0.15,20,,home_runs,TEX,TEX,2,top,Jake Burger,17,0,14,0.12379598739551391,,0.08641392454417665,0.2982456140350877,-0.00669152552692862,0.14285714285714285,,,False,False
Brandon Nimmo,brandon nimmo,TEX,0.1,20,,home_runs,TEX,TEX,3,top,Brandon Nimmo,17,0,16,-0.13600858711494299,,-0.13793017644120584,-0.10526315789473684,0.26742300843620503,0.0625,,,False,False
Joc Pederson,joc pederson,TEX,0.0,10,,rbi,TEX,TEX,1,bottom,Joc Pederson,7,0,7,0.0,,0.0,,,0.0,,,False,False
Evan Carter,evan carter,TEX,0.1,20,,rbi,TEX,TEX,2,bottom,Evan Carter,17,0,16,0.03150551036409715,,-0.025735921553936256,0.9473684210526316,-0.060043297189552106,0.0625,,,False,False
Cody Freeman,cody freeman,TEX,0.125,16,,rbi,TEX,TEX,3,bottom,Cody Freeman,13,0,8,0.11108250723635339,,0.19717574092574092,-0.026666666666666665,0.22409092805760444,0.25,,,False,False
Brandon Nimmo,brandon nimmo,TEX,0.45,20,,rbi,TEX,TEX,1,top,Brandon Nimmo,17,0,16,-0.32084794593900406,,-0.3112956794022971,-0.47368421052631576,0.2231250893952373,0.1875,,,False,False
Corey Seager,corey seager,TEX,0.45,20,,rbi,TEX,TEX,2,top,Corey Seager,17,0,15,0.22435117544387256,,0.07531729708200299,1.3421052631578947,0.029670269049819908,0.26666666666666666,,,False,False
Ezequiel Duran,ezequiel duran,TEX,0.45,20,,rbi,TEX,TEX,3,top,Ezequiel Duran,17,0,16,-0.4444550699103603,,-0.5742071959902841,1.631578947368421,-0.47085624362961137,0.0625,,,False,False
Joc Pederson,joc pederson,TEX,0.0,10,,total_bases,TEX,TEX,1,bottom,Joc Pederson,7,0,7,0.0,,0.0,,,0.0,,,False,False
Evan Carter,evan carter,TEX,0.65,20,,total_bases,TEX,TEX,2,bottom,Evan Carter,17,0,16,0.47591663380226484,,0.41684563394122215,1.4210526315789473,-0.28402964044081164,0.4375,,,False,False
Elias Díaz,elias diaz,TEX,0.8,20,,total_bases,TEX,TEX,3,bottom,Elias Díaz,17,0,13,-0.15900558874743909,,-0.05597357017040275,-0.493859649122807,-0.020414663538096716,0.38461538461538464,,,False,False
Corey Seager,corey seager,TEX,1.95,20,,total_bases,TEX,TEX,1,top,Corey Seager,17,0,15,0.7245185463679363,,0.4515303759421408,2.7719298245614032,-0.11625673791798338,0.5333333333333333,,,False,False
Ezequiel Duran,ezequiel duran,TEX,1.8,20,,total_bases,TEX,TEX,2,top,Ezequiel Duran,17,0,16,-0.6661874376862538,,-0.7867715209626974,1.263157894736842,-0.35504492301682883,0.25,,,False,False
Jake Burger,jake burger,TEX,1.35,20,,total_bases,TEX,TEX,3,top,Jake Burger,17,0,14,0.4486162987642682,,0.09988620739671163,2.0760233918128654,-0.10226670855653022,0.42857142857142855,,,False,False
Andres Gimenez,andres gimenez,TOR,0.7125,80,,hits,TOR,TOR,1,bottom,Andres Gimenez,77,26,25,0.11615210415788445,0.17138278283750197,0.10962571990125293,0.06719679495579742,-0.0004982761098329633,0.52,0.5769230769230769,-0.06175706293624904,False,False
Jesus Sanchez,jesus sanchez,TOR,0.7375,80,,hits,TOR,TOR,2,bottom,Jesus Sanchez,77,28,26,-0.04687524944456311,-0.1852257445649186,0.0891702478417258,-0.03223912188254391,0.14690918913140966,0.6923076923076923,0.42857142857142855,0.2743959924066444,True,True
Daulton Varsho,daulton varsho,TOR,0.7903225806451613,62,,hits,TOR,TOR,3,bottom,Daulton Varsho,59,19,17,-0.14149097142040637,-0.28920676802756884,-0.13832596472411704,-0.02180423134652946,0.07609415144667896,0.4117647058823529,0.2631578947368421,0.1508808033034518,False,True
Brett Bateman,brett bateman,TOR,1.2857142857142858,14,,hits,TOR,TOR,1,top,Brett Bateman,11,8,0,0.14096635687544776,0.09382874070374067,,0.26666666666666666,0.04405094258953848,,0.625,,False,False
Ernie Clement,ernie clement,TOR,1.075,80,,hits,TOR,TOR,2,top,Ernie Clement,77,25,24,-0.16644743118810085,0.18882796141254837,-0.35987398208695803,-0.3178634166682315,-0.2034757247210681,0.20833333333333334,0.48,-0.5487019434995064,False,False
Alejandro Kirk,alejandro kirk,TOR,0.9642857142857143,56,,hits,TOR,TOR,3,top,Alejandro Kirk,53,21,12,0.23609589992566202,0.5234164996219692,-0.03693973089807925,0.09823064873878411,-0.23650132439530963,0.5833333333333334,0.8095238095238095,-0.5603562305200485,False,False
Brett Bateman,brett bateman,TOR,0.0,14,,home_runs,TOR,TOR,1,bottom,Brett Bateman,11,8,0,0.0,0.0,,0.0,,,0.0,,False,False
Andres Gimenez,andres gimenez,TOR,0.0375,80,,home_runs,TOR,TOR,2,bottom,Andres Gimenez,77,26,25,-0.004216350619981307,-0.04151499410889573,0.033280338533437565,-0.0029722159324311924,0.15379924877983217,0.08,0.0,0.07479533264233329,False,False
Daulton Varsho,daulton varsho,TOR,0.04838709677419355,62,,home_runs,TOR,TOR,3,bottom,Daulton Varsho,59,19,17,-0.023768604789010044,0.030030631757797164,0.0034431676748110335,-0.0883245015835446,0.032389504332401,0.058823529411764705,0.10526315789473684,-0.02658746408298613,False,False
Kazuma Okamoto,kazuma okamoto,TOR,0.2,80,,home_runs,TOR,TOR,1,top,Kazuma Okamoto,77,27,25,0.0004062071163425349,0.08989508254842372,-0.08709419601701113,-0.00874137521695149,-0.16522987710225007,0.12,0.2962962962962963,-0.17698927856543484,False,False
Alejandro Kirk,alejandro kirk,TOR,0.125,56,,home_runs,TOR,TOR,2,top,Alejandro Kirk,53,21,12,0.0064493399148869935,0.12950868648221014,-0.006107360952922185,-0.11522895346011679,-0.18777586185828574,0.08333333333333333,0.23809523809523808,-0.13561604743513234,False,False
George Springer,george springer,TOR,0.125,80,,home_runs,TOR,TOR,3,top,George Springer,77,32,23,-0.012914902700131852,0.023328965229652568,-0.11197406963647981,0.03792860029000004,-0.13625187422570928,0.043478260869565216,0.15625,-0.13530303486613238,False,False
Nathan Lukes,nathan lukes,TOR,0.2625,80,,rbi,TOR,TOR,1,bottom,Nathan Lukes,77,25,25,-0.08963361387446195,0.10787339286720166,-0.13254794846155538,-0.23277497698054544,-0.1714982595248447,0.16,0.32,-0.24042134132875703,False,False
Daulton Varsho,daulton varsho,TOR,0.27419354838709675,62,,rbi,TOR,TOR,2,bottom,Daulton Varsho,59,19,17,-0.11862154536518034,0.08052960250683572,-0.16549192685956765,-0.24849438554621164,-0.0748931700366935,0.11764705882352941,0.2631578947368421,-0.24602152936640337,False,False
Andres Gimenez,andres gimenez,TOR,0.3,80,,rbi,TOR,TOR,3,bottom,Andres Gimenez,77,26,25,0.021376859067186584,-0.21312587928945317,0.15575865380321535,0.12666633325456794,0.2545248910298835,0.28,0.07692307692307693,0.36888453309266855,False,True
Kazuma Okamoto,kazuma okamoto,TOR,0.5875,80,,rbi,TOR,TOR,1,top,Kazuma Okamoto,77,27,25,-0.002014161161959076,-0.0242278049995841,0.04096091776932063,-0.020998504748603795,0.04276159203399624,0.44,0.37037037037037035,0.06518872276890472,False,False
Alejandro Kirk,alejandro kirk,TOR,0.5178571428571429,56,,rbi,TOR,TOR,2,top,Alejandro Kirk,53,21,12,0.12496439205567446,0.41522396767257447,0.19177167799683817,-0.2198925339067687,-0.17757583525749468,0.4166666666666667,0.6190476190476191,-0.2234522896757363,False,False
George Springer,george springer,TOR,0.425,80,,rbi,TOR,TOR,3,top,George Springer,77,32,23,0.07728124656643269,0.15914117681349876,-0.1397015644033269,0.18505792312999433,-0.12354945148378968,0.13043478260869565,0.375,-0.29884274121682564,False,False
Andres Gimenez,andres gimenez,TOR,0.975,80,,total_bases,TOR,TOR,1,bottom,Andres Gimenez,77,26,25,0.14756534094968296,0.0953692881750299,0.2718366914600781,0.0802697105412638,0.08491302411655383,0.48,0.5,0.1764674032850482,False,False
Daulton Varsho,daulton varsho,TOR,1.1935483870967742,62,,total_bases,TOR,TOR,2,bottom,Daulton Varsho,59,19,17,-0.28316738812150044,-0.49170225805253837,-0.013094990130652477,-0.3105181810412699,0.14714791906019084,0.35294117647058826,0.15789473684210525,0.4786072679218859,False,True
Jesus Sanchez,jesus sanchez,TOR,1.2125,80,,total_bases,TOR,TOR,3,bottom,Jesus Sanchez,77,28,26,-0.1209012240989706,-0.4712432901069054,0.08034014454371212,0.0781119177928739,0.12667828632634345,0.2692307692307692,0.32142857142857145,0.5515834346506175,False,True
Kazuma Okamoto,kazuma okamoto,TOR,1.65,80,,total_bases,TOR,TOR,1,top,Kazuma Okamoto,77,27,25,0.12856634693696006,0.49682718971071854,-0.05892471475932524,-0.08166430156241375,-0.12168403761872493,0.44,0.5185185185185185,-0.5557519044700437,False,False
Brett Bateman,brett bateman,TOR,1.6428571428571428,14,,total_bases,TOR,TOR,2,top,Brett Bateman,11,8,0,0.2084478652660471,0.18453248140748146,,0.2722222222222222,-0.009835909278546686,,0.625,,False,False
Ernie Clement,ernie clement,TOR,1.525,80,,total_bases,TOR,TOR,3,top,Ernie Clement,77,25,24,-0.4695344474959684,-0.3846714504046213,-0.47440666002466414,-0.5411287984457892,-0.014344915605803095,0.3333333333333333,0.44,-0.08973520962004283,False,True
José Tena,jose tena,WSH,0.4,10,,hits,WSH,WSH,1,bottom,José Tena,7,3,0,0.06695011337868483,0.35000000000000003,,-0.14533730158730157,-0.32566893406906916,,0.3333333333333333,,False,False
Nasim Nuñez,nasim nunez,WSH,0.4,20,,hits,WSH,WSH,2,bottom,Nasim Nuñez,17,5,6,0.005369597267703272,0.16769230769230764,-0.01706349206349204,-0.10746623875493845,-0.0901741034337388,0.3333333333333333,0.6,-0.18475579975579967,False,False
Andres Chaparro,andres chaparro,WSH,0.54,50,,hits,WSH,WSH,3,bottom,Andres Chaparro,47,15,16,0.182517868552054,0.12298263550142247,0.31503960825286037,0.10581040983621465,0.07887474747746102,0.4375,0.4,0.1920569727514379,False,False
CJ Abrams,cj abrams,WSH,1.056,125,,hits,WSH,WSH,1,top,CJ Abrams,122,38,36,-0.01096769800819641,-0.08687893828932125,0.1905025451571302,-0.10197398182630084,0.11832401044439819,0.3888888888888889,0.21052631578947367,0.2773814834464514,False,False
Keibert Ruiz,keibert ruiz,WSH,1.05,20,,hits,WSH,WSH,2,top,Keibert Ruiz,17,6,5,0.4376578726924748,-0.19444444444444445,1.1323160173160172,0.4908784026431085,0.5551771999545015,1.0,0.3333333333333333,1.3267604617604616,True,True
Daylen Lile,daylen lile,WSH,0.95,20,,hits,WSH,WSH,3,top,Daylen Lile,17,6,4,0.2897772556668933,0.00011192511192509302,0.7875,0.25364882795223354,0.3851296441665111,0.75,0.5,0.7873880748880748,True,False
Jorbit Vivas,jorbit vivas,WSH,0.0,20,,home_runs,WSH,WSH,1,bottom,Jorbit Vivas,17,5,6,0.0,0.0,0.0,0.0,,0.0,0.0,0.0,False,False
Nasim Nuñez,nasim nunez,WSH,0.0,20,,home_runs,WSH,WSH,2,bottom,Nasim Nuñez,17,5,6,0.0,0.0,0.0,0.0,,0.0,0.0,0.0,False,False
Dylan Crews,dylan crews,WSH,0.05,20,,home_runs,WSH,WSH,3,bottom,Dylan Crews,17,6,4,0.002653969747850646,0.09147842897842899,0.0,-0.07196472687958756,-0.03816282033835591,0.0,0.16666666666666666,-0.09147842897842899,False,False
Abimelec Ortiz,abimelec ortiz,WSH,0.25,20,,home_runs,WSH,WSH,1,top,Abimelec Ortiz,17,6,4,-0.06698013004013732,0.009310134310134313,0.012500000000000011,-0.17778900236330578,0.07798253804947457,0.25,0.3333333333333333,0.0031898656898656976,False,False
CJ Abrams,cj abrams,WSH,0.232,125,,home_runs,WSH,WSH,2,top,CJ Abrams,122,38,36,-0.0008608216397664604,0.028830857453875505,0.05138240386379211,-0.06354915338323526,0.03806351189577203,0.25,0.2894736842105263,0.022551546409916603,False,False
José Tena,jose tena,WSH,0.2,10,,home_runs,WSH,WSH,3,top,José Tena,7,3,0,-0.12494331065759635,0.07222222222222224,,-0.27281746031746035,-0.4511141576758345,,0.3333333333333333,,False,False
Nasim Nuñez,nasim nunez,WSH,0.15,20,,rbi,WSH,WSH,1,bottom,Nasim Nuñez,17,5,6,-0.03809317945859562,-0.033455433455433455,0.12182539682539682,-0.20187654407855649,0.2130048821396363,0.16666666666666666,0.2,0.15528083028083028,False,False
José Tena,jose tena,WSH,0.2,10,,rbi,WSH,WSH,2,bottom,José Tena,7,3,0,-0.12494331065759635,0.07222222222222224,,-0.27281746031746035,-0.4511141576758345,,0.3333333333333333,,False,False
Dylan Crews,dylan crews,WSH,0.25,20,,rbi,WSH,WSH,3,bottom,Dylan Crews,17,6,4,0.18620749229927885,0.22230870980870984,0.0,0.26166787289078314,-0.07570925834896969,0.0,0.3333333333333333,-0.22230870980870984,False,False
Daylen Lile,daylen lile,WSH,0.85,20,,rbi,WSH,WSH,1,top,Daylen Lile,17,6,4,0.045513301375166244,-0.22521876271876273,0.45833333333333337,0.041672195193867,0.4091605673940697,0.25,0.16666666666666666,0.6835520960520961,False,True
CJ Abrams,cj abrams,WSH,0.736,125,,rbi,WSH,WSH,2,top,CJ Abrams,122,38,36,-0.11648269059386124,-0.25678451719511647,-0.052578782947469094,-0.05333834193599494,0.10421212645869643,0.3888888888888889,0.34210526315789475,0.20420573424764737,False,True
Andres Chaparro,andres chaparro,WSH,0.58,50,,rbi,WSH,WSH,3,top,Andres Chaparro,47,15,16,0.19926638409665928,-0.042257803304355045,0.5290684407927644,0.09589325308900504,0.18780163230826416,0.25,0.26666666666666666,0.5713262440971194,False,False
Nasim Nuñez,nasim nunez,WSH,0.4,20,,total_bases,WSH,WSH,1,bottom,Nasim Nuñez,17,5,6,0.005369597267703272,0.16769230769230764,-0.01706349206349204,-0.10746623875493845,-0.0901741034337388,0.3333333333333333,0.6,-0.18475579975579967,False,False
Jorbit Vivas,jorbit vivas,WSH,0.65,20,,total_bases,WSH,WSH,2,bottom,Jorbit Vivas,17,5,6,0.16644461186438972,-0.1329181929181929,-0.07261904761904762,0.6549772753333124,0.07129722498175704,0.16666666666666666,0.4,0.060299145299145276,False,False
Dylan Crews,dylan crews,WSH,0.95,20,,total_bases,WSH,WSH,3,bottom,Dylan Crews,17,6,4,0.21921011034332835,0.40706654456654445,0.5250000000000001,-0.11654677022324081,0.02225576649351339,0.75,0.5,0.11793345543345568,False,False
CJ Abrams,cj abrams,WSH,2.008,125,,total_bases,WSH,WSH,1,top,CJ Abrams,122,38,36,0.04703292134590727,0.0618866940845507,0.44431681471874174,-0.26268923543514466,0.0887777660516212,0.4444444444444444,0.39473684210526316,0.382430120634191,False,False
Daylen Lile,daylen lile,WSH,1.55,20,,total_bases,WSH,WSH,2,top,Daylen Lile,17,6,4,0.11016102945396328,-0.6928724053724054,0.7083333333333335,0.4566626570883536,0.38617291357690503,0.5,0.3333333333333333,1.4012057387057388,False,True
Abimelec Ortiz,abimelec ortiz,WSH,1.45,20,,total_bases,WSH,WSH,3,top,Abimelec Ortiz,17,6,4,-0.22108266892459202,0.23783068783068786,0.2708333333333333,-0.8955318331479322,0.12551596385220398,0.25,0.5,0.03300264550264545,False,False
