label,sport,pick_rule,direction,props,threshold,base_n,base_hit_rate,kept_n,kept_hit_rate,lift_pp,kept_pct_of_decided,void_n,non_standard_result_n,audit_notes,row_n_slate
MLB Demon OVER Total Bases,MLB,demon,OVER,Total Bases,0.1109,21498,0.20341427109498558,8112,0.2585059171597633,5.50916460647777,37.73374267373709,4858,0,,26356
Soccer OVER Shots (all pick types; legacy 'missing PT' now inferred in JSON),Soccer,any,OVER,Shots,0.3768,15740,0.2318297331639136,3029,0.31759656652360513,8.576683335969154,19.243964421855146,22947,0,high_void_share,38707
MLB Demon OVER Runs,MLB,demon,OVER,Runs,0.1295,8622,0.26177221062398515,5361,0.3042342846483865,4.246207402440133,62.17814892136395,1854,0,,10476
NBA Goblin OVER Pts+Rebs+Asts,NBA,goblin,OVER,Pts+Rebs+Asts,0.9094823368486776,7408,0.6291846652267818,758,0.6688654353562006,3.968077012941873,10.232181425485962,1961,0,high_void_share,9369
NBA Goblin OVER Pts+Rebs,NBA,goblin,OVER,Pts+Rebs,0.9101,6191,0.6494911968987239,622,0.702572347266881,5.308115036815709,10.046842190276207,1502,0,,7693
NBA Goblin OVER Assists,NBA,goblin,OVER,Assists,0.9096,3729,0.6537945829981229,366,0.7076502732240437,5.385569022592085,9.814963797264681,1088,0,kept_n<400_noisy_lift;high_void_share,4817
NBA1Q Goblin OVER Points,NBA1Q,goblin,OVER,Points,0.9127,2344,0.8383105802047781,542,0.8653136531365314,2.7003072931753302,23.12286689419795,1095,0,high_void_share,3439
NBA Goblin OVER 3-PT Made,NBA,goblin,OVER,3-PT Made,0.9118974754760168,2831,0.660190745319675,293,0.7474402730375427,8.724952771786764,10.349699752737548,764,0,kept_n<400_noisy_lift;high_void_share,3595
