sport,pick_type,direction,prop,threshold,base_n,base_hit_rate,kept_n,kept_hit_rate,lift_pp,kept_pct
MLB,Demon,OVER,Total Bases,0.1109,21511,0.2036167542187718,8125,0.25895384615384615,5.533709193507436,37.77137278601646
Soccer,(missing),OVER,Shots,0.3768,13495,0.2392738051130048,3024,0.31712962962962965,7.785582451662484,22.40829937013709
MLB,Demon,OVER,Runs,0.1295,8636,0.26146364057433996,5373,0.3037409268565047,4.227728628216476,62.21630384437239
NBA,Goblin,OVER,Pts+Rebs+Asts,0.909482,8020,0.629426433915212,1346,0.6812778603268945,5.18514264116825,16.783042394014963
NBA,Goblin,OVER,Pts+Rebs,0.9101,6783,0.650891935721657,1117,0.7000895255147717,4.919758979311462,16.46763968745393
NBA,Goblin,OVER,Assists,0.9096,4337,0.6562139727922527,748,0.7072192513368984,5.100527854464576,17.24694489278303
NBA1Q,Goblin,OVER,Points,0.9127,2290,0.8349344978165939,624,0.8814102564102564,4.647575859366249,27.24890829694323
NBA,Goblin,OVER,3-PT Made,0.911897,3070,0.6592833876221499,525,0.7161904761904762,5.690708856832627,17.100977198697066
