sport,pick_type,direction,prop,threshold,base_n,base_hit_rate,kept_n,kept_hit_rate,lift_pp,kept_pct
MLB,Demon,OVER,Total Bases,0.1109,21501,0.20352541742244548,8115,0.2587800369685767,5.525461954613123,37.74243058462397
Soccer,(missing),OVER,Shots,0.3768,0,,0,,,
MLB,Demon,OVER,Runs,0.1295,8631,0.26149924690070675,5368,0.3038375558867362,4.233830898602947,62.19441547908702
NBA,Goblin,OVER,Pts+Rebs+Asts,0.909482,7413,0.6292998785916633,758,0.6688654353562006,3.9565556764537324,10.225279913665183
NBA,Goblin,OVER,Pts+Rebs,0.9101,6193,0.6496043920555465,622,0.702572347266881,5.296795521133446,10.04359761020507
NBA,Goblin,OVER,Assists,0.9096,4503,0.6822118587608261,601,0.7587354409317804,7.652358217095423,13.346657783699756
NBA1Q,Goblin,OVER,Points,0.9127,0,,0,,,
NBA,Goblin,OVER,3-PT Made,0.911897,2848,0.6618679775280899,303,0.7557755775577558,9.39076000296659,10.639044943820226
