prop,bet_direction,n_rows,n_void,n_decided,n_hit,line_min,line_q25,line_median,line_q75,line_max,line_mean,n_line_present,void_rate,hit_rate,decided_rate
Assists,OVER,1862,1231,631,500,0.5,0.5,0.5,1.5,6.5,1.3233082706766917,1862,0.6611170784103115,0.7923930269413629,0.3388829215896885
Assists,UNDER,26,19,7,1,0.5,0.5,0.5,1.5,3.5,1.1538461538461537,26,0.7307692307692307,0.14285714285714285,0.2692307692307692
Points,OVER,4423,2683,1740,1279,0.5,2.5,4.0,5.5,15.5,4.491295500791318,4423,0.606601853945286,0.7350574712643678,0.393398146054714
Points,UNDER,149,85,64,21,1.5,3.5,4.5,6.5,12.5,5.02013422818792,149,0.5704697986577181,0.328125,0.42953020134228187
Rebounds,OVER,2213,1442,771,554,0.5,0.5,1.5,2.5,7.5,1.9613646633529147,2213,0.6516041572525982,0.7185473411154345,0.3483958427474017
Rebounds,UNDER,36,21,15,3,0.5,1.5,1.5,1.5,3.5,1.5277777777777777,36,0.5833333333333334,0.2,0.4166666666666667
