direction,n,hits,hit_rate
UNDER,164802,97694.0,0.592796203929564
OVER,349560,145082.0,0.4150417667925392
