dominant_direction,n,cashes,avg_net_10,cash_rate
OVER,94,44.0,1.2606382978723405,0.46808510638297873
UNDER,18,6.0,1.6666666666666667,0.3333333333333333
