dominant_pick_type,n,cashes,avg_net_10,cash_rate
goblin,75,36.0,0.11333333333333331,0.48
standard,37,14.0,3.7837837837837838,0.3783783783783784
