PLAYER_NAME,PLAYER_NORM,team_pp,def_league,season_avg,games,category,prop_norm,team_slate,TEAM,rank_on_team,leader_side,PLAYER_NAME_split,league,def_bucket,n_games,n,n_elite,n_weak,over_rate,avg_delta_all,avg_delta_vs_elite,avg_delta_vs_weak,avg_delta_vs_mid,def_rank_corr,weak_over_rate,elite_over_rate,def_boost,def_boost_hist,overperform_vs_weak,fades_vs_elite,player,player_slate,team,opp_team,prop_norm_slate,line,slate_opp_def_rank,slate_opp_def_tier,line_hit_rate_over_ou_5,stat_last5_avg,player_norm,on_slate,slate_edge_signal
Alan Sosa,alan sosa,ALDOSIVI,Argentina,0.0,5,assists,assists,ALDOSIVI,ALDOSIVI,1,bottom,Alan Sosa,Argentina,elite,2,2,2,0,0.0,0.0,0.0,,,,,0.0,,,False,False,Alan Sosa,,,,,,,,,,,True,False
Andrés Chávez,andres chavez,ALDOSIVI,Argentina,0.0,5,assists,assists,ALDOSIVI,ALDOSIVI,2,bottom,Andrés Chávez,Argentina,elite,2,2,2,0,0.0,0.0,0.0,,,,,0.0,,,False,False,Andrés Chávez,,,,,,,,,,,True,False
Bautista Dadín,bautista dadin,ALDOSIVI,Argentina,0.0,5,assists,assists,ALDOSIVI,ALDOSIVI,3,bottom,Bautista Dadín,Argentina,elite,2,2,2,0,0.0,0.0,0.0,,,,,0.0,,,False,False,Bautista Dadín,,,,,,,,,,,True,False
Alan Sosa,alan sosa,ALDOSIVI,Argentina,0.0,5,assists,assists,ALDOSIVI,ALDOSIVI,1,top,Alan Sosa,Argentina,elite,2,2,2,0,0.0,0.0,0.0,,,,,0.0,,,False,False,Alan Sosa,,,,,,,,,,,True,False
Andrés Chávez,andres chavez,ALDOSIVI,Argentina,0.0,5,assists,assists,ALDOSIVI,ALDOSIVI,2,top,Andrés Chávez,Argentina,elite,2,2,2,0,0.0,0.0,0.0,,,,,0.0,,,False,False,Andrés Chávez,,,,,,,,,,,True,False
Bautista Dadín,bautista dadin,ALDOSIVI,Argentina,0.0,5,assists,assists,ALDOSIVI,ALDOSIVI,3,top,Bautista Dadín,Argentina,elite,2,2,2,0,0.0,0.0,0.0,,,,,0.0,,,False,False,Bautista Dadín,,,,,,,,,,,True,False
Andrés Chávez,andres chavez,ALDOSIVI,Argentina,0.0,5,goals,goals,ALDOSIVI,ALDOSIVI,1,bottom,Andrés Chávez,Argentina,elite,2,2,2,0,0.0,0.0,0.0,,,,,0.0,,,False,False,Andrés Chávez,,,,,,,,,,,True,False
Bautista Dadín,bautista dadin,ALDOSIVI,Argentina,0.0,5,goals,goals,ALDOSIVI,ALDOSIVI,2,bottom,Bautista Dadín,Argentina,elite,2,2,2,0,0.0,0.0,0.0,,,,,0.0,,,False,False,Bautista Dadín,,,,,,,,,,,True,False
Elías López,elias lopez,ALDOSIVI,Argentina,0.0,5,goals,goals,ALDOSIVI,ALDOSIVI,3,bottom,Elías López,Argentina,elite,2,2,2,0,0.0,0.0,0.0,,,,,0.0,,,False,False,Elías López,,,,,,,,,,,True,False
Alan Sosa,alan sosa,ALDOSIVI,Argentina,0.2,5,goals,goals,ALDOSIVI,ALDOSIVI,1,top,Alan Sosa,Argentina,elite,2,2,2,0,0.5,0.375,0.375,,,,,0.5,,,False,False,Alan Sosa,,,,,,,,,,,True,False
Nicolás Cordero,nicolas cordero,ALDOSIVI,Argentina,0.2,5,goals,goals,ALDOSIVI,ALDOSIVI,2,top,Nicolás Cordero,Argentina,elite,2,2,2,0,0.0,-0.29166666666666663,-0.29166666666666663,,,,,0.0,,,False,False,Nicolás Cordero,,,,,,,,,,,True,False
Andrés Chávez,andres chavez,ALDOSIVI,Argentina,0.0,5,goals,goals,ALDOSIVI,ALDOSIVI,3,top,Andrés Chávez,Argentina,elite,2,2,2,0,0.0,0.0,0.0,,,,,0.0,,,False,False,Andrés Chávez,,,,,,,,,,,True,False
Lucas Acosta,lucas acosta,ALDOSIVI,Argentina,1.0,5,saves,saves,ALDOSIVI,ALDOSIVI,1,bottom,Lucas Acosta,Argentina,elite,2,2,2,0,1.0,2.125,2.125,,,,,1.0,,,False,False,Lucas Acosta,,,,,,,,,,,True,False
Ignacio Chicco,ignacio chicco,ALDOSIVI,Argentina,1.8,5,saves,saves,ALDOSIVI,ALDOSIVI,2,bottom,Ignacio Chicco,Argentina,elite,2,2,2,0,0.0,-2.625,-2.625,,,,,0.0,,,False,True,Ignacio Chicco,,,,,,,,,,,True,False
Ignacio Chicco,ignacio chicco,ALDOSIVI,Argentina,1.8,5,saves,saves,ALDOSIVI,ALDOSIVI,1,top,Ignacio Chicco,Argentina,elite,2,2,2,0,0.0,-2.625,-2.625,,,,,0.0,,,False,True,Ignacio Chicco,,,,,,,,,,,True,False
Lucas Acosta,lucas acosta,ALDOSIVI,Argentina,1.0,5,saves,saves,ALDOSIVI,ALDOSIVI,2,top,Lucas Acosta,Argentina,elite,2,2,2,0,1.0,2.125,2.125,,,,,1.0,,,False,False,Lucas Acosta,,,,,,,,,,,True,False
Bautista Dadín,bautista dadin,ALDOSIVI,Argentina,0.0,5,shots,shots,ALDOSIVI,ALDOSIVI,1,bottom,Bautista Dadín,Argentina,elite,2,2,2,0,0.0,0.0,0.0,,,,,0.0,,,False,False,Bautista Dadín,,,,,,,,,,,True,False
Ignacio Chicco,ignacio chicco,ALDOSIVI,Argentina,0.0,5,shots,shots,ALDOSIVI,ALDOSIVI,2,bottom,Ignacio Chicco,Argentina,elite,2,2,2,0,0.0,0.0,0.0,,,,,0.0,,,False,False,Ignacio Chicco,,,,,,,,,,,True,False
Leonardo Sigali,leonardo sigali,ALDOSIVI,Argentina,0.0,5,shots,shots,ALDOSIVI,ALDOSIVI,3,bottom,Leonardo Sigali,Argentina,elite,2,2,2,0,0.0,0.0,0.0,,,,,0.0,,,False,False,Leonardo Sigali,,,,,,,,,,,True,False
Alan Sosa,alan sosa,ALDOSIVI,Argentina,2.6,5,shots,shots,ALDOSIVI,ALDOSIVI,1,top,Alan Sosa,Argentina,elite,2,2,2,0,1.0,2.2916666666666665,2.2916666666666665,,,,,1.0,,,False,False,Alan Sosa,,,,,,,,,,,True,False
Nicolás Cordero,nicolas cordero,ALDOSIVI,Argentina,2.0,5,shots,shots,ALDOSIVI,ALDOSIVI,2,top,Nicolás Cordero,Argentina,elite,2,2,2,0,0.0,0.0,0.0,,,,,0.0,,,False,False,Nicolás Cordero,,,,,,,,,,,True,False
Martín García,martin garcia,ALDOSIVI,Argentina,1.8,5,shots,shots,ALDOSIVI,ALDOSIVI,3,top,Martín García,Argentina,elite,2,2,2,0,0.0,-0.5,-0.5,,,,,0.0,,,False,True,Martín García,,,,,,,,,,,True,False
Bautista Dadín,bautista dadin,ALDOSIVI,Argentina,0.0,5,shots_on_target,shots_on_target,ALDOSIVI,ALDOSIVI,1,bottom,Bautista Dadín,Argentina,elite,2,2,2,0,0.0,0.0,0.0,,,,,0.0,,,False,False,Bautista Dadín,,,,,,,,,,,True,False
Elías López,elias lopez,ALDOSIVI,Argentina,0.0,5,shots_on_target,shots_on_target,ALDOSIVI,ALDOSIVI,2,bottom,Elías López,Argentina,elite,2,2,2,0,0.0,0.0,0.0,,,,,0.0,,,False,False,Elías López,,,,,,,,,,,True,False
Federico Laurelli,federico laurelli,ALDOSIVI,Argentina,0.0,5,shots_on_target,shots_on_target,ALDOSIVI,ALDOSIVI,3,bottom,Federico Laurelli,Argentina,elite,2,2,2,0,0.0,0.0,0.0,,,,,0.0,,,False,False,Federico Laurelli,,,,,,,,,,,True,False
Nicolás Cordero,nicolas cordero,ALDOSIVI,Argentina,0.8,5,shots_on_target,shots_on_target,ALDOSIVI,ALDOSIVI,1,top,Nicolás Cordero,Argentina,elite,2,2,2,0,1.0,0.9583333333333334,0.9583333333333334,,,,,1.0,,,False,False,Nicolás Cordero,,,,,,,,,,,True,False
Alan Sosa,alan sosa,ALDOSIVI,Argentina,0.6,5,shots_on_target,shots_on_target,ALDOSIVI,ALDOSIVI,2,top,Alan Sosa,Argentina,elite,2,2,2,0,0.5,0.45833333333333337,0.45833333333333337,,,,,0.5,,,False,False,Alan Sosa,,,,,,,,,,,True,False
Lucas Castro,lucas castro,ALDOSIVI,Argentina,0.4,5,shots_on_target,shots_on_target,ALDOSIVI,ALDOSIVI,3,top,Lucas Castro,Argentina,elite,2,2,2,0,0.5,0.20833333333333334,0.20833333333333334,,,,,0.5,,,False,False,Lucas Castro,,,,,,,,,,,True,False
Ally Sentnor,ally sentnor,ANGEL CITY,NWSL,0.0,7,assists,assists,ANGEL CITY,ANGEL CITY,1,bottom,Ally Sentnor,NWSL,weak,4,4,1,2,0.0,0.0,0.0,0.0,0.0,,0.0,0.0,0.0,0.0,False,False,Ally Sentnor,,,,,,,,,,,True,False
Angelina Anderson,angelina anderson,ANGEL CITY,NWSL,0.0,7,assists,assists,ANGEL CITY,ANGEL CITY,2,bottom,Angelina Anderson,NWSL,weak,4,4,1,2,0.0,0.0,0.0,0.0,0.0,,0.0,0.0,0.0,0.0,False,False,Angelina Anderson,,,,,,,,,,,True,False
Casey Phair,casey phair,ANGEL CITY,NWSL,0.0,6,assists,assists,ANGEL CITY,ANGEL CITY,3,bottom,Casey Phair,NWSL,weak,3,3,0,2,0.0,0.0,,0.0,0.0,,0.0,,,,False,False,Casey Phair,,,,,,,,,,,True,False
Evelyn Shores,evelyn shores,ANGEL CITY,NWSL,0.4,5,assists,assists,ANGEL CITY,ANGEL CITY,1,top,Evelyn Shores,NWSL,elite,2,2,1,0,0.5,0.08333333333333337,-0.5,,0.6666666666666667,,,0.0,,,False,False,Evelyn Shores,,,,,,,,,,,True,False
Ary Borges,ary borges,ANGEL CITY,NWSL,0.14285714285714285,7,assists,assists,ANGEL CITY,ANGEL CITY,2,top,Ary Borges,NWSL,weak,4,4,1,2,0.25,0.20833333333333334,-0.16666666666666666,0.0,1.0,,0.0,0.0,0.16666666666666666,0.16666666666666666,False,False,Ary Borges,,,,,,,,,,,True,False
Carina Lageyre,carina lageyre,ANGEL CITY,NWSL,0.14285714285714285,7,assists,assists,ANGEL CITY,ANGEL CITY,3,top,Carina Lageyre,NWSL,weak,4,4,1,2,0.25,0.15833333333333335,-0.16666666666666666,0.5,-0.2,,0.5,0.0,0.6666666666666666,0.6666666666666666,False,False,Carina Lageyre,,,,,,,,,,,True,False
Angelina Anderson,angelina anderson,ANGEL CITY,NWSL,0.0,7,goals,goals,ANGEL CITY,ANGEL CITY,1,bottom,Angelina Anderson,NWSL,weak,4,4,1,2,0.0,0.0,0.0,0.0,0.0,,0.0,0.0,0.0,0.0,False,False,Angelina Anderson,,,,,,,,,,,True,False
Carina Lageyre,carina lageyre,ANGEL CITY,NWSL,0.0,7,goals,goals,ANGEL CITY,ANGEL CITY,2,bottom,Carina Lageyre,NWSL,weak,4,4,1,2,0.0,0.0,0.0,0.0,0.0,,0.0,0.0,0.0,0.0,False,False,Carina Lageyre,,,,,,,,,,,True,False
Casey Phair,casey phair,ANGEL CITY,NWSL,0.0,6,goals,goals,ANGEL CITY,ANGEL CITY,3,bottom,Casey Phair,NWSL,weak,3,3,0,2,0.0,0.0,,0.0,0.0,,0.0,,,,False,False,Casey Phair,,,,,,,,,,,True,False
Maiara Niehues,maiara niehues,ANGEL CITY,NWSL,0.6,5,goals,goals,ANGEL CITY,ANGEL CITY,1,top,Maiara Niehues,NWSL,weak,2,2,0,2,0.0,-0.875,,-0.875,,,0.0,,,,False,False,Maiara Niehues,,,,,,,,,,,True,False
Sveindís Jónsdóttir,sveindis jonsdottir,ANGEL CITY,NWSL,0.6,5,goals,goals,ANGEL CITY,ANGEL CITY,2,top,Sveindís Jónsdóttir,NWSL,weak,2,2,0,2,0.5,-0.20833333333333331,,-0.20833333333333331,,,0.5,,,,False,False,Sveindís Jónsdóttir,,,,,,,,,,,True,False
Ally Sentnor,ally sentnor,ANGEL CITY,NWSL,0.14285714285714285,7,goals,goals,ANGEL CITY,ANGEL CITY,3,top,Ally Sentnor,NWSL,weak,4,4,1,2,0.25,0.25,1.0,0.0,0.0,,0.0,1.0,-1.0,-1.0,False,False,Ally Sentnor,,,,,,,,,,,True,False
Faith Nguyen,faith nguyen,ANGEL CITY,NWSL,0.0,6,saves,saves,ANGEL CITY,ANGEL CITY,1,bottom,Faith Nguyen,NWSL,elite,3,3,1,1,0.0,0.0,0.0,0.0,0.0,,0.0,0.0,0.0,0.0,False,False,Faith Nguyen,,,,,,,,,,,True,False
Angelina Anderson,angelina anderson,ANGEL CITY,NWSL,4.0,7,saves,saves,ANGEL CITY,ANGEL CITY,2,bottom,Angelina Anderson,NWSL,weak,4,4,1,2,0.5,0.48333333333333317,-2.333333333333333,2.333333333333333,-0.40000000000000036,,1.0,0.0,4.666666666666666,4.666666666666666,True,False,Angelina Anderson,,,,,,,,,,,True,False
Angelina Anderson,angelina anderson,ANGEL CITY,NWSL,4.0,7,saves,saves,ANGEL CITY,ANGEL CITY,1,top,Angelina Anderson,NWSL,weak,4,4,1,2,0.5,0.48333333333333317,-2.333333333333333,2.333333333333333,-0.40000000000000036,,1.0,0.0,4.666666666666666,4.666666666666666,True,False,Angelina Anderson,,,,,,,,,,,True,False
Faith Nguyen,faith nguyen,ANGEL CITY,NWSL,0.0,6,saves,saves,ANGEL CITY,ANGEL CITY,2,top,Faith Nguyen,NWSL,elite,3,3,1,1,0.0,0.0,0.0,0.0,0.0,,0.0,0.0,0.0,0.0,False,False,Faith Nguyen,,,,,,,,,,,True,False
Angelina Anderson,angelina anderson,ANGEL CITY,NWSL,0.0,7,shots,shots,ANGEL CITY,ANGEL CITY,1,bottom,Angelina Anderson,NWSL,weak,4,4,1,2,0.0,0.0,0.0,0.0,0.0,,0.0,0.0,0.0,0.0,False,False,Angelina Anderson,,,,,,,,,,,True,False
Faith Nguyen,faith nguyen,ANGEL CITY,NWSL,0.0,6,shots,shots,ANGEL CITY,ANGEL CITY,2,bottom,Faith Nguyen,NWSL,elite,3,3,1,1,0.0,0.0,0.0,0.0,0.0,,0.0,0.0,0.0,0.0,False,False,Faith Nguyen,,,,,,,,,,,True,False
Karsyn Cherry,karsyn cherry,ANGEL CITY,NWSL,0.0,7,shots,shots,ANGEL CITY,ANGEL CITY,3,bottom,Karsyn Cherry,NWSL,weak,4,4,1,2,0.0,0.0,0.0,0.0,0.0,,0.0,0.0,0.0,0.0,False,False,Karsyn Cherry,,,,,,,,,,,True,False
Ally Sentnor,ally sentnor,ANGEL CITY,NWSL,4.142857142857143,7,shots,shots,ANGEL CITY,ANGEL CITY,1,top,Ally Sentnor,NWSL,weak,4,4,1,2,0.25,-0.6000000000000001,-0.16666666666666696,-0.4166666666666665,-1.4000000000000004,,0.5,0.0,-0.24999999999999956,-0.24999999999999956,False,False,Ally Sentnor,,,,,,,,,,,True,False
Maiara Niehues,maiara niehues,ANGEL CITY,NWSL,2.4,5,shots,shots,ANGEL CITY,ANGEL CITY,2,top,Maiara Niehues,NWSL,weak,2,2,0,2,0.0,-2.166666666666667,,-2.166666666666667,,,0.0,,,,False,False,Maiara Niehues,,,,,,,,,,,True,False
Sveindís Jónsdóttir,sveindis jonsdottir,ANGEL CITY,NWSL,2.2,5,shots,shots,ANGEL CITY,ANGEL CITY,3,top,Sveindís Jónsdóttir,NWSL,weak,2,2,0,2,0.5,1.0416666666666665,,1.0416666666666665,,,0.5,,,,False,False,Sveindís Jónsdóttir,,,,,,,,,,,True,False
Angelina Anderson,angelina anderson,ANGEL CITY,NWSL,0.0,7,shots_on_target,shots_on_target,ANGEL CITY,ANGEL CITY,1,bottom,Angelina Anderson,NWSL,weak,4,4,1,2,0.0,0.0,0.0,0.0,0.0,,0.0,0.0,0.0,0.0,False,False,Angelina Anderson,,,,,,,,,,,True,False
Casey Phair,casey phair,ANGEL CITY,NWSL,0.0,6,shots_on_target,shots_on_target,ANGEL CITY,ANGEL CITY,2,bottom,Casey Phair,NWSL,weak,3,3,0,2,0.0,0.0,,0.0,0.0,,0.0,,,,False,False,Casey Phair,,,,,,,,,,,True,False
Evelyn Shores,evelyn shores,ANGEL CITY,NWSL,0.0,5,shots_on_target,shots_on_target,ANGEL CITY,ANGEL CITY,3,bottom,Evelyn Shores,NWSL,elite,2,2,1,0,0.0,0.0,0.0,,0.0,,,0.0,,,False,False,Evelyn Shores,,,,,,,,,,,True,False
Ally Sentnor,ally sentnor,ANGEL CITY,NWSL,1.1428571428571428,7,shots_on_target,shots_on_target,ANGEL CITY,ANGEL CITY,1,top,Ally Sentnor,NWSL,weak,4,4,1,2,0.75,0.675,2.1666666666666665,0.16666666666666674,0.19999999999999996,,0.5,1.0,-1.9999999999999998,-1.9999999999999998,False,False,Ally Sentnor,,,,,,,,,,,True,False
Maiara Niehues,maiara niehues,ANGEL CITY,NWSL,0.8,5,shots_on_target,shots_on_target,ANGEL CITY,ANGEL CITY,2,top,Maiara Niehues,NWSL,weak,2,2,0,2,0.0,-1.1666666666666665,,-1.1666666666666665,,,0.0,,,,False,False,Maiara Niehues,,,,,,,,,,,True,False
Sveindís Jónsdóttir,sveindis jonsdottir,ANGEL CITY,NWSL,0.8,5,shots_on_target,shots_on_target,ANGEL CITY,ANGEL CITY,3,top,Sveindís Jónsdóttir,NWSL,weak,2,2,0,2,0.0,-0.5,,-0.5,,,0.0,,,,False,False,Sveindís Jónsdóttir,,,,,,,,,,,True,False
Cristian Romero,cristian romero,ARG,fifa.world,0.0,5,assists,assists,ARG,ARG,1,bottom,Cristian Romero,fifa.world,unknown,2,2,0,0,0.0,0.0,,,,,,,,,False,False,Cristian Romero,,,,,,,,,,,True,False
Emiliano Martínez,emiliano martinez,ARG,fifa.world,0.0,5,assists,assists,ARG,ARG,2,bottom,Emiliano Martínez,fifa.world,unknown,2,2,0,0,0.0,0.0,,,,,,,,,False,False,Emiliano Martínez,,,,,,,,,,,True,False
Enzo Fernández,enzo fernandez,ARG,fifa.world,0.0,5,assists,assists,ARG,ARG,3,bottom,Enzo Fernández,fifa.world,unknown,2,2,0,0,0.0,0.0,,,,,,,,,False,False,Enzo Fernández,,,,,,,,,,,True,False
Lionel Messi,lionel messi,ARG,fifa.world,0.8,5,assists,assists,ARG,ARG,1,top,Lionel Messi,fifa.world,unknown,2,2,0,0,0.5,0.16666666666666674,,,,,,,,,False,False,Lionel Messi,,,,,,,,,,,True,False
Alexis Mac Allister,alexis mac allister,ARG,fifa.world,0.2,5,assists,assists,ARG,ARG,2,top,Alexis Mac Allister,fifa.world,unknown,2,2,0,0,0.0,-0.29166666666666663,,,,,,,,,False,False,Alexis Mac Allister,,,,,,,,,,,True,False
Gonzalo Montiel,gonzalo montiel,ARG,fifa.world,0.2,5,assists,assists,ARG,ARG,3,top,Gonzalo Montiel,fifa.world,unknown,2,2,0,0,0.0,-0.29166666666666663,,,,,,,,,False,False,Gonzalo Montiel,,,,,,,,,,,True,False
Emiliano Martínez,emiliano martinez,ARG,fifa.world,0.0,5,goals,goals,ARG,ARG,1,bottom,Emiliano Martínez,fifa.world,unknown,2,2,0,0,0.0,0.0,,,,,,,,,False,False,Emiliano Martínez,,,,,,,,,,,True,False
Exequiel Palacios,exequiel palacios,ARG,fifa.world,0.0,5,goals,goals,ARG,ARG,2,bottom,Exequiel Palacios,fifa.world,unknown,2,2,0,0,0.0,0.0,,,,,,,,,False,False,Exequiel Palacios,,,,,,,,,,,True,False
Facundo Medina,facundo medina,ARG,fifa.world,0.0,5,goals,goals,ARG,ARG,3,bottom,Facundo Medina,fifa.world,unknown,2,2,0,0,0.0,0.0,,,,,,,,,False,False,Facundo Medina,,,,,,,,,,,True,False
Enzo Fernández,enzo fernandez,ARG,fifa.world,0.4,5,goals,goals,ARG,ARG,1,top,Enzo Fernández,fifa.world,unknown,2,2,0,0,0.5,0.08333333333333337,,,,,,,,,False,False,Enzo Fernández,,,,,,,,,,,True,False
Lautaro Martínez,lautaro martinez,ARG,fifa.world,0.4,5,goals,goals,ARG,ARG,2,top,Lautaro Martínez,fifa.world,unknown,2,2,0,0,0.5,0.08333333333333337,,,,,,,,,False,False,Lautaro Martínez,,,,,,,,,,,True,False
Lionel Messi,lionel messi,ARG,fifa.world,0.4,5,goals,goals,ARG,ARG,3,top,Lionel Messi,fifa.world,unknown,2,2,0,0,0.0,-0.5833333333333333,,,,,,,,,False,False,Lionel Messi,,,,,,,,,,,True,False
Emiliano Martínez,emiliano martinez,ARG,fifa.world,3.8,5,saves,saves,ARG,ARG,1,bottom,Emiliano Martínez,fifa.world,unknown,2,2,0,0,0.5,3.833333333333333,,,,,,,,,False,False,Emiliano Martínez,,,,,,,,,,,True,False
Emiliano Martínez,emiliano martinez,ARG,fifa.world,3.8,5,saves,saves,ARG,ARG,1,top,Emiliano Martínez,fifa.world,unknown,2,2,0,0,0.5,3.833333333333333,,,,,,,,,False,False,Emiliano Martínez,,,,,,,,,,,True,False
Emiliano Martínez,emiliano martinez,ARG,fifa.world,0.0,5,shots,shots,ARG,ARG,1,bottom,Emiliano Martínez,fifa.world,unknown,2,2,0,0,0.0,0.0,,,,,,,,,False,False,Emiliano Martínez,,,,,,,,,,,True,False
Exequiel Palacios,exequiel palacios,ARG,fifa.world,0.0,5,shots,shots,ARG,ARG,2,bottom,Exequiel Palacios,fifa.world,unknown,2,2,0,0,0.0,0.0,,,,,,,,,False,False,Exequiel Palacios,,,,,,,,,,,True,False
Facundo Medina,facundo medina,ARG,fifa.world,0.0,5,shots,shots,ARG,ARG,3,bottom,Facundo Medina,fifa.world,unknown,2,2,0,0,0.0,0.0,,,,,,,,,False,False,Facundo Medina,,,,,,,,,,,True,False
Lionel Messi,lionel messi,ARG,fifa.world,4.0,5,shots,shots,ARG,ARG,1,top,Lionel Messi,fifa.world,unknown,2,2,0,0,0.0,-4.375,,,,,,,,,False,False,Lionel Messi,,,,,,,,,,,True,False
Alexis Mac Allister,alexis mac allister,ARG,fifa.world,2.2,5,shots,shots,ARG,ARG,2,top,Alexis Mac Allister,fifa.world,unknown,2,2,0,0,0.5,-1.2083333333333333,,,,,,,,,False,False,Alexis Mac Allister,,,,,,,,,,,True,False
Enzo Fernández,enzo fernandez,ARG,fifa.world,2.0,5,shots,shots,ARG,ARG,3,top,Enzo Fernández,fifa.world,unknown,2,2,0,0,0.5,-0.25,,,,,,,,,False,False,Enzo Fernández,,,,,,,,,,,True,False
Emiliano Martínez,emiliano martinez,ARG,fifa.world,0.0,5,shots_on_target,shots_on_target,ARG,ARG,1,bottom,Emiliano Martínez,fifa.world,unknown,2,2,0,0,0.0,0.0,,,,,,,,,False,False,Emiliano Martínez,,,,,,,,,,,True,False
Exequiel Palacios,exequiel palacios,ARG,fifa.world,0.0,5,shots_on_target,shots_on_target,ARG,ARG,2,bottom,Exequiel Palacios,fifa.world,unknown,2,2,0,0,0.0,0.0,,,,,,,,,False,False,Exequiel Palacios,,,,,,,,,,,True,False
Facundo Medina,facundo medina,ARG,fifa.world,0.0,5,shots_on_target,shots_on_target,ARG,ARG,3,bottom,Facundo Medina,fifa.world,unknown,2,2,0,0,0.0,0.0,,,,,,,,,False,False,Facundo Medina,,,,,,,,,,,True,False
Lionel Messi,lionel messi,ARG,fifa.world,1.8,5,shots_on_target,shots_on_target,ARG,ARG,1,top,Lionel Messi,fifa.world,unknown,2,2,0,0,0.0,-2.625,,,,,,,,,False,False,Lionel Messi,,,,,,,,,,,True,False
Enzo Fernández,enzo fernandez,ARG,fifa.world,0.8,5,shots_on_target,shots_on_target,ARG,ARG,2,top,Enzo Fernández,fifa.world,unknown,2,2,0,0,0.0,-0.5,,,,,,,,,False,False,Enzo Fernández,,,,,,,,,,,True,False
Alexis Mac Allister,alexis mac allister,ARG,fifa.world,0.6,5,shots_on_target,shots_on_target,ARG,ARG,3,top,Alexis Mac Allister,fifa.world,unknown,2,2,0,0,0.5,-0.20833333333333331,,,,,,,,,False,False,Alexis Mac Allister,,,,,,,,,,,True,False
Brayan Cortés,brayan cortes,ARGENTINOS,Argentina,0.0,5,assists,assists,ARGENTINOS,ARGENTINOS,1,bottom,Brayan Cortés,Argentina,elite,2,2,2,0,0.0,0.0,0.0,,,,,0.0,,,False,False,Brayan Cortés,,,,,,,,,,,True,False
Claudio Bravo,claudio bravo,ARGENTINOS,Argentina,0.0,5,assists,assists,ARGENTINOS,ARGENTINOS,2,bottom,Claudio Bravo,Argentina,elite,2,2,2,0,0.0,0.0,0.0,,,,,0.0,,,False,False,Claudio Bravo,,,,,,,,,,,True,False
Diego Rodríguez,diego rodriguez,ARGENTINOS,Argentina,0.0,5,assists,assists,ARGENTINOS,ARGENTINOS,3,bottom,Diego Rodríguez,Argentina,elite,2,2,2,0,0.0,0.0,0.0,,,,,0.0,,,False,False,Diego Rodríguez,,,,,,,,,,,True,False
Tomás Molina,tomas molina,ARGENTINOS,Argentina,0.4,5,assists,assists,ARGENTINOS,ARGENTINOS,1,top,Tomás Molina,Argentina,elite,2,2,2,0,0.0,-0.5833333333333333,-0.5833333333333333,,,,,0.0,,,False,True,Tomás Molina,,,,,,,,,,,True,False
Gabriel Florentín,gabriel florentin,ARGENTINOS,Argentina,0.2,5,assists,assists,ARGENTINOS,ARGENTINOS,2,top,Gabriel Florentín,Argentina,elite,2,2,2,0,0.0,-0.29166666666666663,-0.29166666666666663,,,,,0.0,,,False,False,Gabriel Florentín,,,,,,,,,,,True,False
Hernan Lopez,hernan lopez,ARGENTINOS,Argentina,0.2,5,assists,assists,ARGENTINOS,ARGENTINOS,3,top,Hernan Lopez,Argentina,elite,2,2,2,0,0.0,-0.29166666666666663,-0.29166666666666663,,,,,0.0,,,False,False,Hernan Lopez,,,,,,,,,,,True,False
Brayan Cortés,brayan cortes,ARGENTINOS,Argentina,0.0,5,goals,goals,ARGENTINOS,ARGENTINOS,1,bottom,Brayan Cortés,Argentina,elite,2,2,2,0,0.0,0.0,0.0,,,,,0.0,,,False,False,Brayan Cortés,,,,,,,,,,,True,False
Claudio Bravo,claudio bravo,ARGENTINOS,Argentina,0.0,5,goals,goals,ARGENTINOS,ARGENTINOS,2,bottom,Claudio Bravo,Argentina,elite,2,2,2,0,0.0,0.0,0.0,,,,,0.0,,,False,False,Claudio Bravo,,,,,,,,,,,True,False
Diego Rodríguez,diego rodriguez,ARGENTINOS,Argentina,0.0,5,goals,goals,ARGENTINOS,ARGENTINOS,3,bottom,Diego Rodríguez,Argentina,elite,2,2,2,0,0.0,0.0,0.0,,,,,0.0,,,False,False,Diego Rodríguez,,,,,,,,,,,True,False
Hernan Lopez,hernan lopez,ARGENTINOS,Argentina,0.4,5,goals,goals,ARGENTINOS,ARGENTINOS,1,top,Hernan Lopez,Argentina,elite,2,2,2,0,0.5,0.08333333333333337,0.08333333333333337,,,,,0.5,,,False,False,Hernan Lopez,,,,,,,,,,,True,False
Francisco Álvarez,francisco alvarez,ARGENTINOS,Argentina,0.2,5,goals,goals,ARGENTINOS,ARGENTINOS,2,top,Francisco Álvarez,Argentina,elite,2,2,2,0,0.0,-0.29166666666666663,-0.29166666666666663,,,,,0.0,,,False,False,Francisco Álvarez,,,,,,,,,,,True,False
Gastón Verón,gaston veron,ARGENTINOS,Argentina,0.2,5,goals,goals,ARGENTINOS,ARGENTINOS,3,top,Gastón Verón,Argentina,elite,2,2,2,0,0.0,-0.29166666666666663,-0.29166666666666663,,,,,0.0,,,False,False,Gastón Verón,,,,,,,,,,,True,False
Brayan Cortés,brayan cortes,ARGENTINOS,Argentina,2.0,5,saves,saves,ARGENTINOS,ARGENTINOS,1,bottom,Brayan Cortés,Argentina,elite,2,2,2,0,0.0,-0.7916666666666667,-0.7916666666666667,,,,,0.0,,,False,True,Brayan Cortés,,,,,,,,,,,True,False
Brayan Cortés,brayan cortes,ARGENTINOS,Argentina,2.0,5,saves,saves,ARGENTINOS,ARGENTINOS,1,top,Brayan Cortés,Argentina,elite,2,2,2,0,0.0,-0.7916666666666667,-0.7916666666666667,,,,,0.0,,,False,True,Brayan Cortés,,,,,,,,,,,True,False
Brayan Cortés,brayan cortes,ARGENTINOS,Argentina,0.0,5,shots,shots,ARGENTINOS,ARGENTINOS,1,bottom,Brayan Cortés,Argentina,elite,2,2,2,0,0.0,0.0,0.0,,,,,0.0,,,False,False,Brayan Cortés,,,,,,,,,,,True,False
Claudio Bravo,claudio bravo,ARGENTINOS,Argentina,0.0,5,shots,shots,ARGENTINOS,ARGENTINOS,2,bottom,Claudio Bravo,Argentina,elite,2,2,2,0,0.0,0.0,0.0,,,,,0.0,,,False,False,Claudio Bravo,,,,,,,,,,,True,False
Diego Rodríguez,diego rodriguez,ARGENTINOS,Argentina,0.0,5,shots,shots,ARGENTINOS,ARGENTINOS,3,bottom,Diego Rodríguez,Argentina,elite,2,2,2,0,0.0,0.0,0.0,,,,,0.0,,,False,False,Diego Rodríguez,,,,,,,,,,,True,False
Gastón Verón,gaston veron,ARGENTINOS,Argentina,2.4,5,shots,shots,ARGENTINOS,ARGENTINOS,1,top,Gastón Verón,Argentina,elite,2,2,2,0,0.0,-1.5,-1.5,,,,,0.0,,,False,True,Gastón Verón,,,,,,,,,,,True,False
Hernan Lopez,hernan lopez,ARGENTINOS,Argentina,1.8,5,shots,shots,ARGENTINOS,ARGENTINOS,2,top,Hernan Lopez,Argentina,elite,2,2,2,0,1.0,1.75,1.75,,,,,1.0,,,False,False,Hernan Lopez,,,,,,,,,,,True,False
Tomás Molina,tomas molina,ARGENTINOS,Argentina,1.8,5,shots,shots,ARGENTINOS,ARGENTINOS,3,top,Tomás Molina,Argentina,elite,2,2,2,0,1.0,1.75,1.75,,,,,1.0,,,False,False,Tomás Molina,,,,,,,,,,,True,False
Brayan Cortés,brayan cortes,ARGENTINOS,Argentina,0.0,5,shots_on_target,shots_on_target,ARGENTINOS,ARGENTINOS,1,bottom,Brayan Cortés,Argentina,elite,2,2,2,0,0.0,0.0,0.0,,,,,0.0,,,False,False,Brayan Cortés,,,,,,,,,,,True,False
Claudio Bravo,claudio bravo,ARGENTINOS,Argentina,0.0,5,shots_on_target,shots_on_target,ARGENTINOS,ARGENTINOS,2,bottom,Claudio Bravo,Argentina,elite,2,2,2,0,0.0,0.0,0.0,,,,,0.0,,,False,False,Claudio Bravo,,,,,,,,,,,True,False
Diego Rodríguez,diego rodriguez,ARGENTINOS,Argentina,0.0,5,shots_on_target,shots_on_target,ARGENTINOS,ARGENTINOS,3,bottom,Diego Rodríguez,Argentina,elite,2,2,2,0,0.0,0.0,0.0,,,,,0.0,,,False,False,Diego Rodríguez,,,,,,,,,,,True,False
Gastón Verón,gaston veron,ARGENTINOS,Argentina,0.8,5,shots_on_target,shots_on_target,ARGENTINOS,ARGENTINOS,1,top,Gastón Verón,Argentina,elite,2,2,2,0,0.0,-0.5,-0.5,,,,,0.0,,,False,True,Gastón Verón,,,,,,,,,,,True,False
Tomás Molina,tomas molina,ARGENTINOS,Argentina,0.8,5,shots_on_target,shots_on_target,ARGENTINOS,ARGENTINOS,2,top,Tomás Molina,Argentina,elite,2,2,2,0,0.5,0.16666666666666674,0.16666666666666674,,,,,0.5,,,False,False,Tomás Molina,,,,,,,,,,,True,False
Hernan Lopez,hernan lopez,ARGENTINOS,Argentina,0.6,5,shots_on_target,shots_on_target,ARGENTINOS,ARGENTINOS,3,top,Hernan Lopez,Argentina,elite,2,2,2,0,0.5,0.45833333333333337,0.45833333333333337,,,,,0.5,,,False,False,Hernan Lopez,,,,,,,,,,,True,False
Adrian Gill,adrian gill,ATLANTA UNITED,MLS,0.0,5,assists,assists,ATLANTA UNITED,ATLANTA UNITED,1,bottom,Adrian Gill,MLS,weak,2,2,0,2,0.0,0.0,,0.0,,,0.0,,,,False,False,Adrian Gill,,,,,,,,,,,True,False
Cayman Togashi,cayman togashi,ATLANTA UNITED,MLS,0.0,5,assists,assists,ATLANTA UNITED,ATLANTA UNITED,2,bottom,Cayman Togashi,MLS,weak,2,2,0,2,0.0,0.0,,0.0,,,0.0,,,,False,False,Cayman Togashi,,,,,,,,,,,True,False
Elías Baez,elias baez,ATLANTA UNITED,MLS,0.0,5,assists,assists,ATLANTA UNITED,ATLANTA UNITED,3,bottom,Elías Baez,MLS,weak,2,2,0,2,0.0,0.0,,0.0,,,0.0,,,,False,False,Elías Baez,,,,,,,,,,,True,False
Alexey Miranchuk,alexey miranchuk,ATLANTA UNITED,MLS,0.6,5,assists,assists,ATLANTA UNITED,ATLANTA UNITED,1,top,Alexey Miranchuk,MLS,weak,2,2,0,2,1.0,0.5833333333333334,,0.5833333333333334,,,1.0,,,,False,False,Alexey Miranchuk,,,,,,,,,,,True,False
Miguel Almirón,miguel almiron,ATLANTA UNITED,MLS,0.2,5,assists,assists,ATLANTA UNITED,ATLANTA UNITED,2,top,Miguel Almirón,MLS,weak,3,3,1,2,0.3333333333333333,0.3333333333333333,0.0,0.5,,,0.5,0.0,0.5,0.5,False,False,Miguel Almirón,,,,,,,,,,,True,False
Adrian Gill,adrian gill,ATLANTA UNITED,MLS,0.0,5,assists,assists,ATLANTA UNITED,ATLANTA UNITED,3,top,Adrian Gill,MLS,weak,2,2,0,2,0.0,0.0,,0.0,,,0.0,,,,False,False,Adrian Gill,,,,,,,,,,,True,False
Adrian Gill,adrian gill,ATLANTA UNITED,MLS,0.0,5,goals,goals,ATLANTA UNITED,ATLANTA UNITED,1,bottom,Adrian Gill,MLS,weak,2,2,0,2,0.0,0.0,,0.0,,,0.0,,,,False,False,Adrian Gill,,,,,,,,,,,True,False
Alexey Miranchuk,alexey miranchuk,ATLANTA UNITED,MLS,0.0,5,goals,goals,ATLANTA UNITED,ATLANTA UNITED,2,bottom,Alexey Miranchuk,MLS,weak,2,2,0,2,0.0,0.0,,0.0,,,0.0,,,,False,False,Alexey Miranchuk,,,,,,,,,,,True,False
Cayman Togashi,cayman togashi,ATLANTA UNITED,MLS,0.0,5,goals,goals,ATLANTA UNITED,ATLANTA UNITED,3,bottom,Cayman Togashi,MLS,weak,2,2,0,2,0.0,0.0,,0.0,,,0.0,,,,False,False,Cayman Togashi,,,,,,,,,,,True,False
Miguel Almirón,miguel almiron,ATLANTA UNITED,MLS,0.6,5,goals,goals,ATLANTA UNITED,ATLANTA UNITED,1,top,Miguel Almirón,MLS,weak,3,3,1,2,0.6666666666666666,0.1888888888888889,0.6666666666666667,-0.04999999999999999,,,0.5,1.0,-0.7166666666666668,-0.7166666666666668,False,False,Miguel Almirón,,,,,,,,,,,True,False
Tristan Muyumba,tristan muyumba,ATLANTA UNITED,MLS,0.4,5,goals,goals,ATLANTA UNITED,ATLANTA UNITED,2,top,Tristan Muyumba,MLS,weak,2,2,0,2,1.0,0.875,,0.875,,,1.0,,,,False,False,Tristan Muyumba,,,,,,,,,,,True,False
Elías Baez,elias baez,ATLANTA UNITED,MLS,0.2,5,goals,goals,ATLANTA UNITED,ATLANTA UNITED,3,top,Elías Baez,MLS,weak,2,2,0,2,0.0,-0.29166666666666663,,-0.29166666666666663,,,0.0,,,,False,False,Elías Baez,,,,,,,,,,,True,False
Jayden Hibbert,jayden hibbert,ATLANTA UNITED,MLS,0.0,5,saves,saves,ATLANTA UNITED,ATLANTA UNITED,1,bottom,Jayden Hibbert,MLS,weak,2,2,0,2,0.0,0.0,,0.0,,,0.0,,,,False,False,Jayden Hibbert,,,,,,,,,,,True,False
Lucas Hoyos,lucas hoyos,ATLANTA UNITED,MLS,3.6,5,saves,saves,ATLANTA UNITED,ATLANTA UNITED,2,bottom,Lucas Hoyos,MLS,weak,2,2,0,2,0.0,-1.0,,-1.0,,,0.0,,,,False,False,Lucas Hoyos,,,,,,,,,,,True,False
Lucas Hoyos,lucas hoyos,ATLANTA UNITED,MLS,3.6,5,saves,saves,ATLANTA UNITED,ATLANTA UNITED,1,top,Lucas Hoyos,MLS,weak,2,2,0,2,0.0,-1.0,,-1.0,,,0.0,,,,False,False,Lucas Hoyos,,,,,,,,,,,True,False
Jayden Hibbert,jayden hibbert,ATLANTA UNITED,MLS,0.0,5,saves,saves,ATLANTA UNITED,ATLANTA UNITED,2,top,Jayden Hibbert,MLS,weak,2,2,0,2,0.0,0.0,,0.0,,,0.0,,,,False,False,Jayden Hibbert,,,,,,,,,,,True,False
Adrian Gill,adrian gill,ATLANTA UNITED,MLS,0.0,5,shots,shots,ATLANTA UNITED,ATLANTA UNITED,1,bottom,Adrian Gill,MLS,weak,2,2,0,2,0.0,0.0,,0.0,,,0.0,,,,False,False,Adrian Gill,,,,,,,,,,,True,False
Cayman Togashi,cayman togashi,ATLANTA UNITED,MLS,0.0,5,shots,shots,ATLANTA UNITED,ATLANTA UNITED,2,bottom,Cayman Togashi,MLS,weak,2,2,0,2,0.0,0.0,,0.0,,,0.0,,,,False,False,Cayman Togashi,,,,,,,,,,,True,False
Jayden Hibbert,jayden hibbert,ATLANTA UNITED,MLS,0.0,5,shots,shots,ATLANTA UNITED,ATLANTA UNITED,3,bottom,Jayden Hibbert,MLS,weak,2,2,0,2,0.0,0.0,,0.0,,,0.0,,,,False,False,Jayden Hibbert,,,,,,,,,,,True,False
Miguel Almirón,miguel almiron,ATLANTA UNITED,MLS,3.4,5,shots,shots,ATLANTA UNITED,ATLANTA UNITED,1,top,Miguel Almirón,MLS,weak,3,3,1,2,0.3333333333333333,0.1277777777777779,4.333333333333334,-1.975,,,0.0,1.0,-6.308333333333334,-6.308333333333334,False,False,Miguel Almirón,,,,,,,,,,,True,False
Alexey Miranchuk,alexey miranchuk,ATLANTA UNITED,MLS,1.4,5,shots,shots,ATLANTA UNITED,ATLANTA UNITED,2,top,Alexey Miranchuk,MLS,weak,2,2,0,2,0.5,0.33333333333333337,,0.33333333333333337,,,0.5,,,,False,False,Alexey Miranchuk,,,,,,,,,,,True,False
Tristan Muyumba,tristan muyumba,ATLANTA UNITED,MLS,1.4,5,shots,shots,ATLANTA UNITED,ATLANTA UNITED,3,top,Tristan Muyumba,MLS,weak,2,2,0,2,0.5,0.20833333333333337,,0.20833333333333337,,,0.5,,,,False,False,Tristan Muyumba,,,,,,,,,,,True,False
Adrian Gill,adrian gill,ATLANTA UNITED,MLS,0.0,5,shots_on_target,shots_on_target,ATLANTA UNITED,ATLANTA UNITED,1,bottom,Adrian Gill,MLS,weak,2,2,0,2,0.0,0.0,,0.0,,,0.0,,,,False,False,Adrian Gill,,,,,,,,,,,True,False
Cayman Togashi,cayman togashi,ATLANTA UNITED,MLS,0.0,5,shots_on_target,shots_on_target,ATLANTA UNITED,ATLANTA UNITED,2,bottom,Cayman Togashi,MLS,weak,2,2,0,2,0.0,0.0,,0.0,,,0.0,,,,False,False,Cayman Togashi,,,,,,,,,,,True,False
Jayden Hibbert,jayden hibbert,ATLANTA UNITED,MLS,0.0,5,shots_on_target,shots_on_target,ATLANTA UNITED,ATLANTA UNITED,3,bottom,Jayden Hibbert,MLS,weak,2,2,0,2,0.0,0.0,,0.0,,,0.0,,,,False,False,Jayden Hibbert,,,,,,,,,,,True,False
Miguel Almirón,miguel almiron,ATLANTA UNITED,MLS,1.6,5,shots_on_target,shots_on_target,ATLANTA UNITED,ATLANTA UNITED,1,top,Miguel Almirón,MLS,weak,3,3,1,2,0.3333333333333333,0.21666666666666665,3.0,-1.175,,,0.0,1.0,-4.175,-4.175,False,False,Miguel Almirón,,,,,,,,,,,True,False
Alexey Miranchuk,alexey miranchuk,ATLANTA UNITED,MLS,0.8,5,shots_on_target,shots_on_target,ATLANTA UNITED,ATLANTA UNITED,2,top,Alexey Miranchuk,MLS,weak,2,2,0,2,0.5,-0.375,,-0.375,,,0.5,,,,False,False,Alexey Miranchuk,,,,,,,,,,,True,False
Elías Baez,elias baez,ATLANTA UNITED,MLS,0.6,5,shots_on_target,shots_on_target,ATLANTA UNITED,ATLANTA UNITED,3,top,Elías Baez,MLS,weak,2,2,0,2,0.0,-0.875,,-0.875,,,0.0,,,,False,False,Elías Baez,,,,,,,,,,,True,False
Ademir,ademir,BAHIA,Brazil,0.0,5,assists,assists,BAHIA,BAHIA,1,bottom,Ademir,Brazil,elite,2,2,1,1,0.0,0.0,0.0,0.0,,,0.0,0.0,0.0,0.0,False,False,Ademir,,,,,,,,,,,True,False
Erick Pulga,erick pulga,BAHIA,Brazil,0.0,5,assists,assists,BAHIA,BAHIA,2,bottom,Erick Pulga,Brazil,elite,2,2,1,1,0.0,0.0,0.0,0.0,,,0.0,0.0,0.0,0.0,False,False,Erick Pulga,,,,,,,,,,,True,False
Everaldo,everaldo,BAHIA,Brazil,0.0,5,assists,assists,BAHIA,BAHIA,3,bottom,Everaldo,Brazil,weak,2,2,0,2,0.0,0.0,,0.0,,,0.0,,,,False,False,Everaldo,,,,,,,,,,,True,False
Rodrigo Nestor,rodrigo nestor,BAHIA,Brazil,0.3333333333333333,6,assists,assists,BAHIA,BAHIA,1,top,Rodrigo Nestor,Brazil,weak,3,3,1,2,0.0,-0.5222222222222221,-0.6666666666666666,-0.45,,,0.0,0.0,0.21666666666666662,0.21666666666666662,False,False,Rodrigo Nestor,,,,,,,,,,,True,False
David Duarte,david duarte,BAHIA,Brazil,0.2,5,assists,assists,BAHIA,BAHIA,2,top,David Duarte,Brazil,weak,2,2,0,2,0.0,-0.29166666666666663,,-0.29166666666666663,,,0.0,,,,False,False,David Duarte,,,,,,,,,,,True,False
Jean Lucas,jean lucas,BAHIA,Brazil,0.16666666666666666,6,assists,assists,BAHIA,BAHIA,3,top,Jean Lucas,Brazil,weak,3,3,1,2,0.3333333333333333,0.3333333333333333,0.0,0.5,,,0.5,0.0,0.5,0.5,False,False,Jean Lucas,,,,,,,,,,,True,False
Erick Pulga,erick pulga,BAHIA,Brazil,0.0,5,goals,goals,BAHIA,BAHIA,1,bottom,Erick Pulga,Brazil,elite,2,2,1,1,0.0,0.0,0.0,0.0,,,0.0,0.0,0.0,0.0,False,False,Erick Pulga,,,,,,,,,,,True,False
Everaldo,everaldo,BAHIA,Brazil,0.0,5,goals,goals,BAHIA,BAHIA,2,bottom,Everaldo,Brazil,weak,2,2,0,2,0.0,0.0,,0.0,,,0.0,,,,False,False,Everaldo,,,,,,,,,,,True,False
Guido Herrera,guido herrera,BAHIA,Brazil,0.0,5,goals,goals,BAHIA,BAHIA,3,bottom,Guido Herrera,Brazil,weak,2,2,0,2,0.0,0.0,,0.0,,,0.0,,,,False,False,Guido Herrera,,,,,,,,,,,True,False
Ademir,ademir,BAHIA,Brazil,0.2,5,goals,goals,BAHIA,BAHIA,1,top,Ademir,Brazil,elite,2,2,1,1,0.0,-0.29166666666666663,-0.3333333333333333,-0.25,,,0.0,0.0,0.08333333333333331,0.08333333333333331,False,False,Ademir,,,,,,,,,,,True,False
David Duarte,david duarte,BAHIA,Brazil,0.2,5,goals,goals,BAHIA,BAHIA,2,top,David Duarte,Brazil,weak,2,2,0,2,0.0,-0.29166666666666663,,-0.29166666666666663,,,0.0,,,,False,False,David Duarte,,,,,,,,,,,True,False
Nicolás Acevedo,nicolas acevedo,BAHIA,Brazil,0.16666666666666666,6,goals,goals,BAHIA,BAHIA,3,top,Nicolás Acevedo,Brazil,weak,3,3,1,2,0.3333333333333333,0.3333333333333333,0.0,0.5,,,0.5,0.0,0.5,0.5,False,False,Nicolás Acevedo,,,,,,,,,,,True,False
Guido Herrera,guido herrera,BAHIA,Brazil,0.0,5,saves,saves,BAHIA,BAHIA,1,bottom,Guido Herrera,Brazil,weak,2,2,0,2,0.0,0.0,,0.0,,,0.0,,,,False,False,Guido Herrera,,,,,,,,,,,True,False
Ronaldo,ronaldo,BAHIA,Brazil,3.1666666666666665,6,saves,saves,BAHIA,BAHIA,2,bottom,Ronaldo,Brazil,weak,3,3,1,2,0.3333333333333333,1.0666666666666667,8.0,-2.4,,,0.0,1.0,-10.4,-10.4,False,False,Ronaldo,,,,,,,,,,,True,False
Ronaldo,ronaldo,BAHIA,Brazil,3.1666666666666665,6,saves,saves,BAHIA,BAHIA,1,top,Ronaldo,Brazil,weak,3,3,1,2,0.3333333333333333,1.0666666666666667,8.0,-2.4,,,0.0,1.0,-10.4,-10.4,False,False,Ronaldo,,,,,,,,,,,True,False
Guido Herrera,guido herrera,BAHIA,Brazil,0.0,5,saves,saves,BAHIA,BAHIA,2,top,Guido Herrera,Brazil,weak,2,2,0,2,0.0,0.0,,0.0,,,0.0,,,,False,False,Guido Herrera,,,,,,,,,,,True,False
Everaldo,everaldo,BAHIA,Brazil,0.0,5,shots,shots,BAHIA,BAHIA,1,bottom,Everaldo,Brazil,weak,2,2,0,2,0.0,0.0,,0.0,,,0.0,,,,False,False,Everaldo,,,,,,,,,,,True,False
Guido Herrera,guido herrera,BAHIA,Brazil,0.0,5,shots,shots,BAHIA,BAHIA,2,bottom,Guido Herrera,Brazil,weak,2,2,0,2,0.0,0.0,,0.0,,,0.0,,,,False,False,Guido Herrera,,,,,,,,,,,True,False
Kanu,kanu,BAHIA,Brazil,0.0,6,shots,shots,BAHIA,BAHIA,3,bottom,Kanu,Brazil,weak,3,3,1,2,0.0,0.0,0.0,0.0,,,0.0,0.0,0.0,0.0,False,False,Kanu,,,,,,,,,,,True,False
Rodrigo Nestor,rodrigo nestor,BAHIA,Brazil,2.8333333333333335,6,shots,shots,BAHIA,BAHIA,1,top,Rodrigo Nestor,Brazil,weak,3,3,1,2,0.3333333333333333,-0.6444444444444445,-1.3333333333333335,-0.30000000000000004,,,0.5,0.0,1.0333333333333334,1.0333333333333334,False,False,Rodrigo Nestor,,,,,,,,,,,True,False
Ademir,ademir,BAHIA,Brazil,2.0,5,shots,shots,BAHIA,BAHIA,2,top,Ademir,Brazil,elite,2,2,1,1,0.0,-0.6666666666666667,-1.3333333333333335,0.0,,,0.0,0.0,1.3333333333333335,1.3333333333333335,False,False,Ademir,,,,,,,,,,,True,False
Román Gómez,roman gomez,BAHIA,Brazil,1.6666666666666667,6,shots,shots,BAHIA,BAHIA,3,top,Román Gómez,Brazil,weak,3,3,1,2,0.3333333333333333,-0.9611111111111112,-2.3333333333333335,-0.275,,,0.5,0.0,2.0583333333333336,2.0583333333333336,False,False,Román Gómez,,,,,,,,,,,True,False
Everaldo,everaldo,BAHIA,Brazil,0.0,5,shots_on_target,shots_on_target,BAHIA,BAHIA,1,bottom,Everaldo,Brazil,weak,2,2,0,2,0.0,0.0,,0.0,,,0.0,,,,False,False,Everaldo,,,,,,,,,,,True,False
Guido Herrera,guido herrera,BAHIA,Brazil,0.0,5,shots_on_target,shots_on_target,BAHIA,BAHIA,2,bottom,Guido Herrera,Brazil,weak,2,2,0,2,0.0,0.0,,0.0,,,0.0,,,,False,False,Guido Herrera,,,,,,,,,,,True,False
Jean Lucas,jean lucas,BAHIA,Brazil,0.0,6,shots_on_target,shots_on_target,BAHIA,BAHIA,3,bottom,Jean Lucas,Brazil,weak,3,3,1,2,0.0,0.0,0.0,0.0,,,0.0,0.0,0.0,0.0,False,False,Jean Lucas,,,,,,,,,,,True,False
Rodrigo Nestor,rodrigo nestor,BAHIA,Brazil,0.8333333333333334,6,shots_on_target,shots_on_target,BAHIA,BAHIA,1,top,Rodrigo Nestor,Brazil,weak,3,3,1,2,0.6666666666666666,-0.18333333333333335,-1.0,0.22499999999999998,,,1.0,0.0,1.225,1.225,True,False,Rodrigo Nestor,,,,,,,,,,,True,False
Ademir,ademir,BAHIA,Brazil,0.6,5,shots_on_target,shots_on_target,BAHIA,BAHIA,2,top,Ademir,Brazil,elite,2,2,1,1,0.5,-0.08333333333333331,-0.6666666666666666,0.5,,,1.0,0.0,1.1666666666666665,1.1666666666666665,False,False,Ademir,,,,,,,,,,,True,False
Erick Pulga,erick pulga,BAHIA,Brazil,0.4,5,shots_on_target,shots_on_target,BAHIA,BAHIA,3,top,Erick Pulga,Brazil,elite,2,2,1,1,0.5,0.20833333333333334,-0.3333333333333333,0.75,,,1.0,0.0,1.0833333333333333,1.0833333333333333,False,False,Erick Pulga,,,,,,,,,,,True,False
Brandon Oviedo,brandon oviedo,BANFIELD,Argentina,0.0,5,assists,assists,BANFIELD,BANFIELD,1,bottom,Brandon Oviedo,Argentina,elite,2,2,2,0,0.0,0.0,0.0,,,,,0.0,,,False,False,Brandon Oviedo,,,,,,,,,,,True,False
Bruno Sepúlveda,bruno sepulveda,BANFIELD,Argentina,0.0,5,assists,assists,BANFIELD,BANFIELD,2,bottom,Bruno Sepúlveda,Argentina,elite,2,2,2,0,0.0,0.0,0.0,,,,,0.0,,,False,False,Bruno Sepúlveda,,,,,,,,,,,True,False
Facundo Sanguinetti,facundo sanguinetti,BANFIELD,Argentina,0.0,5,assists,assists,BANFIELD,BANFIELD,3,bottom,Facundo Sanguinetti,Argentina,elite,2,2,2,0,0.0,0.0,0.0,,,,,0.0,,,False,False,Facundo Sanguinetti,,,,,,,,,,,True,False
David Salazar,david salazar,BANFIELD,Argentina,0.2,5,assists,assists,BANFIELD,BANFIELD,1,top,David Salazar,Argentina,elite,2,2,2,0,0.0,-0.29166666666666663,-0.29166666666666663,,,,,0.0,,,False,False,David Salazar,,,,,,,,,,,True,False
Brandon Oviedo,brandon oviedo,BANFIELD,Argentina,0.0,5,assists,assists,BANFIELD,BANFIELD,2,top,Brandon Oviedo,Argentina,elite,2,2,2,0,0.0,0.0,0.0,,,,,0.0,,,False,False,Brandon Oviedo,,,,,,,,,,,True,False
Bruno Sepúlveda,bruno sepulveda,BANFIELD,Argentina,0.0,5,assists,assists,BANFIELD,BANFIELD,3,top,Bruno Sepúlveda,Argentina,elite,2,2,2,0,0.0,0.0,0.0,,,,,0.0,,,False,False,Bruno Sepúlveda,,,,,,,,,,,True,False
Brandon Oviedo,brandon oviedo,BANFIELD,Argentina,0.0,5,goals,goals,BANFIELD,BANFIELD,1,bottom,Brandon Oviedo,Argentina,elite,2,2,2,0,0.0,0.0,0.0,,,,,0.0,,,False,False,Brandon Oviedo,,,,,,,,,,,True,False
David Salazar,david salazar,BANFIELD,Argentina,0.0,5,goals,goals,BANFIELD,BANFIELD,2,bottom,David Salazar,Argentina,elite,2,2,2,0,0.0,0.0,0.0,,,,,0.0,,,False,False,David Salazar,,,,,,,,,,,True,False
Facundo Sanguinetti,facundo sanguinetti,BANFIELD,Argentina,0.0,5,goals,goals,BANFIELD,BANFIELD,3,bottom,Facundo Sanguinetti,Argentina,elite,2,2,2,0,0.0,0.0,0.0,,,,,0.0,,,False,False,Facundo Sanguinetti,,,,,,,,,,,True,False
Bruno Sepúlveda,bruno sepulveda,BANFIELD,Argentina,0.2,5,goals,goals,BANFIELD,BANFIELD,1,top,Bruno Sepúlveda,Argentina,elite,2,2,2,0,0.0,-0.29166666666666663,-0.29166666666666663,,,,,0.0,,,False,False,Bruno Sepúlveda,,,,,,,,,,,True,False
Brandon Oviedo,brandon oviedo,BANFIELD,Argentina,0.0,5,goals,goals,BANFIELD,BANFIELD,2,top,Brandon Oviedo,Argentina,elite,2,2,2,0,0.0,0.0,0.0,,,,,0.0,,,False,False,Brandon Oviedo,,,,,,,,,,,True,False
David Salazar,david salazar,BANFIELD,Argentina,0.0,5,goals,goals,BANFIELD,BANFIELD,3,top,David Salazar,Argentina,elite,2,2,2,0,0.0,0.0,0.0,,,,,0.0,,,False,False,David Salazar,,,,,,,,,,,True,False
Gino Santilli,gino santilli,BANFIELD,Argentina,0.4,5,saves,saves,BANFIELD,BANFIELD,1,bottom,Gino Santilli,Argentina,elite,2,2,2,0,0.5,1.0,1.0,,,,,0.5,,,False,False,Gino Santilli,,,,,,,,,,,True,False
Facundo Sanguinetti,facundo sanguinetti,BANFIELD,Argentina,3.0,5,saves,saves,BANFIELD,BANFIELD,2,bottom,Facundo Sanguinetti,Argentina,elite,2,2,2,0,0.0,-2.375,-2.375,,,,,0.0,,,False,True,Facundo Sanguinetti,,,,,,,,,,,True,False
Facundo Sanguinetti,facundo sanguinetti,BANFIELD,Argentina,3.0,5,saves,saves,BANFIELD,BANFIELD,1,top,Facundo Sanguinetti,Argentina,elite,2,2,2,0,0.0,-2.375,-2.375,,,,,0.0,,,False,True,Facundo Sanguinetti,,,,,,,,,,,True,False
Gino Santilli,gino santilli,BANFIELD,Argentina,0.4,5,saves,saves,BANFIELD,BANFIELD,2,top,Gino Santilli,Argentina,elite,2,2,2,0,0.5,1.0,1.0,,,,,0.5,,,False,False,Gino Santilli,,,,,,,,,,,True,False
Brandon Oviedo,brandon oviedo,BANFIELD,Argentina,0.0,5,shots,shots,BANFIELD,BANFIELD,1,bottom,Brandon Oviedo,Argentina,elite,2,2,2,0,0.0,0.0,0.0,,,,,0.0,,,False,False,Brandon Oviedo,,,,,,,,,,,True,False
Facundo Sanguinetti,facundo sanguinetti,BANFIELD,Argentina,0.0,5,shots,shots,BANFIELD,BANFIELD,2,bottom,Facundo Sanguinetti,Argentina,elite,2,2,2,0,0.0,0.0,0.0,,,,,0.0,,,False,False,Facundo Sanguinetti,,,,,,,,,,,True,False
Gino Santilli,gino santilli,BANFIELD,Argentina,0.0,5,shots,shots,BANFIELD,BANFIELD,3,bottom,Gino Santilli,Argentina,elite,2,2,2,0,0.0,0.0,0.0,,,,,0.0,,,False,False,Gino Santilli,,,,,,,,,,,True,False
Bruno Sepúlveda,bruno sepulveda,BANFIELD,Argentina,1.2,5,shots,shots,BANFIELD,BANFIELD,1,top,Bruno Sepúlveda,Argentina,elite,2,2,2,0,0.0,-1.0833333333333335,-1.0833333333333335,,,,,0.0,,,False,True,Bruno Sepúlveda,,,,,,,,,,,True,False
David Salazar,david salazar,BANFIELD,Argentina,1.0,5,shots,shots,BANFIELD,BANFIELD,2,top,David Salazar,Argentina,elite,2,2,2,0,0.0,-0.7916666666666666,-0.7916666666666666,,,,,0.0,,,False,True,David Salazar,,,,,,,,,,,True,False
Federico Anselmo,federico anselmo,BANFIELD,Argentina,0.8,5,shots,shots,BANFIELD,BANFIELD,3,top,Federico Anselmo,Argentina,elite,2,2,2,0,0.5,0.8333333333333333,0.8333333333333333,,,,,0.5,,,False,False,Federico Anselmo,,,,,,,,,,,True,False
Brandon Oviedo,brandon oviedo,BANFIELD,Argentina,0.0,5,shots_on_target,shots_on_target,BANFIELD,BANFIELD,1,bottom,Brandon Oviedo,Argentina,elite,2,2,2,0,0.0,0.0,0.0,,,,,0.0,,,False,False,Brandon Oviedo,,,,,,,,,,,True,False
Facundo Sanguinetti,facundo sanguinetti,BANFIELD,Argentina,0.0,5,shots_on_target,shots_on_target,BANFIELD,BANFIELD,2,bottom,Facundo Sanguinetti,Argentina,elite,2,2,2,0,0.0,0.0,0.0,,,,,0.0,,,False,False,Facundo Sanguinetti,,,,,,,,,,,True,False
Favio Álvarez,favio alvarez,BANFIELD,Argentina,0.0,5,shots_on_target,shots_on_target,BANFIELD,BANFIELD,3,bottom,Favio Álvarez,Argentina,elite,2,2,2,0,0.0,0.0,0.0,,,,,0.0,,,False,False,Favio Álvarez,,,,,,,,,,,True,False
Bruno Sepúlveda,bruno sepulveda,BANFIELD,Argentina,0.6,5,shots_on_target,shots_on_target,BANFIELD,BANFIELD,1,top,Bruno Sepúlveda,Argentina,elite,2,2,2,0,0.5,-0.20833333333333331,-0.20833333333333331,,,,,0.5,,,False,False,Bruno Sepúlveda,,,,,,,,,,,True,False
Lautaro Gómez,lautaro gomez,BANFIELD,Argentina,0.4,5,shots_on_target,shots_on_target,BANFIELD,BANFIELD,2,top,Lautaro Gómez,Argentina,elite,2,2,2,0,0.0,-0.5833333333333333,-0.5833333333333333,,,,,0.0,,,False,True,Lautaro Gómez,,,,,,,,,,,True,False
Luis Abraham,luis abraham,BANFIELD,Argentina,0.4,5,shots_on_target,shots_on_target,BANFIELD,BANFIELD,3,top,Luis Abraham,Argentina,elite,2,2,2,0,0.5,0.75,0.75,,,,,0.5,,,False,False,Luis Abraham,,,,,,,,,,,True,False
Dardo Miloc,dardo miloc,BARRACAS,Argentina,0.0,5,assists,assists,BARRACAS,BARRACAS,1,bottom,Dardo Miloc,Argentina,elite,2,2,2,0,0.0,0.0,0.0,,,,,0.0,,,False,False,Dardo Miloc,,,,,,,,,,,True,False
Elías Pereyra,elias pereyra,BARRACAS,Argentina,0.0,5,assists,assists,BARRACAS,BARRACAS,2,bottom,Elías Pereyra,Argentina,elite,2,2,2,0,0.0,0.0,0.0,,,,,0.0,,,False,False,Elías Pereyra,,,,,,,,,,,True,False
Fernando Tobio,fernando tobio,BARRACAS,Argentina,0.0,5,assists,assists,BARRACAS,BARRACAS,3,bottom,Fernando Tobio,Argentina,elite,2,2,2,0,0.0,0.0,0.0,,,,,0.0,,,False,False,Fernando Tobio,,,,,,,,,,,True,False
Iván Tapia,ivan tapia,BARRACAS,Argentina,0.2,5,assists,assists,BARRACAS,BARRACAS,1,top,Iván Tapia,Argentina,elite,2,2,2,0,0.0,-0.29166666666666663,-0.29166666666666663,,,,,0.0,,,False,False,Iván Tapia,,,,,,,,,,,True,False
Tomás Porra,tomas porra,BARRACAS,Argentina,0.2,5,assists,assists,BARRACAS,BARRACAS,2,top,Tomás Porra,Argentina,elite,2,2,2,0,0.0,-0.29166666666666663,-0.29166666666666663,,,,,0.0,,,False,False,Tomás Porra,,,,,,,,,,,True,False
Dardo Miloc,dardo miloc,BARRACAS,Argentina,0.0,5,assists,assists,BARRACAS,BARRACAS,3,top,Dardo Miloc,Argentina,elite,2,2,2,0,0.0,0.0,0.0,,,,,0.0,,,False,False,Dardo Miloc,,,,,,,,,,,True,False
Dardo Miloc,dardo miloc,BARRACAS,Argentina,0.0,5,goals,goals,BARRACAS,BARRACAS,1,bottom,Dardo Miloc,Argentina,elite,2,2,2,0,0.0,0.0,0.0,,,,,0.0,,,False,False,Dardo Miloc,,,,,,,,,,,True,False
Elías Pereyra,elias pereyra,BARRACAS,Argentina,0.0,5,goals,goals,BARRACAS,BARRACAS,2,bottom,Elías Pereyra,Argentina,elite,2,2,2,0,0.0,0.0,0.0,,,,,0.0,,,False,False,Elías Pereyra,,,,,,,,,,,True,False
Fernando Tobio,fernando tobio,BARRACAS,Argentina,0.0,5,goals,goals,BARRACAS,BARRACAS,3,bottom,Fernando Tobio,Argentina,elite,2,2,2,0,0.0,0.0,0.0,,,,,0.0,,,False,False,Fernando Tobio,,,,,,,,,,,True,False
Gonzalo Maroni,gonzalo maroni,BARRACAS,Argentina,0.2,5,goals,goals,BARRACAS,BARRACAS,1,top,Gonzalo Maroni,Argentina,elite,2,2,2,0,0.0,-0.29166666666666663,-0.29166666666666663,,,,,0.0,,,False,False,Gonzalo Maroni,,,,,,,,,,,True,False
Tomás Porra,tomas porra,BARRACAS,Argentina,0.2,5,goals,goals,BARRACAS,BARRACAS,2,top,Tomás Porra,Argentina,elite,2,2,2,0,0.0,-0.29166666666666663,-0.29166666666666663,,,,,0.0,,,False,False,Tomás Porra,,,,,,,,,,,True,False
Dardo Miloc,dardo miloc,BARRACAS,Argentina,0.0,5,goals,goals,BARRACAS,BARRACAS,3,top,Dardo Miloc,Argentina,elite,2,2,2,0,0.0,0.0,0.0,,,,,0.0,,,False,False,Dardo Miloc,,,,,,,,,,,True,False
Juan Espínola,juan espinola,BARRACAS,Argentina,0.0,5,saves,saves,BARRACAS,BARRACAS,1,bottom,Juan Espínola,Argentina,elite,2,2,2,0,0.0,0.0,0.0,,,,,0.0,,,False,False,Juan Espínola,,,,,,,,,,,True,False
Marcelo Miño,marcelo mino,BARRACAS,Argentina,3.0,5,saves,saves,BARRACAS,BARRACAS,2,bottom,Marcelo Miño,Argentina,elite,2,2,2,0,0.5,-0.125,-0.125,,,,,0.5,,,False,False,Marcelo Miño,,,,,,,,,,,True,False
Marcelo Miño,marcelo mino,BARRACAS,Argentina,3.0,5,saves,saves,BARRACAS,BARRACAS,1,top,Marcelo Miño,Argentina,elite,2,2,2,0,0.5,-0.125,-0.125,,,,,0.5,,,False,False,Marcelo Miño,,,,,,,,,,,True,False
Juan Espínola,juan espinola,BARRACAS,Argentina,0.0,5,saves,saves,BARRACAS,BARRACAS,2,top,Juan Espínola,Argentina,elite,2,2,2,0,0.0,0.0,0.0,,,,,0.0,,,False,False,Juan Espínola,,,,,,,,,,,True,False
Dardo Miloc,dardo miloc,BARRACAS,Argentina,0.0,5,shots,shots,BARRACAS,BARRACAS,1,bottom,Dardo Miloc,Argentina,elite,2,2,2,0,0.0,0.0,0.0,,,,,0.0,,,False,False,Dardo Miloc,,,,,,,,,,,True,False
Elías Pereyra,elias pereyra,BARRACAS,Argentina,0.0,5,shots,shots,BARRACAS,BARRACAS,2,bottom,Elías Pereyra,Argentina,elite,2,2,2,0,0.0,0.0,0.0,,,,,0.0,,,False,False,Elías Pereyra,,,,,,,,,,,True,False
Gastón Campi,gaston campi,BARRACAS,Argentina,0.0,5,shots,shots,BARRACAS,BARRACAS,3,bottom,Gastón Campi,Argentina,elite,2,2,2,0,0.0,0.0,0.0,,,,,0.0,,,False,False,Gastón Campi,,,,,,,,,,,True,False
Tomás Porra,tomas porra,BARRACAS,Argentina,2.0,5,shots,shots,BARRACAS,BARRACAS,1,top,Tomás Porra,Argentina,elite,2,2,2,0,1.0,1.5833333333333335,1.5833333333333335,,,,,1.0,,,False,False,Tomás Porra,,,,,,,,,,,True,False
Jhonatan Candia,jhonatan candia,BARRACAS,Argentina,1.8,5,shots,shots,BARRACAS,BARRACAS,2,top,Jhonatan Candia,Argentina,elite,2,2,2,0,1.0,1.0833333333333335,1.0833333333333335,,,,,1.0,,,False,False,Jhonatan Candia,,,,,,,,,,,True,False
Gonzalo Maroni,gonzalo maroni,BARRACAS,Argentina,1.6,5,shots,shots,BARRACAS,BARRACAS,3,top,Gonzalo Maroni,Argentina,elite,2,2,2,0,0.5,0.7083333333333334,0.7083333333333334,,,,,0.5,,,False,False,Gonzalo Maroni,,,,,,,,,,,True,False
Dardo Miloc,dardo miloc,BARRACAS,Argentina,0.0,5,shots_on_target,shots_on_target,BARRACAS,BARRACAS,1,bottom,Dardo Miloc,Argentina,elite,2,2,2,0,0.0,0.0,0.0,,,,,0.0,,,False,False,Dardo Miloc,,,,,,,,,,,True,False
Elías Pereyra,elias pereyra,BARRACAS,Argentina,0.0,5,shots_on_target,shots_on_target,BARRACAS,BARRACAS,2,bottom,Elías Pereyra,Argentina,elite,2,2,2,0,0.0,0.0,0.0,,,,,0.0,,,False,False,Elías Pereyra,,,,,,,,,,,True,False
Gastón Campi,gaston campi,BARRACAS,Argentina,0.0,5,shots_on_target,shots_on_target,BARRACAS,BARRACAS,3,bottom,Gastón Campi,Argentina,elite,2,2,2,0,0.0,0.0,0.0,,,,,0.0,,,False,False,Gastón Campi,,,,,,,,,,,True,False
Jhonatan Candia,jhonatan candia,BARRACAS,Argentina,0.6,5,shots_on_target,shots_on_target,BARRACAS,BARRACAS,1,top,Jhonatan Candia,Argentina,elite,2,2,2,0,0.5,0.7083333333333334,0.7083333333333334,,,,,0.5,,,False,False,Jhonatan Candia,,,,,,,,,,,True,False
Iván Tapia,ivan tapia,BARRACAS,Argentina,0.4,5,shots_on_target,shots_on_target,BARRACAS,BARRACAS,2,top,Iván Tapia,Argentina,elite,2,2,2,0,0.5,0.08333333333333337,0.08333333333333337,,,,,0.5,,,False,False,Iván Tapia,,,,,,,,,,,True,False
Tomás Porra,tomas porra,BARRACAS,Argentina,0.4,5,shots_on_target,shots_on_target,BARRACAS,BARRACAS,3,top,Tomás Porra,Argentina,elite,2,2,2,0,0.5,0.20833333333333334,0.20833333333333334,,,,,0.5,,,False,False,Tomás Porra,,,,,,,,,,,True,False
Camryn Miller,camryn miller,BAY FC,NWSL,0.0,5,assists,assists,BAY FC,BAY FC,1,bottom,Camryn Miller,NWSL,mid,2,2,0,1,0.0,0.0,,0.0,0.0,,0.0,,,,False,False,Camryn Miller,,,,,,,,,,,True,False
Caroline Conti,caroline conti,BAY FC,NWSL,0.0,8,assists,assists,BAY FC,BAY FC,2,bottom,Caroline Conti,NWSL,elite,5,5,2,2,0.0,0.0,0.0,0.0,0.0,,0.0,0.0,0.0,0.0,False,False,Caroline Conti,,,,,,,,,,,True,False
Cristiana Girelli,cristiana girelli,BAY FC,NWSL,0.0,8,assists,assists,BAY FC,BAY FC,3,bottom,Cristiana Girelli,NWSL,elite,5,5,2,2,0.0,0.0,0.0,0.0,0.0,,0.0,0.0,0.0,0.0,False,False,Cristiana Girelli,,,,,,,,,,,True,False
Hannah Bebar,hannah bebar,BAY FC,NWSL,0.25,8,assists,assists,BAY FC,BAY FC,1,top,Hannah Bebar,NWSL,elite,5,5,2,2,0.4,0.3380952380952381,0.4285714285714286,-0.08333333333333333,1.0,-0.4278265679784807,0.0,0.5,-0.511904761904762,-0.511904761904762,False,False,Hannah Bebar,,,,,,,,,,,True,False
Aldana Cometti,aldana cometti,BAY FC,NWSL,0.125,8,assists,assists,BAY FC,BAY FC,2,top,Aldana Cometti,NWSL,elite,5,5,2,2,0.2,0.1380952380952381,-0.07142857142857142,-0.08333333333333333,1.0,-0.06079136569053357,0.0,0.0,-0.011904761904761904,-0.011904761904761904,False,False,Aldana Cometti,,,,,,,,,,,True,False
Alex Pfeiffer,alex pfeiffer,BAY FC,NWSL,0.125,8,assists,assists,BAY FC,BAY FC,3,top,Alex Pfeiffer,NWSL,elite,5,5,2,2,0.0,-0.21857142857142856,-0.19642857142857142,-0.25,-0.2,-0.16414531754036032,0.0,0.0,-0.053571428571428575,-0.053571428571428575,False,False,Alex Pfeiffer,,,,,,,,,,,True,False
Aldana Cometti,aldana cometti,BAY FC,NWSL,0.0,8,goals,goals,BAY FC,BAY FC,1,bottom,Aldana Cometti,NWSL,elite,5,5,2,2,0.0,0.0,0.0,0.0,0.0,,0.0,0.0,0.0,0.0,False,False,Aldana Cometti,,,,,,,,,,,True,False
Alex Pfeiffer,alex pfeiffer,BAY FC,NWSL,0.0,8,goals,goals,BAY FC,BAY FC,2,bottom,Alex Pfeiffer,NWSL,elite,5,5,2,2,0.0,0.0,0.0,0.0,0.0,,0.0,0.0,0.0,0.0,False,False,Alex Pfeiffer,,,,,,,,,,,True,False
Camryn Miller,camryn miller,BAY FC,NWSL,0.0,5,goals,goals,BAY FC,BAY FC,3,bottom,Camryn Miller,NWSL,mid,2,2,0,1,0.0,0.0,,0.0,0.0,,0.0,,,,False,False,Camryn Miller,,,,,,,,,,,True,False
Karlie Lema,karlie lema,BAY FC,NWSL,0.625,8,goals,goals,BAY FC,BAY FC,1,top,Karlie Lema,NWSL,elite,5,5,2,2,0.2,-0.6742857142857142,-0.2857142857142857,-1.0,-0.8,-0.3807825897310281,0.0,0.5,-0.7142857142857143,-0.7142857142857143,False,False,Karlie Lema,,,,,,,,,,,True,False
Heather Gilchrist,heather gilchrist,BAY FC,NWSL,0.2,5,goals,goals,BAY FC,BAY FC,2,top,Heather Gilchrist,NWSL,elite,2,2,1,1,0.5,0.5,1.0,0.0,,,0.0,1.0,-1.0,-1.0,False,False,Heather Gilchrist,,,,,,,,,,,True,False
Claire Hutton,claire hutton,BAY FC,NWSL,0.125,8,goals,goals,BAY FC,BAY FC,3,top,Claire Hutton,NWSL,elite,5,5,2,2,0.0,-0.21857142857142856,-0.19642857142857142,-0.25,-0.2,-0.16414531754036032,0.0,0.0,-0.053571428571428575,-0.053571428571428575,False,False,Claire Hutton,,,,,,,,,,,True,False
Camryn Miller,camryn miller,BAY FC,NWSL,0.0,5,saves,saves,BAY FC,BAY FC,1,bottom,Camryn Miller,NWSL,mid,2,2,0,1,0.0,0.0,,0.0,0.0,,0.0,,,,False,False,Camryn Miller,,,,,,,,,,,True,False
Emmie Allen,emmie allen,BAY FC,NWSL,0.0,8,saves,saves,BAY FC,BAY FC,2,bottom,Emmie Allen,NWSL,elite,5,5,2,2,0.0,0.0,0.0,0.0,0.0,,0.0,0.0,0.0,0.0,False,False,Emmie Allen,,,,,,,,,,,True,False
Jordan Silkowitz,jordan silkowitz,BAY FC,NWSL,4.625,8,saves,saves,BAY FC,BAY FC,3,bottom,Jordan Silkowitz,NWSL,elite,5,5,2,2,0.4,0.05857142857142872,1.1964285714285716,-0.75,-0.5999999999999996,-0.4552303349727887,0.5,0.5,-1.9464285714285716,-1.9464285714285716,False,False,Jordan Silkowitz,,,,,,,,,,,True,False
Jordan Silkowitz,jordan silkowitz,BAY FC,NWSL,4.625,8,saves,saves,BAY FC,BAY FC,1,top,Jordan Silkowitz,NWSL,elite,5,5,2,2,0.4,0.05857142857142872,1.1964285714285716,-0.75,-0.5999999999999996,-0.4552303349727887,0.5,0.5,-1.9464285714285716,-1.9464285714285716,False,False,Jordan Silkowitz,,,,,,,,,,,True,False
Camryn Miller,camryn miller,BAY FC,NWSL,0.0,5,saves,saves,BAY FC,BAY FC,2,top,Camryn Miller,NWSL,mid,2,2,0,1,0.0,0.0,,0.0,0.0,,0.0,,,,False,False,Camryn Miller,,,,,,,,,,,True,False
Emmie Allen,emmie allen,BAY FC,NWSL,0.0,8,saves,saves,BAY FC,BAY FC,3,top,Emmie Allen,NWSL,elite,5,5,2,2,0.0,0.0,0.0,0.0,0.0,,0.0,0.0,0.0,0.0,False,False,Emmie Allen,,,,,,,,,,,True,False
Camryn Miller,camryn miller,BAY FC,NWSL,0.0,5,shots,shots,BAY FC,BAY FC,1,bottom,Camryn Miller,NWSL,mid,2,2,0,1,0.0,0.0,,0.0,0.0,,0.0,,,,False,False,Camryn Miller,,,,,,,,,,,True,False
Emmie Allen,emmie allen,BAY FC,NWSL,0.0,8,shots,shots,BAY FC,BAY FC,2,bottom,Emmie Allen,NWSL,elite,5,5,2,2,0.0,0.0,0.0,0.0,0.0,,0.0,0.0,0.0,0.0,False,False,Emmie Allen,,,,,,,,,,,True,False
Jordan Silkowitz,jordan silkowitz,BAY FC,NWSL,0.0,8,shots,shots,BAY FC,BAY FC,3,bottom,Jordan Silkowitz,NWSL,elite,5,5,2,2,0.0,0.0,0.0,0.0,0.0,,0.0,0.0,0.0,0.0,False,False,Jordan Silkowitz,,,,,,,,,,,True,False
Alex Pfeiffer,alex pfeiffer,BAY FC,NWSL,2.75,8,shots,shots,BAY FC,BAY FC,1,top,Alex Pfeiffer,NWSL,elite,5,5,2,2,0.6,0.17857142857142855,0.1964285714285714,-0.25,1.0,-0.3282622208885599,0.5,0.5,-0.4464285714285714,-0.4464285714285714,False,False,Alex Pfeiffer,,,,,,,,,,,True,False
Karlie Lema,karlie lema,BAY FC,NWSL,2.125,8,shots,shots,BAY FC,BAY FC,2,top,Karlie Lema,NWSL,elite,5,5,2,2,0.2,-0.4119047619047619,-0.6964285714285714,-0.33333333333333326,0.0,0.352086549811648,0.5,0.0,0.36309523809523814,0.36309523809523814,False,True,Karlie Lema,,,,,,,,,,,True,False
Kennedy Fuller,kennedy fuller,BAY FC,NWSL,1.5,8,shots,shots,BAY FC,BAY FC,3,top,Kennedy Fuller,NWSL,elite,5,5,2,2,0.6,-0.31952380952380954,-0.7321428571428571,0.33333333333333326,-0.8,0.4911117909805179,1.0,0.5,1.0654761904761902,1.0654761904761902,True,True,Kennedy Fuller,,,,,,,,,,,True,False
Aldana Cometti,aldana cometti,BAY FC,NWSL,0.0,8,shots_on_target,shots_on_target,BAY FC,BAY FC,1,bottom,Aldana Cometti,NWSL,elite,5,5,2,2,0.0,0.0,0.0,0.0,0.0,,0.0,0.0,0.0,0.0,False,False,Aldana Cometti,,,,,,,,,,,True,False
Camryn Miller,camryn miller,BAY FC,NWSL,0.0,5,shots_on_target,shots_on_target,BAY FC,BAY FC,2,bottom,Camryn Miller,NWSL,mid,2,2,0,1,0.0,0.0,,0.0,0.0,,0.0,,,,False,False,Camryn Miller,,,,,,,,,,,True,False
Dorian Bailey,dorian bailey,BAY FC,NWSL,0.0,8,shots_on_target,shots_on_target,BAY FC,BAY FC,3,bottom,Dorian Bailey,NWSL,elite,5,5,2,2,0.0,0.0,0.0,0.0,0.0,,0.0,0.0,0.0,0.0,False,False,Dorian Bailey,,,,,,,,,,,True,False
Alex Pfeiffer,alex pfeiffer,BAY FC,NWSL,1.125,8,shots_on_target,shots_on_target,BAY FC,BAY FC,1,top,Alex Pfeiffer,NWSL,elite,5,5,2,2,0.4,-0.41047619047619044,-0.3928571428571429,0.16666666666666674,-1.6,0.15362575652289623,0.5,0.5,0.5595238095238096,0.5595238095238096,False,True,Alex Pfeiffer,,,,,,,,,,,True,False
Karlie Lema,karlie lema,BAY FC,NWSL,1.125,8,shots_on_target,shots_on_target,BAY FC,BAY FC,2,top,Karlie Lema,NWSL,elite,5,5,2,2,0.2,-0.7685714285714286,-0.8214285714285714,-0.5,-1.2,0.3260869285990637,0.5,0.0,0.3214285714285714,0.3214285714285714,False,True,Karlie Lema,,,,,,,,,,,True,False
Claire Hutton,claire hutton,BAY FC,NWSL,0.625,8,shots_on_target,shots_on_target,BAY FC,BAY FC,3,top,Claire Hutton,NWSL,elite,5,5,2,2,0.4,-0.20285714285714285,-0.8571428571428572,0.25000000000000006,0.19999999999999996,0.43223398786314754,0.5,0.0,1.1071428571428572,1.1071428571428572,False,True,Claire Hutton,,,,,,,,,,,True,False
Adrián Sporle,adrian sporle,BELGRANO,Argentina,0.0,5,assists,assists,BELGRANO,BELGRANO,1,bottom,Adrián Sporle,Argentina,elite,2,2,2,0,0.0,0.0,0.0,,,,,0.0,,,False,False,Adrián Sporle,,,,,,,,,,,True,False
Agustín Griguol,agustin griguol,BELGRANO,Argentina,0.0,5,assists,assists,BELGRANO,BELGRANO,2,bottom,Agustín Griguol,Argentina,elite,2,2,2,0,0.0,0.0,0.0,,,,,0.0,,,False,False,Agustín Griguol,,,,,,,,,,,True,False
Alexis Maldonado,alexis maldonado,BELGRANO,Argentina,0.0,5,assists,assists,BELGRANO,BELGRANO,3,bottom,Alexis Maldonado,Argentina,elite,2,2,2,0,0.0,0.0,0.0,,,,,0.0,,,False,False,Alexis Maldonado,,,,,,,,,,,True,False
Lucas Zelarayán,lucas zelarayan,BELGRANO,Argentina,0.2,5,assists,assists,BELGRANO,BELGRANO,1,top,Lucas Zelarayán,Argentina,elite,2,2,2,0,0.5,0.375,0.375,,,,,0.5,,,False,False,Lucas Zelarayán,,,,,,,,,,,True,False
Ramiro Hernandes,ramiro hernandes,BELGRANO,Argentina,0.2,5,assists,assists,BELGRANO,BELGRANO,2,top,Ramiro Hernandes,Argentina,elite,2,2,2,0,0.0,-0.29166666666666663,-0.29166666666666663,,,,,0.0,,,False,False,Ramiro Hernandes,,,,,,,,,,,True,False
Adrián Sporle,adrian sporle,BELGRANO,Argentina,0.0,5,assists,assists,BELGRANO,BELGRANO,3,top,Adrián Sporle,Argentina,elite,2,2,2,0,0.0,0.0,0.0,,,,,0.0,,,False,False,Adrián Sporle,,,,,,,,,,,True,False
Adrián Sporle,adrian sporle,BELGRANO,Argentina,0.0,5,goals,goals,BELGRANO,BELGRANO,1,bottom,Adrián Sporle,Argentina,elite,2,2,2,0,0.0,0.0,0.0,,,,,0.0,,,False,False,Adrián Sporle,,,,,,,,,,,True,False
Agustín Griguol,agustin griguol,BELGRANO,Argentina,0.0,5,goals,goals,BELGRANO,BELGRANO,2,bottom,Agustín Griguol,Argentina,elite,2,2,2,0,0.0,0.0,0.0,,,,,0.0,,,False,False,Agustín Griguol,,,,,,,,,,,True,False
Alexis Maldonado,alexis maldonado,BELGRANO,Argentina,0.0,5,goals,goals,BELGRANO,BELGRANO,3,bottom,Alexis Maldonado,Argentina,elite,2,2,2,0,0.0,0.0,0.0,,,,,0.0,,,False,False,Alexis Maldonado,,,,,,,,,,,True,False
Emiliano Rigoni,emiliano rigoni,BELGRANO,Argentina,0.2,5,goals,goals,BELGRANO,BELGRANO,1,top,Emiliano Rigoni,Argentina,elite,2,2,2,0,0.5,0.5,0.5,,,,,0.5,,,False,False,Emiliano Rigoni,,,,,,,,,,,True,False
Lisandro López,lisandro lopez,BELGRANO,Argentina,0.2,5,goals,goals,BELGRANO,BELGRANO,2,top,Lisandro López,Argentina,elite,2,2,2,0,0.5,0.375,0.375,,,,,0.5,,,False,False,Lisandro López,,,,,,,,,,,True,False
Lucas Passerini,lucas passerini,BELGRANO,Argentina,0.2,5,goals,goals,BELGRANO,BELGRANO,3,top,Lucas Passerini,Argentina,elite,2,2,2,0,0.5,0.375,0.375,,,,,0.5,,,False,False,Lucas Passerini,,,,,,,,,,,True,False
Manuel Vincentini,manuel vincentini,BELGRANO,Argentina,0.4,5,saves,saves,BELGRANO,BELGRANO,1,bottom,Manuel Vincentini,Argentina,elite,2,2,2,0,0.0,-0.5833333333333333,-0.5833333333333333,,,,,0.0,,,False,True,Manuel Vincentini,,,,,,,,,,,True,False
Manuel Vincentini,manuel vincentini,BELGRANO,Argentina,0.4,5,saves,saves,BELGRANO,BELGRANO,1,top,Manuel Vincentini,Argentina,elite,2,2,2,0,0.0,-0.5833333333333333,-0.5833333333333333,,,,,0.0,,,False,True,Manuel Vincentini,,,,,,,,,,,True,False
Agustín Griguol,agustin griguol,BELGRANO,Argentina,0.0,5,shots,shots,BELGRANO,BELGRANO,1,bottom,Agustín Griguol,Argentina,elite,2,2,2,0,0.0,0.0,0.0,,,,,0.0,,,False,False,Agustín Griguol,,,,,,,,,,,True,False
Alexis Maldonado,alexis maldonado,BELGRANO,Argentina,0.0,5,shots,shots,BELGRANO,BELGRANO,2,bottom,Alexis Maldonado,Argentina,elite,2,2,2,0,0.0,0.0,0.0,,,,,0.0,,,False,False,Alexis Maldonado,,,,,,,,,,,True,False
Gonzalo Zelarayán,gonzalo zelarayan,BELGRANO,Argentina,0.0,5,shots,shots,BELGRANO,BELGRANO,3,bottom,Gonzalo Zelarayán,Argentina,elite,2,2,2,0,0.0,0.0,0.0,,,,,0.0,,,False,False,Gonzalo Zelarayán,,,,,,,,,,,True,False
Lucas Passerini,lucas passerini,BELGRANO,Argentina,2.4,5,shots,shots,BELGRANO,BELGRANO,1,top,Lucas Passerini,Argentina,elite,2,2,2,0,1.0,2.2083333333333335,2.2083333333333335,,,,,1.0,,,False,False,Lucas Passerini,,,,,,,,,,,True,False
Emiliano Rigoni,emiliano rigoni,BELGRANO,Argentina,1.6,5,shots,shots,BELGRANO,BELGRANO,2,top,Emiliano Rigoni,Argentina,elite,2,2,2,0,0.5,0.7083333333333334,0.7083333333333334,,,,,0.5,,,False,False,Emiliano Rigoni,,,,,,,,,,,True,False
Lucas Zelarayán,lucas zelarayan,BELGRANO,Argentina,1.6,5,shots,shots,BELGRANO,BELGRANO,3,top,Lucas Zelarayán,Argentina,elite,2,2,2,0,0.0,-1.6666666666666667,-1.6666666666666667,,,,,0.0,,,False,True,Lucas Zelarayán,,,,,,,,,,,True,False
Agustín Griguol,agustin griguol,BELGRANO,Argentina,0.0,5,shots_on_target,shots_on_target,BELGRANO,BELGRANO,1,bottom,Agustín Griguol,Argentina,elite,2,2,2,0,0.0,0.0,0.0,,,,,0.0,,,False,False,Agustín Griguol,,,,,,,,,,,True,False
Alexis Maldonado,alexis maldonado,BELGRANO,Argentina,0.0,5,shots_on_target,shots_on_target,BELGRANO,BELGRANO,2,bottom,Alexis Maldonado,Argentina,elite,2,2,2,0,0.0,0.0,0.0,,,,,0.0,,,False,False,Alexis Maldonado,,,,,,,,,,,True,False
Gonzalo Zelarayán,gonzalo zelarayan,BELGRANO,Argentina,0.0,5,shots_on_target,shots_on_target,BELGRANO,BELGRANO,3,bottom,Gonzalo Zelarayán,Argentina,elite,2,2,2,0,0.0,0.0,0.0,,,,,0.0,,,False,False,Gonzalo Zelarayán,,,,,,,,,,,True,False
Lucas Passerini,lucas passerini,BELGRANO,Argentina,0.8,5,shots_on_target,shots_on_target,BELGRANO,BELGRANO,1,top,Lucas Passerini,Argentina,elite,2,2,2,0,1.0,1.0833333333333335,1.0833333333333335,,,,,1.0,,,False,False,Lucas Passerini,,,,,,,,,,,True,False
Emiliano Rigoni,emiliano rigoni,BELGRANO,Argentina,0.6,5,shots_on_target,shots_on_target,BELGRANO,BELGRANO,2,top,Emiliano Rigoni,Argentina,elite,2,2,2,0,1.0,0.5833333333333334,0.5833333333333334,,,,,1.0,,,False,False,Emiliano Rigoni,,,,,,,,,,,True,False
Adrián Sporle,adrian sporle,BELGRANO,Argentina,0.4,5,shots_on_target,shots_on_target,BELGRANO,BELGRANO,3,top,Adrián Sporle,Argentina,elite,2,2,2,0,0.5,0.08333333333333337,0.08333333333333337,,,,,0.5,,,False,False,Adrián Sporle,,,,,,,,,,,True,False
Alan Velasco,alan velasco,BOCA JUNIORS,Argentina,0.0,5,assists,assists,BOCA JUNIORS,BOCA JUNIORS,1,bottom,Alan Velasco,Argentina,elite,2,2,2,0,0.0,0.0,0.0,,,,,0.0,,,False,False,Alan Velasco,,,,,,,,,,,True,False
Ayrton Costa,ayrton costa,BOCA JUNIORS,Argentina,0.0,5,assists,assists,BOCA JUNIORS,BOCA JUNIORS,2,bottom,Ayrton Costa,Argentina,elite,2,2,2,0,0.0,0.0,0.0,,,,,0.0,,,False,False,Ayrton Costa,,,,,,,,,,,True,False
Camilo Rey,camilo rey,BOCA JUNIORS,Argentina,0.0,5,assists,assists,BOCA JUNIORS,BOCA JUNIORS,3,bottom,Camilo Rey,Argentina,elite,2,2,2,0,0.0,0.0,0.0,,,,,0.0,,,False,False,Camilo Rey,,,,,,,,,,,True,False
Lautaro Blanco,lautaro blanco,BOCA JUNIORS,Argentina,0.2,5,assists,assists,BOCA JUNIORS,BOCA JUNIORS,1,top,Lautaro Blanco,Argentina,elite,2,2,2,0,0.0,-0.29166666666666663,-0.29166666666666663,,,,,0.0,,,False,False,Lautaro Blanco,,,,,,,,,,,True,False
Santiago Ascacibar,santiago ascacibar,BOCA JUNIORS,Argentina,0.2,5,assists,assists,BOCA JUNIORS,BOCA JUNIORS,2,top,Santiago Ascacibar,Argentina,elite,2,2,2,0,0.5,0.5,0.5,,,,,0.5,,,False,False,Santiago Ascacibar,,,,,,,,,,,True,False
Sebastián Villa,sebastian villa,BOCA JUNIORS,Argentina,0.2,5,assists,assists,BOCA JUNIORS,BOCA JUNIORS,3,top,Sebastián Villa,Argentina,elite,2,2,2,0,0.0,-0.29166666666666663,-0.29166666666666663,,,,,0.0,,,False,False,Sebastián Villa,,,,,,,,,,,True,False
Ayrton Costa,ayrton costa,BOCA JUNIORS,Argentina,0.0,5,goals,goals,BOCA JUNIORS,BOCA JUNIORS,1,bottom,Ayrton Costa,Argentina,elite,2,2,2,0,0.0,0.0,0.0,,,,,0.0,,,False,False,Ayrton Costa,,,,,,,,,,,True,False
Camilo Rey,camilo rey,BOCA JUNIORS,Argentina,0.0,5,goals,goals,BOCA JUNIORS,BOCA JUNIORS,2,bottom,Camilo Rey,Argentina,elite,2,2,2,0,0.0,0.0,0.0,,,,,0.0,,,False,False,Camilo Rey,,,,,,,,,,,True,False
Dylan Gorosito,dylan gorosito,BOCA JUNIORS,Argentina,0.0,5,goals,goals,BOCA JUNIORS,BOCA JUNIORS,3,bottom,Dylan Gorosito,Argentina,elite,2,2,2,0,0.0,0.0,0.0,,,,,0.0,,,False,False,Dylan Gorosito,,,,,,,,,,,True,False
Santiago Ascacibar,santiago ascacibar,BOCA JUNIORS,Argentina,0.6,5,goals,goals,BOCA JUNIORS,BOCA JUNIORS,1,top,Santiago Ascacibar,Argentina,elite,2,2,2,0,0.5,-0.20833333333333331,-0.20833333333333331,,,,,0.5,,,False,False,Santiago Ascacibar,,,,,,,,,,,True,False
Alan Velasco,alan velasco,BOCA JUNIORS,Argentina,0.2,5,goals,goals,BOCA JUNIORS,BOCA JUNIORS,2,top,Alan Velasco,Argentina,elite,2,2,2,0,0.0,-0.29166666666666663,-0.29166666666666663,,,,,0.0,,,False,False,Alan Velasco,,,,,,,,,,,True,False
Miguel Merentiel,miguel merentiel,BOCA JUNIORS,Argentina,0.2,5,goals,goals,BOCA JUNIORS,BOCA JUNIORS,3,top,Miguel Merentiel,Argentina,elite,2,2,2,0,0.5,0.5,0.5,,,,,0.5,,,False,False,Miguel Merentiel,,,,,,,,,,,True,False
Leandro Brey,leandro brey,BOCA JUNIORS,Argentina,0.0,5,saves,saves,BOCA JUNIORS,BOCA JUNIORS,1,bottom,Leandro Brey,Argentina,elite,2,2,2,0,0.0,0.0,0.0,,,,,0.0,,,False,False,Leandro Brey,,,,,,,,,,,True,False
Álvaro Montero,alvaro montero,BOCA JUNIORS,Argentina,2.8,5,saves,saves,BOCA JUNIORS,BOCA JUNIORS,2,bottom,Álvaro Montero,Argentina,elite,4,4,4,0,0.75,2.5625,2.5625,,,,,0.75,,,False,False,Álvaro Montero,,,,,,,,,,,True,False
Álvaro Montero,alvaro montero,BOCA JUNIORS,Argentina,2.8,5,saves,saves,BOCA JUNIORS,BOCA JUNIORS,1,top,Álvaro Montero,Argentina,elite,4,4,4,0,0.75,2.5625,2.5625,,,,,0.75,,,False,False,Álvaro Montero,,,,,,,,,,,True,False
Leandro Brey,leandro brey,BOCA JUNIORS,Argentina,0.0,5,saves,saves,BOCA JUNIORS,BOCA JUNIORS,2,top,Leandro Brey,Argentina,elite,2,2,2,0,0.0,0.0,0.0,,,,,0.0,,,False,False,Leandro Brey,,,,,,,,,,,True,False
Camilo Rey,camilo rey,BOCA JUNIORS,Argentina,0.0,5,shots,shots,BOCA JUNIORS,BOCA JUNIORS,1,bottom,Camilo Rey,Argentina,elite,2,2,2,0,0.0,0.0,0.0,,,,,0.0,,,False,False,Camilo Rey,,,,,,,,,,,True,False
Jorge Figal,jorge figal,BOCA JUNIORS,Argentina,0.0,5,shots,shots,BOCA JUNIORS,BOCA JUNIORS,2,bottom,Jorge Figal,Argentina,elite,2,2,2,0,0.0,0.0,0.0,,,,,0.0,,,False,False,Jorge Figal,,,,,,,,,,,True,False
Leandro Brey,leandro brey,BOCA JUNIORS,Argentina,0.0,5,shots,shots,BOCA JUNIORS,BOCA JUNIORS,3,bottom,Leandro Brey,Argentina,elite,2,2,2,0,0.0,0.0,0.0,,,,,0.0,,,False,False,Leandro Brey,,,,,,,,,,,True,False
Leonel Flores,leonel flores,BOCA JUNIORS,Argentina,2.4,5,shots,shots,BOCA JUNIORS,BOCA JUNIORS,1,top,Leonel Flores,Argentina,elite,2,2,2,0,0.0,-1.5,-1.5,,,,,0.0,,,False,True,Leonel Flores,,,,,,,,,,,True,False
Tomás Aranda,tomas aranda,BOCA JUNIORS,Argentina,2.4,5,shots,shots,BOCA JUNIORS,BOCA JUNIORS,2,top,Tomás Aranda,Argentina,elite,2,2,2,0,0.5,1.0,1.0,,,,,0.5,,,False,False,Tomás Aranda,,,,,,,,,,,True,False
Santiago Ascacibar,santiago ascacibar,BOCA JUNIORS,Argentina,2.2,5,shots,shots,BOCA JUNIORS,BOCA JUNIORS,3,top,Santiago Ascacibar,Argentina,elite,2,2,2,0,0.5,1.4583333333333335,1.4583333333333335,,,,,0.5,,,False,False,Santiago Ascacibar,,,,,,,,,,,True,False
Ayrton Costa,ayrton costa,BOCA JUNIORS,Argentina,0.0,5,shots_on_target,shots_on_target,BOCA JUNIORS,BOCA JUNIORS,1,bottom,Ayrton Costa,Argentina,elite,2,2,2,0,0.0,0.0,0.0,,,,,0.0,,,False,False,Ayrton Costa,,,,,,,,,,,True,False
Camilo Rey,camilo rey,BOCA JUNIORS,Argentina,0.0,5,shots_on_target,shots_on_target,BOCA JUNIORS,BOCA JUNIORS,2,bottom,Camilo Rey,Argentina,elite,2,2,2,0,0.0,0.0,0.0,,,,,0.0,,,False,False,Camilo Rey,,,,,,,,,,,True,False
Dylan Gorosito,dylan gorosito,BOCA JUNIORS,Argentina,0.0,5,shots_on_target,shots_on_target,BOCA JUNIORS,BOCA JUNIORS,3,bottom,Dylan Gorosito,Argentina,elite,2,2,2,0,0.0,0.0,0.0,,,,,0.0,,,False,False,Dylan Gorosito,,,,,,,,,,,True,False
Santiago Ascacibar,santiago ascacibar,BOCA JUNIORS,Argentina,1.0,5,shots_on_target,shots_on_target,BOCA JUNIORS,BOCA JUNIORS,1,top,Santiago Ascacibar,Argentina,elite,2,2,2,0,0.5,0.5416666666666667,0.5416666666666667,,,,,0.5,,,False,False,Santiago Ascacibar,,,,,,,,,,,True,False
Miguel Merentiel,miguel merentiel,BOCA JUNIORS,Argentina,0.8,5,shots_on_target,shots_on_target,BOCA JUNIORS,BOCA JUNIORS,2,top,Miguel Merentiel,Argentina,elite,2,2,2,0,1.0,1.0833333333333335,1.0833333333333335,,,,,1.0,,,False,False,Miguel Merentiel,,,,,,,,,,,True,False
Kevin Zenón,kevin zenon,BOCA JUNIORS,Argentina,0.6,5,shots_on_target,shots_on_target,BOCA JUNIORS,BOCA JUNIORS,3,top,Kevin Zenón,Argentina,elite,2,2,2,0,0.0,-0.875,-0.875,,,,,0.0,,,False,True,Kevin Zenón,,,,,,,,,,,True,False
Alba Caño,alba cano,BOSTON LEGACY,NWSL,0.0,8,assists,assists,BOSTON LEGACY,BOSTON LEGACY,1,bottom,Alba Caño,NWSL,elite,5,5,2,2,0.0,0.0,0.0,0.0,0.0,,0.0,0.0,0.0,0.0,False,False,Alba Caño,,,,,,,,,,,True,False
Amanda Allen,amanda allen,BOSTON LEGACY,NWSL,0.0,8,assists,assists,BOSTON LEGACY,BOSTON LEGACY,2,bottom,Amanda Allen,NWSL,elite,5,5,2,2,0.0,0.0,0.0,0.0,0.0,,0.0,0.0,0.0,0.0,False,False,Amanda Allen,,,,,,,,,,,True,False
Amanda Gutierres,amanda gutierres,BOSTON LEGACY,NWSL,0.0,7,assists,assists,BOSTON LEGACY,BOSTON LEGACY,3,bottom,Amanda Gutierres,NWSL,elite,4,4,2,1,0.0,0.0,0.0,0.0,0.0,,0.0,0.0,0.0,0.0,False,False,Amanda Gutierres,,,,,,,,,,,True,False
Ella Stevens,ella stevens,BOSTON LEGACY,NWSL,0.16666666666666666,6,assists,assists,BOSTON LEGACY,BOSTON LEGACY,1,top,Ella Stevens,NWSL,weak,3,3,1,2,0.0,-0.26111111111111107,-0.3333333333333333,-0.225,,,0.0,0.0,0.10833333333333331,0.10833333333333331,False,False,Ella Stevens,,,,,,,,,,,True,False
Bianca St-Georges,bianca st-georges,BOSTON LEGACY,NWSL,0.14285714285714285,7,assists,assists,BOSTON LEGACY,BOSTON LEGACY,2,top,Bianca St-Georges,NWSL,weak,4,4,1,2,0.25,0.25,0.0,0.5,0.0,,0.5,0.0,0.5,0.5,False,False,Bianca St-Georges,,,,,,,,,,,True,False
Aleigh Gambone,aleigh gambone,BOSTON LEGACY,NWSL,0.125,8,assists,assists,BOSTON LEGACY,BOSTON LEGACY,3,top,Aleigh Gambone,NWSL,elite,5,5,2,2,0.2,0.17142857142857143,0.5,-0.07142857142857142,0.0,-0.34733569465573877,0.0,0.5,-0.5714285714285714,-0.5714285714285714,False,False,Aleigh Gambone,,,,,,,,,,,True,False
Aleigh Gambone,aleigh gambone,BOSTON LEGACY,NWSL,0.0,8,goals,goals,BOSTON LEGACY,BOSTON LEGACY,1,bottom,Aleigh Gambone,NWSL,elite,5,5,2,2,0.0,0.0,0.0,0.0,0.0,,0.0,0.0,0.0,0.0,False,False,Aleigh Gambone,,,,,,,,,,,True,False
Amanda Allen,amanda allen,BOSTON LEGACY,NWSL,0.0,8,goals,goals,BOSTON LEGACY,BOSTON LEGACY,2,bottom,Amanda Allen,NWSL,elite,5,5,2,2,0.0,0.0,0.0,0.0,0.0,,0.0,0.0,0.0,0.0,False,False,Amanda Allen,,,,,,,,,,,True,False
Annie Karich,annie karich,BOSTON LEGACY,NWSL,0.0,8,goals,goals,BOSTON LEGACY,BOSTON LEGACY,3,bottom,Annie Karich,NWSL,elite,5,5,2,2,0.0,0.0,0.0,0.0,0.0,,0.0,0.0,0.0,0.0,False,False,Annie Karich,,,,,,,,,,,True,False
Amanda Gutierres,amanda gutierres,BOSTON LEGACY,NWSL,0.42857142857142855,7,goals,goals,BOSTON LEGACY,BOSTON LEGACY,1,top,Amanda Gutierres,NWSL,elite,4,4,2,1,0.25,-0.2666666666666666,-0.033333333333333326,-0.5,-0.5,,0.0,0.5,-0.4666666666666667,-0.4666666666666667,False,False,Amanda Gutierres,,,,,,,,,,,True,False
Sammy Smith,sammy smith,BOSTON LEGACY,NWSL,0.375,8,goals,goals,BOSTON LEGACY,BOSTON LEGACY,2,top,Sammy Smith,NWSL,elite,5,5,2,2,0.6,0.38619047619047625,0.33333333333333337,0.23214285714285715,0.8,-0.19793776227422694,0.5,0.5,-0.10119047619047622,-0.10119047619047622,False,False,Sammy Smith,,,,,,,,,,,True,False
Aïssata Traoré,aissata traore,BOSTON LEGACY,NWSL,0.2857142857142857,7,goals,goals,BOSTON LEGACY,BOSTON LEGACY,3,top,Aïssata Traoré,NWSL,elite,4,4,2,2,0.25,-0.07916666666666666,-0.3666666666666667,0.20833333333333334,,,0.5,0.0,0.5750000000000001,0.5750000000000001,False,True,Aïssata Traoré,,,,,,,,,,,True,False
Hannah Stambaugh,hannah stambaugh,BOSTON LEGACY,NWSL,0.0,6,saves,saves,BOSTON LEGACY,BOSTON LEGACY,1,bottom,Hannah Stambaugh,NWSL,elite,3,3,1,1,0.0,0.0,0.0,0.0,0.0,,0.0,0.0,0.0,0.0,False,False,Hannah Stambaugh,,,,,,,,,,,True,False
Laurel Ivory,laurel ivory,BOSTON LEGACY,NWSL,0.0,7,saves,saves,BOSTON LEGACY,BOSTON LEGACY,2,bottom,Laurel Ivory,NWSL,weak,4,4,1,2,0.0,0.0,0.0,0.0,0.0,,0.0,0.0,0.0,0.0,False,False,Laurel Ivory,,,,,,,,,,,True,False
Casey Murphy,casey murphy,BOSTON LEGACY,NWSL,3.25,8,saves,saves,BOSTON LEGACY,BOSTON LEGACY,3,bottom,Casey Murphy,NWSL,elite,5,5,2,2,0.4,-0.8395238095238096,-1.9166666666666667,-1.4821428571428572,2.6,0.0846149370456769,0.5,0.0,0.43452380952380953,0.43452380952380953,False,True,Casey Murphy,,,,,,,,,,,True,False
Casey Murphy,casey murphy,BOSTON LEGACY,NWSL,3.25,8,saves,saves,BOSTON LEGACY,BOSTON LEGACY,1,top,Casey Murphy,NWSL,elite,5,5,2,2,0.4,-0.8395238095238096,-1.9166666666666667,-1.4821428571428572,2.6,0.0846149370456769,0.5,0.0,0.43452380952380953,0.43452380952380953,False,True,Casey Murphy,,,,,,,,,,,True,False
Hannah Stambaugh,hannah stambaugh,BOSTON LEGACY,NWSL,0.0,6,saves,saves,BOSTON LEGACY,BOSTON LEGACY,2,top,Hannah Stambaugh,NWSL,elite,3,3,1,1,0.0,0.0,0.0,0.0,0.0,,0.0,0.0,0.0,0.0,False,False,Hannah Stambaugh,,,,,,,,,,,True,False
Laurel Ivory,laurel ivory,BOSTON LEGACY,NWSL,0.0,7,saves,saves,BOSTON LEGACY,BOSTON LEGACY,3,top,Laurel Ivory,NWSL,weak,4,4,1,2,0.0,0.0,0.0,0.0,0.0,,0.0,0.0,0.0,0.0,False,False,Laurel Ivory,,,,,,,,,,,True,False
Casey Murphy,casey murphy,BOSTON LEGACY,NWSL,0.0,8,shots,shots,BOSTON LEGACY,BOSTON LEGACY,1,bottom,Casey Murphy,NWSL,elite,5,5,2,2,0.0,0.0,0.0,0.0,0.0,,0.0,0.0,0.0,0.0,False,False,Casey Murphy,,,,,,,,,,,True,False
Deja Davis,deja davis,BOSTON LEGACY,NWSL,0.0,6,shots,shots,BOSTON LEGACY,BOSTON LEGACY,2,bottom,Deja Davis,NWSL,elite,3,3,1,1,0.0,0.0,0.0,0.0,0.0,,0.0,0.0,0.0,0.0,False,False,Deja Davis,,,,,,,,,,,True,False
Ella Stevens,ella stevens,BOSTON LEGACY,NWSL,0.0,6,shots,shots,BOSTON LEGACY,BOSTON LEGACY,3,bottom,Ella Stevens,NWSL,weak,3,3,1,2,0.0,0.0,0.0,0.0,,,0.0,0.0,0.0,0.0,False,False,Ella Stevens,,,,,,,,,,,True,False
Aïssata Traoré,aissata traore,BOSTON LEGACY,NWSL,3.0,7,shots,shots,BOSTON LEGACY,BOSTON LEGACY,1,top,Aïssata Traoré,NWSL,elite,4,4,2,2,0.25,-1.0875,-0.6333333333333333,-1.5416666666666667,,,0.0,0.5,-0.9083333333333334,-0.9083333333333334,False,True,Aïssata Traoré,,,,,,,,,,,True,False
Alba Caño,alba cano,BOSTON LEGACY,NWSL,2.125,8,shots,shots,BOSTON LEGACY,BOSTON LEGACY,2,top,Alba Caño,NWSL,elite,5,5,2,2,0.4,-0.49190476190476184,-0.33333333333333326,0.3035714285714286,-2.4,0.33241266002667447,0.5,0.5,0.6369047619047619,0.6369047619047619,False,True,Alba Caño,,,,,,,,,,,True,False
Sammy Smith,sammy smith,BOSTON LEGACY,NWSL,1.5,8,shots,shots,BOSTON LEGACY,BOSTON LEGACY,3,top,Sammy Smith,NWSL,elite,5,5,2,2,0.6,0.5861904761904763,0.33333333333333337,0.7321428571428571,0.8,0.19663395449104043,0.5,0.5,0.3988095238095237,0.3988095238095237,False,False,Sammy Smith,,,,,,,,,,,True,False
Casey Murphy,casey murphy,BOSTON LEGACY,NWSL,0.0,8,shots_on_target,shots_on_target,BOSTON LEGACY,BOSTON LEGACY,1,bottom,Casey Murphy,NWSL,elite,5,5,2,2,0.0,0.0,0.0,0.0,0.0,,0.0,0.0,0.0,0.0,False,False,Casey Murphy,,,,,,,,,,,True,False
Deja Davis,deja davis,BOSTON LEGACY,NWSL,0.0,6,shots_on_target,shots_on_target,BOSTON LEGACY,BOSTON LEGACY,2,bottom,Deja Davis,NWSL,elite,3,3,1,1,0.0,0.0,0.0,0.0,0.0,,0.0,0.0,0.0,0.0,False,False,Deja Davis,,,,,,,,,,,True,False
Ella Stevens,ella stevens,BOSTON LEGACY,NWSL,0.0,6,shots_on_target,shots_on_target,BOSTON LEGACY,BOSTON LEGACY,3,bottom,Ella Stevens,NWSL,weak,3,3,1,2,0.0,0.0,0.0,0.0,,,0.0,0.0,0.0,0.0,False,False,Ella Stevens,,,,,,,,,,,True,False
Aïssata Traoré,aissata traore,BOSTON LEGACY,NWSL,1.1428571428571428,7,shots_on_target,shots_on_target,BOSTON LEGACY,BOSTON LEGACY,1,top,Aïssata Traoré,NWSL,elite,4,4,2,2,0.0,-0.725,-0.5333333333333333,-0.9166666666666666,,,0.0,0.0,-0.3833333333333333,-0.3833333333333333,False,True,Aïssata Traoré,,,,,,,,,,,True,False
Sammy Smith,sammy smith,BOSTON LEGACY,NWSL,0.875,8,shots_on_target,shots_on_target,BOSTON LEGACY,BOSTON LEGACY,2,top,Sammy Smith,NWSL,elite,5,5,2,2,0.6,0.19714285714285712,0.25000000000000006,0.1428571428571428,0.19999999999999996,-0.1266972536816428,0.5,0.5,-0.10714285714285726,-0.10714285714285726,False,False,Sammy Smith,,,,,,,,,,,True,False
Amanda Gutierres,amanda gutierres,BOSTON LEGACY,NWSL,0.5714285714285714,7,shots_on_target,shots_on_target,BOSTON LEGACY,BOSTON LEGACY,3,top,Amanda Gutierres,NWSL,elite,4,4,2,1,0.25,-0.5041666666666667,-0.3,-0.6666666666666666,-0.75,,0.0,0.5,-0.36666666666666664,-0.36666666666666664,False,False,Amanda Gutierres,,,,,,,,,,,True,False
Cristian Medina,cristian medina,BOTAFOGO,Brazil,0.0,5,assists,assists,BOTAFOGO,BOTAFOGO,1,bottom,Cristian Medina,Brazil,elite,2,2,1,0,0.0,0.0,0.0,,0.0,,,0.0,,,False,False,Cristian Medina,,,,,,,,,,,True,False
Edenilson,edenilson,BOTAFOGO,Brazil,0.0,5,assists,assists,BOTAFOGO,BOTAFOGO,2,bottom,Edenilson,Brazil,elite,3,3,1,1,0.0,0.0,0.0,0.0,0.0,,0.0,0.0,0.0,0.0,False,False,Edenilson,,,,,,,,,,,True,False
José Kadir,jose kadir,BOTAFOGO,Brazil,0.0,5,assists,assists,BOTAFOGO,BOTAFOGO,3,bottom,José Kadir,Brazil,elite,2,2,1,0,0.0,0.0,0.0,,0.0,,,0.0,,,False,False,José Kadir,,,,,,,,,,,True,False
Alex Telles,alex telles,BOTAFOGO,Brazil,0.2,5,assists,assists,BOTAFOGO,BOTAFOGO,1,top,Alex Telles,Brazil,elite,2,2,1,0,0.0,-0.29166666666666663,-0.3333333333333333,,-0.25,,,0.0,,,False,False,Alex Telles,,,,,,,,,,,True,False
Kauan Toledo,kauan toledo,BOTAFOGO,Brazil,0.2,5,assists,assists,BOTAFOGO,BOTAFOGO,2,top,Kauan Toledo,Brazil,elite,2,2,1,0,0.0,-0.29166666666666663,-0.3333333333333333,,-0.25,,,0.0,,,False,False,Kauan Toledo,,,,,,,,,,,True,False
Cristian Medina,cristian medina,BOTAFOGO,Brazil,0.0,5,assists,assists,BOTAFOGO,BOTAFOGO,3,top,Cristian Medina,Brazil,elite,2,2,1,0,0.0,0.0,0.0,,0.0,,,0.0,,,False,False,Cristian Medina,,,,,,,,,,,True,False
Cristian Medina,cristian medina,BOTAFOGO,Brazil,0.0,5,goals,goals,BOTAFOGO,BOTAFOGO,1,bottom,Cristian Medina,Brazil,elite,2,2,1,0,0.0,0.0,0.0,,0.0,,,0.0,,,False,False,Cristian Medina,,,,,,,,,,,True,False
Edenilson,edenilson,BOTAFOGO,Brazil,0.0,5,goals,goals,BOTAFOGO,BOTAFOGO,2,bottom,Edenilson,Brazil,elite,3,3,1,1,0.0,0.0,0.0,0.0,0.0,,0.0,0.0,0.0,0.0,False,False,Edenilson,,,,,,,,,,,True,False
Kauan Toledo,kauan toledo,BOTAFOGO,Brazil,0.0,5,goals,goals,BOTAFOGO,BOTAFOGO,3,bottom,Kauan Toledo,Brazil,elite,2,2,1,0,0.0,0.0,0.0,,0.0,,,0.0,,,False,False,Kauan Toledo,,,,,,,,,,,True,False
Alex Telles,alex telles,BOTAFOGO,Brazil,0.2,5,goals,goals,BOTAFOGO,BOTAFOGO,1,top,Alex Telles,Brazil,elite,2,2,1,0,0.5,0.375,1.0,,-0.25,,,1.0,,,False,False,Alex Telles,,,,,,,,,,,True,False
José Kadir,jose kadir,BOTAFOGO,Brazil,0.2,5,goals,goals,BOTAFOGO,BOTAFOGO,2,top,José Kadir,Brazil,elite,2,2,1,0,0.0,-0.29166666666666663,-0.3333333333333333,,-0.25,,,0.0,,,False,False,José Kadir,,,,,,,,,,,True,False
Cristian Medina,cristian medina,BOTAFOGO,Brazil,0.0,5,goals,goals,BOTAFOGO,BOTAFOGO,3,top,Cristian Medina,Brazil,elite,2,2,1,0,0.0,0.0,0.0,,0.0,,,0.0,,,False,False,Cristian Medina,,,,,,,,,,,True,False
Edenilson,edenilson,BOTAFOGO,Brazil,0.0,5,shots,shots,BOTAFOGO,BOTAFOGO,1,bottom,Edenilson,Brazil,elite,3,3,1,1,0.0,0.0,0.0,0.0,0.0,,0.0,0.0,0.0,0.0,False,False,Edenilson,,,,,,,,,,,True,False
Mateo Ponte,mateo ponte,BOTAFOGO,Brazil,0.0,5,shots,shots,BOTAFOGO,BOTAFOGO,2,bottom,Mateo Ponte,Brazil,elite,2,2,1,0,0.0,0.0,0.0,,0.0,,,0.0,,,False,False,Mateo Ponte,,,,,,,,,,,True,False
José Kadir,jose kadir,BOTAFOGO,Brazil,0.4,5,shots,shots,BOTAFOGO,BOTAFOGO,3,bottom,José Kadir,Brazil,elite,2,2,1,0,0.0,-0.5833333333333333,-0.6666666666666666,,-0.5,,,0.0,,,False,False,José Kadir,,,,,,,,,,,True,False
Matheus Martins,matheus martins,BOTAFOGO,Brazil,2.4,5,shots,shots,BOTAFOGO,BOTAFOGO,1,top,Matheus Martins,Brazil,elite,2,2,1,0,0.5,-0.45833333333333326,-1.6666666666666665,,0.75,,,0.0,,,False,False,Matheus Martins,,,,,,,,,,,True,False
Cristian Medina,cristian medina,BOTAFOGO,Brazil,1.8,5,shots,shots,BOTAFOGO,BOTAFOGO,2,top,Cristian Medina,Brazil,elite,2,2,1,0,0.5,-0.625,1.0,,-2.25,,,1.0,,,False,False,Cristian Medina,,,,,,,,,,,True,False
Alex Telles,alex telles,BOTAFOGO,Brazil,1.2,5,shots,shots,BOTAFOGO,BOTAFOGO,3,top,Alex Telles,Brazil,elite,2,2,1,0,1.0,1.1666666666666667,1.3333333333333335,,1.0,,,1.0,,,False,False,Alex Telles,,,,,,,,,,,True,False
Edenilson,edenilson,BOTAFOGO,Brazil,0.0,5,shots_on_target,shots_on_target,BOTAFOGO,BOTAFOGO,1,bottom,Edenilson,Brazil,elite,3,3,1,1,0.0,0.0,0.0,0.0,0.0,,0.0,0.0,0.0,0.0,False,False,Edenilson,,,,,,,,,,,True,False
Kauan Toledo,kauan toledo,BOTAFOGO,Brazil,0.0,5,shots_on_target,shots_on_target,BOTAFOGO,BOTAFOGO,2,bottom,Kauan Toledo,Brazil,elite,2,2,1,0,0.0,0.0,0.0,,0.0,,,0.0,,,False,False,Kauan Toledo,,,,,,,,,,,True,False
Mateo Ponte,mateo ponte,BOTAFOGO,Brazil,0.0,5,shots_on_target,shots_on_target,BOTAFOGO,BOTAFOGO,3,bottom,Mateo Ponte,Brazil,elite,2,2,1,0,0.0,0.0,0.0,,0.0,,,0.0,,,False,False,Mateo Ponte,,,,,,,,,,,True,False
Matheus Martins,matheus martins,BOTAFOGO,Brazil,1.0,5,shots_on_target,shots_on_target,BOTAFOGO,BOTAFOGO,1,top,Matheus Martins,Brazil,elite,2,2,1,0,0.0,-0.7916666666666666,-0.33333333333333326,,-1.25,,,0.0,,,False,False,Matheus Martins,,,,,,,,,,,True,False
Lucas Villalba,lucas villalba,BOTAFOGO,Brazil,0.4,5,shots_on_target,shots_on_target,BOTAFOGO,BOTAFOGO,2,top,Lucas Villalba,Brazil,elite,3,3,1,1,0.3333333333333333,0.12037037037037039,0.8333333333333334,-0.25,-0.2222222222222222,,0.0,1.0,-1.0833333333333335,-1.0833333333333335,False,False,Lucas Villalba,,,,,,,,,,,True,False
Alex Telles,alex telles,BOTAFOGO,Brazil,0.2,5,shots_on_target,shots_on_target,BOTAFOGO,BOTAFOGO,3,top,Alex Telles,Brazil,elite,2,2,1,0,0.5,0.375,1.0,,-0.25,,,1.0,,,False,False,Alex Telles,,,,,,,,,,,True,False
Eduardo,eduardo,CAP,Brazil,0.0,5,assists,assists,CAP,CAP,1,bottom,Eduardo,Brazil,elite,2,2,1,1,0.0,0.0,0.0,0.0,,,0.0,0.0,0.0,0.0,False,False,Eduardo,,,,,,,,,,,True,False
Gilberto,gilberto,CAP,Brazil,0.0,5,assists,assists,CAP,CAP,2,bottom,Gilberto,Brazil,elite,2,2,1,1,0.0,0.0,0.0,0.0,,,0.0,0.0,0.0,0.0,False,False,Gilberto,,,,,,,,,,,True,False
Gilberto Junior,gilberto junior,CAP,Brazil,0.0,5,assists,assists,CAP,CAP,3,bottom,Gilberto Junior,Brazil,elite,2,2,1,1,0.0,0.0,0.0,0.0,,,0.0,0.0,0.0,0.0,False,False,Gilberto Junior,,,,,,,,,,,True,False
Kevin Viveros,kevin viveros,CAP,Brazil,0.4,5,assists,assists,CAP,CAP,1,top,Kevin Viveros,Brazil,elite,2,2,1,1,0.5,0.20833333333333334,0.75,-0.3333333333333333,,,0.0,1.0,-1.0833333333333333,-1.0833333333333333,False,False,Kevin Viveros,,,,,,,,,,,True,False
João Cruz,joao cruz,CAP,Brazil,0.2,5,assists,assists,CAP,CAP,2,top,João Cruz,Brazil,elite,2,2,1,1,0.5,0.375,-0.25,1.0,,,1.0,0.0,1.25,1.25,False,False,João Cruz,,,,,,,,,,,True,False
Eduardo,eduardo,CAP,Brazil,0.0,5,assists,assists,CAP,CAP,3,top,Eduardo,Brazil,elite,2,2,1,1,0.0,0.0,0.0,0.0,,,0.0,0.0,0.0,0.0,False,False,Eduardo,,,,,,,,,,,True,False
Eduardo,eduardo,CAP,Brazil,0.0,5,goals,goals,CAP,CAP,1,bottom,Eduardo,Brazil,elite,2,2,1,1,0.0,0.0,0.0,0.0,,,0.0,0.0,0.0,0.0,False,False,Eduardo,,,,,,,,,,,True,False
Gilberto,gilberto,CAP,Brazil,0.0,5,goals,goals,CAP,CAP,2,bottom,Gilberto,Brazil,elite,2,2,1,1,0.0,0.0,0.0,0.0,,,0.0,0.0,0.0,0.0,False,False,Gilberto,,,,,,,,,,,True,False
Gilberto Junior,gilberto junior,CAP,Brazil,0.0,5,goals,goals,CAP,CAP,3,bottom,Gilberto Junior,Brazil,elite,2,2,1,1,0.0,0.0,0.0,0.0,,,0.0,0.0,0.0,0.0,False,False,Gilberto Junior,,,,,,,,,,,True,False
Kevin Viveros,kevin viveros,CAP,Brazil,0.6,5,goals,goals,CAP,CAP,1,top,Kevin Viveros,Brazil,elite,2,2,1,1,0.5,0.45833333333333337,-0.75,1.6666666666666667,,,1.0,0.0,2.416666666666667,2.416666666666667,False,False,Kevin Viveros,,,,,,,,,,,True,False
Leozinho,leozinho,CAP,Brazil,0.6,5,goals,goals,CAP,CAP,2,top,Leozinho,Brazil,elite,2,2,1,1,0.0,-0.875,-0.75,-1.0,,,0.0,0.0,-0.25,-0.25,False,False,Leozinho,,,,,,,,,,,True,False
Eduardo,eduardo,CAP,Brazil,0.0,5,goals,goals,CAP,CAP,3,top,Eduardo,Brazil,elite,2,2,1,1,0.0,0.0,0.0,0.0,,,0.0,0.0,0.0,0.0,False,False,Eduardo,,,,,,,,,,,True,False
Gilberto Junior,gilberto junior,CAP,Brazil,0.0,5,shots,shots,CAP,CAP,1,bottom,Gilberto Junior,Brazil,elite,2,2,1,1,0.0,0.0,0.0,0.0,,,0.0,0.0,0.0,0.0,False,False,Gilberto Junior,,,,,,,,,,,True,False
Jorge Rivaldo,jorge rivaldo,CAP,Brazil,0.0,5,shots,shots,CAP,CAP,2,bottom,Jorge Rivaldo,Brazil,elite,2,2,1,1,0.0,0.0,0.0,0.0,,,0.0,0.0,0.0,0.0,False,False,Jorge Rivaldo,,,,,,,,,,,True,False
Juan Felipe Aguirre,juan felipe aguirre,CAP,Brazil,0.0,5,shots,shots,CAP,CAP,3,bottom,Juan Felipe Aguirre,Brazil,elite,2,2,1,1,0.0,0.0,0.0,0.0,,,0.0,0.0,0.0,0.0,False,False,Juan Felipe Aguirre,,,,,,,,,,,True,False
Kevin Viveros,kevin viveros,CAP,Brazil,3.0,5,shots,shots,CAP,CAP,1,top,Kevin Viveros,Brazil,elite,2,2,1,1,0.5,0.6666666666666667,0.0,1.3333333333333335,,,1.0,0.0,1.3333333333333335,1.3333333333333335,False,False,Kevin Viveros,,,,,,,,,,,True,False
Leozinho,leozinho,CAP,Brazil,3.0,5,shots,shots,CAP,CAP,2,top,Leozinho,Brazil,elite,2,2,1,1,0.5,0.125,1.25,-1.0,,,0.0,1.0,-2.25,-2.25,False,False,Leozinho,,,,,,,,,,,True,False
João Cruz,joao cruz,CAP,Brazil,1.0,5,shots,shots,CAP,CAP,3,top,João Cruz,Brazil,elite,2,2,1,1,1.0,1.5833333333333335,2.5,0.6666666666666667,,,1.0,1.0,-1.8333333333333333,-1.8333333333333333,False,False,João Cruz,,,,,,,,,,,True,False
Eduardo,eduardo,CAP,Brazil,0.0,5,shots_on_target,shots_on_target,CAP,CAP,1,bottom,Eduardo,Brazil,elite,2,2,1,1,0.0,0.0,0.0,0.0,,,0.0,0.0,0.0,0.0,False,False,Eduardo,,,,,,,,,,,True,False
Gilberto Junior,gilberto junior,CAP,Brazil,0.0,5,shots_on_target,shots_on_target,CAP,CAP,2,bottom,Gilberto Junior,Brazil,elite,2,2,1,1,0.0,0.0,0.0,0.0,,,0.0,0.0,0.0,0.0,False,False,Gilberto Junior,,,,,,,,,,,True,False
Jorge Rivaldo,jorge rivaldo,CAP,Brazil,0.0,5,shots_on_target,shots_on_target,CAP,CAP,3,bottom,Jorge Rivaldo,Brazil,elite,2,2,1,1,0.0,0.0,0.0,0.0,,,0.0,0.0,0.0,0.0,False,False,Jorge Rivaldo,,,,,,,,,,,True,False
Kevin Viveros,kevin viveros,CAP,Brazil,1.4,5,shots_on_target,shots_on_target,CAP,CAP,1,top,Kevin Viveros,Brazil,elite,2,2,1,1,0.5,1.4166666666666667,-0.5,3.3333333333333335,,,1.0,0.0,3.8333333333333335,3.8333333333333335,False,False,Kevin Viveros,,,,,,,,,,,True,False
Leozinho,leozinho,CAP,Brazil,0.6,5,shots_on_target,shots_on_target,CAP,CAP,2,top,Leozinho,Brazil,elite,2,2,1,1,0.0,-0.875,-0.75,-1.0,,,0.0,0.0,-0.25,-0.25,False,False,Leozinho,,,,,,,,,,,True,False
Gilberto,gilberto,CAP,Brazil,0.4,5,shots_on_target,shots_on_target,CAP,CAP,3,top,Gilberto,Brazil,elite,2,2,1,1,0.5,1.0,2.0,0.0,,,0.0,1.0,-2.0,-2.0,False,False,Gilberto,,,,,,,,,,,True,False
Alan Laprida,alan laprida,CENTRAL CÓRDOBA,Argentina,0.0,5,assists,assists,CENTRAL CÓRDOBA,CENTRAL CÓRDOBA,1,bottom,Alan Laprida,Argentina,elite,2,2,2,0,0.0,0.0,0.0,,,,,0.0,,,False,False,Alan Laprida,,,,,,,,,,,True,False
Alejandro Maciel,alejandro maciel,CENTRAL CÓRDOBA,Argentina,0.0,5,assists,assists,CENTRAL CÓRDOBA,CENTRAL CÓRDOBA,2,bottom,Alejandro Maciel,Argentina,elite,2,2,2,0,0.0,0.0,0.0,,,,,0.0,,,False,False,Alejandro Maciel,,,,,,,,,,,True,False
Diego Barrera,diego barrera,CENTRAL CÓRDOBA,Argentina,0.0,5,assists,assists,CENTRAL CÓRDOBA,CENTRAL CÓRDOBA,3,bottom,Diego Barrera,Argentina,elite,2,2,2,0,0.0,0.0,0.0,,,,,0.0,,,False,False,Diego Barrera,,,,,,,,,,,True,False
Santiago Moyano,santiago moyano,CENTRAL CÓRDOBA,Argentina,0.2,5,assists,assists,CENTRAL CÓRDOBA,CENTRAL CÓRDOBA,1,top,Santiago Moyano,Argentina,elite,4,4,4,0,0.25,0.1642857142857143,0.1642857142857143,,,,,0.25,,,False,False,Santiago Moyano,,,,,,,,,,,True,False
Alan Laprida,alan laprida,CENTRAL CÓRDOBA,Argentina,0.0,5,assists,assists,CENTRAL CÓRDOBA,CENTRAL CÓRDOBA,2,top,Alan Laprida,Argentina,elite,2,2,2,0,0.0,0.0,0.0,,,,,0.0,,,False,False,Alan Laprida,,,,,,,,,,,True,False
Alejandro Maciel,alejandro maciel,CENTRAL CÓRDOBA,Argentina,0.0,5,assists,assists,CENTRAL CÓRDOBA,CENTRAL CÓRDOBA,3,top,Alejandro Maciel,Argentina,elite,2,2,2,0,0.0,0.0,0.0,,,,,0.0,,,False,False,Alejandro Maciel,,,,,,,,,,,True,False
Alan Laprida,alan laprida,CENTRAL CÓRDOBA,Argentina,0.0,5,goals,goals,CENTRAL CÓRDOBA,CENTRAL CÓRDOBA,1,bottom,Alan Laprida,Argentina,elite,2,2,2,0,0.0,0.0,0.0,,,,,0.0,,,False,False,Alan Laprida,,,,,,,,,,,True,False
Alejandro Maciel,alejandro maciel,CENTRAL CÓRDOBA,Argentina,0.0,5,goals,goals,CENTRAL CÓRDOBA,CENTRAL CÓRDOBA,2,bottom,Alejandro Maciel,Argentina,elite,2,2,2,0,0.0,0.0,0.0,,,,,0.0,,,False,False,Alejandro Maciel,,,,,,,,,,,True,False
Diego Barrera,diego barrera,CENTRAL CÓRDOBA,Argentina,0.0,5,goals,goals,CENTRAL CÓRDOBA,CENTRAL CÓRDOBA,3,bottom,Diego Barrera,Argentina,elite,2,2,2,0,0.0,0.0,0.0,,,,,0.0,,,False,False,Diego Barrera,,,,,,,,,,,True,False
Michael Santos,michael santos,CENTRAL CÓRDOBA,Argentina,0.4,5,goals,goals,CENTRAL CÓRDOBA,CENTRAL CÓRDOBA,1,top,Michael Santos,Argentina,elite,2,2,2,0,0.5,0.08333333333333337,0.08333333333333337,,,,,0.5,,,False,False,Michael Santos,,,,,,,,,,,True,False
Alan Laprida,alan laprida,CENTRAL CÓRDOBA,Argentina,0.0,5,goals,goals,CENTRAL CÓRDOBA,CENTRAL CÓRDOBA,2,top,Alan Laprida,Argentina,elite,2,2,2,0,0.0,0.0,0.0,,,,,0.0,,,False,False,Alan Laprida,,,,,,,,,,,True,False
Alejandro Maciel,alejandro maciel,CENTRAL CÓRDOBA,Argentina,0.0,5,goals,goals,CENTRAL CÓRDOBA,CENTRAL CÓRDOBA,3,top,Alejandro Maciel,Argentina,elite,2,2,2,0,0.0,0.0,0.0,,,,,0.0,,,False,False,Alejandro Maciel,,,,,,,,,,,True,False
Javier Vallejos,javier vallejos,CENTRAL CÓRDOBA,Argentina,1.6,5,saves,saves,CENTRAL CÓRDOBA,CENTRAL CÓRDOBA,1,bottom,Javier Vallejos,Argentina,elite,2,2,2,0,0.0,-2.333333333333333,-2.333333333333333,,,,,0.0,,,False,True,Javier Vallejos,,,,,,,,,,,True,False
Javier Vallejos,javier vallejos,CENTRAL CÓRDOBA,Argentina,1.6,5,saves,saves,CENTRAL CÓRDOBA,CENTRAL CÓRDOBA,1,top,Javier Vallejos,Argentina,elite,2,2,2,0,0.0,-2.333333333333333,-2.333333333333333,,,,,0.0,,,False,True,Javier Vallejos,,,,,,,,,,,True,False
Alan Laprida,alan laprida,CENTRAL CÓRDOBA,Argentina,0.0,5,shots,shots,CENTRAL CÓRDOBA,CENTRAL CÓRDOBA,1,bottom,Alan Laprida,Argentina,elite,2,2,2,0,0.0,0.0,0.0,,,,,0.0,,,False,False,Alan Laprida,,,,,,,,,,,True,False
Alejandro Maciel,alejandro maciel,CENTRAL CÓRDOBA,Argentina,0.0,5,shots,shots,CENTRAL CÓRDOBA,CENTRAL CÓRDOBA,2,bottom,Alejandro Maciel,Argentina,elite,2,2,2,0,0.0,0.0,0.0,,,,,0.0,,,False,False,Alejandro Maciel,,,,,,,,,,,True,False
Javier Vallejos,javier vallejos,CENTRAL CÓRDOBA,Argentina,0.0,5,shots,shots,CENTRAL CÓRDOBA,CENTRAL CÓRDOBA,3,bottom,Javier Vallejos,Argentina,elite,2,2,2,0,0.0,0.0,0.0,,,,,0.0,,,False,False,Javier Vallejos,,,,,,,,,,,True,False
Michael Santos,michael santos,CENTRAL CÓRDOBA,Argentina,2.4,5,shots,shots,CENTRAL CÓRDOBA,CENTRAL CÓRDOBA,1,top,Michael Santos,Argentina,elite,2,2,2,0,0.5,-0.7083333333333333,-0.7083333333333333,,,,,0.5,,,False,True,Michael Santos,,,,,,,,,,,True,False
Lucas González,lucas gonzalez,CENTRAL CÓRDOBA,Argentina,1.4,5,shots,shots,CENTRAL CÓRDOBA,CENTRAL CÓRDOBA,2,top,Lucas González,Argentina,elite,2,2,2,0,0.0,-1.25,-1.25,,,,,0.0,,,False,True,Lucas González,,,,,,,,,,,True,False
Diego Barrera,diego barrera,CENTRAL CÓRDOBA,Argentina,1.0,5,shots,shots,CENTRAL CÓRDOBA,CENTRAL CÓRDOBA,3,top,Diego Barrera,Argentina,elite,2,2,2,0,0.5,0.125,0.125,,,,,0.5,,,False,False,Diego Barrera,,,,,,,,,,,True,False
Alan Laprida,alan laprida,CENTRAL CÓRDOBA,Argentina,0.0,5,shots_on_target,shots_on_target,CENTRAL CÓRDOBA,CENTRAL CÓRDOBA,1,bottom,Alan Laprida,Argentina,elite,2,2,2,0,0.0,0.0,0.0,,,,,0.0,,,False,False,Alan Laprida,,,,,,,,,,,True,False
Alejandro Maciel,alejandro maciel,CENTRAL CÓRDOBA,Argentina,0.0,5,shots_on_target,shots_on_target,CENTRAL CÓRDOBA,CENTRAL CÓRDOBA,2,bottom,Alejandro Maciel,Argentina,elite,2,2,2,0,0.0,0.0,0.0,,,,,0.0,,,False,False,Alejandro Maciel,,,,,,,,,,,True,False
Horacio Tijanovich,horacio tijanovich,CENTRAL CÓRDOBA,Argentina,0.0,5,shots_on_target,shots_on_target,CENTRAL CÓRDOBA,CENTRAL CÓRDOBA,3,bottom,Horacio Tijanovich,Argentina,elite,2,2,2,0,0.0,0.0,0.0,,,,,0.0,,,False,False,Horacio Tijanovich,,,,,,,,,,,True,False
Michael Santos,michael santos,CENTRAL CÓRDOBA,Argentina,1.2,5,shots_on_target,shots_on_target,CENTRAL CÓRDOBA,CENTRAL CÓRDOBA,1,top,Michael Santos,Argentina,elite,2,2,2,0,0.5,-0.41666666666666663,-0.41666666666666663,,,,,0.5,,,False,True,Michael Santos,,,,,,,,,,,True,False
Diego Barrera,diego barrera,CENTRAL CÓRDOBA,Argentina,0.4,5,shots_on_target,shots_on_target,CENTRAL CÓRDOBA,CENTRAL CÓRDOBA,2,top,Diego Barrera,Argentina,elite,2,2,2,0,0.0,-0.5833333333333333,-0.5833333333333333,,,,,0.0,,,False,True,Diego Barrera,,,,,,,,,,,True,False
Matías Vera,matias vera,CENTRAL CÓRDOBA,Argentina,0.4,5,shots_on_target,shots_on_target,CENTRAL CÓRDOBA,CENTRAL CÓRDOBA,3,top,Matías Vera,Argentina,elite,2,2,2,0,0.0,-0.5833333333333333,-0.5833333333333333,,,,,0.0,,,False,True,Matías Vera,,,,,,,,,,,True,False
Bruno Matias,bruno matias,CHAPECOENSE,Brazil,0.0,5,assists,assists,CHAPECOENSE,CHAPECOENSE,1,bottom,Bruno Matias,Brazil,elite,2,2,1,0,0.0,0.0,0.0,,0.0,,,0.0,,,False,False,Bruno Matias,,,,,,,,,,,True,False
Bruno Pacheco,bruno pacheco,CHAPECOENSE,Brazil,0.0,5,assists,assists,CHAPECOENSE,CHAPECOENSE,2,bottom,Bruno Pacheco,Brazil,elite,2,2,1,0,0.0,0.0,0.0,,0.0,,,0.0,,,False,False,Bruno Pacheco,,,,,,,,,,,True,False
Camilo,camilo,CHAPECOENSE,Brazil,0.0,5,assists,assists,CHAPECOENSE,CHAPECOENSE,3,bottom,Camilo,Brazil,elite,2,2,1,0,0.0,0.0,0.0,,0.0,,,0.0,,,False,False,Camilo,,,,,,,,,,,True,False
Giovanni Augusto,giovanni augusto,CHAPECOENSE,Brazil,0.6,5,assists,assists,CHAPECOENSE,CHAPECOENSE,1,top,Giovanni Augusto,Brazil,elite,2,2,1,0,0.5,0.7083333333333334,1.75,,-0.3333333333333333,,,1.0,,,False,False,Giovanni Augusto,,,,,,,,,,,True,False
Bruno Matias,bruno matias,CHAPECOENSE,Brazil,0.0,5,assists,assists,CHAPECOENSE,CHAPECOENSE,2,top,Bruno Matias,Brazil,elite,2,2,1,0,0.0,0.0,0.0,,0.0,,,0.0,,,False,False,Bruno Matias,,,,,,,,,,,True,False
Bruno Pacheco,bruno pacheco,CHAPECOENSE,Brazil,0.0,5,assists,assists,CHAPECOENSE,CHAPECOENSE,3,top,Bruno Pacheco,Brazil,elite,2,2,1,0,0.0,0.0,0.0,,0.0,,,0.0,,,False,False,Bruno Pacheco,,,,,,,,,,,True,False
Bruno Matias,bruno matias,CHAPECOENSE,Brazil,0.0,5,goals,goals,CHAPECOENSE,CHAPECOENSE,1,bottom,Bruno Matias,Brazil,elite,2,2,1,0,0.0,0.0,0.0,,0.0,,,0.0,,,False,False,Bruno Matias,,,,,,,,,,,True,False
Bruno Pacheco,bruno pacheco,CHAPECOENSE,Brazil,0.0,5,goals,goals,CHAPECOENSE,CHAPECOENSE,2,bottom,Bruno Pacheco,Brazil,elite,2,2,1,0,0.0,0.0,0.0,,0.0,,,0.0,,,False,False,Bruno Pacheco,,,,,,,,,,,True,False
Camilo,camilo,CHAPECOENSE,Brazil,0.0,5,goals,goals,CHAPECOENSE,CHAPECOENSE,3,bottom,Camilo,Brazil,elite,2,2,1,0,0.0,0.0,0.0,,0.0,,,0.0,,,False,False,Camilo,,,,,,,,,,,True,False
Marcinho,marcinho,CHAPECOENSE,Brazil,0.4,5,goals,goals,CHAPECOENSE,CHAPECOENSE,1,top,Marcinho,Brazil,elite,2,2,1,0,0.5,0.20833333333333334,0.75,,-0.3333333333333333,,,1.0,,,False,False,Marcinho,,,,,,,,,,,True,False
Giovanni Augusto,giovanni augusto,CHAPECOENSE,Brazil,0.2,5,goals,goals,CHAPECOENSE,CHAPECOENSE,2,top,Giovanni Augusto,Brazil,elite,2,2,1,0,0.5,0.5,1.0,,0.0,,,1.0,,,False,False,Giovanni Augusto,,,,,,,,,,,True,False
Bruno Matias,bruno matias,CHAPECOENSE,Brazil,0.0,5,goals,goals,CHAPECOENSE,CHAPECOENSE,3,top,Bruno Matias,Brazil,elite,2,2,1,0,0.0,0.0,0.0,,0.0,,,0.0,,,False,False,Bruno Matias,,,,,,,,,,,True,False
Matheus,matheus,CHAPECOENSE,Brazil,2.4,5,saves,saves,CHAPECOENSE,CHAPECOENSE,1,bottom,Matheus,Brazil,elite,2,2,1,0,0.0,-3.5,-3.0,,-4.0,,,0.0,,,False,False,Matheus,,,,,,,,,,,True,False
Matheus,matheus,CHAPECOENSE,Brazil,2.4,5,saves,saves,CHAPECOENSE,CHAPECOENSE,1,top,Matheus,Brazil,elite,2,2,1,0,0.0,-3.5,-3.0,,-4.0,,,0.0,,,False,False,Matheus,,,,,,,,,,,True,False
Kauan,kauan,CHAPECOENSE,Brazil,0.0,5,shots,shots,CHAPECOENSE,CHAPECOENSE,1,bottom,Kauan,Brazil,elite,2,2,1,0,0.0,0.0,0.0,,0.0,,,0.0,,,False,False,Kauan,,,,,,,,,,,True,False
Matheus,matheus,CHAPECOENSE,Brazil,0.0,5,shots,shots,CHAPECOENSE,CHAPECOENSE,2,bottom,Matheus,Brazil,elite,3,3,1,1,0.0,-0.5071428571428571,-0.7,-0.25,-0.5714285714285714,,0.0,0.0,0.44999999999999996,0.44999999999999996,False,False,Matheus,,,,,,,,,,,True,False
Bruno Pacheco,bruno pacheco,CHAPECOENSE,Brazil,0.2,5,shots,shots,CHAPECOENSE,CHAPECOENSE,3,bottom,Bruno Pacheco,Brazil,elite,2,2,1,0,0.0,-0.29166666666666663,-0.25,,-0.3333333333333333,,,0.0,,,False,False,Bruno Pacheco,,,,,,,,,,,True,False
Bruno Matias,bruno matias,CHAPECOENSE,Brazil,1.2,5,shots,shots,CHAPECOENSE,CHAPECOENSE,1,top,Bruno Matias,Brazil,elite,2,2,1,0,0.5,-0.16666666666666663,1.0,,-1.3333333333333333,,,1.0,,,False,False,Bruno Matias,,,,,,,,,,,True,False
Marcinho,marcinho,CHAPECOENSE,Brazil,1.2,5,shots,shots,CHAPECOENSE,CHAPECOENSE,2,top,Marcinho,Brazil,elite,2,2,1,0,0.5,0.625,2.25,,-1.0,,,1.0,,,False,False,Marcinho,,,,,,,,,,,True,False
Giovanni Augusto,giovanni augusto,CHAPECOENSE,Brazil,1.0,5,shots,shots,CHAPECOENSE,CHAPECOENSE,3,top,Giovanni Augusto,Brazil,elite,2,2,1,0,0.5,0.6666666666666667,0.0,,1.3333333333333335,,,0.0,,,False,False,Giovanni Augusto,,,,,,,,,,,True,False
Bruno Matias,bruno matias,CHAPECOENSE,Brazil,0.0,5,shots_on_target,shots_on_target,CHAPECOENSE,CHAPECOENSE,1,bottom,Bruno Matias,Brazil,elite,2,2,1,0,0.0,0.0,0.0,,0.0,,,0.0,,,False,False,Bruno Matias,,,,,,,,,,,True,False
Bruno Pacheco,bruno pacheco,CHAPECOENSE,Brazil,0.0,5,shots_on_target,shots_on_target,CHAPECOENSE,CHAPECOENSE,2,bottom,Bruno Pacheco,Brazil,elite,2,2,1,0,0.0,0.0,0.0,,0.0,,,0.0,,,False,False,Bruno Pacheco,,,,,,,,,,,True,False
Camilo,camilo,CHAPECOENSE,Brazil,0.0,5,shots_on_target,shots_on_target,CHAPECOENSE,CHAPECOENSE,3,bottom,Camilo,Brazil,elite,2,2,1,0,0.0,0.0,0.0,,0.0,,,0.0,,,False,False,Camilo,,,,,,,,,,,True,False
Giovanni Augusto,giovanni augusto,CHAPECOENSE,Brazil,0.6,5,shots_on_target,shots_on_target,CHAPECOENSE,CHAPECOENSE,1,top,Giovanni Augusto,Brazil,elite,2,2,1,0,0.5,-0.08333333333333331,0.5,,-0.6666666666666666,,,1.0,,,False,False,Giovanni Augusto,,,,,,,,,,,True,False
Marcinho,marcinho,CHAPECOENSE,Brazil,0.6,5,shots_on_target,shots_on_target,CHAPECOENSE,CHAPECOENSE,2,top,Marcinho,Brazil,elite,2,2,1,0,0.5,-0.08333333333333331,0.5,,-0.6666666666666666,,,1.0,,,False,False,Marcinho,,,,,,,,,,,True,False
Neto,neto,CHAPECOENSE,Brazil,0.2,5,shots_on_target,shots_on_target,CHAPECOENSE,CHAPECOENSE,3,top,Neto,Brazil,elite,2,2,1,0,0.0,-0.29166666666666663,-0.25,,-0.3333333333333333,,,0.0,,,False,False,Neto,,,,,,,,,,,True,False
Aaliyah Farmer,aaliyah farmer,CHICAGO STARS,NWSL,0.0,6,assists,assists,CHICAGO STARS,CHICAGO STARS,1,bottom,Aaliyah Farmer,NWSL,mid,3,3,0,1,0.0,0.0,,0.0,0.0,,0.0,,,,False,False,Aaliyah Farmer,,,,,,,,,,,True,False
Alyssa Naeher,alyssa naeher,CHICAGO STARS,NWSL,0.0,7,assists,assists,CHICAGO STARS,CHICAGO STARS,2,bottom,Alyssa Naeher,NWSL,mid,4,4,0,1,0.0,0.0,,0.0,0.0,,0.0,,,,False,False,Alyssa Naeher,,,,,,,,,,,True,False
Bea Franklin,bea franklin,CHICAGO STARS,NWSL,0.0,6,assists,assists,CHICAGO STARS,CHICAGO STARS,3,bottom,Bea Franklin,NWSL,mid,3,3,0,1,0.0,0.0,,0.0,0.0,,0.0,,,,False,False,Bea Franklin,,,,,,,,,,,True,False
Brianna Pinto,brianna pinto,CHICAGO STARS,NWSL,0.14285714285714285,7,assists,assists,CHICAGO STARS,CHICAGO STARS,1,top,Brianna Pinto,NWSL,mid,4,4,0,1,0.0,-0.23749999999999996,,-0.25,-0.2333333333333333,,0.0,,,,False,False,Brianna Pinto,,,,,,,,,,,True,False
Aaliyah Farmer,aaliyah farmer,CHICAGO STARS,NWSL,0.0,6,assists,assists,CHICAGO STARS,CHICAGO STARS,2,top,Aaliyah Farmer,NWSL,mid,3,3,0,1,0.0,0.0,,0.0,0.0,,0.0,,,,False,False,Aaliyah Farmer,,,,,,,,,,,True,False
Alyssa Naeher,alyssa naeher,CHICAGO STARS,NWSL,0.0,7,assists,assists,CHICAGO STARS,CHICAGO STARS,3,top,Alyssa Naeher,NWSL,mid,4,4,0,1,0.0,0.0,,0.0,0.0,,0.0,,,,False,False,Alyssa Naeher,,,,,,,,,,,True,False
Aaliyah Farmer,aaliyah farmer,CHICAGO STARS,NWSL,0.0,6,goals,goals,CHICAGO STARS,CHICAGO STARS,1,bottom,Aaliyah Farmer,NWSL,mid,3,3,0,1,0.0,0.0,,0.0,0.0,,0.0,,,,False,False,Aaliyah Farmer,,,,,,,,,,,True,False
Alyssa Naeher,alyssa naeher,CHICAGO STARS,NWSL,0.0,7,goals,goals,CHICAGO STARS,CHICAGO STARS,2,bottom,Alyssa Naeher,NWSL,mid,4,4,0,1,0.0,0.0,,0.0,0.0,,0.0,,,,False,False,Alyssa Naeher,,,,,,,,,,,True,False
Bea Franklin,bea franklin,CHICAGO STARS,NWSL,0.0,6,goals,goals,CHICAGO STARS,CHICAGO STARS,3,bottom,Bea Franklin,NWSL,mid,3,3,0,1,0.0,0.0,,0.0,0.0,,0.0,,,,False,False,Bea Franklin,,,,,,,,,,,True,False
Nádia Gomes,nadia gomes,CHICAGO STARS,NWSL,0.14285714285714285,7,goals,goals,CHICAGO STARS,CHICAGO STARS,1,top,Nádia Gomes,NWSL,mid,4,4,0,1,0.25,0.15833333333333335,,1.0,-0.12222222222222223,,1.0,,,,False,False,Nádia Gomes,,,,,,,,,,,True,False
Sam Staab,sam staab,CHICAGO STARS,NWSL,0.14285714285714285,7,goals,goals,CHICAGO STARS,CHICAGO STARS,2,top,Sam Staab,NWSL,mid,4,4,0,1,0.0,-0.23749999999999996,,-0.25,-0.2333333333333333,,0.0,,,,False,False,Sam Staab,,,,,,,,,,,True,False
Aaliyah Farmer,aaliyah farmer,CHICAGO STARS,NWSL,0.0,6,goals,goals,CHICAGO STARS,CHICAGO STARS,3,top,Aaliyah Farmer,NWSL,mid,3,3,0,1,0.0,0.0,,0.0,0.0,,0.0,,,,False,False,Aaliyah Farmer,,,,,,,,,,,True,False
Alyssa Naeher,alyssa naeher,CHICAGO STARS,NWSL,0.0,7,saves,saves,CHICAGO STARS,CHICAGO STARS,1,bottom,Alyssa Naeher,NWSL,mid,4,4,0,1,0.0,0.0,,0.0,0.0,,0.0,,,,False,False,Alyssa Naeher,,,,,,,,,,,True,False
Katie Atkinson,katie atkinson,CHICAGO STARS,NWSL,4.285714285714286,7,saves,saves,CHICAGO STARS,CHICAGO STARS,2,bottom,Katie Atkinson,NWSL,mid,4,4,0,1,0.75,1.2708333333333333,,-3.75,2.944444444444444,,0.0,,,,False,False,Katie Atkinson,,,,,,,,,,,True,False
Katie Atkinson,katie atkinson,CHICAGO STARS,NWSL,4.285714285714286,7,saves,saves,CHICAGO STARS,CHICAGO STARS,1,top,Katie Atkinson,NWSL,mid,4,4,0,1,0.75,1.2708333333333333,,-3.75,2.944444444444444,,0.0,,,,False,False,Katie Atkinson,,,,,,,,,,,True,False
Alyssa Naeher,alyssa naeher,CHICAGO STARS,NWSL,0.0,7,saves,saves,CHICAGO STARS,CHICAGO STARS,2,top,Alyssa Naeher,NWSL,mid,4,4,0,1,0.0,0.0,,0.0,0.0,,0.0,,,,False,False,Alyssa Naeher,,,,,,,,,,,True,False
Alyssa Naeher,alyssa naeher,CHICAGO STARS,NWSL,0.0,7,shots,shots,CHICAGO STARS,CHICAGO STARS,1,bottom,Alyssa Naeher,NWSL,mid,4,4,0,1,0.0,0.0,,0.0,0.0,,0.0,,,,False,False,Alyssa Naeher,,,,,,,,,,,True,False
Elise Evans,elise evans,CHICAGO STARS,NWSL,0.0,7,shots,shots,CHICAGO STARS,CHICAGO STARS,2,bottom,Elise Evans,NWSL,mid,4,4,0,1,0.0,0.0,,0.0,0.0,,0.0,,,,False,False,Elise Evans,,,,,,,,,,,True,False
Kathrin Hendrich,kathrin hendrich,CHICAGO STARS,NWSL,0.0,5,shots,shots,CHICAGO STARS,CHICAGO STARS,3,bottom,Kathrin Hendrich,NWSL,mid,2,2,0,1,0.0,0.0,,0.0,0.0,,0.0,,,,False,False,Kathrin Hendrich,,,,,,,,,,,True,False
Jameese Joseph,jameese joseph,CHICAGO STARS,NWSL,1.8571428571428572,7,shots,shots,CHICAGO STARS,CHICAGO STARS,1,top,Jameese Joseph,NWSL,mid,4,4,0,1,0.25,-0.6875,,-1.25,-0.5,,0.0,,,,False,False,Jameese Joseph,,,,,,,,,,,True,False
Mallory Swanson,mallory swanson,CHICAGO STARS,NWSL,1.3333333333333333,6,shots,shots,CHICAGO STARS,CHICAGO STARS,2,top,Mallory Swanson,NWSL,mid,3,3,0,1,0.3333333333333333,-0.30555555555555564,,-1.6666666666666667,0.375,,0.0,,,,False,False,Mallory Swanson,,,,,,,,,,,True,False
Brianna Pinto,brianna pinto,CHICAGO STARS,NWSL,0.8571428571428571,7,shots,shots,CHICAGO STARS,CHICAGO STARS,3,top,Brianna Pinto,NWSL,mid,4,4,0,1,0.75,0.5916666666666668,,1.5,0.2888888888888889,,1.0,,,,False,False,Brianna Pinto,,,,,,,,,,,True,False
Alyssa Naeher,alyssa naeher,CHICAGO STARS,NWSL,0.0,7,shots_on_target,shots_on_target,CHICAGO STARS,CHICAGO STARS,1,bottom,Alyssa Naeher,NWSL,mid,4,4,0,1,0.0,0.0,,0.0,0.0,,0.0,,,,False,False,Alyssa Naeher,,,,,,,,,,,True,False
Elise Evans,elise evans,CHICAGO STARS,NWSL,0.0,7,shots_on_target,shots_on_target,CHICAGO STARS,CHICAGO STARS,2,bottom,Elise Evans,NWSL,mid,4,4,0,1,0.0,0.0,,0.0,0.0,,0.0,,,,False,False,Elise Evans,,,,,,,,,,,True,False
Kathrin Hendrich,kathrin hendrich,CHICAGO STARS,NWSL,0.0,5,shots_on_target,shots_on_target,CHICAGO STARS,CHICAGO STARS,3,bottom,Kathrin Hendrich,NWSL,mid,2,2,0,1,0.0,0.0,,0.0,0.0,,0.0,,,,False,False,Kathrin Hendrich,,,,,,,,,,,True,False
Jameese Joseph,jameese joseph,CHICAGO STARS,NWSL,0.7142857142857143,7,shots_on_target,shots_on_target,CHICAGO STARS,CHICAGO STARS,1,top,Jameese Joseph,NWSL,mid,4,4,0,1,0.25,-0.7416666666666666,,-1.0,-0.6555555555555556,,0.0,,,,False,False,Jameese Joseph,,,,,,,,,,,True,False
Mallory Swanson,mallory swanson,CHICAGO STARS,NWSL,0.6666666666666666,6,shots_on_target,shots_on_target,CHICAGO STARS,CHICAGO STARS,2,top,Mallory Swanson,NWSL,mid,3,3,0,1,0.3333333333333333,0.14444444444444451,,-0.6666666666666666,0.55,,0.0,,,,False,False,Mallory Swanson,,,,,,,,,,,True,False
Aaliyah Farmer,aaliyah farmer,CHICAGO STARS,NWSL,0.5,6,shots_on_target,shots_on_target,CHICAGO STARS,CHICAGO STARS,3,top,Aaliyah Farmer,NWSL,mid,3,3,0,1,0.3333333333333333,-0.33888888888888885,,-0.75,-0.1333333333333333,,0.0,,,,False,False,Aaliyah Farmer,,,,,,,,,,,True,False
Allan,allan,CORINTHIANS,Brazil,0.0,5,assists,assists,CORINTHIANS,CORINTHIANS,1,bottom,Allan,Brazil,elite,2,2,1,1,0.0,0.0,0.0,0.0,,,0.0,0.0,0.0,0.0,False,False,Allan,,,,,,,,,,,True,False
André Carrillo,andre carrillo,CORINTHIANS,Brazil,0.0,5,assists,assists,CORINTHIANS,CORINTHIANS,2,bottom,André Carrillo,Brazil,elite,2,2,1,1,0.0,0.0,0.0,0.0,,,0.0,0.0,0.0,0.0,False,False,André Carrillo,,,,,,,,,,,True,False
Charles,charles,CORINTHIANS,Brazil,0.0,5,assists,assists,CORINTHIANS,CORINTHIANS,3,bottom,Charles,Brazil,elite,2,2,1,1,0.0,0.0,0.0,0.0,,,0.0,0.0,0.0,0.0,False,False,Charles,,,,,,,,,,,True,False
Breno Bidon,breno bidon,CORINTHIANS,Brazil,0.2,5,assists,assists,CORINTHIANS,CORINTHIANS,1,top,Breno Bidon,Brazil,elite,2,2,1,1,0.0,-0.29166666666666663,-0.3333333333333333,-0.25,,,0.0,0.0,0.08333333333333331,0.08333333333333331,False,False,Breno Bidon,,,,,,,,,,,True,False
Mateuzinho,mateuzinho,CORINTHIANS,Brazil,0.2,5,assists,assists,CORINTHIANS,CORINTHIANS,2,top,Mateuzinho,Brazil,elite,2,2,1,1,0.5,0.375,1.0,-0.25,,,0.0,1.0,-1.25,-1.25,False,False,Mateuzinho,,,,,,,,,,,True,False
Allan,allan,CORINTHIANS,Brazil,0.0,5,assists,assists,CORINTHIANS,CORINTHIANS,3,top,Allan,Brazil,elite,2,2,1,1,0.0,0.0,0.0,0.0,,,0.0,0.0,0.0,0.0,False,False,Allan,,,,,,,,,,,True,False
Allan,allan,CORINTHIANS,Brazil,0.0,5,goals,goals,CORINTHIANS,CORINTHIANS,1,bottom,Allan,Brazil,elite,2,2,1,1,0.0,0.0,0.0,0.0,,,0.0,0.0,0.0,0.0,False,False,Allan,,,,,,,,,,,True,False
André Carrillo,andre carrillo,CORINTHIANS,Brazil,0.0,5,goals,goals,CORINTHIANS,CORINTHIANS,2,bottom,André Carrillo,Brazil,elite,2,2,1,1,0.0,0.0,0.0,0.0,,,0.0,0.0,0.0,0.0,False,False,André Carrillo,,,,,,,,,,,True,False
Breno Bidon,breno bidon,CORINTHIANS,Brazil,0.0,5,goals,goals,CORINTHIANS,CORINTHIANS,3,bottom,Breno Bidon,Brazil,elite,2,2,1,1,0.0,0.0,0.0,0.0,,,0.0,0.0,0.0,0.0,False,False,Breno Bidon,,,,,,,,,,,True,False
Gustavo Henrique,gustavo henrique,CORINTHIANS,Brazil,0.2,5,goals,goals,CORINTHIANS,CORINTHIANS,1,top,Gustavo Henrique,Brazil,elite,3,3,1,1,0.3333333333333333,0.3333333333333333,0.0,1.0,,,1.0,0.0,1.0,1.0,False,False,Gustavo Henrique,,,,,,,,,,,True,False
Kaio,kaio,CORINTHIANS,Brazil,0.2,5,goals,goals,CORINTHIANS,CORINTHIANS,2,top,Kaio,Brazil,elite,2,2,1,1,0.0,-0.29166666666666663,-0.3333333333333333,-0.25,,,0.0,0.0,0.08333333333333331,0.08333333333333331,False,False,Kaio,,,,,,,,,,,True,False
Allan,allan,CORINTHIANS,Brazil,0.0,5,goals,goals,CORINTHIANS,CORINTHIANS,3,top,Allan,Brazil,elite,2,2,1,1,0.0,0.0,0.0,0.0,,,0.0,0.0,0.0,0.0,False,False,Allan,,,,,,,,,,,True,False
Kauê Camargo,kaue camargo,CORINTHIANS,Brazil,0.0,5,saves,saves,CORINTHIANS,CORINTHIANS,1,bottom,Kauê Camargo,Brazil,elite,2,2,1,1,0.0,0.0,0.0,0.0,,,0.0,0.0,0.0,0.0,False,False,Kauê Camargo,,,,,,,,,,,True,False
Hugo Souza,hugo souza,CORINTHIANS,Brazil,1.6,5,saves,saves,CORINTHIANS,CORINTHIANS,2,bottom,Hugo Souza,Brazil,elite,2,2,1,1,1.0,2.166666666666667,1.3333333333333335,3.0,,,1.0,1.0,1.6666666666666665,1.6666666666666665,False,False,Hugo Souza,,,,,,,,,,,True,False
Hugo Souza,hugo souza,CORINTHIANS,Brazil,1.6,5,saves,saves,CORINTHIANS,CORINTHIANS,1,top,Hugo Souza,Brazil,elite,2,2,1,1,1.0,2.166666666666667,1.3333333333333335,3.0,,,1.0,1.0,1.6666666666666665,1.6666666666666665,False,False,Hugo Souza,,,,,,,,,,,True,False
Kauê Camargo,kaue camargo,CORINTHIANS,Brazil,0.0,5,saves,saves,CORINTHIANS,CORINTHIANS,2,top,Kauê Camargo,Brazil,elite,2,2,1,1,0.0,0.0,0.0,0.0,,,0.0,0.0,0.0,0.0,False,False,Kauê Camargo,,,,,,,,,,,True,False
Charles,charles,CORINTHIANS,Brazil,0.0,5,shots,shots,CORINTHIANS,CORINTHIANS,1,bottom,Charles,Brazil,elite,2,2,1,1,0.0,0.0,0.0,0.0,,,0.0,0.0,0.0,0.0,False,False,Charles,,,,,,,,,,,True,False
Hugo Souza,hugo souza,CORINTHIANS,Brazil,0.0,5,shots,shots,CORINTHIANS,CORINTHIANS,2,bottom,Hugo Souza,Brazil,elite,2,2,1,1,0.0,0.0,0.0,0.0,,,0.0,0.0,0.0,0.0,False,False,Hugo Souza,,,,,,,,,,,True,False
Kauê Camargo,kaue camargo,CORINTHIANS,Brazil,0.0,5,shots,shots,CORINTHIANS,CORINTHIANS,3,bottom,Kauê Camargo,Brazil,elite,2,2,1,1,0.0,0.0,0.0,0.0,,,0.0,0.0,0.0,0.0,False,False,Kauê Camargo,,,,,,,,,,,True,False
Kaio,kaio,CORINTHIANS,Brazil,1.8,5,shots,shots,CORINTHIANS,CORINTHIANS,1,top,Kaio,Brazil,elite,2,2,1,1,0.5,1.2083333333333335,-0.33333333333333326,2.75,,,1.0,0.0,3.083333333333333,3.083333333333333,False,False,Kaio,,,,,,,,,,,True,False
Mateuzinho,mateuzinho,CORINTHIANS,Brazil,1.2,5,shots,shots,CORINTHIANS,CORINTHIANS,2,top,Mateuzinho,Brazil,elite,2,2,1,1,0.0,-0.29166666666666663,-0.33333333333333326,-0.25,,,0.0,0.0,0.08333333333333326,0.08333333333333326,False,False,Mateuzinho,,,,,,,,,,,True,False
Breno Bidon,breno bidon,CORINTHIANS,Brazil,0.6,5,shots,shots,CORINTHIANS,CORINTHIANS,3,top,Breno Bidon,Brazil,elite,2,2,1,1,0.5,-0.08333333333333331,-0.6666666666666666,0.5,,,1.0,0.0,1.1666666666666665,1.1666666666666665,False,False,Breno Bidon,,,,,,,,,,,True,False
André Carrillo,andre carrillo,CORINTHIANS,Brazil,0.0,5,shots_on_target,shots_on_target,CORINTHIANS,CORINTHIANS,1,bottom,André Carrillo,Brazil,elite,2,2,1,1,0.0,0.0,0.0,0.0,,,0.0,0.0,0.0,0.0,False,False,André Carrillo,,,,,,,,,,,True,False
Charles,charles,CORINTHIANS,Brazil,0.0,5,shots_on_target,shots_on_target,CORINTHIANS,CORINTHIANS,2,bottom,Charles,Brazil,elite,2,2,1,1,0.0,0.0,0.0,0.0,,,0.0,0.0,0.0,0.0,False,False,Charles,,,,,,,,,,,True,False
Dieguinho,dieguinho,CORINTHIANS,Brazil,0.0,5,shots_on_target,shots_on_target,CORINTHIANS,CORINTHIANS,3,bottom,Dieguinho,Brazil,elite,2,2,1,1,0.0,0.0,0.0,0.0,,,0.0,0.0,0.0,0.0,False,False,Dieguinho,,,,,,,,,,,True,False
Kaio,kaio,CORINTHIANS,Brazil,0.8,5,shots_on_target,shots_on_target,CORINTHIANS,CORINTHIANS,1,top,Kaio,Brazil,elite,2,2,1,1,1.0,0.2916666666666667,0.33333333333333337,0.25,,,1.0,1.0,-0.08333333333333337,-0.08333333333333337,False,False,Kaio,,,,,,,,,,,True,False
Mateuzinho,mateuzinho,CORINTHIANS,Brazil,0.6,5,shots_on_target,shots_on_target,CORINTHIANS,CORINTHIANS,2,top,Mateuzinho,Brazil,elite,2,2,1,1,0.0,-0.875,-1.0,-0.75,,,0.0,0.0,0.25,0.25,False,False,Mateuzinho,,,,,,,,,,,True,False
Allan,allan,CORINTHIANS,Brazil,0.4,5,shots_on_target,shots_on_target,CORINTHIANS,CORINTHIANS,3,top,Allan,Brazil,elite,2,2,1,1,0.5,0.20833333333333334,-0.3333333333333333,0.75,,,1.0,0.0,1.0833333333333333,1.0833333333333333,False,False,Allan,,,,,,,,,,,True,False
Bruno Melo,bruno melo,CORITIBA,Brazil,0.0,5,assists,assists,CORITIBA,CORITIBA,1,bottom,Bruno Melo,Brazil,elite,2,2,1,1,0.0,0.0,0.0,0.0,,,0.0,0.0,0.0,0.0,False,False,Bruno Melo,,,,,,,,,,,True,False
Felipe Jonatan,felipe jonatan,CORITIBA,Brazil,0.0,5,assists,assists,CORITIBA,CORITIBA,2,bottom,Felipe Jonatan,Brazil,elite,2,2,1,1,0.0,0.0,0.0,0.0,,,0.0,0.0,0.0,0.0,False,False,Felipe Jonatan,,,,,,,,,,,True,False
Jacy Maranhão,jacy maranhao,CORITIBA,Brazil,0.0,5,assists,assists,CORITIBA,CORITIBA,3,bottom,Jacy Maranhão,Brazil,elite,2,2,1,1,0.0,0.0,0.0,0.0,,,0.0,0.0,0.0,0.0,False,False,Jacy Maranhão,,,,,,,,,,,True,False
Breno,breno,CORITIBA,Brazil,0.2,5,assists,assists,CORITIBA,CORITIBA,1,top,Breno,Brazil,elite,2,2,1,1,0.5,0.5,1.0,0.0,,,0.0,1.0,-1.0,-1.0,False,False,Breno,,,,,,,,,,,True,False
Joaquín Lavega,joaquin lavega,CORITIBA,Brazil,0.2,5,assists,assists,CORITIBA,CORITIBA,2,top,Joaquín Lavega,Brazil,elite,2,2,1,1,0.5,0.375,-0.25,1.0,,,1.0,0.0,1.25,1.25,False,False,Joaquín Lavega,,,,,,,,,,,True,False
Bruno Melo,bruno melo,CORITIBA,Brazil,0.0,5,assists,assists,CORITIBA,CORITIBA,3,top,Bruno Melo,Brazil,elite,2,2,1,1,0.0,0.0,0.0,0.0,,,0.0,0.0,0.0,0.0,False,False,Bruno Melo,,,,,,,,,,,True,False
Breno,breno,CORITIBA,Brazil,0.0,5,goals,goals,CORITIBA,CORITIBA,1,bottom,Breno,Brazil,elite,2,2,1,1,0.0,0.0,0.0,0.0,,,0.0,0.0,0.0,0.0,False,False,Breno,,,,,,,,,,,True,False
Bruno Melo,bruno melo,CORITIBA,Brazil,0.0,5,goals,goals,CORITIBA,CORITIBA,2,bottom,Bruno Melo,Brazil,elite,2,2,1,1,0.0,0.0,0.0,0.0,,,0.0,0.0,0.0,0.0,False,False,Bruno Melo,,,,,,,,,,,True,False
Felipe Jonatan,felipe jonatan,CORITIBA,Brazil,0.0,5,goals,goals,CORITIBA,CORITIBA,3,bottom,Felipe Jonatan,Brazil,elite,2,2,1,1,0.0,0.0,0.0,0.0,,,0.0,0.0,0.0,0.0,False,False,Felipe Jonatan,,,,,,,,,,,True,False
Tiago,tiago,CORITIBA,Brazil,0.4,5,goals,goals,CORITIBA,CORITIBA,1,top,Tiago,Brazil,elite,4,4,2,2,0.5,0.46875,0.4375,0.5,,,0.5,0.5,0.0625,0.0625,False,False,Tiago,,,,,,,,,,,True,False
Paulo Roberto,paulo roberto,CORITIBA,Brazil,0.2,5,goals,goals,CORITIBA,CORITIBA,2,top,Paulo Roberto,Brazil,elite,2,2,1,1,0.0,-0.29166666666666663,-0.25,-0.3333333333333333,,,0.0,0.0,-0.08333333333333331,-0.08333333333333331,False,False,Paulo Roberto,,,,,,,,,,,True,False
Breno,breno,CORITIBA,Brazil,0.0,5,goals,goals,CORITIBA,CORITIBA,3,top,Breno,Brazil,elite,2,2,1,1,0.0,0.0,0.0,0.0,,,0.0,0.0,0.0,0.0,False,False,Breno,,,,,,,,,,,True,False
Pedro Luccas,pedro luccas,CORITIBA,Brazil,2.0,5,saves,saves,CORITIBA,CORITIBA,1,bottom,Pedro Luccas,Brazil,elite,2,2,1,1,1.0,2.375,3.75,1.0,,,1.0,1.0,-2.75,-2.75,False,False,Pedro Luccas,,,,,,,,,,,True,False
Pedro Luccas,pedro luccas,CORITIBA,Brazil,2.0,5,saves,saves,CORITIBA,CORITIBA,1,top,Pedro Luccas,Brazil,elite,2,2,1,1,1.0,2.375,3.75,1.0,,,1.0,1.0,-2.75,-2.75,False,False,Pedro Luccas,,,,,,,,,,,True,False
João Pedro Chermont,joao pedro chermont,CORITIBA,Brazil,0.0,5,shots,shots,CORITIBA,CORITIBA,1,bottom,João Pedro Chermont,Brazil,elite,2,2,1,1,0.0,0.0,0.0,0.0,,,0.0,0.0,0.0,0.0,False,False,João Pedro Chermont,,,,,,,,,,,True,False
Maicon,maicon,CORITIBA,Brazil,0.0,5,shots,shots,CORITIBA,CORITIBA,2,bottom,Maicon,Brazil,elite,2,2,1,1,0.0,0.0,0.0,0.0,,,0.0,0.0,0.0,0.0,False,False,Maicon,,,,,,,,,,,True,False
Pedro Luccas,pedro luccas,CORITIBA,Brazil,0.0,5,shots,shots,CORITIBA,CORITIBA,3,bottom,Pedro Luccas,Brazil,elite,2,2,1,1,0.0,0.0,0.0,0.0,,,0.0,0.0,0.0,0.0,False,False,Pedro Luccas,,,,,,,,,,,True,False
Joaquín Lavega,joaquin lavega,CORITIBA,Brazil,1.2,5,shots,shots,CORITIBA,CORITIBA,1,top,Joaquín Lavega,Brazil,elite,2,2,1,1,0.5,1.5833333333333335,-1.5,4.666666666666667,,,1.0,0.0,6.166666666666667,6.166666666666667,False,False,Joaquín Lavega,,,,,,,,,,,True,False
Bruno Melo,bruno melo,CORITIBA,Brazil,1.0,5,shots,shots,CORITIBA,CORITIBA,2,top,Bruno Melo,Brazil,elite,2,2,1,1,0.0,-0.6666666666666666,0.0,-1.3333333333333333,,,0.0,0.0,-1.3333333333333333,-1.3333333333333333,False,False,Bruno Melo,,,,,,,,,,,True,False
Jacy Maranhão,jacy maranhao,CORITIBA,Brazil,1.0,5,shots,shots,CORITIBA,CORITIBA,3,top,Jacy Maranhão,Brazil,elite,2,2,1,1,0.5,0.125,1.25,-1.0,,,0.0,1.0,-2.25,-2.25,False,False,Jacy Maranhão,,,,,,,,,,,True,False
Bruno Melo,bruno melo,CORITIBA,Brazil,0.0,5,shots_on_target,shots_on_target,CORITIBA,CORITIBA,1,bottom,Bruno Melo,Brazil,elite,2,2,1,1,0.0,0.0,0.0,0.0,,,0.0,0.0,0.0,0.0,False,False,Bruno Melo,,,,,,,,,,,True,False
Felipe Jonatan,felipe jonatan,CORITIBA,Brazil,0.0,5,shots_on_target,shots_on_target,CORITIBA,CORITIBA,2,bottom,Felipe Jonatan,Brazil,elite,2,2,1,1,0.0,0.0,0.0,0.0,,,0.0,0.0,0.0,0.0,False,False,Felipe Jonatan,,,,,,,,,,,True,False
Jacy Maranhão,jacy maranhao,CORITIBA,Brazil,0.0,5,shots_on_target,shots_on_target,CORITIBA,CORITIBA,3,bottom,Jacy Maranhão,Brazil,elite,2,2,1,1,0.0,0.0,0.0,0.0,,,0.0,0.0,0.0,0.0,False,False,Jacy Maranhão,,,,,,,,,,,True,False
Tiago,tiago,CORITIBA,Brazil,0.6,5,shots_on_target,shots_on_target,CORITIBA,CORITIBA,1,top,Tiago,Brazil,elite,4,4,2,2,0.75,0.5833333333333334,0.875,0.2916666666666667,,,0.5,1.0,-0.5833333333333333,-0.5833333333333333,False,False,Tiago,,,,,,,,,,,True,False
Breno,breno,CORITIBA,Brazil,0.2,5,shots_on_target,shots_on_target,CORITIBA,CORITIBA,2,top,Breno,Brazil,elite,2,2,1,1,0.5,0.375,-0.25,1.0,,,1.0,0.0,1.25,1.25,False,False,Breno,,,,,,,,,,,True,False
Joaquín Lavega,joaquin lavega,CORITIBA,Brazil,0.2,5,shots_on_target,shots_on_target,CORITIBA,CORITIBA,3,top,Joaquín Lavega,Brazil,elite,2,2,1,1,0.5,0.375,-0.25,1.0,,,1.0,0.0,1.25,1.25,False,False,Joaquín Lavega,,,,,,,,,,,True,False
Fabrício Bruno,fabricio bruno,CRUZEIRO,Brazil,0.0,5,assists,assists,CRUZEIRO,CRUZEIRO,1,bottom,Fabrício Bruno,Brazil,elite,2,2,1,1,0.0,0.0,0.0,0.0,,,0.0,0.0,0.0,0.0,False,False,Fabrício Bruno,,,,,,,,,,,True,False
Gabriel Rojas,gabriel rojas,CRUZEIRO,Brazil,0.0,5,assists,assists,CRUZEIRO,CRUZEIRO,2,bottom,Gabriel Rojas,Brazil,elite,2,2,1,1,0.0,0.0,0.0,0.0,,,0.0,0.0,0.0,0.0,False,False,Gabriel Rojas,,,,,,,,,,,True,False
Jonathan Jesus,jonathan jesus,CRUZEIRO,Brazil,0.0,5,assists,assists,CRUZEIRO,CRUZEIRO,3,bottom,Jonathan Jesus,Brazil,elite,2,2,1,1,0.0,0.0,0.0,0.0,,,0.0,0.0,0.0,0.0,False,False,Jonathan Jesus,,,,,,,,,,,True,False
Bruno Rodrigues,bruno rodrigues,CRUZEIRO,Brazil,0.2,5,assists,assists,CRUZEIRO,CRUZEIRO,1,top,Bruno Rodrigues,Brazil,elite,2,2,1,1,0.5,0.375,-0.25,1.0,,,1.0,0.0,1.25,1.25,False,False,Bruno Rodrigues,,,,,,,,,,,True,False
Lucas Villalba,lucas villalba,CRUZEIRO,Brazil,0.2,5,assists,assists,CRUZEIRO,CRUZEIRO,2,top,Lucas Villalba,Brazil,weak,4,4,1,2,0.25,0.21875,-0.125,0.5,0.0,,0.5,0.0,0.625,0.625,False,False,Lucas Villalba,,,,,,,,,,,True,False
Fabrício Bruno,fabricio bruno,CRUZEIRO,Brazil,0.0,5,assists,assists,CRUZEIRO,CRUZEIRO,3,top,Fabrício Bruno,Brazil,elite,2,2,1,1,0.0,0.0,0.0,0.0,,,0.0,0.0,0.0,0.0,False,False,Fabrício Bruno,,,,,,,,,,,True,False
Fabrício Bruno,fabricio bruno,CRUZEIRO,Brazil,0.0,5,goals,goals,CRUZEIRO,CRUZEIRO,1,bottom,Fabrício Bruno,Brazil,elite,2,2,1,1,0.0,0.0,0.0,0.0,,,0.0,0.0,0.0,0.0,False,False,Fabrício Bruno,,,,,,,,,,,True,False
Gabriel Rojas,gabriel rojas,CRUZEIRO,Brazil,0.0,5,goals,goals,CRUZEIRO,CRUZEIRO,2,bottom,Gabriel Rojas,Brazil,elite,2,2,1,1,0.0,0.0,0.0,0.0,,,0.0,0.0,0.0,0.0,False,False,Gabriel Rojas,,,,,,,,,,,True,False
Jonathan Jesus,jonathan jesus,CRUZEIRO,Brazil,0.0,5,goals,goals,CRUZEIRO,CRUZEIRO,3,bottom,Jonathan Jesus,Brazil,elite,2,2,1,1,0.0,0.0,0.0,0.0,,,0.0,0.0,0.0,0.0,False,False,Jonathan Jesus,,,,,,,,,,,True,False
Kaio Jorge,kaio jorge,CRUZEIRO,Brazil,0.4,5,goals,goals,CRUZEIRO,CRUZEIRO,1,top,Kaio Jorge,Brazil,elite,2,2,1,1,0.5,0.08333333333333337,-0.5,0.6666666666666667,,,1.0,0.0,1.1666666666666667,1.1666666666666667,False,False,Kaio Jorge,,,,,,,,,,,True,False
Bruno Rodrigues,bruno rodrigues,CRUZEIRO,Brazil,0.2,5,goals,goals,CRUZEIRO,CRUZEIRO,2,top,Bruno Rodrigues,Brazil,elite,2,2,1,1,0.5,0.5,1.0,0.0,,,0.0,1.0,-1.0,-1.0,False,False,Bruno Rodrigues,,,,,,,,,,,True,False
João Marcelo,joao marcelo,CRUZEIRO,Brazil,0.2,5,goals,goals,CRUZEIRO,CRUZEIRO,3,top,João Marcelo,Brazil,elite,2,2,1,1,0.5,0.375,-0.25,1.0,,,1.0,0.0,1.25,1.25,False,False,João Marcelo,,,,,,,,,,,True,False
Vitor Lamounier,vitor lamounier,CRUZEIRO,Brazil,0.0,5,saves,saves,CRUZEIRO,CRUZEIRO,1,bottom,Vitor Lamounier,Brazil,elite,2,2,1,1,0.0,0.0,0.0,0.0,,,0.0,0.0,0.0,0.0,False,False,Vitor Lamounier,,,,,,,,,,,True,False
Otávio Costa,otavio costa,CRUZEIRO,Brazil,2.8,5,saves,saves,CRUZEIRO,CRUZEIRO,2,bottom,Otávio Costa,Brazil,elite,2,2,1,1,1.0,1.875,2.75,1.0,,,1.0,1.0,-1.75,-1.75,False,False,Otávio Costa,,,,,,,,,,,True,False
Otávio Costa,otavio costa,CRUZEIRO,Brazil,2.8,5,saves,saves,CRUZEIRO,CRUZEIRO,1,top,Otávio Costa,Brazil,elite,2,2,1,1,1.0,1.875,2.75,1.0,,,1.0,1.0,-1.75,-1.75,False,False,Otávio Costa,,,,,,,,,,,True,False
Vitor Lamounier,vitor lamounier,CRUZEIRO,Brazil,0.0,5,saves,saves,CRUZEIRO,CRUZEIRO,2,top,Vitor Lamounier,Brazil,elite,2,2,1,1,0.0,0.0,0.0,0.0,,,0.0,0.0,0.0,0.0,False,False,Vitor Lamounier,,,,,,,,,,,True,False
Fabrício Bruno,fabricio bruno,CRUZEIRO,Brazil,0.0,5,shots,shots,CRUZEIRO,CRUZEIRO,1,bottom,Fabrício Bruno,Brazil,elite,2,2,1,1,0.0,0.0,0.0,0.0,,,0.0,0.0,0.0,0.0,False,False,Fabrício Bruno,,,,,,,,,,,True,False
Lucas Silva,lucas silva,CRUZEIRO,Brazil,0.0,5,shots,shots,CRUZEIRO,CRUZEIRO,2,bottom,Lucas Silva,Brazil,elite,3,3,1,1,0.0,-0.167989417989418,-0.1111111111111111,-0.14285714285714285,-0.25,,0.0,0.0,-0.031746031746031744,-0.031746031746031744,False,False,Lucas Silva,,,,,,,,,,,True,False
Otávio Costa,otavio costa,CRUZEIRO,Brazil,0.0,5,shots,shots,CRUZEIRO,CRUZEIRO,3,bottom,Otávio Costa,Brazil,elite,2,2,1,1,0.0,0.0,0.0,0.0,,,0.0,0.0,0.0,0.0,False,False,Otávio Costa,,,,,,,,,,,True,False
Kaio Jorge,kaio jorge,CRUZEIRO,Brazil,1.8,5,shots,shots,CRUZEIRO,CRUZEIRO,1,top,Kaio Jorge,Brazil,elite,2,2,1,1,0.0,-1.9583333333333333,-2.25,-1.6666666666666665,,,0.0,0.0,0.5833333333333335,0.5833333333333335,False,False,Kaio Jorge,,,,,,,,,,,True,False
Bruno Rodrigues,bruno rodrigues,CRUZEIRO,Brazil,1.4,5,shots,shots,CRUZEIRO,CRUZEIRO,2,top,Bruno Rodrigues,Brazil,elite,2,2,1,1,0.5,1.0,2.0,0.0,,,0.0,1.0,-2.0,-2.0,False,False,Bruno Rodrigues,,,,,,,,,,,True,False
Jonathan Jesus,jonathan jesus,CRUZEIRO,Brazil,0.6,5,shots,shots,CRUZEIRO,CRUZEIRO,3,top,Jonathan Jesus,Brazil,elite,2,2,1,1,0.5,-0.20833333333333331,-0.75,0.33333333333333337,,,1.0,0.0,1.0833333333333335,1.0833333333333335,False,False,Jonathan Jesus,,,,,,,,,,,True,False
Fabrício Bruno,fabricio bruno,CRUZEIRO,Brazil,0.0,5,shots_on_target,shots_on_target,CRUZEIRO,CRUZEIRO,1,bottom,Fabrício Bruno,Brazil,elite,2,2,1,1,0.0,0.0,0.0,0.0,,,0.0,0.0,0.0,0.0,False,False,Fabrício Bruno,,,,,,,,,,,True,False
Gabriel Rojas,gabriel rojas,CRUZEIRO,Brazil,0.0,5,shots_on_target,shots_on_target,CRUZEIRO,CRUZEIRO,2,bottom,Gabriel Rojas,Brazil,elite,2,2,1,1,0.0,0.0,0.0,0.0,,,0.0,0.0,0.0,0.0,False,False,Gabriel Rojas,,,,,,,,,,,True,False
Lucas Silva,lucas silva,CRUZEIRO,Brazil,0.0,5,shots_on_target,shots_on_target,CRUZEIRO,CRUZEIRO,3,bottom,Lucas Silva,Brazil,elite,3,3,1,1,0.0,0.0,0.0,0.0,0.0,,0.0,0.0,0.0,0.0,False,False,Lucas Silva,,,,,,,,,,,True,False
Kaio Jorge,kaio jorge,CRUZEIRO,Brazil,0.8,5,shots_on_target,shots_on_target,CRUZEIRO,CRUZEIRO,1,top,Kaio Jorge,Brazil,elite,2,2,1,1,0.0,-0.5,-1.0,0.0,,,0.0,0.0,1.0,1.0,False,False,Kaio Jorge,,,,,,,,,,,True,False
Bruno Rodrigues,bruno rodrigues,CRUZEIRO,Brazil,0.4,5,shots_on_target,shots_on_target,CRUZEIRO,CRUZEIRO,2,top,Bruno Rodrigues,Brazil,elite,2,2,1,1,0.5,1.0,2.0,0.0,,,0.0,1.0,-2.0,-2.0,False,False,Bruno Rodrigues,,,,,,,,,,,True,False
Jonathan Jesus,jonathan jesus,CRUZEIRO,Brazil,0.2,5,shots_on_target,shots_on_target,CRUZEIRO,CRUZEIRO,3,top,Jonathan Jesus,Brazil,elite,2,2,1,1,0.0,-0.29166666666666663,-0.25,-0.3333333333333333,,,0.0,0.0,-0.08333333333333331,-0.08333333333333331,False,False,Jonathan Jesus,,,,,,,,,,,True,False
Abby Smith,abby smith,DENVER SUMMIT,NWSL,0.0,8,assists,assists,DENVER SUMMIT,DENVER SUMMIT,1,bottom,Abby Smith,NWSL,elite,5,5,3,2,0.0,0.0,0.0,0.0,,,0.0,0.0,0.0,0.0,False,False,Abby Smith,,,,,,,,,,,True,False
Ally Brazier,ally brazier,DENVER SUMMIT,NWSL,0.0,8,assists,assists,DENVER SUMMIT,DENVER SUMMIT,2,bottom,Ally Brazier,NWSL,elite,5,5,3,2,0.0,0.0,0.0,0.0,,,0.0,0.0,0.0,0.0,False,False,Ally Brazier,,,,,,,,,,,True,False
Ayo Oke,ayo oke,DENVER SUMMIT,NWSL,0.0,8,assists,assists,DENVER SUMMIT,DENVER SUMMIT,3,bottom,Ayo Oke,NWSL,elite,5,5,3,2,0.0,0.0,0.0,0.0,,,0.0,0.0,0.0,0.0,False,False,Ayo Oke,,,,,,,,,,,True,False
Janine Sonis,janine sonis,DENVER SUMMIT,NWSL,0.375,8,assists,assists,DENVER SUMMIT,DENVER SUMMIT,1,top,Janine Sonis,NWSL,elite,5,5,3,2,0.4,0.15285714285714289,0.4047619047619048,-0.225,,-0.39949446639411906,0.0,0.6666666666666666,-0.6297619047619049,-0.6297619047619049,False,False,Janine Sonis,,,,,,,,,,,True,False
Abby Smith,abby smith,DENVER SUMMIT,NWSL,0.0,8,assists,assists,DENVER SUMMIT,DENVER SUMMIT,2,top,Abby Smith,NWSL,elite,5,5,3,2,0.0,0.0,0.0,0.0,,,0.0,0.0,0.0,0.0,False,False,Abby Smith,,,,,,,,,,,True,False
Ally Brazier,ally brazier,DENVER SUMMIT,NWSL,0.0,8,assists,assists,DENVER SUMMIT,DENVER SUMMIT,3,top,Ally Brazier,NWSL,elite,5,5,3,2,0.0,0.0,0.0,0.0,,,0.0,0.0,0.0,0.0,False,False,Ally Brazier,,,,,,,,,,,True,False
Abby Smith,abby smith,DENVER SUMMIT,NWSL,0.0,8,goals,goals,DENVER SUMMIT,DENVER SUMMIT,1,bottom,Abby Smith,NWSL,elite,5,5,3,2,0.0,0.0,0.0,0.0,,,0.0,0.0,0.0,0.0,False,False,Abby Smith,,,,,,,,,,,True,False
Ally Brazier,ally brazier,DENVER SUMMIT,NWSL,0.0,8,goals,goals,DENVER SUMMIT,DENVER SUMMIT,2,bottom,Ally Brazier,NWSL,elite,5,5,3,2,0.0,0.0,0.0,0.0,,,0.0,0.0,0.0,0.0,False,False,Ally Brazier,,,,,,,,,,,True,False
Ayo Oke,ayo oke,DENVER SUMMIT,NWSL,0.0,8,goals,goals,DENVER SUMMIT,DENVER SUMMIT,3,bottom,Ayo Oke,NWSL,elite,5,5,3,2,0.0,0.0,0.0,0.0,,,0.0,0.0,0.0,0.0,False,False,Ayo Oke,,,,,,,,,,,True,False
Janine Sonis,janine sonis,DENVER SUMMIT,NWSL,0.5,8,goals,goals,DENVER SUMMIT,DENVER SUMMIT,1,top,Janine Sonis,NWSL,elite,5,5,3,2,0.4,-0.1676190476190476,-0.24603174603174602,-0.04999999999999999,,0.057774537082365456,0.5,0.3333333333333333,0.19603174603174603,0.19603174603174603,False,False,Janine Sonis,,,,,,,,,,,True,False
Yazmeen Ryan,yazmeen ryan,DENVER SUMMIT,NWSL,0.375,8,goals,goals,DENVER SUMMIT,DENVER SUMMIT,2,top,Yazmeen Ryan,NWSL,elite,5,5,3,2,0.4,0.15285714285714289,0.4047619047619048,-0.225,,-0.39949446639411906,0.0,0.6666666666666666,-0.6297619047619049,-0.6297619047619049,False,False,Yazmeen Ryan,,,,,,,,,,,True,False
Natalie Means,natalie means,DENVER SUMMIT,NWSL,0.125,8,goals,goals,DENVER SUMMIT,DENVER SUMMIT,3,top,Natalie Means,NWSL,elite,5,5,3,2,0.0,-0.21857142857142856,-0.21428571428571427,-0.225,,0.20057002117579487,0.0,0.0,-0.010714285714285732,-0.010714285714285732,False,False,Natalie Means,,,,,,,,,,,True,False
Jordan Nytes,jordan nytes,DENVER SUMMIT,NWSL,0.0,5,saves,saves,DENVER SUMMIT,DENVER SUMMIT,1,bottom,Jordan Nytes,NWSL,elite,2,2,1,1,0.0,0.0,0.0,0.0,,,0.0,0.0,0.0,0.0,False,False,Jordan Nytes,,,,,,,,,,,True,False
Abby Smith,abby smith,DENVER SUMMIT,NWSL,3.5,8,saves,saves,DENVER SUMMIT,DENVER SUMMIT,2,bottom,Abby Smith,NWSL,elite,5,5,3,2,0.6,0.480952380952381,0.3015873015873017,0.75,,0.2056899114636483,0.5,0.6666666666666666,0.4484126984126983,0.4484126984126983,False,False,Abby Smith,,,,,,,,,,,True,False
Abby Smith,abby smith,DENVER SUMMIT,NWSL,3.5,8,saves,saves,DENVER SUMMIT,DENVER SUMMIT,1,top,Abby Smith,NWSL,elite,5,5,3,2,0.6,0.480952380952381,0.3015873015873017,0.75,,0.2056899114636483,0.5,0.6666666666666666,0.4484126984126983,0.4484126984126983,False,False,Abby Smith,,,,,,,,,,,True,False
Jordan Nytes,jordan nytes,DENVER SUMMIT,NWSL,0.0,5,saves,saves,DENVER SUMMIT,DENVER SUMMIT,2,top,Jordan Nytes,NWSL,elite,2,2,1,1,0.0,0.0,0.0,0.0,,,0.0,0.0,0.0,0.0,False,False,Jordan Nytes,,,,,,,,,,,True,False
Abby Smith,abby smith,DENVER SUMMIT,NWSL,0.0,8,shots,shots,DENVER SUMMIT,DENVER SUMMIT,1,bottom,Abby Smith,NWSL,elite,5,5,3,2,0.0,0.0,0.0,0.0,,,0.0,0.0,0.0,0.0,False,False,Abby Smith,,,,,,,,,,,True,False
Carson Pickett,carson pickett,DENVER SUMMIT,NWSL,0.0,8,shots,shots,DENVER SUMMIT,DENVER SUMMIT,2,bottom,Carson Pickett,NWSL,elite,5,5,3,2,0.0,0.0,0.0,0.0,,,0.0,0.0,0.0,0.0,False,False,Carson Pickett,,,,,,,,,,,True,False
Jordan Nytes,jordan nytes,DENVER SUMMIT,NWSL,0.0,5,shots,shots,DENVER SUMMIT,DENVER SUMMIT,3,bottom,Jordan Nytes,NWSL,elite,2,2,1,1,0.0,0.0,0.0,0.0,,,0.0,0.0,0.0,0.0,False,False,Jordan Nytes,,,,,,,,,,,True,False
Natasha Flint,natasha flint,DENVER SUMMIT,NWSL,2.7142857142857144,7,shots,shots,DENVER SUMMIT,DENVER SUMMIT,1,top,Natasha Flint,NWSL,elite,4,4,2,2,0.5,0.9458333333333334,-0.23333333333333317,2.125,,,0.5,0.5,2.3583333333333334,2.3583333333333334,False,False,Natasha Flint,,,,,,,,,,,True,False
Yazmeen Ryan,yazmeen ryan,DENVER SUMMIT,NWSL,2.625,8,shots,shots,DENVER SUMMIT,DENVER SUMMIT,2,top,Yazmeen Ryan,NWSL,elite,5,5,3,2,0.2,-0.25571428571428567,0.023809523809523874,-0.675,,-0.11381876604913088,0.0,0.3333333333333333,-0.6988095238095239,-0.6988095238095239,False,False,Yazmeen Ryan,,,,,,,,,,,True,False
Ally Brazier,ally brazier,DENVER SUMMIT,NWSL,1.375,8,shots,shots,DENVER SUMMIT,DENVER SUMMIT,3,top,Ally Brazier,NWSL,elite,5,5,3,2,0.4,-0.3157142857142857,0.19047619047619047,-1.075,,-0.6808020872522774,0.0,0.6666666666666666,-1.2654761904761904,-1.2654761904761904,False,False,Ally Brazier,,,,,,,,,,,True,False
Abby Smith,abby smith,DENVER SUMMIT,NWSL,0.0,8,shots_on_target,shots_on_target,DENVER SUMMIT,DENVER SUMMIT,1,bottom,Abby Smith,NWSL,elite,5,5,3,2,0.0,0.0,0.0,0.0,,,0.0,0.0,0.0,0.0,False,False,Abby Smith,,,,,,,,,,,True,False
Carson Pickett,carson pickett,DENVER SUMMIT,NWSL,0.0,8,shots_on_target,shots_on_target,DENVER SUMMIT,DENVER SUMMIT,2,bottom,Carson Pickett,NWSL,elite,5,5,3,2,0.0,0.0,0.0,0.0,,,0.0,0.0,0.0,0.0,False,False,Carson Pickett,,,,,,,,,,,True,False
Devin Lynch,devin lynch,DENVER SUMMIT,NWSL,0.0,8,shots_on_target,shots_on_target,DENVER SUMMIT,DENVER SUMMIT,3,bottom,Devin Lynch,NWSL,elite,5,5,3,2,0.0,0.0,0.0,0.0,,,0.0,0.0,0.0,0.0,False,False,Devin Lynch,,,,,,,,,,,True,False
Yazmeen Ryan,yazmeen ryan,DENVER SUMMIT,NWSL,1.0,8,shots_on_target,shots_on_target,DENVER SUMMIT,DENVER SUMMIT,1,top,Yazmeen Ryan,NWSL,elite,5,5,3,2,0.6,0.1233333333333333,0.055555555555555504,0.22499999999999998,,0.22709203084550783,1.0,0.3333333333333333,0.16944444444444448,0.16944444444444448,False,False,Yazmeen Ryan,,,,,,,,,,,True,False
Natasha Flint,natasha flint,DENVER SUMMIT,NWSL,0.8571428571428571,7,shots_on_target,shots_on_target,DENVER SUMMIT,DENVER SUMMIT,2,top,Natasha Flint,NWSL,elite,4,4,2,2,0.5,0.09583333333333338,-1.1,1.2916666666666667,,,1.0,0.0,2.3916666666666666,2.3916666666666666,True,True,Natasha Flint,,,,,,,,,,,True,False
Janine Sonis,janine sonis,DENVER SUMMIT,NWSL,0.75,8,shots_on_target,shots_on_target,DENVER SUMMIT,DENVER SUMMIT,3,top,Janine Sonis,NWSL,elite,5,5,3,2,0.4,-0.28809523809523807,-0.5634920634920635,0.125,,0.21899939607737595,0.5,0.3333333333333333,0.6884920634920635,0.6884920634920635,False,True,Janine Sonis,,,,,,,,,,,True,False
Dan Burn,dan burn,ENG,fifa.world,0.0,5,assists,assists,ENG,ENG,1,bottom,Dan Burn,fifa.world,unknown,2,2,0,0,0.0,0.0,,,,,,,,,False,False,Dan Burn,,,,,,,,,,,True,False
Dean Henderson,dean henderson,ENG,fifa.world,0.0,5,assists,assists,ENG,ENG,2,bottom,Dean Henderson,fifa.world,unknown,2,2,0,0,0.0,0.0,,,,,,,,,False,False,Dean Henderson,,,,,,,,,,,True,False
Djed Spence,djed spence,ENG,fifa.world,0.0,5,assists,assists,ENG,ENG,3,bottom,Djed Spence,fifa.world,unknown,2,2,0,0,0.0,0.0,,,,,,,,,False,False,Djed Spence,,,,,,,,,,,True,False
Anthony Gordon,anthony gordon,ENG,fifa.world,0.6,5,assists,assists,ENG,ENG,1,top,Anthony Gordon,fifa.world,unknown,2,2,0,0,0.0,-0.875,,,,,,,,,False,False,Anthony Gordon,,,,,,,,,,,True,False
Bukayo Saka,bukayo saka,ENG,fifa.world,0.2,5,assists,assists,ENG,ENG,2,top,Bukayo Saka,fifa.world,unknown,2,2,0,0,0.0,-0.29166666666666663,,,,,,,,,False,False,Bukayo Saka,,,,,,,,,,,True,False
Declan Rice,declan rice,ENG,fifa.world,0.2,5,assists,assists,ENG,ENG,3,top,Declan Rice,fifa.world,unknown,2,2,0,0,0.5,0.5,,,,,,,,,False,False,Declan Rice,,,,,,,,,,,True,False
Dan Burn,dan burn,ENG,fifa.world,0.0,5,goals,goals,ENG,ENG,1,bottom,Dan Burn,fifa.world,unknown,2,2,0,0,0.0,0.0,,,,,,,,,False,False,Dan Burn,,,,,,,,,,,True,False
Dean Henderson,dean henderson,ENG,fifa.world,0.0,5,goals,goals,ENG,ENG,2,bottom,Dean Henderson,fifa.world,unknown,2,2,0,0,0.0,0.0,,,,,,,,,False,False,Dean Henderson,,,,,,,,,,,True,False
Djed Spence,djed spence,ENG,fifa.world,0.0,5,goals,goals,ENG,ENG,3,bottom,Djed Spence,fifa.world,unknown,2,2,0,0,0.0,0.0,,,,,,,,,False,False,Djed Spence,,,,,,,,,,,True,False
Jude Bellingham,jude bellingham,ENG,fifa.world,1.0,5,goals,goals,ENG,ENG,1,top,Jude Bellingham,fifa.world,unknown,2,2,0,0,0.0,-0.6666666666666666,,,,,,,,,False,False,Jude Bellingham,,,,,,,,,,,True,False
Bukayo Saka,bukayo saka,ENG,fifa.world,0.6,5,goals,goals,ENG,ENG,2,top,Bukayo Saka,fifa.world,unknown,2,2,0,0,0.5,1.5,,,,,,,,,False,False,Bukayo Saka,,,,,,,,,,,True,False
Harry Kane,harry kane,ENG,fifa.world,0.6,5,goals,goals,ENG,ENG,3,top,Harry Kane,fifa.world,unknown,2,2,0,0,0.0,-0.875,,,,,,,,,False,False,Harry Kane,,,,,,,,,,,True,False
James Trafford,james trafford,ENG,fifa.world,0.0,5,saves,saves,ENG,ENG,1,bottom,James Trafford,fifa.world,unknown,2,2,0,0,0.0,0.0,,,,,,,,,False,False,James Trafford,,,,,,,,,,,True,False
Dean Henderson,dean henderson,ENG,fifa.world,1.0,5,saves,saves,ENG,ENG,2,bottom,Dean Henderson,fifa.world,unknown,2,2,0,0,0.5,2.5,,,,,,,,,False,False,Dean Henderson,,,,,,,,,,,True,False
Jordan Pickford,jordan pickford,ENG,fifa.world,2.0,5,saves,saves,ENG,ENG,3,bottom,Jordan Pickford,fifa.world,unknown,2,2,0,0,0.5,-0.9166666666666667,,,,,,,,,False,False,Jordan Pickford,,,,,,,,,,,True,False
Jordan Pickford,jordan pickford,ENG,fifa.world,2.0,5,saves,saves,ENG,ENG,1,top,Jordan Pickford,fifa.world,unknown,2,2,0,0,0.5,-0.9166666666666667,,,,,,,,,False,False,Jordan Pickford,,,,,,,,,,,True,False
Dean Henderson,dean henderson,ENG,fifa.world,1.0,5,saves,saves,ENG,ENG,2,top,Dean Henderson,fifa.world,unknown,2,2,0,0,0.5,2.5,,,,,,,,,False,False,Dean Henderson,,,,,,,,,,,True,False
James Trafford,james trafford,ENG,fifa.world,0.0,5,saves,saves,ENG,ENG,3,top,James Trafford,fifa.world,unknown,2,2,0,0,0.0,0.0,,,,,,,,,False,False,James Trafford,,,,,,,,,,,True,False
Dan Burn,dan burn,ENG,fifa.world,0.0,5,shots,shots,ENG,ENG,1,bottom,Dan Burn,fifa.world,unknown,2,2,0,0,0.0,0.0,,,,,,,,,False,False,Dan Burn,,,,,,,,,,,True,False
Dean Henderson,dean henderson,ENG,fifa.world,0.0,5,shots,shots,ENG,ENG,2,bottom,Dean Henderson,fifa.world,unknown,2,2,0,0,0.0,0.0,,,,,,,,,False,False,Dean Henderson,,,,,,,,,,,True,False
James Trafford,james trafford,ENG,fifa.world,0.0,5,shots,shots,ENG,ENG,3,bottom,James Trafford,fifa.world,unknown,2,2,0,0,0.0,0.0,,,,,,,,,False,False,James Trafford,,,,,,,,,,,True,False
Jude Bellingham,jude bellingham,ENG,fifa.world,2.6,5,shots,shots,ENG,ENG,1,top,Jude Bellingham,fifa.world,unknown,2,2,0,0,0.0,-2.208333333333333,,,,,,,,,False,False,Jude Bellingham,,,,,,,,,,,True,False
Harry Kane,harry kane,ENG,fifa.world,2.0,5,shots,shots,ENG,ENG,2,top,Harry Kane,fifa.world,unknown,2,2,0,0,0.0,-2.25,,,,,,,,,False,False,Harry Kane,,,,,,,,,,,True,False
Bukayo Saka,bukayo saka,ENG,fifa.world,1.6,5,shots,shots,ENG,ENG,3,top,Bukayo Saka,fifa.world,unknown,2,2,0,0,0.5,1.625,,,,,,,,,False,False,Bukayo Saka,,,,,,,,,,,True,False
Dan Burn,dan burn,ENG,fifa.world,0.0,5,shots_on_target,shots_on_target,ENG,ENG,1,bottom,Dan Burn,fifa.world,unknown,2,2,0,0,0.0,0.0,,,,,,,,,False,False,Dan Burn,,,,,,,,,,,True,False
Dean Henderson,dean henderson,ENG,fifa.world,0.0,5,shots_on_target,shots_on_target,ENG,ENG,2,bottom,Dean Henderson,fifa.world,unknown,2,2,0,0,0.0,0.0,,,,,,,,,False,False,Dean Henderson,,,,,,,,,,,True,False
Eberechi Eze,eberechi eze,ENG,fifa.world,0.0,5,shots_on_target,shots_on_target,ENG,ENG,3,bottom,Eberechi Eze,fifa.world,unknown,2,2,0,0,0.0,0.0,,,,,,,,,False,False,Eberechi Eze,,,,,,,,,,,True,False
Jude Bellingham,jude bellingham,ENG,fifa.world,2.0,5,shots_on_target,shots_on_target,ENG,ENG,1,top,Jude Bellingham,fifa.world,unknown,2,2,0,0,0.0,-1.3333333333333333,,,,,,,,,False,False,Jude Bellingham,,,,,,,,,,,True,False
Bukayo Saka,bukayo saka,ENG,fifa.world,1.2,5,shots_on_target,shots_on_target,ENG,ENG,2,top,Bukayo Saka,fifa.world,unknown,2,2,0,0,0.5,1.4166666666666667,,,,,,,,,False,False,Bukayo Saka,,,,,,,,,,,True,False
Harry Kane,harry kane,ENG,fifa.world,1.2,5,shots_on_target,shots_on_target,ENG,ENG,3,top,Harry Kane,fifa.world,unknown,2,2,0,0,0.0,-1.75,,,,,,,,,False,False,Harry Kane,,,,,,,,,,,True,False
Alejandro Grimaldo,alejandro grimaldo,ESP,fifa.world,0.0,5,assists,assists,ESP,ESP,1,bottom,Alejandro Grimaldo,fifa.world,unknown,2,2,0,0,0.0,0.0,,,,,,,,,False,False,Alejandro Grimaldo,,,,,,,,,,,True,False
Aymeric Laporte,aymeric laporte,ESP,fifa.world,0.0,5,assists,assists,ESP,ESP,2,bottom,Aymeric Laporte,fifa.world,unknown,2,2,0,0,0.0,0.0,,,,,,,,,False,False,Aymeric Laporte,,,,,,,,,,,True,False
Borja Iglesias,borja iglesias,ESP,fifa.world,0.0,5,assists,assists,ESP,ESP,3,bottom,Borja Iglesias,fifa.world,unknown,2,2,0,0,0.0,0.0,,,,,,,,,False,False,Borja Iglesias,,,,,,,,,,,True,False
Marc Cucurella,marc cucurella,ESP,fifa.world,0.4,5,assists,assists,ESP,ESP,1,top,Marc Cucurella,fifa.world,unknown,2,2,0,0,0.0,-0.5833333333333333,,,,,,,,,False,False,Marc Cucurella,,,,,,,,,,,True,False
Dani Olmo,dani olmo,ESP,fifa.world,0.2,5,assists,assists,ESP,ESP,2,top,Dani Olmo,fifa.world,unknown,2,2,0,0,0.5,0.375,,,,,,,,,False,False,Dani Olmo,,,,,,,,,,,True,False
Ferran Torres,ferran torres,ESP,fifa.world,0.2,5,assists,assists,ESP,ESP,3,top,Ferran Torres,fifa.world,unknown,2,2,0,0,0.0,-0.29166666666666663,,,,,,,,,False,False,Ferran Torres,,,,,,,,,,,True,False
Alejandro Grimaldo,alejandro grimaldo,ESP,fifa.world,0.0,5,goals,goals,ESP,ESP,1,bottom,Alejandro Grimaldo,fifa.world,unknown,2,2,0,0,0.0,0.0,,,,,,,,,False,False,Alejandro Grimaldo,,,,,,,,,,,True,False
Aymeric Laporte,aymeric laporte,ESP,fifa.world,0.0,5,goals,goals,ESP,ESP,2,bottom,Aymeric Laporte,fifa.world,unknown,2,2,0,0,0.0,0.0,,,,,,,,,False,False,Aymeric Laporte,,,,,,,,,,,True,False
Borja Iglesias,borja iglesias,ESP,fifa.world,0.0,5,goals,goals,ESP,ESP,3,bottom,Borja Iglesias,fifa.world,unknown,2,2,0,0,0.0,0.0,,,,,,,,,False,False,Borja Iglesias,,,,,,,,,,,True,False
Mikel Oyarzabal,mikel oyarzabal,ESP,fifa.world,0.6,5,goals,goals,ESP,ESP,1,top,Mikel Oyarzabal,fifa.world,unknown,2,2,0,0,0.5,-0.20833333333333331,,,,,,,,,False,False,Mikel Oyarzabal,,,,,,,,,,,True,False
Mikel Merino,mikel merino,ESP,fifa.world,0.4,5,goals,goals,ESP,ESP,2,top,Mikel Merino,fifa.world,unknown,2,2,0,0,0.0,-0.5833333333333333,,,,,,,,,False,False,Mikel Merino,,,,,,,,,,,True,False
Pedro Porro,pedro porro,ESP,fifa.world,0.4,5,goals,goals,ESP,ESP,3,top,Pedro Porro,fifa.world,unknown,2,2,0,0,0.5,0.08333333333333337,,,,,,,,,False,False,Pedro Porro,,,,,,,,,,,True,False
David Raya,david raya,ESP,fifa.world,0.0,5,saves,saves,ESP,ESP,1,bottom,David Raya,fifa.world,unknown,2,2,0,0,0.0,0.0,,,,,,,,,False,False,David Raya,,,,,,,,,,,True,False
Joan García,joan garcia,ESP,fifa.world,0.0,5,saves,saves,ESP,ESP,2,bottom,Joan García,fifa.world,unknown,2,2,0,0,0.0,0.0,,,,,,,,,False,False,Joan García,,,,,,,,,,,True,False
Unai Simón,unai simon,ESP,fifa.world,1.2,5,saves,saves,ESP,ESP,3,bottom,Unai Simón,fifa.world,unknown,2,2,0,0,0.5,0.25,,,,,,,,,False,False,Unai Simón,,,,,,,,,,,True,False
Unai Simón,unai simon,ESP,fifa.world,1.2,5,saves,saves,ESP,ESP,1,top,Unai Simón,fifa.world,unknown,2,2,0,0,0.5,0.25,,,,,,,,,False,False,Unai Simón,,,,,,,,,,,True,False
David Raya,david raya,ESP,fifa.world,0.0,5,saves,saves,ESP,ESP,2,top,David Raya,fifa.world,unknown,2,2,0,0,0.0,0.0,,,,,,,,,False,False,David Raya,,,,,,,,,,,True,False
Joan García,joan garcia,ESP,fifa.world,0.0,5,saves,saves,ESP,ESP,3,top,Joan García,fifa.world,unknown,2,2,0,0,0.0,0.0,,,,,,,,,False,False,Joan García,,,,,,,,,,,True,False
Alejandro Grimaldo,alejandro grimaldo,ESP,fifa.world,0.0,5,shots,shots,ESP,ESP,1,bottom,Alejandro Grimaldo,fifa.world,unknown,2,2,0,0,0.0,0.0,,,,,,,,,False,False,Alejandro Grimaldo,,,,,,,,,,,True,False
Borja Iglesias,borja iglesias,ESP,fifa.world,0.0,5,shots,shots,ESP,ESP,2,bottom,Borja Iglesias,fifa.world,unknown,2,2,0,0,0.0,0.0,,,,,,,,,False,False,Borja Iglesias,,,,,,,,,,,True,False
David Raya,david raya,ESP,fifa.world,0.0,5,shots,shots,ESP,ESP,3,bottom,David Raya,fifa.world,unknown,2,2,0,0,0.0,0.0,,,,,,,,,False,False,David Raya,,,,,,,,,,,True,False
Lamine Yamal,lamine yamal,ESP,fifa.world,3.8,5,shots,shots,ESP,ESP,1,top,Lamine Yamal,fifa.world,unknown,2,2,0,0,0.5,-2.375,,,,,,,,,False,False,Lamine Yamal,,,,,,,,,,,True,False
Mikel Oyarzabal,mikel oyarzabal,ESP,fifa.world,2.4,5,shots,shots,ESP,ESP,2,top,Mikel Oyarzabal,fifa.world,unknown,2,2,0,0,0.0,-1.375,,,,,,,,,False,False,Mikel Oyarzabal,,,,,,,,,,,True,False
Dani Olmo,dani olmo,ESP,fifa.world,2.0,5,shots,shots,ESP,ESP,3,top,Dani Olmo,fifa.world,unknown,2,2,0,0,0.0,-0.6666666666666667,,,,,,,,,False,False,Dani Olmo,,,,,,,,,,,True,False
Alejandro Grimaldo,alejandro grimaldo,ESP,fifa.world,0.0,5,shots_on_target,shots_on_target,ESP,ESP,1,bottom,Alejandro Grimaldo,fifa.world,unknown,2,2,0,0,0.0,0.0,,,,,,,,,False,False,Alejandro Grimaldo,,,,,,,,,,,True,False
Borja Iglesias,borja iglesias,ESP,fifa.world,0.0,5,shots_on_target,shots_on_target,ESP,ESP,2,bottom,Borja Iglesias,fifa.world,unknown,2,2,0,0,0.0,0.0,,,,,,,,,False,False,Borja Iglesias,,,,,,,,,,,True,False
David Raya,david raya,ESP,fifa.world,0.0,5,shots_on_target,shots_on_target,ESP,ESP,3,bottom,David Raya,fifa.world,unknown,2,2,0,0,0.0,0.0,,,,,,,,,False,False,David Raya,,,,,,,,,,,True,False
Lamine Yamal,lamine yamal,ESP,fifa.world,2.0,5,shots_on_target,shots_on_target,ESP,ESP,1,top,Lamine Yamal,fifa.world,unknown,2,2,0,0,0.0,-1.3333333333333333,,,,,,,,,False,False,Lamine Yamal,,,,,,,,,,,True,False
Mikel Oyarzabal,mikel oyarzabal,ESP,fifa.world,1.6,5,shots_on_target,shots_on_target,ESP,ESP,2,top,Mikel Oyarzabal,fifa.world,unknown,2,2,0,0,0.0,-0.875,,,,,,,,,False,False,Mikel Oyarzabal,,,,,,,,,,,True,False
Álex Baena,alex baena,ESP,fifa.world,0.8,5,shots_on_target,shots_on_target,ESP,ESP,3,top,Álex Baena,fifa.world,unknown,2,2,0,0,0.5,-0.375,,,,,,,,,False,False,Álex Baena,,,,,,,,,,,True,False
Alexis Castro,alexis castro,ESTUDIANTES,Argentina,0.0,5,assists,assists,ESTUDIANTES,ESTUDIANTES,1,bottom,Alexis Castro,Argentina,elite,2,2,2,0,0.0,0.0,0.0,,,,,0.0,,,False,False,Alexis Castro,,,,,,,,,,,True,False
Brian Aguirre,brian aguirre,ESTUDIANTES,Argentina,0.0,5,assists,assists,ESTUDIANTES,ESTUDIANTES,2,bottom,Brian Aguirre,Argentina,elite,4,4,4,0,0.0,0.0,0.0,,,,,0.0,,,False,False,Brian Aguirre,,,,,,,,,,,True,False
Edwin Cetre,edwin cetre,ESTUDIANTES,Argentina,0.0,5,assists,assists,ESTUDIANTES,ESTUDIANTES,3,bottom,Edwin Cetre,Argentina,elite,2,2,2,0,0.0,0.0,0.0,,,,,0.0,,,False,False,Edwin Cetre,,,,,,,,,,,True,False
Eric Meza,eric meza,ESTUDIANTES,Argentina,0.4,5,assists,assists,ESTUDIANTES,ESTUDIANTES,1,top,Eric Meza,Argentina,elite,2,2,2,0,0.5,0.20833333333333334,0.20833333333333334,,,,,0.5,,,False,False,Eric Meza,,,,,,,,,,,True,False
Adolfo Gaich,adolfo gaich,ESTUDIANTES,Argentina,0.2,5,assists,assists,ESTUDIANTES,ESTUDIANTES,2,top,Adolfo Gaich,Argentina,elite,2,2,2,0,0.5,0.5,0.5,,,,,0.5,,,False,False,Adolfo Gaich,,,,,,,,,,,True,False
Joaquín Tobio Burgos,joaquin tobio burgos,ESTUDIANTES,Argentina,0.2,5,assists,assists,ESTUDIANTES,ESTUDIANTES,3,top,Joaquín Tobio Burgos,Argentina,elite,2,2,2,0,0.5,0.5,0.5,,,,,0.5,,,False,False,Joaquín Tobio Burgos,,,,,,,,,,,True,False
Adolfo Gaich,adolfo gaich,ESTUDIANTES,Argentina,0.0,5,goals,goals,ESTUDIANTES,ESTUDIANTES,1,bottom,Adolfo Gaich,Argentina,elite,2,2,2,0,0.0,0.0,0.0,,,,,0.0,,,False,False,Adolfo Gaich,,,,,,,,,,,True,False
Brian Aguirre,brian aguirre,ESTUDIANTES,Argentina,0.0,5,goals,goals,ESTUDIANTES,ESTUDIANTES,2,bottom,Brian Aguirre,Argentina,elite,4,4,4,0,0.0,0.0,0.0,,,,,0.0,,,False,False,Brian Aguirre,,,,,,,,,,,True,False
Edwin Cetre,edwin cetre,ESTUDIANTES,Argentina,0.0,5,goals,goals,ESTUDIANTES,ESTUDIANTES,3,bottom,Edwin Cetre,Argentina,elite,2,2,2,0,0.0,0.0,0.0,,,,,0.0,,,False,False,Edwin Cetre,,,,,,,,,,,True,False
Alexis Castro,alexis castro,ESTUDIANTES,Argentina,0.2,5,goals,goals,ESTUDIANTES,ESTUDIANTES,1,top,Alexis Castro,Argentina,elite,2,2,2,0,0.5,0.5,0.5,,,,,0.5,,,False,False,Alexis Castro,,,,,,,,,,,True,False
Eros Mancuso,eros mancuso,ESTUDIANTES,Argentina,0.2,5,goals,goals,ESTUDIANTES,ESTUDIANTES,2,top,Eros Mancuso,Argentina,elite,2,2,2,0,0.5,0.5,0.5,,,,,0.5,,,False,False,Eros Mancuso,,,,,,,,,,,True,False
Ezequiel Piovi,ezequiel piovi,ESTUDIANTES,Argentina,0.2,5,goals,goals,ESTUDIANTES,ESTUDIANTES,3,top,Ezequiel Piovi,Argentina,elite,2,2,2,0,0.0,-0.29166666666666663,-0.29166666666666663,,,,,0.0,,,False,False,Ezequiel Piovi,,,,,,,,,,,True,False
Fabricio Iacovich,fabricio iacovich,ESTUDIANTES,Argentina,0.6,5,saves,saves,ESTUDIANTES,ESTUDIANTES,1,bottom,Fabricio Iacovich,Argentina,elite,2,2,2,0,0.5,0.45833333333333337,0.45833333333333337,,,,,0.5,,,False,False,Fabricio Iacovich,,,,,,,,,,,True,False
Fabricio Iacovich,fabricio iacovich,ESTUDIANTES,Argentina,0.6,5,saves,saves,ESTUDIANTES,ESTUDIANTES,1,top,Fabricio Iacovich,Argentina,elite,2,2,2,0,0.5,0.45833333333333337,0.45833333333333337,,,,,0.5,,,False,False,Fabricio Iacovich,,,,,,,,,,,True,False
Fabricio Iacovich,fabricio iacovich,ESTUDIANTES,Argentina,0.0,5,shots,shots,ESTUDIANTES,ESTUDIANTES,1,bottom,Fabricio Iacovich,Argentina,elite,2,2,2,0,0.0,0.0,0.0,,,,,0.0,,,False,False,Fabricio Iacovich,,,,,,,,,,,True,False
Gastón Benedetti,gaston benedetti,ESTUDIANTES,Argentina,0.0,5,shots,shots,ESTUDIANTES,ESTUDIANTES,2,bottom,Gastón Benedetti,Argentina,elite,2,2,2,0,0.0,0.0,0.0,,,,,0.0,,,False,False,Gastón Benedetti,,,,,,,,,,,True,False
Lucas Alario,lucas alario,ESTUDIANTES,Argentina,0.0,5,shots,shots,ESTUDIANTES,ESTUDIANTES,3,bottom,Lucas Alario,Argentina,elite,2,2,2,0,0.0,0.0,0.0,,,,,0.0,,,False,False,Lucas Alario,,,,,,,,,,,True,False
Alexis Castro,alexis castro,ESTUDIANTES,Argentina,2.0,5,shots,shots,ESTUDIANTES,ESTUDIANTES,1,top,Alexis Castro,Argentina,elite,2,2,2,0,1.0,1.5833333333333335,1.5833333333333335,,,,,1.0,,,False,False,Alexis Castro,,,,,,,,,,,True,False
Tiago Palacios,tiago palacios,ESTUDIANTES,Argentina,1.6,5,shots,shots,ESTUDIANTES,ESTUDIANTES,2,top,Tiago Palacios,Argentina,elite,2,2,2,0,0.5,0.8333333333333334,0.8333333333333334,,,,,0.5,,,False,False,Tiago Palacios,,,,,,,,,,,True,False
Joaquín Tobio Burgos,joaquin tobio burgos,ESTUDIANTES,Argentina,1.2,5,shots,shots,ESTUDIANTES,ESTUDIANTES,3,top,Joaquín Tobio Burgos,Argentina,elite,2,2,2,0,0.5,-0.16666666666666663,-0.16666666666666663,,,,,0.5,,,False,False,Joaquín Tobio Burgos,,,,,,,,,,,True,False
Adolfo Gaich,adolfo gaich,ESTUDIANTES,Argentina,0.0,5,shots_on_target,shots_on_target,ESTUDIANTES,ESTUDIANTES,1,bottom,Adolfo Gaich,Argentina,elite,2,2,2,0,0.0,0.0,0.0,,,,,0.0,,,False,False,Adolfo Gaich,,,,,,,,,,,True,False
Edwin Cetre,edwin cetre,ESTUDIANTES,Argentina,0.0,5,shots_on_target,shots_on_target,ESTUDIANTES,ESTUDIANTES,2,bottom,Edwin Cetre,Argentina,elite,2,2,2,0,0.0,0.0,0.0,,,,,0.0,,,False,False,Edwin Cetre,,,,,,,,,,,True,False
Fabricio Iacovich,fabricio iacovich,ESTUDIANTES,Argentina,0.0,5,shots_on_target,shots_on_target,ESTUDIANTES,ESTUDIANTES,3,bottom,Fabricio Iacovich,Argentina,elite,2,2,2,0,0.0,0.0,0.0,,,,,0.0,,,False,False,Fabricio Iacovich,,,,,,,,,,,True,False
Joaquín Tobio Burgos,joaquin tobio burgos,ESTUDIANTES,Argentina,0.6,5,shots_on_target,shots_on_target,ESTUDIANTES,ESTUDIANTES,1,top,Joaquín Tobio Burgos,Argentina,elite,2,2,2,0,0.5,-0.08333333333333331,-0.08333333333333331,,,,,0.5,,,False,False,Joaquín Tobio Burgos,,,,,,,,,,,True,False
Tiago Palacios,tiago palacios,ESTUDIANTES,Argentina,0.6,5,shots_on_target,shots_on_target,ESTUDIANTES,ESTUDIANTES,2,top,Tiago Palacios,Argentina,elite,2,2,2,0,0.5,0.7083333333333334,0.7083333333333334,,,,,0.5,,,False,False,Tiago Palacios,,,,,,,,,,,True,False
Alexis Castro,alexis castro,ESTUDIANTES,Argentina,0.4,5,shots_on_target,shots_on_target,ESTUDIANTES,ESTUDIANTES,3,top,Alexis Castro,Argentina,elite,2,2,2,0,0.5,1.0,1.0,,,,,0.5,,,False,False,Alexis Castro,,,,,,,,,,,True,False
Agustín Rossi,agustin rossi,FLAMENGO,Brazil,0.0,5,assists,assists,FLAMENGO,FLAMENGO,1,bottom,Agustín Rossi,Brazil,mid,2,2,0,1,0.0,0.0,,0.0,0.0,,0.0,,,,False,False,Agustín Rossi,,,,,,,,,,,True,False
Andrew,andrew,FLAMENGO,Brazil,0.0,5,assists,assists,FLAMENGO,FLAMENGO,2,bottom,Andrew,Brazil,mid,2,2,0,1,0.0,0.0,,0.0,0.0,,0.0,,,,False,False,Andrew,,,,,,,,,,,True,False
Danilo,danilo,FLAMENGO,Brazil,0.0,5,assists,assists,FLAMENGO,FLAMENGO,3,bottom,Danilo,Brazil,mid,3,3,0,1,0.0,0.0,,0.0,0.0,,0.0,,,,False,False,Danilo,,,,,,,,,,,True,False
Ayrton Lucas,ayrton lucas,FLAMENGO,Brazil,0.2,5,assists,assists,FLAMENGO,FLAMENGO,1,top,Ayrton Lucas,Brazil,mid,2,2,0,1,0.5,0.5,,1.0,0.0,,1.0,,,,False,False,Ayrton Lucas,,,,,,,,,,,True,False
Giorgian de Arrascaeta,giorgian de arrascaeta,FLAMENGO,Brazil,0.2,5,assists,assists,FLAMENGO,FLAMENGO,2,top,Giorgian de Arrascaeta,Brazil,mid,2,2,0,1,0.5,0.5,,1.0,0.0,,1.0,,,,False,False,Giorgian de Arrascaeta,,,,,,,,,,,True,False
Jorginho,jorginho,FLAMENGO,Brazil,0.2,5,assists,assists,FLAMENGO,FLAMENGO,3,top,Jorginho,Brazil,mid,2,2,0,1,0.0,-0.29166666666666663,,-0.25,-0.3333333333333333,,0.0,,,,False,False,Jorginho,,,,,,,,,,,True,False
Agustín Rossi,agustin rossi,FLAMENGO,Brazil,0.0,5,goals,goals,FLAMENGO,FLAMENGO,1,bottom,Agustín Rossi,Brazil,mid,2,2,0,1,0.0,0.0,,0.0,0.0,,0.0,,,,False,False,Agustín Rossi,,,,,,,,,,,True,False
Andrew,andrew,FLAMENGO,Brazil,0.0,5,goals,goals,FLAMENGO,FLAMENGO,2,bottom,Andrew,Brazil,mid,2,2,0,1,0.0,0.0,,0.0,0.0,,0.0,,,,False,False,Andrew,,,,,,,,,,,True,False
Ayrton Lucas,ayrton lucas,FLAMENGO,Brazil,0.0,5,goals,goals,FLAMENGO,FLAMENGO,3,bottom,Ayrton Lucas,Brazil,mid,2,2,0,1,0.0,0.0,,0.0,0.0,,0.0,,,,False,False,Ayrton Lucas,,,,,,,,,,,True,False
Pedro,pedro,FLAMENGO,Brazil,0.8,5,goals,goals,FLAMENGO,FLAMENGO,1,top,Pedro,Brazil,mid,2,2,0,1,0.5,0.4166666666666667,,1.5,-0.6666666666666666,,1.0,,,,False,False,Pedro,,,,,,,,,,,True,False
Samuel Lino,samuel lino,FLAMENGO,Brazil,0.4,5,goals,goals,FLAMENGO,FLAMENGO,2,top,Samuel Lino,Brazil,mid,2,2,0,1,0.5,0.20833333333333334,,0.75,-0.3333333333333333,,1.0,,,,False,False,Samuel Lino,,,,,,,,,,,True,False
Erick Pulgar,erick pulgar,FLAMENGO,Brazil,0.2,5,goals,goals,FLAMENGO,FLAMENGO,3,top,Erick Pulgar,Brazil,mid,2,2,0,1,0.5,0.375,,-0.25,1.0,,0.0,,,,False,False,Erick Pulgar,,,,,,,,,,,True,False
Andrew,andrew,FLAMENGO,Brazil,0.0,5,saves,saves,FLAMENGO,FLAMENGO,1,bottom,Andrew,Brazil,mid,2,2,0,1,0.0,0.0,,0.0,0.0,,0.0,,,,False,False,Andrew,,,,,,,,,,,True,False
Agustín Rossi,agustin rossi,FLAMENGO,Brazil,2.2,5,saves,saves,FLAMENGO,FLAMENGO,2,bottom,Agustín Rossi,Brazil,mid,2,2,0,1,0.5,-0.16666666666666674,,1.0,-1.3333333333333335,,1.0,,,,False,False,Agustín Rossi,,,,,,,,,,,True,False
Agustín Rossi,agustin rossi,FLAMENGO,Brazil,2.2,5,saves,saves,FLAMENGO,FLAMENGO,1,top,Agustín Rossi,Brazil,mid,2,2,0,1,0.5,-0.16666666666666674,,1.0,-1.3333333333333335,,1.0,,,,False,False,Agustín Rossi,,,,,,,,,,,True,False
Andrew,andrew,FLAMENGO,Brazil,0.0,5,saves,saves,FLAMENGO,FLAMENGO,2,top,Andrew,Brazil,mid,2,2,0,1,0.0,0.0,,0.0,0.0,,0.0,,,,False,False,Andrew,,,,,,,,,,,True,False
Agustín Rossi,agustin rossi,FLAMENGO,Brazil,0.0,5,shots,shots,FLAMENGO,FLAMENGO,1,bottom,Agustín Rossi,Brazil,mid,2,2,0,1,0.0,0.0,,0.0,0.0,,0.0,,,,False,False,Agustín Rossi,,,,,,,,,,,True,False
Andrew,andrew,FLAMENGO,Brazil,0.0,5,shots,shots,FLAMENGO,FLAMENGO,2,bottom,Andrew,Brazil,mid,2,2,0,1,0.0,0.0,,0.0,0.0,,0.0,,,,False,False,Andrew,,,,,,,,,,,True,False
Danilo,danilo,FLAMENGO,Brazil,0.0,5,shots,shots,FLAMENGO,FLAMENGO,3,bottom,Danilo,Brazil,mid,3,3,0,1,0.0,-0.2333333333333333,,-0.16666666666666666,-0.26666666666666666,,0.0,,,,False,False,Danilo,,,,,,,,,,,True,False
Samuel Lino,samuel lino,FLAMENGO,Brazil,3.4,5,shots,shots,FLAMENGO,FLAMENGO,1,top,Samuel Lino,Brazil,mid,2,2,0,1,0.5,-0.8333333333333333,,-3.0,1.3333333333333335,,0.0,,,,False,False,Samuel Lino,,,,,,,,,,,True,False
Pedro,pedro,FLAMENGO,Brazil,3.0,5,shots,shots,FLAMENGO,FLAMENGO,2,top,Pedro,Brazil,mid,2,2,0,1,0.5,-0.5416666666666667,,1.25,-2.3333333333333335,,1.0,,,,False,False,Pedro,,,,,,,,,,,True,False
Erick Pulgar,erick pulgar,FLAMENGO,Brazil,1.0,5,shots,shots,FLAMENGO,FLAMENGO,3,top,Erick Pulgar,Brazil,mid,2,2,0,1,0.5,-0.125,,-1.25,1.0,,0.0,,,,False,False,Erick Pulgar,,,,,,,,,,,True,False
Agustín Rossi,agustin rossi,FLAMENGO,Brazil,0.0,5,shots_on_target,shots_on_target,FLAMENGO,FLAMENGO,1,bottom,Agustín Rossi,Brazil,mid,2,2,0,1,0.0,0.0,,0.0,0.0,,0.0,,,,False,False,Agustín Rossi,,,,,,,,,,,True,False
Andrew,andrew,FLAMENGO,Brazil,0.0,5,shots_on_target,shots_on_target,FLAMENGO,FLAMENGO,2,bottom,Andrew,Brazil,mid,2,2,0,1,0.0,0.0,,0.0,0.0,,0.0,,,,False,False,Andrew,,,,,,,,,,,True,False
Ayrton Lucas,ayrton lucas,FLAMENGO,Brazil,0.0,5,shots_on_target,shots_on_target,FLAMENGO,FLAMENGO,3,bottom,Ayrton Lucas,Brazil,mid,2,2,0,1,0.0,0.0,,0.0,0.0,,0.0,,,,False,False,Ayrton Lucas,,,,,,,,,,,True,False
Pedro,pedro,FLAMENGO,Brazil,1.6,5,shots_on_target,shots_on_target,FLAMENGO,FLAMENGO,1,top,Pedro,Brazil,mid,2,2,0,1,0.5,0.04166666666666663,,1.75,-1.6666666666666667,,1.0,,,,False,False,Pedro,,,,,,,,,,,True,False
Lorran,lorran,FLAMENGO,Brazil,0.8,5,shots_on_target,shots_on_target,FLAMENGO,FLAMENGO,2,top,Lorran,Brazil,mid,2,2,0,1,0.0,-1.1666666666666665,,-1.0,-1.3333333333333333,,0.0,,,,False,False,Lorran,,,,,,,,,,,True,False
Samuel Lino,samuel lino,FLAMENGO,Brazil,0.8,5,shots_on_target,shots_on_target,FLAMENGO,FLAMENGO,3,top,Samuel Lino,Brazil,mid,2,2,0,1,0.5,-0.375,,0.25,-1.0,,1.0,,,,False,False,Samuel Lino,,,,,,,,,,,True,False
Fábio,fabio,FLUMINENSE,Brazil,0.0,5,assists,assists,FLUMINENSE,FLUMINENSE,1,bottom,Fábio,Brazil,elite,2,2,1,1,0.0,0.0,0.0,0.0,,,0.0,0.0,0.0,0.0,False,False,Fábio,,,,,,,,,,,True,False
Germán Cano,german cano,FLUMINENSE,Brazil,0.0,5,assists,assists,FLUMINENSE,FLUMINENSE,2,bottom,Germán Cano,Brazil,elite,2,2,1,1,0.0,0.0,0.0,0.0,,,0.0,0.0,0.0,0.0,False,False,Germán Cano,,,,,,,,,,,True,False
Guga,guga,FLUMINENSE,Brazil,0.0,5,assists,assists,FLUMINENSE,FLUMINENSE,3,bottom,Guga,Brazil,elite,2,2,1,1,0.0,0.0,0.0,0.0,,,0.0,0.0,0.0,0.0,False,False,Guga,,,,,,,,,,,True,False
Agustín Canobbio,agustin canobbio,FLUMINENSE,Brazil,0.4,5,assists,assists,FLUMINENSE,FLUMINENSE,1,top,Agustín Canobbio,Brazil,elite,2,2,1,1,0.5,0.20833333333333334,0.75,-0.3333333333333333,,,0.0,1.0,-1.0833333333333333,-1.0833333333333333,False,False,Agustín Canobbio,,,,,,,,,,,True,False
Kevin Serna,kevin serna,FLUMINENSE,Brazil,0.2,5,assists,assists,FLUMINENSE,FLUMINENSE,2,top,Kevin Serna,Brazil,elite,2,2,1,1,0.5,0.375,-0.25,1.0,,,1.0,0.0,1.25,1.25,False,False,Kevin Serna,,,,,,,,,,,True,False
Martinelli,martinelli,FLUMINENSE,Brazil,0.2,5,assists,assists,FLUMINENSE,FLUMINENSE,3,top,Martinelli,Brazil,elite,2,2,1,1,0.5,0.5,1.0,0.0,,,0.0,1.0,-1.0,-1.0,False,False,Martinelli,,,,,,,,,,,True,False
Agustín Canobbio,agustin canobbio,FLUMINENSE,Brazil,0.0,5,goals,goals,FLUMINENSE,FLUMINENSE,1,bottom,Agustín Canobbio,Brazil,elite,2,2,1,1,0.0,0.0,0.0,0.0,,,0.0,0.0,0.0,0.0,False,False,Agustín Canobbio,,,,,,,,,,,True,False
Fábio,fabio,FLUMINENSE,Brazil,0.0,5,goals,goals,FLUMINENSE,FLUMINENSE,2,bottom,Fábio,Brazil,elite,2,2,1,1,0.0,0.0,0.0,0.0,,,0.0,0.0,0.0,0.0,False,False,Fábio,,,,,,,,,,,True,False
Guga,guga,FLUMINENSE,Brazil,0.0,5,goals,goals,FLUMINENSE,FLUMINENSE,3,bottom,Guga,Brazil,elite,2,2,1,1,0.0,0.0,0.0,0.0,,,0.0,0.0,0.0,0.0,False,False,Guga,,,,,,,,,,,True,False
Hulk,hulk,FLUMINENSE,Brazil,0.4,5,goals,goals,FLUMINENSE,FLUMINENSE,1,top,Hulk,Brazil,elite,2,2,1,1,0.5,0.20833333333333334,0.75,-0.3333333333333333,,,0.0,1.0,-1.0833333333333333,-1.0833333333333333,False,False,Hulk,,,,,,,,,,,True,False
Germán Cano,german cano,FLUMINENSE,Brazil,0.2,5,goals,goals,FLUMINENSE,FLUMINENSE,2,top,Germán Cano,Brazil,elite,2,2,1,1,0.5,0.5,1.0,0.0,,,0.0,1.0,-1.0,-1.0,False,False,Germán Cano,,,,,,,,,,,True,False
Kevin Serna,kevin serna,FLUMINENSE,Brazil,0.2,5,goals,goals,FLUMINENSE,FLUMINENSE,3,top,Kevin Serna,Brazil,elite,2,2,1,1,0.5,0.5,1.0,0.0,,,0.0,1.0,-1.0,-1.0,False,False,Kevin Serna,,,,,,,,,,,True,False
Fábio,fabio,FLUMINENSE,Brazil,3.2,5,saves,saves,FLUMINENSE,FLUMINENSE,1,bottom,Fábio,Brazil,elite,2,2,1,1,1.0,3.2916666666666665,2.25,4.333333333333333,,,1.0,1.0,2.083333333333333,2.083333333333333,False,False,Fábio,,,,,,,,,,,True,False
Fábio,fabio,FLUMINENSE,Brazil,3.2,5,saves,saves,FLUMINENSE,FLUMINENSE,1,top,Fábio,Brazil,elite,2,2,1,1,1.0,3.2916666666666665,2.25,4.333333333333333,,,1.0,1.0,2.083333333333333,2.083333333333333,False,False,Fábio,,,,,,,,,,,True,False
Fábio,fabio,FLUMINENSE,Brazil,0.0,5,shots,shots,FLUMINENSE,FLUMINENSE,1,bottom,Fábio,Brazil,elite,2,2,1,1,0.0,0.0,0.0,0.0,,,0.0,0.0,0.0,0.0,False,False,Fábio,,,,,,,,,,,True,False
Guga,guga,FLUMINENSE,Brazil,0.0,5,shots,shots,FLUMINENSE,FLUMINENSE,2,bottom,Guga,Brazil,elite,2,2,1,1,0.0,0.0,0.0,0.0,,,0.0,0.0,0.0,0.0,False,False,Guga,,,,,,,,,,,True,False
Nonato,nonato,FLUMINENSE,Brazil,0.4,5,shots,shots,FLUMINENSE,FLUMINENSE,3,bottom,Nonato,Brazil,elite,2,2,1,1,0.5,0.08333333333333337,-0.5,0.6666666666666667,,,1.0,0.0,1.1666666666666667,1.1666666666666667,False,False,Nonato,,,,,,,,,,,True,False
Hulk,hulk,FLUMINENSE,Brazil,3.8,5,shots,shots,FLUMINENSE,FLUMINENSE,1,top,Hulk,Brazil,elite,2,2,1,1,0.5,-2.375,0.25,-5.0,,,0.0,1.0,-5.25,-5.25,False,False,Hulk,,,,,,,,,,,True,False
Agustín Canobbio,agustin canobbio,FLUMINENSE,Brazil,1.8,5,shots,shots,FLUMINENSE,FLUMINENSE,2,top,Agustín Canobbio,Brazil,elite,2,2,1,1,0.5,-0.25,1.5,-2.0,,,0.0,1.0,-3.5,-3.5,False,False,Agustín Canobbio,,,,,,,,,,,True,False
Hércules,hercules,FLUMINENSE,Brazil,1.8,5,shots,shots,FLUMINENSE,FLUMINENSE,3,top,Hércules,Brazil,elite,2,2,1,1,0.0,-1.8333333333333333,-1.0,-2.6666666666666665,,,0.0,0.0,-1.6666666666666665,-1.6666666666666665,False,False,Hércules,,,,,,,,,,,True,False
Fábio,fabio,FLUMINENSE,Brazil,0.0,5,shots_on_target,shots_on_target,FLUMINENSE,FLUMINENSE,1,bottom,Fábio,Brazil,elite,2,2,1,1,0.0,0.0,0.0,0.0,,,0.0,0.0,0.0,0.0,False,False,Fábio,,,,,,,,,,,True,False
Guga,guga,FLUMINENSE,Brazil,0.0,5,shots_on_target,shots_on_target,FLUMINENSE,FLUMINENSE,2,bottom,Guga,Brazil,elite,2,2,1,1,0.0,0.0,0.0,0.0,,,0.0,0.0,0.0,0.0,False,False,Guga,,,,,,,,,,,True,False
Martinelli,martinelli,FLUMINENSE,Brazil,0.0,5,shots_on_target,shots_on_target,FLUMINENSE,FLUMINENSE,3,bottom,Martinelli,Brazil,elite,2,2,1,1,0.0,0.0,0.0,0.0,,,0.0,0.0,0.0,0.0,False,False,Martinelli,,,,,,,,,,,True,False
Hulk,hulk,FLUMINENSE,Brazil,1.2,5,shots_on_target,shots_on_target,FLUMINENSE,FLUMINENSE,1,top,Hulk,Brazil,elite,2,2,1,1,0.0,-0.9583333333333334,-0.25,-1.6666666666666667,,,0.0,0.0,-1.4166666666666667,-1.4166666666666667,False,False,Hulk,,,,,,,,,,,True,False
Agustín Canobbio,agustin canobbio,FLUMINENSE,Brazil,0.8,5,shots_on_target,shots_on_target,FLUMINENSE,FLUMINENSE,2,top,Agustín Canobbio,Brazil,elite,2,2,1,1,0.5,-0.375,0.25,-1.0,,,0.0,1.0,-1.25,-1.25,False,False,Agustín Canobbio,,,,,,,,,,,True,False
Hércules,hercules,FLUMINENSE,Brazil,0.8,5,shots_on_target,shots_on_target,FLUMINENSE,FLUMINENSE,3,top,Hércules,Brazil,elite,2,2,1,1,0.5,-0.375,0.25,-1.0,,,0.0,1.0,-1.25,-1.25,False,False,Hércules,,,,,,,,,,,True,False
Agustín Auzmendi,agustin auzmendi,GELP,Argentina,0.0,5,assists,assists,GELP,GELP,1,bottom,Agustín Auzmendi,Argentina,elite,2,2,2,0,0.0,0.0,0.0,,,,,0.0,,,False,False,Agustín Auzmendi,,,,,,,,,,,True,False
Augusto Max,augusto max,GELP,Argentina,0.0,5,assists,assists,GELP,GELP,2,bottom,Augusto Max,Argentina,elite,2,2,2,0,0.0,0.0,0.0,,,,,0.0,,,False,False,Augusto Max,,,,,,,,,,,True,False
Bautista Barros Schelotto,bautista barros schelotto,GELP,Argentina,0.0,5,assists,assists,GELP,GELP,3,bottom,Bautista Barros Schelotto,Argentina,elite,2,2,2,0,0.0,0.0,0.0,,,,,0.0,,,False,False,Bautista Barros Schelotto,,,,,,,,,,,True,False
Alexis Steimbach,alexis steimbach,GELP,Argentina,0.4,5,assists,assists,GELP,GELP,1,top,Alexis Steimbach,Argentina,elite,2,2,2,0,0.5,0.08333333333333337,0.08333333333333337,,,,,0.5,,,False,False,Alexis Steimbach,,,,,,,,,,,True,False
Pedro Silva Torrejón,pedro silva torrejon,GELP,Argentina,0.4,5,assists,assists,GELP,GELP,2,top,Pedro Silva Torrejón,Argentina,elite,2,2,2,0,0.5,0.08333333333333337,0.08333333333333337,,,,,0.5,,,False,False,Pedro Silva Torrejón,,,,,,,,,,,True,False
Agustín Auzmendi,agustin auzmendi,GELP,Argentina,0.0,5,assists,assists,GELP,GELP,3,top,Agustín Auzmendi,Argentina,elite,2,2,2,0,0.0,0.0,0.0,,,,,0.0,,,False,False,Agustín Auzmendi,,,,,,,,,,,True,False
Augusto Max,augusto max,GELP,Argentina,0.0,5,goals,goals,GELP,GELP,1,bottom,Augusto Max,Argentina,elite,2,2,2,0,0.0,0.0,0.0,,,,,0.0,,,False,False,Augusto Max,,,,,,,,,,,True,False
Ignacio Fernández,ignacio fernandez,GELP,Argentina,0.0,5,goals,goals,GELP,GELP,2,bottom,Ignacio Fernández,Argentina,elite,2,2,2,0,0.0,0.0,0.0,,,,,0.0,,,False,False,Ignacio Fernández,,,,,,,,,,,True,False
Ignacio Miramon,ignacio miramon,GELP,Argentina,0.0,5,goals,goals,GELP,GELP,3,bottom,Ignacio Miramon,Argentina,elite,2,2,2,0,0.0,0.0,0.0,,,,,0.0,,,False,False,Ignacio Miramon,,,,,,,,,,,True,False
Agustín Auzmendi,agustin auzmendi,GELP,Argentina,0.2,5,goals,goals,GELP,GELP,1,top,Agustín Auzmendi,Argentina,elite,2,2,2,0,0.0,-0.29166666666666663,-0.29166666666666663,,,,,0.0,,,False,False,Agustín Auzmendi,,,,,,,,,,,True,False
Alexis Steimbach,alexis steimbach,GELP,Argentina,0.2,5,goals,goals,GELP,GELP,2,top,Alexis Steimbach,Argentina,elite,2,2,2,0,0.0,-0.29166666666666663,-0.29166666666666663,,,,,0.0,,,False,False,Alexis Steimbach,,,,,,,,,,,True,False
Bautista Barros Schelotto,bautista barros schelotto,GELP,Argentina,0.2,5,goals,goals,GELP,GELP,3,top,Bautista Barros Schelotto,Argentina,elite,2,2,2,0,0.0,-0.29166666666666663,-0.29166666666666663,,,,,0.0,,,False,False,Bautista Barros Schelotto,,,,,,,,,,,True,False
Nelson Insfran,nelson insfran,GELP,Argentina,3.4,5,saves,saves,GELP,GELP,1,bottom,Nelson Insfran,Argentina,elite,2,2,2,0,0.5,-0.45833333333333326,-0.45833333333333326,,,,,0.5,,,False,True,Nelson Insfran,,,,,,,,,,,True,False
Nelson Insfran,nelson insfran,GELP,Argentina,3.4,5,saves,saves,GELP,GELP,1,top,Nelson Insfran,Argentina,elite,2,2,2,0,0.5,-0.45833333333333326,-0.45833333333333326,,,,,0.5,,,False,True,Nelson Insfran,,,,,,,,,,,True,False
Augusto Max,augusto max,GELP,Argentina,0.0,5,shots,shots,GELP,GELP,1,bottom,Augusto Max,Argentina,elite,2,2,2,0,0.0,0.0,0.0,,,,,0.0,,,False,False,Augusto Max,,,,,,,,,,,True,False
Nelson Insfran,nelson insfran,GELP,Argentina,0.0,5,shots,shots,GELP,GELP,2,bottom,Nelson Insfran,Argentina,elite,2,2,2,0,0.0,0.0,0.0,,,,,0.0,,,False,False,Nelson Insfran,,,,,,,,,,,True,False
Pablo Aguiar,pablo aguiar,GELP,Argentina,0.0,5,shots,shots,GELP,GELP,3,bottom,Pablo Aguiar,Argentina,elite,2,2,2,0,0.0,0.0,0.0,,,,,0.0,,,False,False,Pablo Aguiar,,,,,,,,,,,True,False
Agustín Auzmendi,agustin auzmendi,GELP,Argentina,2.0,5,shots,shots,GELP,GELP,1,top,Agustín Auzmendi,Argentina,elite,2,2,2,0,0.5,0.6666666666666666,0.6666666666666666,,,,,0.5,,,False,False,Agustín Auzmendi,,,,,,,,,,,True,False
Alexis Steimbach,alexis steimbach,GELP,Argentina,1.2,5,shots,shots,GELP,GELP,2,top,Alexis Steimbach,Argentina,elite,2,2,2,0,0.5,0.375,0.375,,,,,0.5,,,False,False,Alexis Steimbach,,,,,,,,,,,True,False
Pedro Silva Torrejón,pedro silva torrejon,GELP,Argentina,1.2,5,shots,shots,GELP,GELP,3,top,Pedro Silva Torrejón,Argentina,elite,2,2,2,0,0.5,0.5,0.5,,,,,0.5,,,False,False,Pedro Silva Torrejón,,,,,,,,,,,True,False
Augusto Max,augusto max,GELP,Argentina,0.0,5,shots_on_target,shots_on_target,GELP,GELP,1,bottom,Augusto Max,Argentina,elite,2,2,2,0,0.0,0.0,0.0,,,,,0.0,,,False,False,Augusto Max,,,,,,,,,,,True,False
Juan Cortazzo,juan cortazzo,GELP,Argentina,0.0,5,shots_on_target,shots_on_target,GELP,GELP,2,bottom,Juan Cortazzo,Argentina,elite,2,2,2,0,0.0,0.0,0.0,,,,,0.0,,,False,False,Juan Cortazzo,,,,,,,,,,,True,False
Manuel Panaro,manuel panaro,GELP,Argentina,0.0,5,shots_on_target,shots_on_target,GELP,GELP,3,bottom,Manuel Panaro,Argentina,elite,2,2,2,0,0.0,0.0,0.0,,,,,0.0,,,False,False,Manuel Panaro,,,,,,,,,,,True,False
Agustín Auzmendi,agustin auzmendi,GELP,Argentina,1.0,5,shots_on_target,shots_on_target,GELP,GELP,1,top,Agustín Auzmendi,Argentina,elite,2,2,2,0,0.5,0.6666666666666667,0.6666666666666667,,,,,0.5,,,False,False,Agustín Auzmendi,,,,,,,,,,,True,False
Pedro Silva Torrejón,pedro silva torrejon,GELP,Argentina,0.4,5,shots_on_target,shots_on_target,GELP,GELP,2,top,Pedro Silva Torrejón,Argentina,elite,2,2,2,0,0.5,0.20833333333333334,0.20833333333333334,,,,,0.5,,,False,False,Pedro Silva Torrejón,,,,,,,,,,,True,False
Alexis Steimbach,alexis steimbach,GELP,Argentina,0.2,5,shots_on_target,shots_on_target,GELP,GELP,3,top,Alexis Steimbach,Argentina,elite,2,2,2,0,0.0,-0.29166666666666663,-0.29166666666666663,,,,,0.0,,,False,False,Alexis Steimbach,,,,,,,,,,,True,False
Andrea Kitahata,andrea kitahata,GOTHAM,NWSL,0.0,9,assists,assists,GOTHAM,GOTHAM,1,bottom,Andrea Kitahata,NWSL,elite,6,6,2,2,0.0,0.0,0.0,0.0,0.0,,0.0,0.0,0.0,0.0,False,False,Andrea Kitahata,,,,,,,,,,,True,False
Ann-Katrin Berger,ann-katrin berger,GOTHAM,NWSL,0.0,8,assists,assists,GOTHAM,GOTHAM,2,bottom,Ann-Katrin Berger,NWSL,elite,5,5,2,1,0.0,0.0,0.0,0.0,0.0,,0.0,0.0,0.0,0.0,False,False,Ann-Katrin Berger,,,,,,,,,,,True,False
Bruninha,bruninha,GOTHAM,NWSL,0.0,9,assists,assists,GOTHAM,GOTHAM,3,bottom,Bruninha,NWSL,elite,6,6,2,2,0.0,0.0,0.0,0.0,0.0,,0.0,0.0,0.0,0.0,False,False,Bruninha,,,,,,,,,,,True,False
Guro Reiten,guro reiten,GOTHAM,NWSL,0.3333333333333333,9,assists,assists,GOTHAM,GOTHAM,1,top,Guro Reiten,NWSL,elite,6,6,2,2,0.3333333333333333,-0.020039682539682534,0.16071428571428573,0.14583333333333337,-0.3666666666666667,0.14628474677153322,0.5,0.5,-0.014880952380952356,-0.014880952380952356,False,False,Guro Reiten,,,,,,,,,,,True,False
Jaedyn Shaw,jaedyn shaw,GOTHAM,NWSL,0.3333333333333333,9,assists,assists,GOTHAM,GOTHAM,2,top,Jaedyn Shaw,NWSL,elite,6,6,2,2,0.3333333333333333,0.20515873015873018,-0.39285714285714285,0.20833333333333334,0.8,0.1116688473669069,0.5,0.0,0.6011904761904762,0.6011904761904762,False,True,Jaedyn Shaw,,,,,,,,,,,True,False
Jaelin Howell,jaelin howell,GOTHAM,NWSL,0.2222222222222222,9,assists,assists,GOTHAM,GOTHAM,3,top,Jaelin Howell,NWSL,elite,6,6,2,2,0.16666666666666666,-0.10873015873015872,-0.26785714285714285,-0.29166666666666663,0.23333333333333336,0.0047915436627559635,0.0,0.0,-0.02380952380952378,-0.02380952380952378,False,False,Jaelin Howell,,,,,,,,,,,True,False
Andrea Kitahata,andrea kitahata,GOTHAM,NWSL,0.0,9,goals,goals,GOTHAM,GOTHAM,1,bottom,Andrea Kitahata,NWSL,elite,6,6,2,2,0.0,0.0,0.0,0.0,0.0,,0.0,0.0,0.0,0.0,False,False,Andrea Kitahata,,,,,,,,,,,True,False
Ann-Katrin Berger,ann-katrin berger,GOTHAM,NWSL,0.0,8,goals,goals,GOTHAM,GOTHAM,2,bottom,Ann-Katrin Berger,NWSL,elite,5,5,2,1,0.0,0.0,0.0,0.0,0.0,,0.0,0.0,0.0,0.0,False,False,Ann-Katrin Berger,,,,,,,,,,,True,False
Bruninha,bruninha,GOTHAM,NWSL,0.0,9,goals,goals,GOTHAM,GOTHAM,3,bottom,Bruninha,NWSL,elite,6,6,2,2,0.0,0.0,0.0,0.0,0.0,,0.0,0.0,0.0,0.0,False,False,Bruninha,,,,,,,,,,,True,False
Sam Kerr,sam kerr,GOTHAM,NWSL,0.42857142857142855,7,goals,goals,GOTHAM,GOTHAM,1,top,Sam Kerr,NWSL,weak,4,4,1,2,0.5,0.17083333333333334,-0.4,0.7083333333333334,-0.3333333333333333,,1.0,0.0,1.1083333333333334,1.1083333333333334,True,False,Sam Kerr,,,,,,,,,,,True,False
Midge Purce,midge purce,GOTHAM,NWSL,0.3333333333333333,9,goals,goals,GOTHAM,GOTHAM,2,top,Midge Purce,NWSL,elite,6,6,2,2,0.5,0.32182539682539685,0.35714285714285715,0.20833333333333334,0.4,-0.06515041859633373,0.5,0.5,-0.1488095238095238,-0.1488095238095238,False,False,Midge Purce,,,,,,,,,,,True,False
Rose Lavelle,rose lavelle,GOTHAM,NWSL,0.2222222222222222,9,goals,goals,GOTHAM,GOTHAM,3,top,Rose Lavelle,NWSL,elite,6,6,2,2,0.16666666666666666,-0.18373015873015874,-0.39285714285714285,-0.29166666666666663,0.13333333333333336,-0.04283415125424061,0.0,0.0,0.10119047619047622,0.10119047619047622,False,True,Rose Lavelle,,,,,,,,,,,True,False
Shelby Hogan,shelby hogan,GOTHAM,NWSL,1.0,9,saves,saves,GOTHAM,GOTHAM,1,bottom,Shelby Hogan,NWSL,elite,6,6,2,2,0.3333333333333333,1.0148809523809523,-0.6428571428571429,2.1875,1.5,0.5794172138399887,0.5,0.0,2.830357142857143,2.830357142857143,False,True,Shelby Hogan,,,,,,,,,,,True,False
Ann-Katrin Berger,ann-katrin berger,GOTHAM,NWSL,3.625,8,saves,saves,GOTHAM,GOTHAM,2,bottom,Ann-Katrin Berger,NWSL,elite,5,5,2,1,0.0,-3.4833333333333334,-1.2083333333333335,-3.0,-6.0,-0.3996258699079578,0.0,0.0,-1.7916666666666665,-1.7916666666666665,False,True,Ann-Katrin Berger,,,,,,,,,,,True,False
Ann-Katrin Berger,ann-katrin berger,GOTHAM,NWSL,3.625,8,saves,saves,GOTHAM,GOTHAM,1,top,Ann-Katrin Berger,NWSL,elite,5,5,2,1,0.0,-3.4833333333333334,-1.2083333333333335,-3.0,-6.0,-0.3996258699079578,0.0,0.0,-1.7916666666666665,-1.7916666666666665,False,True,Ann-Katrin Berger,,,,,,,,,,,True,False
Shelby Hogan,shelby hogan,GOTHAM,NWSL,1.0,9,saves,saves,GOTHAM,GOTHAM,2,top,Shelby Hogan,NWSL,elite,6,6,2,2,0.3333333333333333,1.0148809523809523,-0.6428571428571429,2.1875,1.5,0.5794172138399887,0.5,0.0,2.830357142857143,2.830357142857143,False,True,Shelby Hogan,,,,,,,,,,,True,False
Ann-Katrin Berger,ann-katrin berger,GOTHAM,NWSL,0.0,8,shots,shots,GOTHAM,GOTHAM,1,bottom,Ann-Katrin Berger,NWSL,elite,5,5,2,1,0.0,0.0,0.0,0.0,0.0,,0.0,0.0,0.0,0.0,False,False,Ann-Katrin Berger,,,,,,,,,,,True,False
Bruninha,bruninha,GOTHAM,NWSL,0.0,9,shots,shots,GOTHAM,GOTHAM,2,bottom,Bruninha,NWSL,elite,6,6,2,2,0.0,0.0,0.0,0.0,0.0,,0.0,0.0,0.0,0.0,False,False,Bruninha,,,,,,,,,,,True,False
Emily Sonnett,emily sonnett,GOTHAM,NWSL,0.0,5,shots,shots,GOTHAM,GOTHAM,3,bottom,Emily Sonnett,NWSL,elite,2,2,1,0,0.0,0.0,0.0,,0.0,,,0.0,,,False,False,Emily Sonnett,,,,,,,,,,,True,False
Sam Kerr,sam kerr,GOTHAM,NWSL,3.142857142857143,7,shots,shots,GOTHAM,GOTHAM,1,top,Sam Kerr,NWSL,weak,4,4,1,2,0.75,0.8666666666666666,-1.2000000000000002,1.0,2.6666666666666665,,1.0,0.0,2.2,2.2,True,False,Sam Kerr,,,,,,,,,,,True,False
Jaedyn Shaw,jaedyn shaw,GOTHAM,NWSL,2.2222222222222223,9,shots,shots,GOTHAM,GOTHAM,2,top,Jaedyn Shaw,NWSL,elite,6,6,2,2,0.3333333333333333,0.11091269841269846,-0.3214285714285714,0.35416666666666674,0.30000000000000004,0.11388956206392331,0.5,0.0,0.6755952380952381,0.6755952380952381,False,True,Jaedyn Shaw,,,,,,,,,,,True,False
Rose Lavelle,rose lavelle,GOTHAM,NWSL,2.0,9,shots,shots,GOTHAM,GOTHAM,3,top,Rose Lavelle,NWSL,elite,6,6,2,2,0.5,0.3007936507936508,0.9107142857142856,0.29166666666666663,-0.30000000000000004,-0.23596168072322612,0.5,0.5,-0.619047619047619,-0.619047619047619,False,False,Rose Lavelle,,,,,,,,,,,True,False
Ann-Katrin Berger,ann-katrin berger,GOTHAM,NWSL,0.0,8,shots_on_target,shots_on_target,GOTHAM,GOTHAM,1,bottom,Ann-Katrin Berger,NWSL,elite,5,5,2,1,0.0,0.0,0.0,0.0,0.0,,0.0,0.0,0.0,0.0,False,False,Ann-Katrin Berger,,,,,,,,,,,True,False
Bruninha,bruninha,GOTHAM,NWSL,0.0,9,shots_on_target,shots_on_target,GOTHAM,GOTHAM,2,bottom,Bruninha,NWSL,elite,6,6,2,2,0.0,0.0,0.0,0.0,0.0,,0.0,0.0,0.0,0.0,False,False,Bruninha,,,,,,,,,,,True,False
Emily Sonnett,emily sonnett,GOTHAM,NWSL,0.0,5,shots_on_target,shots_on_target,GOTHAM,GOTHAM,3,bottom,Emily Sonnett,NWSL,elite,2,2,1,0,0.0,0.0,0.0,,0.0,,,0.0,,,False,False,Emily Sonnett,,,,,,,,,,,True,False
Sam Kerr,sam kerr,GOTHAM,NWSL,1.5714285714285714,7,shots_on_target,shots_on_target,GOTHAM,GOTHAM,1,top,Sam Kerr,NWSL,weak,4,4,1,2,0.5,0.24583333333333335,-1.6,0.45833333333333337,1.6666666666666667,,0.5,0.0,2.0583333333333336,2.0583333333333336,False,False,Sam Kerr,,,,,,,,,,,True,False
Rose Lavelle,rose lavelle,GOTHAM,NWSL,0.8888888888888888,9,shots_on_target,shots_on_target,GOTHAM,GOTHAM,2,top,Rose Lavelle,NWSL,elite,6,6,2,2,0.5,-0.016269841269841285,-0.35714285714285715,0.20833333333333331,0.09999999999999998,0.17230436717390973,0.5,0.5,0.5654761904761905,0.5654761904761905,False,True,Rose Lavelle,,,,,,,,,,,True,False
Jaedyn Shaw,jaedyn shaw,GOTHAM,NWSL,0.7777777777777778,9,shots_on_target,shots_on_target,GOTHAM,GOTHAM,3,top,Jaedyn Shaw,NWSL,elite,6,6,2,2,0.6666666666666666,0.214484126984127,-0.1607142857142857,0.9375,-0.1333333333333333,0.5226594373057013,1.0,0.5,1.0982142857142856,1.0982142857142856,True,False,Jaedyn Shaw,,,,,,,,,,,True,False
Agustín Resch,agustin resch,HOUSTON,MLS,0.0,5,assists,assists,HOUSTON,HOUSTON,1,bottom,Agustín Resch,MLS,elite,2,2,1,0,0.0,0.0,0.0,,0.0,,,0.0,,,False,False,Agustín Resch,,,,,,,,,,,True,False
Artur,artur,HOUSTON,MLS,0.0,5,assists,assists,HOUSTON,HOUSTON,2,bottom,Artur,MLS,elite,3,3,1,1,0.0,0.0,0.0,0.0,0.0,,0.0,0.0,0.0,0.0,False,False,Artur,,,,,,,,,,,True,False
Blake Gillingham,blake gillingham,HOUSTON,MLS,0.0,5,assists,assists,HOUSTON,HOUSTON,3,bottom,Blake Gillingham,MLS,elite,2,2,1,0,0.0,0.0,0.0,,0.0,,,0.0,,,False,False,Blake Gillingham,,,,,,,,,,,True,False
Jack McGlynn,jack mcglynn,HOUSTON,MLS,0.4,5,assists,assists,HOUSTON,HOUSTON,1,top,Jack McGlynn,MLS,elite,2,2,1,0,0.5,0.08333333333333337,0.6666666666666667,,-0.5,,,1.0,,,False,False,Jack McGlynn,,,,,,,,,,,True,False
Agustín Bouzat,agustin bouzat,HOUSTON,MLS,0.2,5,assists,assists,HOUSTON,HOUSTON,2,top,Agustín Bouzat,MLS,elite,2,2,1,0,0.0,-0.29166666666666663,-0.3333333333333333,,-0.25,,,0.0,,,False,False,Agustín Bouzat,,,,,,,,,,,True,False
Guilherme Augusto,guilherme augusto,HOUSTON,MLS,0.2,5,assists,assists,HOUSTON,HOUSTON,3,top,Guilherme Augusto,MLS,elite,3,3,1,1,0.0,-0.26111111111111107,-0.25,-0.3333333333333333,-0.2,,0.0,0.0,-0.08333333333333331,-0.08333333333333331,False,False,Guilherme Augusto,,,,,,,,,,,True,False
Artur,artur,HOUSTON,MLS,0.0,5,goals,goals,HOUSTON,HOUSTON,1,bottom,Artur,MLS,elite,3,3,1,1,0.0,-0.20555555555555557,-0.2,-0.25,-0.16666666666666666,,0.0,0.0,-0.04999999999999999,-0.04999999999999999,False,False,Artur,,,,,,,,,,,True,False
Blake Gillingham,blake gillingham,HOUSTON,MLS,0.0,5,goals,goals,HOUSTON,HOUSTON,2,bottom,Blake Gillingham,MLS,elite,2,2,1,0,0.0,0.0,0.0,,0.0,,,0.0,,,False,False,Blake Gillingham,,,,,,,,,,,True,False
Diadie Samassekou,diadie samassekou,HOUSTON,MLS,0.0,5,goals,goals,HOUSTON,HOUSTON,3,bottom,Diadie Samassekou,MLS,elite,2,2,1,0,0.0,0.0,0.0,,0.0,,,0.0,,,False,False,Diadie Samassekou,,,,,,,,,,,True,False
Guilherme Augusto,guilherme augusto,HOUSTON,MLS,0.8,5,goals,goals,HOUSTON,HOUSTON,1,top,Guilherme Augusto,MLS,elite,3,3,1,1,1.0,0.5222222222222223,0.5,0.6666666666666667,0.4,,1.0,1.0,0.16666666666666674,0.16666666666666674,False,False,Guilherme Augusto,,,,,,,,,,,True,False
Agustín Bouzat,agustin bouzat,HOUSTON,MLS,0.2,5,goals,goals,HOUSTON,HOUSTON,2,top,Agustín Bouzat,MLS,elite,2,2,1,0,0.0,-0.29166666666666663,-0.3333333333333333,,-0.25,,,0.0,,,False,False,Agustín Bouzat,,,,,,,,,,,True,False
Agustín Resch,agustin resch,HOUSTON,MLS,0.2,5,goals,goals,HOUSTON,HOUSTON,3,top,Agustín Resch,MLS,elite,2,2,1,0,0.5,0.375,1.0,,-0.25,,,1.0,,,False,False,Agustín Resch,,,,,,,,,,,True,False
Blake Gillingham,blake gillingham,HOUSTON,MLS,0.0,5,saves,saves,HOUSTON,HOUSTON,1,bottom,Blake Gillingham,MLS,elite,2,2,1,0,0.0,0.0,0.0,,0.0,,,0.0,,,False,False,Blake Gillingham,,,,,,,,,,,True,False
Jonathan Bond,jonathan bond,HOUSTON,MLS,2.2,5,saves,saves,HOUSTON,HOUSTON,2,bottom,Jonathan Bond,MLS,elite,2,2,1,0,0.0,-1.875,-1.0,,-2.75,,,0.0,,,False,False,Jonathan Bond,,,,,,,,,,,True,False
Jonathan Bond,jonathan bond,HOUSTON,MLS,2.2,5,saves,saves,HOUSTON,HOUSTON,1,top,Jonathan Bond,MLS,elite,2,2,1,0,0.0,-1.875,-1.0,,-2.75,,,0.0,,,False,False,Jonathan Bond,,,,,,,,,,,True,False
Blake Gillingham,blake gillingham,HOUSTON,MLS,0.0,5,saves,saves,HOUSTON,HOUSTON,2,top,Blake Gillingham,MLS,elite,2,2,1,0,0.0,0.0,0.0,,0.0,,,0.0,,,False,False,Blake Gillingham,,,,,,,,,,,True,False
Blake Gillingham,blake gillingham,HOUSTON,MLS,0.0,5,shots,shots,HOUSTON,HOUSTON,1,bottom,Blake Gillingham,MLS,elite,2,2,1,0,0.0,0.0,0.0,,0.0,,,0.0,,,False,False,Blake Gillingham,,,,,,,,,,,True,False
Diadie Samassekou,diadie samassekou,HOUSTON,MLS,0.0,5,shots,shots,HOUSTON,HOUSTON,2,bottom,Diadie Samassekou,MLS,elite,2,2,1,0,0.0,0.0,0.0,,0.0,,,0.0,,,False,False,Diadie Samassekou,,,,,,,,,,,True,False
Duane Holmes,duane holmes,HOUSTON,MLS,0.0,5,shots,shots,HOUSTON,HOUSTON,3,bottom,Duane Holmes,MLS,elite,2,2,1,0,0.0,0.0,0.0,,0.0,,,0.0,,,False,False,Duane Holmes,,,,,,,,,,,True,False
Guilherme Augusto,guilherme augusto,HOUSTON,MLS,3.2,5,shots,shots,HOUSTON,HOUSTON,1,top,Guilherme Augusto,MLS,elite,3,3,1,1,0.6666666666666666,0.42777777777777787,2.75,-1.6666666666666665,0.20000000000000018,,0.0,1.0,-4.416666666666666,-4.416666666666666,False,False,Guilherme Augusto,,,,,,,,,,,True,False
Héctor Herrera,hector herrera,HOUSTON,MLS,1.2,5,shots,shots,HOUSTON,HOUSTON,2,top,Héctor Herrera,MLS,elite,2,2,1,0,0.0,-0.29166666666666663,-0.33333333333333326,,-0.25,,,0.0,,,False,False,Héctor Herrera,,,,,,,,,,,True,False
Jack McGlynn,jack mcglynn,HOUSTON,MLS,1.0,5,shots,shots,HOUSTON,HOUSTON,3,top,Jack McGlynn,MLS,elite,2,2,1,0,0.5,0.125,-1.0,,1.25,,,0.0,,,False,False,Jack McGlynn,,,,,,,,,,,True,False
Blake Gillingham,blake gillingham,HOUSTON,MLS,0.0,5,shots_on_target,shots_on_target,HOUSTON,HOUSTON,1,bottom,Blake Gillingham,MLS,elite,2,2,1,0,0.0,0.0,0.0,,0.0,,,0.0,,,False,False,Blake Gillingham,,,,,,,,,,,True,False
Diadie Samassekou,diadie samassekou,HOUSTON,MLS,0.0,5,shots_on_target,shots_on_target,HOUSTON,HOUSTON,2,bottom,Diadie Samassekou,MLS,elite,2,2,1,0,0.0,0.0,0.0,,0.0,,,0.0,,,False,False,Diadie Samassekou,,,,,,,,,,,True,False
Duane Holmes,duane holmes,HOUSTON,MLS,0.0,5,shots_on_target,shots_on_target,HOUSTON,HOUSTON,3,bottom,Duane Holmes,MLS,elite,2,2,1,0,0.0,0.0,0.0,,0.0,,,0.0,,,False,False,Duane Holmes,,,,,,,,,,,True,False
Guilherme Augusto,guilherme augusto,HOUSTON,MLS,1.4,5,shots_on_target,shots_on_target,HOUSTON,HOUSTON,1,top,Guilherme Augusto,MLS,elite,3,3,1,1,0.6666666666666666,0.7944444444444446,2.25,0.33333333333333337,-0.19999999999999996,,1.0,1.0,-1.9166666666666665,-1.9166666666666665,False,False,Guilherme Augusto,,,,,,,,,,,True,False
Héctor Herrera,hector herrera,HOUSTON,MLS,0.6,5,shots_on_target,shots_on_target,HOUSTON,HOUSTON,2,top,Héctor Herrera,MLS,elite,2,2,1,0,0.5,-0.20833333333333331,0.33333333333333337,,-0.75,,,1.0,,,False,False,Héctor Herrera,,,,,,,,,,,True,False
Agustín Bouzat,agustin bouzat,HOUSTON,MLS,0.4,5,shots_on_target,shots_on_target,HOUSTON,HOUSTON,3,top,Agustín Bouzat,MLS,elite,2,2,1,0,0.5,0.20833333333333334,-0.3333333333333333,,0.75,,,0.0,,,False,False,Agustín Bouzat,,,,,,,,,,,True,False
Allysha Chapman,allysha chapman,HOUSTON DASH,NWSL,0.0,7,assists,assists,HOUSTON DASH,HOUSTON DASH,1,bottom,Allysha Chapman,NWSL,weak,4,4,1,2,0.0,0.0,0.0,0.0,0.0,,0.0,0.0,0.0,0.0,False,False,Allysha Chapman,,,,,,,,,,,True,False
Caroline DeLisle,caroline delisle,HOUSTON DASH,NWSL,0.0,7,assists,assists,HOUSTON DASH,HOUSTON DASH,2,bottom,Caroline DeLisle,NWSL,weak,4,4,1,2,0.0,0.0,0.0,0.0,0.0,,0.0,0.0,0.0,0.0,False,False,Caroline DeLisle,,,,,,,,,,,True,False
Clarissa Laris­ey,clarissa laris­ey,HOUSTON DASH,NWSL,0.0,7,assists,assists,HOUSTON DASH,HOUSTON DASH,3,bottom,Clarissa Laris­ey,NWSL,weak,4,4,1,2,0.0,0.0,0.0,0.0,0.0,,0.0,0.0,0.0,0.0,False,False,Clarissa Laris­ey,,,,,,,,,,,True,False
Avery Patterson,avery patterson,HOUSTON DASH,NWSL,0.3333333333333333,6,assists,assists,HOUSTON DASH,HOUSTON DASH,1,top,Avery Patterson,NWSL,weak,3,3,1,2,0.3333333333333333,0.07222222222222226,-0.3333333333333333,0.275,,,0.5,0.0,0.6083333333333334,0.6083333333333334,False,False,Avery Patterson,,,,,,,,,,,True,False
Linda Ullmark,linda ullmark,HOUSTON DASH,NWSL,0.2857142857142857,7,assists,assists,HOUSTON DASH,HOUSTON DASH,2,top,Linda Ullmark,NWSL,weak,4,4,1,2,0.0,-0.4749999999999999,-0.5,-0.3666666666666667,-0.6666666666666666,,0.0,0.0,0.1333333333333333,0.1333333333333333,False,False,Linda Ullmark,,,,,,,,,,,True,False
Sophie Schmidt,sophie schmidt,HOUSTON DASH,NWSL,0.16666666666666666,6,assists,assists,HOUSTON DASH,HOUSTON DASH,3,top,Sophie Schmidt,NWSL,elite,3,3,1,1,0.0,-0.26111111111111107,-0.25,-0.2,-0.3333333333333333,,0.0,0.0,0.04999999999999999,0.04999999999999999,False,False,Sophie Schmidt,,,,,,,,,,,True,False
Allysha Chapman,allysha chapman,HOUSTON DASH,NWSL,0.0,7,goals,goals,HOUSTON DASH,HOUSTON DASH,1,bottom,Allysha Chapman,NWSL,weak,4,4,1,2,0.0,0.0,0.0,0.0,0.0,,0.0,0.0,0.0,0.0,False,False,Allysha Chapman,,,,,,,,,,,True,False
Avery Patterson,avery patterson,HOUSTON DASH,NWSL,0.0,6,goals,goals,HOUSTON DASH,HOUSTON DASH,2,bottom,Avery Patterson,NWSL,weak,3,3,1,2,0.0,0.0,0.0,0.0,,,0.0,0.0,0.0,0.0,False,False,Avery Patterson,,,,,,,,,,,True,False
Caroline DeLisle,caroline delisle,HOUSTON DASH,NWSL,0.0,7,goals,goals,HOUSTON DASH,HOUSTON DASH,3,bottom,Caroline DeLisle,NWSL,weak,4,4,1,2,0.0,0.0,0.0,0.0,0.0,,0.0,0.0,0.0,0.0,False,False,Caroline DeLisle,,,,,,,,,,,True,False
Kat Rader,kat rader,HOUSTON DASH,NWSL,0.42857142857142855,7,goals,goals,HOUSTON DASH,HOUSTON DASH,1,top,Kat Rader,NWSL,weak,4,4,1,2,0.25,-0.2666666666666666,-0.5,0.04999999999999999,-0.6666666666666666,,0.5,0.0,0.55,0.55,False,False,Kat Rader,,,,,,,,,,,True,False
Clarissa Laris­ey,clarissa laris­ey,HOUSTON DASH,NWSL,0.2857142857142857,7,goals,goals,HOUSTON DASH,HOUSTON DASH,2,top,Clarissa Laris­ey,NWSL,weak,4,4,1,2,0.25,0.5,0.0,1.0,0.0,,0.5,0.0,1.0,1.0,False,False,Clarissa Laris­ey,,,,,,,,,,,True,False
Kate Faasse,kate faasse,HOUSTON DASH,NWSL,0.2857142857142857,7,goals,goals,HOUSTON DASH,HOUSTON DASH,3,top,Kate Faasse,NWSL,weak,4,4,1,2,0.25,0.012500000000000039,-0.25,0.31666666666666665,-0.3333333333333333,,0.5,0.0,0.5666666666666667,0.5666666666666667,False,False,Kate Faasse,,,,,,,,,,,True,False
Caroline DeLisle,caroline delisle,HOUSTON DASH,NWSL,0.0,7,saves,saves,HOUSTON DASH,HOUSTON DASH,1,bottom,Caroline DeLisle,NWSL,weak,4,4,1,2,0.0,0.0,0.0,0.0,0.0,,0.0,0.0,0.0,0.0,False,False,Caroline DeLisle,,,,,,,,,,,True,False
Jane Campbell,jane campbell,HOUSTON DASH,NWSL,4.142857142857143,7,saves,saves,HOUSTON DASH,HOUSTON DASH,2,bottom,Jane Campbell,NWSL,weak,4,4,1,2,0.25,-1.8958333333333333,-3.75,-2.75,1.666666666666667,,0.0,0.0,1.0,1.0,False,False,Jane Campbell,,,,,,,,,,,True,False
Jane Campbell,jane campbell,HOUSTON DASH,NWSL,4.142857142857143,7,saves,saves,HOUSTON DASH,HOUSTON DASH,1,top,Jane Campbell,NWSL,weak,4,4,1,2,0.25,-1.8958333333333333,-3.75,-2.75,1.666666666666667,,0.0,0.0,1.0,1.0,False,False,Jane Campbell,,,,,,,,,,,True,False
Caroline DeLisle,caroline delisle,HOUSTON DASH,NWSL,0.0,7,saves,saves,HOUSTON DASH,HOUSTON DASH,2,top,Caroline DeLisle,NWSL,weak,4,4,1,2,0.0,0.0,0.0,0.0,0.0,,0.0,0.0,0.0,0.0,False,False,Caroline DeLisle,,,,,,,,,,,True,False
Allysha Chapman,allysha chapman,HOUSTON DASH,NWSL,0.0,7,shots,shots,HOUSTON DASH,HOUSTON DASH,1,bottom,Allysha Chapman,NWSL,weak,4,4,1,2,0.0,0.0,0.0,0.0,0.0,,0.0,0.0,0.0,0.0,False,False,Allysha Chapman,,,,,,,,,,,True,False
Caroline DeLisle,caroline delisle,HOUSTON DASH,NWSL,0.0,7,shots,shots,HOUSTON DASH,HOUSTON DASH,2,bottom,Caroline DeLisle,NWSL,weak,4,4,1,2,0.0,0.0,0.0,0.0,0.0,,0.0,0.0,0.0,0.0,False,False,Caroline DeLisle,,,,,,,,,,,True,False
Jane Campbell,jane campbell,HOUSTON DASH,NWSL,0.0,7,shots,shots,HOUSTON DASH,HOUSTON DASH,3,bottom,Jane Campbell,NWSL,weak,4,4,1,2,0.0,0.0,0.0,0.0,0.0,,0.0,0.0,0.0,0.0,False,False,Jane Campbell,,,,,,,,,,,True,False
Kiki Van Zanten,kiki van zanten,HOUSTON DASH,NWSL,2.0,7,shots,shots,HOUSTON DASH,HOUSTON DASH,1,top,Kiki Van Zanten,NWSL,weak,4,4,1,2,0.25,-0.5083333333333334,-1.5,-0.6000000000000001,0.6666666666666665,,0.0,0.0,0.8999999999999999,0.8999999999999999,False,False,Kiki Van Zanten,,,,,,,,,,,True,False
Linda Ullmark,linda ullmark,HOUSTON DASH,NWSL,1.8571428571428572,7,shots,shots,HOUSTON DASH,HOUSTON DASH,2,top,Linda Ullmark,NWSL,weak,4,4,1,2,0.5,-0.44583333333333336,-2.75,-1.0166666666666666,3.0,,0.5,0.0,1.7333333333333334,1.7333333333333334,False,False,Linda Ullmark,,,,,,,,,,,True,False
Kat Rader,kat rader,HOUSTON DASH,NWSL,1.5714285714285714,7,shots,shots,HOUSTON DASH,HOUSTON DASH,3,top,Kat Rader,NWSL,weak,4,4,1,2,0.75,0.4916666666666667,1.0,1.15,-1.3333333333333333,,1.0,1.0,0.1499999999999999,0.1499999999999999,False,False,Kat Rader,,,,,,,,,,,True,False
Allysha Chapman,allysha chapman,HOUSTON DASH,NWSL,0.0,7,shots_on_target,shots_on_target,HOUSTON DASH,HOUSTON DASH,1,bottom,Allysha Chapman,NWSL,weak,4,4,1,2,0.0,0.0,0.0,0.0,0.0,,0.0,0.0,0.0,0.0,False,False,Allysha Chapman,,,,,,,,,,,True,False
Caroline DeLisle,caroline delisle,HOUSTON DASH,NWSL,0.0,7,shots_on_target,shots_on_target,HOUSTON DASH,HOUSTON DASH,2,bottom,Caroline DeLisle,NWSL,weak,4,4,1,2,0.0,0.0,0.0,0.0,0.0,,0.0,0.0,0.0,0.0,False,False,Caroline DeLisle,,,,,,,,,,,True,False
Danielle Colaprico,danielle colaprico,HOUSTON DASH,NWSL,0.0,7,shots_on_target,shots_on_target,HOUSTON DASH,HOUSTON DASH,3,bottom,Danielle Colaprico,NWSL,weak,4,4,1,2,0.0,0.0,0.0,0.0,0.0,,0.0,0.0,0.0,0.0,False,False,Danielle Colaprico,,,,,,,,,,,True,False
Kat Rader,kat rader,HOUSTON DASH,NWSL,1.0,7,shots_on_target,shots_on_target,HOUSTON DASH,HOUSTON DASH,1,top,Kat Rader,NWSL,weak,4,4,1,2,0.25,-0.375,0.0,-0.08333333333333337,-1.3333333333333333,,0.5,0.0,-0.08333333333333337,-0.08333333333333337,False,False,Kat Rader,,,,,,,,,,,True,False
Kiki Van Zanten,kiki van zanten,HOUSTON DASH,NWSL,1.0,7,shots_on_target,shots_on_target,HOUSTON DASH,HOUSTON DASH,2,top,Kiki Van Zanten,NWSL,weak,4,4,1,2,0.0,-0.4458333333333333,-0.25,-0.6,-0.33333333333333326,,0.0,0.0,-0.35,-0.35,False,False,Kiki Van Zanten,,,,,,,,,,,True,False
Linda Ullmark,linda ullmark,HOUSTON DASH,NWSL,0.7142857142857143,7,shots_on_target,shots_on_target,HOUSTON DASH,HOUSTON DASH,3,top,Linda Ullmark,NWSL,weak,4,4,1,2,0.5,0.29999999999999993,-1.0,-0.23333333333333334,2.6666666666666665,,0.5,0.0,0.7666666666666666,0.7666666666666666,False,False,Linda Ullmark,,,,,,,,,,,True,False
Fabio Pereyra,fabio pereyra,HURACÁN,Argentina,0.0,5,assists,assists,HURACÁN,HURACÁN,1,bottom,Fabio Pereyra,Argentina,elite,2,2,2,0,0.0,0.0,0.0,,,,,0.0,,,False,False,Fabio Pereyra,,,,,,,,,,,True,False
Federico Vera,federico vera,HURACÁN,Argentina,0.0,5,assists,assists,HURACÁN,HURACÁN,2,bottom,Federico Vera,Argentina,elite,2,2,2,0,0.0,0.0,0.0,,,,,0.0,,,False,False,Federico Vera,,,,,,,,,,,True,False
Hernán Galíndez,hernan galindez,HURACÁN,Argentina,0.0,5,assists,assists,HURACÁN,HURACÁN,3,bottom,Hernán Galíndez,Argentina,elite,2,2,2,0,0.0,0.0,0.0,,,,,0.0,,,False,False,Hernán Galíndez,,,,,,,,,,,True,False
Facundo Kalinger,facundo kalinger,HURACÁN,Argentina,0.2,5,assists,assists,HURACÁN,HURACÁN,1,top,Facundo Kalinger,Argentina,elite,2,2,2,0,0.5,0.375,0.375,,,,,0.5,,,False,False,Facundo Kalinger,,,,,,,,,,,True,False
Leonardo Gil,leonardo gil,HURACÁN,Argentina,0.2,5,assists,assists,HURACÁN,HURACÁN,2,top,Leonardo Gil,Argentina,elite,2,2,2,0,0.0,-0.29166666666666663,-0.29166666666666663,,,,,0.0,,,False,False,Leonardo Gil,,,,,,,,,,,True,False
Fabio Pereyra,fabio pereyra,HURACÁN,Argentina,0.0,5,assists,assists,HURACÁN,HURACÁN,3,top,Fabio Pereyra,Argentina,elite,2,2,2,0,0.0,0.0,0.0,,,,,0.0,,,False,False,Fabio Pereyra,,,,,,,,,,,True,False
Fabio Pereyra,fabio pereyra,HURACÁN,Argentina,0.0,5,goals,goals,HURACÁN,HURACÁN,1,bottom,Fabio Pereyra,Argentina,elite,2,2,2,0,0.0,0.0,0.0,,,,,0.0,,,False,False,Fabio Pereyra,,,,,,,,,,,True,False
Facundo Kalinger,facundo kalinger,HURACÁN,Argentina,0.0,5,goals,goals,HURACÁN,HURACÁN,2,bottom,Facundo Kalinger,Argentina,elite,2,2,2,0,0.0,0.0,0.0,,,,,0.0,,,False,False,Facundo Kalinger,,,,,,,,,,,True,False
Federico Vera,federico vera,HURACÁN,Argentina,0.0,5,goals,goals,HURACÁN,HURACÁN,3,bottom,Federico Vera,Argentina,elite,2,2,2,0,0.0,0.0,0.0,,,,,0.0,,,False,False,Federico Vera,,,,,,,,,,,True,False
Jordy Caicedo,jordy caicedo,HURACÁN,Argentina,0.6,5,goals,goals,HURACÁN,HURACÁN,1,top,Jordy Caicedo,Argentina,elite,2,2,2,0,0.5,0.45833333333333337,0.45833333333333337,,,,,0.5,,,False,False,Jordy Caicedo,,,,,,,,,,,True,False
Oscar Cortés,oscar cortes,HURACÁN,Argentina,0.2,5,goals,goals,HURACÁN,HURACÁN,2,top,Oscar Cortés,Argentina,elite,2,2,2,0,0.0,-0.29166666666666663,-0.29166666666666663,,,,,0.0,,,False,False,Oscar Cortés,,,,,,,,,,,True,False
Fabio Pereyra,fabio pereyra,HURACÁN,Argentina,0.0,5,goals,goals,HURACÁN,HURACÁN,3,top,Fabio Pereyra,Argentina,elite,2,2,2,0,0.0,0.0,0.0,,,,,0.0,,,False,False,Fabio Pereyra,,,,,,,,,,,True,False
Sebastián Meza,sebastian meza,HURACÁN,Argentina,0.0,5,saves,saves,HURACÁN,HURACÁN,1,bottom,Sebastián Meza,Argentina,elite,2,2,2,0,0.0,0.0,0.0,,,,,0.0,,,False,False,Sebastián Meza,,,,,,,,,,,True,False
Hernán Galíndez,hernan galindez,HURACÁN,Argentina,2.8,5,saves,saves,HURACÁN,HURACÁN,2,bottom,Hernán Galíndez,Argentina,elite,2,2,2,0,0.5,-0.375,-0.375,,,,,0.5,,,False,True,Hernán Galíndez,,,,,,,,,,,True,False
Hernán Galíndez,hernan galindez,HURACÁN,Argentina,2.8,5,saves,saves,HURACÁN,HURACÁN,1,top,Hernán Galíndez,Argentina,elite,2,2,2,0,0.5,-0.375,-0.375,,,,,0.5,,,False,True,Hernán Galíndez,,,,,,,,,,,True,False
Sebastián Meza,sebastian meza,HURACÁN,Argentina,0.0,5,saves,saves,HURACÁN,HURACÁN,2,top,Sebastián Meza,Argentina,elite,2,2,2,0,0.0,0.0,0.0,,,,,0.0,,,False,False,Sebastián Meza,,,,,,,,,,,True,False
Fabio Pereyra,fabio pereyra,HURACÁN,Argentina,0.0,5,shots,shots,HURACÁN,HURACÁN,1,bottom,Fabio Pereyra,Argentina,elite,2,2,2,0,0.0,0.0,0.0,,,,,0.0,,,False,False,Fabio Pereyra,,,,,,,,,,,True,False
Federico Vera,federico vera,HURACÁN,Argentina,0.0,5,shots,shots,HURACÁN,HURACÁN,2,bottom,Federico Vera,Argentina,elite,2,2,2,0,0.0,0.0,0.0,,,,,0.0,,,False,False,Federico Vera,,,,,,,,,,,True,False
Hernán Galíndez,hernan galindez,HURACÁN,Argentina,0.0,5,shots,shots,HURACÁN,HURACÁN,3,bottom,Hernán Galíndez,Argentina,elite,2,2,2,0,0.0,0.0,0.0,,,,,0.0,,,False,False,Hernán Galíndez,,,,,,,,,,,True,False
Juan Bisanz,juan bisanz,HURACÁN,Argentina,3.2,5,shots,shots,HURACÁN,HURACÁN,1,top,Juan Bisanz,Argentina,elite,2,2,2,0,0.5,0.125,0.125,,,,,0.5,,,False,False,Juan Bisanz,,,,,,,,,,,True,False
Oscar Cortés,oscar cortes,HURACÁN,Argentina,2.4,5,shots,shots,HURACÁN,HURACÁN,2,top,Oscar Cortés,Argentina,elite,2,2,2,0,0.0,-2.041666666666667,-2.041666666666667,,,,,0.0,,,False,True,Oscar Cortés,,,,,,,,,,,True,False
Lucas Blondel,lucas blondel,HURACÁN,Argentina,2.2,5,shots,shots,HURACÁN,HURACÁN,3,top,Lucas Blondel,Argentina,elite,2,2,2,0,0.5,-0.41666666666666674,-0.41666666666666674,,,,,0.5,,,False,True,Lucas Blondel,,,,,,,,,,,True,False
Fabio Pereyra,fabio pereyra,HURACÁN,Argentina,0.0,5,shots_on_target,shots_on_target,HURACÁN,HURACÁN,1,bottom,Fabio Pereyra,Argentina,elite,2,2,2,0,0.0,0.0,0.0,,,,,0.0,,,False,False,Fabio Pereyra,,,,,,,,,,,True,False
Federico Vera,federico vera,HURACÁN,Argentina,0.0,5,shots_on_target,shots_on_target,HURACÁN,HURACÁN,2,bottom,Federico Vera,Argentina,elite,2,2,2,0,0.0,0.0,0.0,,,,,0.0,,,False,False,Federico Vera,,,,,,,,,,,True,False
Hernán Galíndez,hernan galindez,HURACÁN,Argentina,0.0,5,shots_on_target,shots_on_target,HURACÁN,HURACÁN,3,bottom,Hernán Galíndez,Argentina,elite,2,2,2,0,0.0,0.0,0.0,,,,,0.0,,,False,False,Hernán Galíndez,,,,,,,,,,,True,False
Jordy Caicedo,jordy caicedo,HURACÁN,Argentina,1.2,5,shots_on_target,shots_on_target,HURACÁN,HURACÁN,1,top,Jordy Caicedo,Argentina,elite,2,2,2,0,0.5,-0.41666666666666663,-0.41666666666666663,,,,,0.5,,,False,True,Jordy Caicedo,,,,,,,,,,,True,False
Oscar Cortés,oscar cortes,HURACÁN,Argentina,1.0,5,shots_on_target,shots_on_target,HURACÁN,HURACÁN,2,top,Oscar Cortés,Argentina,elite,2,2,2,0,0.0,-1.4583333333333335,-1.4583333333333335,,,,,0.0,,,False,True,Oscar Cortés,,,,,,,,,,,True,False
Juan Bisanz,juan bisanz,HURACÁN,Argentina,0.8,5,shots_on_target,shots_on_target,HURACÁN,HURACÁN,3,top,Juan Bisanz,Argentina,elite,2,2,2,0,0.5,0.16666666666666674,0.16666666666666674,,,,,0.5,,,False,False,Juan Bisanz,,,,,,,,,,,True,False
Agustín Bravo,agustin bravo,INSTITUTO,Argentina,0.0,5,assists,assists,INSTITUTO,INSTITUTO,1,bottom,Agustín Bravo,Argentina,elite,2,2,2,0,0.0,0.0,0.0,,,,,0.0,,,False,False,Agustín Bravo,,,,,,,,,,,True,False
Agustín Massaccesi,agustin massaccesi,INSTITUTO,Argentina,0.0,5,assists,assists,INSTITUTO,INSTITUTO,2,bottom,Agustín Massaccesi,Argentina,elite,2,2,2,0,0.0,0.0,0.0,,,,,0.0,,,False,False,Agustín Massaccesi,,,,,,,,,,,True,False
Alex Luna,alex luna,INSTITUTO,Argentina,0.0,5,assists,assists,INSTITUTO,INSTITUTO,3,bottom,Alex Luna,Argentina,elite,2,2,2,0,0.0,0.0,0.0,,,,,0.0,,,False,False,Alex Luna,,,,,,,,,,,True,False
Diego Sosa,diego sosa,INSTITUTO,Argentina,0.2,5,assists,assists,INSTITUTO,INSTITUTO,1,top,Diego Sosa,Argentina,elite,2,2,2,0,0.0,-0.29166666666666663,-0.29166666666666663,,,,,0.0,,,False,False,Diego Sosa,,,,,,,,,,,True,False
Jeremías Lázaro,jeremias lazaro,INSTITUTO,Argentina,0.2,5,assists,assists,INSTITUTO,INSTITUTO,2,top,Jeremías Lázaro,Argentina,elite,2,2,2,0,0.5,0.375,0.375,,,,,0.5,,,False,False,Jeremías Lázaro,,,,,,,,,,,True,False
Agustín Bravo,agustin bravo,INSTITUTO,Argentina,0.0,5,assists,assists,INSTITUTO,INSTITUTO,3,top,Agustín Bravo,Argentina,elite,2,2,2,0,0.0,0.0,0.0,,,,,0.0,,,False,False,Agustín Bravo,,,,,,,,,,,True,False
Agustín Bravo,agustin bravo,INSTITUTO,Argentina,0.0,5,goals,goals,INSTITUTO,INSTITUTO,1,bottom,Agustín Bravo,Argentina,elite,2,2,2,0,0.0,0.0,0.0,,,,,0.0,,,False,False,Agustín Bravo,,,,,,,,,,,True,False
Agustín Massaccesi,agustin massaccesi,INSTITUTO,Argentina,0.0,5,goals,goals,INSTITUTO,INSTITUTO,2,bottom,Agustín Massaccesi,Argentina,elite,2,2,2,0,0.0,0.0,0.0,,,,,0.0,,,False,False,Agustín Massaccesi,,,,,,,,,,,True,False
Diego Sosa,diego sosa,INSTITUTO,Argentina,0.0,5,goals,goals,INSTITUTO,INSTITUTO,3,bottom,Diego Sosa,Argentina,elite,2,2,2,0,0.0,0.0,0.0,,,,,0.0,,,False,False,Diego Sosa,,,,,,,,,,,True,False
Alex Luna,alex luna,INSTITUTO,Argentina,0.2,5,goals,goals,INSTITUTO,INSTITUTO,1,top,Alex Luna,Argentina,elite,2,2,2,0,0.5,0.375,0.375,,,,,0.5,,,False,False,Alex Luna,,,,,,,,,,,True,False
Facundo Suárez,facundo suarez,INSTITUTO,Argentina,0.2,5,goals,goals,INSTITUTO,INSTITUTO,2,top,Facundo Suárez,Argentina,elite,2,2,2,0,0.5,0.5,0.5,,,,,0.5,,,False,False,Facundo Suárez,,,,,,,,,,,True,False
Fernando Alarcón,fernando alarcon,INSTITUTO,Argentina,0.2,5,goals,goals,INSTITUTO,INSTITUTO,3,top,Fernando Alarcón,Argentina,elite,2,2,2,0,0.0,-0.29166666666666663,-0.29166666666666663,,,,,0.0,,,False,False,Fernando Alarcón,,,,,,,,,,,True,False
Emanuel Sittaro,emanuel sittaro,INSTITUTO,Argentina,0.0,5,saves,saves,INSTITUTO,INSTITUTO,1,bottom,Emanuel Sittaro,Argentina,elite,2,2,2,0,0.0,0.0,0.0,,,,,0.0,,,False,False,Emanuel Sittaro,,,,,,,,,,,True,False
Marcos Ledesma,marcos ledesma,INSTITUTO,Argentina,1.8,5,saves,saves,INSTITUTO,INSTITUTO,2,bottom,Marcos Ledesma,Argentina,elite,2,2,2,0,0.0,-2.625,-2.625,,,,,0.0,,,False,True,Marcos Ledesma,,,,,,,,,,,True,False
Marcos Ledesma,marcos ledesma,INSTITUTO,Argentina,1.8,5,saves,saves,INSTITUTO,INSTITUTO,1,top,Marcos Ledesma,Argentina,elite,2,2,2,0,0.0,-2.625,-2.625,,,,,0.0,,,False,True,Marcos Ledesma,,,,,,,,,,,True,False
Emanuel Sittaro,emanuel sittaro,INSTITUTO,Argentina,0.0,5,saves,saves,INSTITUTO,INSTITUTO,2,top,Emanuel Sittaro,Argentina,elite,2,2,2,0,0.0,0.0,0.0,,,,,0.0,,,False,False,Emanuel Sittaro,,,,,,,,,,,True,False
Agustín Bravo,agustin bravo,INSTITUTO,Argentina,0.0,5,shots,shots,INSTITUTO,INSTITUTO,1,bottom,Agustín Bravo,Argentina,elite,2,2,2,0,0.0,0.0,0.0,,,,,0.0,,,False,False,Agustín Bravo,,,,,,,,,,,True,False
Emanuel Sittaro,emanuel sittaro,INSTITUTO,Argentina,0.0,5,shots,shots,INSTITUTO,INSTITUTO,2,bottom,Emanuel Sittaro,Argentina,elite,2,2,2,0,0.0,0.0,0.0,,,,,0.0,,,False,False,Emanuel Sittaro,,,,,,,,,,,True,False
Hernán De La Fuente,hernan de la fuente,INSTITUTO,Argentina,0.0,5,shots,shots,INSTITUTO,INSTITUTO,3,bottom,Hernán De La Fuente,Argentina,elite,2,2,2,0,0.0,0.0,0.0,,,,,0.0,,,False,False,Hernán De La Fuente,,,,,,,,,,,True,False
Alex Luna,alex luna,INSTITUTO,Argentina,4.4,5,shots,shots,INSTITUTO,INSTITUTO,1,top,Alex Luna,Argentina,elite,2,2,2,0,0.5,0.5,0.5,,,,,0.5,,,False,False,Alex Luna,,,,,,,,,,,True,False
Matias Tissera,matias tissera,INSTITUTO,Argentina,2.2,5,shots,shots,INSTITUTO,INSTITUTO,2,top,Matias Tissera,Argentina,elite,2,2,2,0,0.5,0.5,0.5,,,,,0.5,,,False,False,Matias Tissera,,,,,,,,,,,True,False
Diego Sosa,diego sosa,INSTITUTO,Argentina,2.0,5,shots,shots,INSTITUTO,INSTITUTO,3,top,Diego Sosa,Argentina,elite,2,2,2,0,0.0,-1.3333333333333333,-1.3333333333333333,,,,,0.0,,,False,True,Diego Sosa,,,,,,,,,,,True,False
Agustín Bravo,agustin bravo,INSTITUTO,Argentina,0.0,5,shots_on_target,shots_on_target,INSTITUTO,INSTITUTO,1,bottom,Agustín Bravo,Argentina,elite,2,2,2,0,0.0,0.0,0.0,,,,,0.0,,,False,False,Agustín Bravo,,,,,,,,,,,True,False
Agustín Massaccesi,agustin massaccesi,INSTITUTO,Argentina,0.0,5,shots_on_target,shots_on_target,INSTITUTO,INSTITUTO,2,bottom,Agustín Massaccesi,Argentina,elite,2,2,2,0,0.0,0.0,0.0,,,,,0.0,,,False,False,Agustín Massaccesi,,,,,,,,,,,True,False
Emanuel Sittaro,emanuel sittaro,INSTITUTO,Argentina,0.0,5,shots_on_target,shots_on_target,INSTITUTO,INSTITUTO,3,bottom,Emanuel Sittaro,Argentina,elite,2,2,2,0,0.0,0.0,0.0,,,,,0.0,,,False,False,Emanuel Sittaro,,,,,,,,,,,True,False
Alex Luna,alex luna,INSTITUTO,Argentina,1.6,5,shots_on_target,shots_on_target,INSTITUTO,INSTITUTO,1,top,Alex Luna,Argentina,elite,2,2,2,0,0.5,1.7916666666666665,1.7916666666666665,,,,,0.5,,,False,False,Alex Luna,,,,,,,,,,,True,False
Matias Tissera,matias tissera,INSTITUTO,Argentina,1.2,5,shots_on_target,shots_on_target,INSTITUTO,INSTITUTO,2,top,Matias Tissera,Argentina,elite,2,2,2,0,0.5,0.375,0.375,,,,,0.5,,,False,False,Matias Tissera,,,,,,,,,,,True,False
Diego Sosa,diego sosa,INSTITUTO,Argentina,0.6,5,shots_on_target,shots_on_target,INSTITUTO,INSTITUTO,3,top,Diego Sosa,Argentina,elite,2,2,2,0,0.0,-0.875,-0.875,,,,,0.0,,,False,True,Diego Sosa,,,,,,,,,,,True,False
Amelia White,amelia white,KC CURRENT,NWSL,0.0,8,assists,assists,KC CURRENT,KC CURRENT,1,bottom,Amelia White,NWSL,weak,5,5,2,3,0.0,0.0,0.0,0.0,,,0.0,0.0,0.0,0.0,False,False,Amelia White,,,,,,,,,,,True,False
Debinha,debinha,KC CURRENT,NWSL,0.0,8,assists,assists,KC CURRENT,KC CURRENT,2,bottom,Debinha,NWSL,weak,5,5,2,3,0.0,0.0,0.0,0.0,,,0.0,0.0,0.0,0.0,False,False,Debinha,,,,,,,,,,,True,False
Elizabeth Ball,elizabeth ball,KC CURRENT,NWSL,0.0,8,assists,assists,KC CURRENT,KC CURRENT,3,bottom,Elizabeth Ball,NWSL,weak,5,5,2,3,0.0,0.0,0.0,0.0,,,0.0,0.0,0.0,0.0,False,False,Elizabeth Ball,,,,,,,,,,,True,False
Croix Bethune,croix bethune,KC CURRENT,NWSL,0.75,8,assists,assists,KC CURRENT,KC CURRENT,1,top,Croix Bethune,NWSL,weak,5,5,2,3,0.6,-0.1861904761904762,-0.2571428571428572,-0.13888888888888887,,0.149549648694154,0.6666666666666666,0.5,0.1182539682539683,0.1182539682539683,False,False,Croix Bethune,,,,,,,,,,,True,False
Laney Rouse,laney rouse,KC CURRENT,NWSL,0.2,5,assists,assists,KC CURRENT,KC CURRENT,2,top,Laney Rouse,NWSL,weak,2,2,0,2,0.0,-0.29166666666666663,,-0.29166666666666663,,,0.0,,,,False,False,Laney Rouse,,,,,,,,,,,True,False
Bayley Feist,bayley feist,KC CURRENT,NWSL,0.125,8,assists,assists,KC CURRENT,KC CURRENT,3,top,Bayley Feist,NWSL,weak,5,5,2,3,0.2,0.09809523809523811,-0.17142857142857143,0.2777777777777778,,0.6171995242710865,0.3333333333333333,0.0,0.4492063492063492,0.4492063492063492,False,False,Bayley Feist,,,,,,,,,,,True,False
Bayley Feist,bayley feist,KC CURRENT,NWSL,0.0,8,goals,goals,KC CURRENT,KC CURRENT,1,bottom,Bayley Feist,NWSL,weak,5,5,2,3,0.0,0.0,0.0,0.0,,,0.0,0.0,0.0,0.0,False,False,Bayley Feist,,,,,,,,,,,True,False
Elizabeth Ball,elizabeth ball,KC CURRENT,NWSL,0.0,8,goals,goals,KC CURRENT,KC CURRENT,2,bottom,Elizabeth Ball,NWSL,weak,5,5,2,3,0.0,0.0,0.0,0.0,,,0.0,0.0,0.0,0.0,False,False,Elizabeth Ball,,,,,,,,,,,True,False
Gabrielle Robinson,gabrielle robinson,KC CURRENT,NWSL,0.0,8,goals,goals,KC CURRENT,KC CURRENT,3,bottom,Gabrielle Robinson,NWSL,weak,5,5,2,3,0.0,0.0,0.0,0.0,,,0.0,0.0,0.0,0.0,False,False,Gabrielle Robinson,,,,,,,,,,,True,False
Debinha,debinha,KC CURRENT,NWSL,0.375,8,goals,goals,KC CURRENT,KC CURRENT,1,top,Debinha,NWSL,weak,5,5,2,3,0.4,0.3676190476190476,-0.41428571428571426,0.888888888888889,,0.8385604280548115,0.6666666666666666,0.0,1.3031746031746032,1.3031746031746032,True,True,Debinha,,,,,,,,,,,True,False
Haley Hopkins,haley hopkins,KC CURRENT,NWSL,0.375,8,goals,goals,KC CURRENT,KC CURRENT,2,top,Haley Hopkins,NWSL,weak,5,5,2,3,0.4,0.3342857142857143,0.08571428571428572,0.5,,0.43463002702362774,0.3333333333333333,0.5,0.41428571428571426,0.41428571428571426,False,False,Haley Hopkins,,,,,,,,,,,True,False
Amelia White,amelia white,KC CURRENT,NWSL,0.25,8,goals,goals,KC CURRENT,KC CURRENT,3,top,Amelia White,NWSL,weak,5,5,2,3,0.4,0.2980952380952381,0.3285714285714286,0.2777777777777778,,-0.01609526201727654,0.3333333333333333,0.5,-0.050793650793650835,-0.050793650793650835,False,False,Amelia White,,,,,,,,,,,True,False
Kaylin Williams-Mosier,kaylin williams-mosier,KC CURRENT,NWSL,0.0,7,saves,saves,KC CURRENT,KC CURRENT,1,bottom,Kaylin Williams-Mosier,NWSL,weak,4,4,1,3,0.0,0.0,0.0,0.0,,,0.0,0.0,0.0,0.0,False,False,Kaylin Williams-Mosier,,,,,,,,,,,True,False
Marisa Jordan,marisa jordan,KC CURRENT,NWSL,3.125,8,saves,saves,KC CURRENT,KC CURRENT,2,bottom,Marisa Jordan,NWSL,weak,5,5,2,3,0.6,0.9442857142857143,1.9857142857142855,0.25,,-0.3601330938702566,0.6666666666666666,0.5,-1.7357142857142855,-1.7357142857142855,False,False,Marisa Jordan,,,,,,,,,,,True,False
Marisa Jordan,marisa jordan,KC CURRENT,NWSL,3.125,8,saves,saves,KC CURRENT,KC CURRENT,1,top,Marisa Jordan,NWSL,weak,5,5,2,3,0.6,0.9442857142857143,1.9857142857142855,0.25,,-0.3601330938702566,0.6666666666666666,0.5,-1.7357142857142855,-1.7357142857142855,False,False,Marisa Jordan,,,,,,,,,,,True,False
Kaylin Williams-Mosier,kaylin williams-mosier,KC CURRENT,NWSL,0.0,7,saves,saves,KC CURRENT,KC CURRENT,2,top,Kaylin Williams-Mosier,NWSL,weak,4,4,1,3,0.0,0.0,0.0,0.0,,,0.0,0.0,0.0,0.0,False,False,Kaylin Williams-Mosier,,,,,,,,,,,True,False
Katie Scott,katie scott,KC CURRENT,NWSL,0.0,7,shots,shots,KC CURRENT,KC CURRENT,1,bottom,Katie Scott,NWSL,elite,4,4,2,2,0.0,0.0,0.0,0.0,,,0.0,0.0,0.0,0.0,False,False,Katie Scott,,,,,,,,,,,True,False
Kaylin Williams-Mosier,kaylin williams-mosier,KC CURRENT,NWSL,0.0,7,shots,shots,KC CURRENT,KC CURRENT,2,bottom,Kaylin Williams-Mosier,NWSL,weak,4,4,1,3,0.0,0.0,0.0,0.0,,,0.0,0.0,0.0,0.0,False,False,Kaylin Williams-Mosier,,,,,,,,,,,True,False
Kolo Suliafu,kolo suliafu,KC CURRENT,NWSL,0.0,6,shots,shots,KC CURRENT,KC CURRENT,3,bottom,Kolo Suliafu,NWSL,weak,3,3,1,2,0.0,0.0,0.0,0.0,,,0.0,0.0,0.0,0.0,False,False,Kolo Suliafu,,,,,,,,,,,True,False
Croix Bethune,croix bethune,KC CURRENT,NWSL,2.0,8,shots,shots,KC CURRENT,KC CURRENT,1,top,Croix Bethune,NWSL,weak,5,5,2,3,0.0,-1.2771428571428571,-1.4428571428571428,-1.1666666666666667,,0.08702357114655306,0.0,0.0,0.2761904761904761,0.2761904761904761,False,True,Croix Bethune,,,,,,,,,,,True,False
Debinha,debinha,KC CURRENT,NWSL,2.0,8,shots,shots,KC CURRENT,KC CURRENT,2,top,Debinha,NWSL,weak,5,5,2,3,0.6,1.1880952380952383,-0.5714285714285714,2.361111111111111,,0.8977721344057704,1.0,0.0,2.932539682539683,2.932539682539683,True,True,Debinha,,,,,,,,,,,True,False
Haley Hopkins,haley hopkins,KC CURRENT,NWSL,1.875,8,shots,shots,KC CURRENT,KC CURRENT,3,top,Haley Hopkins,NWSL,weak,5,5,2,3,0.6,0.3500000000000001,0.0,0.5833333333333335,,0.2970376445011951,0.6666666666666666,0.5,0.5833333333333335,0.5833333333333335,True,False,Haley Hopkins,,,,,,,,,,,True,False
Elizabeth Ball,elizabeth ball,KC CURRENT,NWSL,0.0,8,shots_on_target,shots_on_target,KC CURRENT,KC CURRENT,1,bottom,Elizabeth Ball,NWSL,weak,5,5,2,3,0.0,0.0,0.0,0.0,,,0.0,0.0,0.0,0.0,False,False,Elizabeth Ball,,,,,,,,,,,True,False
Katie Scott,katie scott,KC CURRENT,NWSL,0.0,7,shots_on_target,shots_on_target,KC CURRENT,KC CURRENT,2,bottom,Katie Scott,NWSL,elite,4,4,2,2,0.0,0.0,0.0,0.0,,,0.0,0.0,0.0,0.0,False,False,Katie Scott,,,,,,,,,,,True,False
Kayla Sharples,kayla sharples,KC CURRENT,NWSL,0.0,6,shots_on_target,shots_on_target,KC CURRENT,KC CURRENT,3,bottom,Kayla Sharples,NWSL,weak,3,3,1,2,0.0,0.0,0.0,0.0,,,0.0,0.0,0.0,0.0,False,False,Kayla Sharples,,,,,,,,,,,True,False
Croix Bethune,croix bethune,KC CURRENT,NWSL,1.375,8,shots_on_target,shots_on_target,KC CURRENT,KC CURRENT,1,top,Croix Bethune,NWSL,weak,5,5,2,3,0.2,-1.1076190476190475,-0.6857142857142857,-1.388888888888889,,-0.29015417874580435,0.0,0.5,-0.7031746031746033,-0.7031746031746033,False,True,Croix Bethune,,,,,,,,,,,True,False
Debinha,debinha,KC CURRENT,NWSL,1.0,8,shots_on_target,shots_on_target,KC CURRENT,KC CURRENT,2,top,Debinha,NWSL,weak,5,5,2,3,0.4,0.2147619047619048,-0.6714285714285714,0.8055555555555557,,0.7888435664300274,0.6666666666666666,0.0,1.476984126984127,1.476984126984127,True,True,Debinha,,,,,,,,,,,True,False
Amelia White,amelia white,KC CURRENT,NWSL,0.875,8,shots_on_target,shots_on_target,KC CURRENT,KC CURRENT,3,top,Amelia White,NWSL,weak,5,5,2,3,0.8,1.077142857142857,0.9428571428571428,1.1666666666666667,,0.3067384363280652,0.6666666666666666,1.0,0.2238095238095239,0.2238095238095239,False,False,Amelia White,,,,,,,,,,,True,False
Chris Rindov,chris rindov,LA GALAXY,MLS,0.0,5,assists,assists,LA GALAXY,LA GALAXY,1,bottom,Chris Rindov,MLS,mid,2,2,0,0,0.0,0.0,,,0.0,,,,,,False,False,Chris Rindov,,,,,,,,,,,True,False
Elijah Wynder,elijah wynder,LA GALAXY,MLS,0.0,5,assists,assists,LA GALAXY,LA GALAXY,2,bottom,Elijah Wynder,MLS,mid,2,2,0,0,0.0,0.0,,,0.0,,,,,,False,False,Elijah Wynder,,,,,,,,,,,True,False
Harbor Miller,harbor miller,LA GALAXY,MLS,0.0,5,assists,assists,LA GALAXY,LA GALAXY,3,bottom,Harbor Miller,MLS,mid,2,2,0,0,0.0,0.0,,,0.0,,,,,,False,False,Harbor Miller,,,,,,,,,,,True,False
Chris Rindov,chris rindov,LA GALAXY,MLS,0.0,5,assists,assists,LA GALAXY,LA GALAXY,1,top,Chris Rindov,MLS,mid,2,2,0,0,0.0,0.0,,,0.0,,,,,,False,False,Chris Rindov,,,,,,,,,,,True,False
Elijah Wynder,elijah wynder,LA GALAXY,MLS,0.0,5,assists,assists,LA GALAXY,LA GALAXY,2,top,Elijah Wynder,MLS,mid,2,2,0,0,0.0,0.0,,,0.0,,,,,,False,False,Elijah Wynder,,,,,,,,,,,True,False
Harbor Miller,harbor miller,LA GALAXY,MLS,0.0,5,assists,assists,LA GALAXY,LA GALAXY,3,top,Harbor Miller,MLS,mid,2,2,0,0,0.0,0.0,,,0.0,,,,,,False,False,Harbor Miller,,,,,,,,,,,True,False
Chris Rindov,chris rindov,LA GALAXY,MLS,0.0,5,goals,goals,LA GALAXY,LA GALAXY,1,bottom,Chris Rindov,MLS,mid,2,2,0,0,0.0,0.0,,,0.0,,,,,,False,False,Chris Rindov,,,,,,,,,,,True,False
Elijah Wynder,elijah wynder,LA GALAXY,MLS,0.0,5,goals,goals,LA GALAXY,LA GALAXY,2,bottom,Elijah Wynder,MLS,mid,2,2,0,0,0.0,0.0,,,0.0,,,,,,False,False,Elijah Wynder,,,,,,,,,,,True,False
Harbor Miller,harbor miller,LA GALAXY,MLS,0.0,5,goals,goals,LA GALAXY,LA GALAXY,3,bottom,Harbor Miller,MLS,mid,2,2,0,0,0.0,0.0,,,0.0,,,,,,False,False,Harbor Miller,,,,,,,,,,,True,False
Joseph Paintsil,joseph paintsil,LA GALAXY,MLS,0.2,5,goals,goals,LA GALAXY,LA GALAXY,1,top,Joseph Paintsil,MLS,mid,2,2,0,0,0.0,-0.29166666666666663,,,-0.29166666666666663,,,,,,False,False,Joseph Paintsil,,,,,,,,,,,True,False
Chris Rindov,chris rindov,LA GALAXY,MLS,0.0,5,goals,goals,LA GALAXY,LA GALAXY,2,top,Chris Rindov,MLS,mid,2,2,0,0,0.0,0.0,,,0.0,,,,,,False,False,Chris Rindov,,,,,,,,,,,True,False
Elijah Wynder,elijah wynder,LA GALAXY,MLS,0.0,5,goals,goals,LA GALAXY,LA GALAXY,3,top,Elijah Wynder,MLS,mid,2,2,0,0,0.0,0.0,,,0.0,,,,,,False,False,Elijah Wynder,,,,,,,,,,,True,False
Novak Micovic,novak micovic,LA GALAXY,MLS,0.4,5,saves,saves,LA GALAXY,LA GALAXY,1,bottom,Novak Micovic,MLS,mid,2,2,0,0,0.0,-0.5833333333333333,,,-0.5833333333333333,,,,,,False,False,Novak Micovic,,,,,,,,,,,True,False
JT Marcinkowski,jt marcinkowski,LA GALAXY,MLS,3.0,5,saves,saves,LA GALAXY,LA GALAXY,2,bottom,JT Marcinkowski,MLS,mid,2,2,0,0,0.5,-0.9166666666666667,,,-0.9166666666666667,,,,,,False,False,JT Marcinkowski,,,,,,,,,,,True,False
JT Marcinkowski,jt marcinkowski,LA GALAXY,MLS,3.0,5,saves,saves,LA GALAXY,LA GALAXY,1,top,JT Marcinkowski,MLS,mid,2,2,0,0,0.5,-0.9166666666666667,,,-0.9166666666666667,,,,,,False,False,JT Marcinkowski,,,,,,,,,,,True,False
Novak Micovic,novak micovic,LA GALAXY,MLS,0.4,5,saves,saves,LA GALAXY,LA GALAXY,2,top,Novak Micovic,MLS,mid,2,2,0,0,0.0,-0.5833333333333333,,,-0.5833333333333333,,,,,,False,False,Novak Micovic,,,,,,,,,,,True,False
Chris Rindov,chris rindov,LA GALAXY,MLS,0.0,5,shots,shots,LA GALAXY,LA GALAXY,1,bottom,Chris Rindov,MLS,mid,2,2,0,0,0.0,0.0,,,0.0,,,,,,False,False,Chris Rindov,,,,,,,,,,,True,False
Isaiah Parente,isaiah parente,LA GALAXY,MLS,0.0,5,shots,shots,LA GALAXY,LA GALAXY,2,bottom,Isaiah Parente,MLS,mid,2,2,0,0,0.0,0.0,,,0.0,,,,,,False,False,Isaiah Parente,,,,,,,,,,,True,False
JT Marcinkowski,jt marcinkowski,LA GALAXY,MLS,0.0,5,shots,shots,LA GALAXY,LA GALAXY,3,bottom,JT Marcinkowski,MLS,mid,2,2,0,0,0.0,0.0,,,0.0,,,,,,False,False,JT Marcinkowski,,,,,,,,,,,True,False
Joseph Paintsil,joseph paintsil,LA GALAXY,MLS,2.4,5,shots,shots,LA GALAXY,LA GALAXY,1,top,Joseph Paintsil,MLS,mid,2,2,0,0,0.5,-0.7083333333333333,,,-0.7083333333333333,,,,,,False,False,Joseph Paintsil,,,,,,,,,,,True,False
Harbor Miller,harbor miller,LA GALAXY,MLS,1.0,5,shots,shots,LA GALAXY,LA GALAXY,2,top,Harbor Miller,MLS,mid,2,2,0,0,0.0,0.0,,,0.0,,,,,,False,False,Harbor Miller,,,,,,,,,,,True,False
John Nelson,john nelson,LA GALAXY,MLS,0.8,5,shots,shots,LA GALAXY,LA GALAXY,3,top,John Nelson,MLS,mid,2,2,0,0,0.5,0.8333333333333333,,,0.8333333333333333,,,,,,False,False,John Nelson,,,,,,,,,,,True,False
Chris Rindov,chris rindov,LA GALAXY,MLS,0.0,5,shots_on_target,shots_on_target,LA GALAXY,LA GALAXY,1,bottom,Chris Rindov,MLS,mid,2,2,0,0,0.0,0.0,,,0.0,,,,,,False,False,Chris Rindov,,,,,,,,,,,True,False
Harbor Miller,harbor miller,LA GALAXY,MLS,0.0,5,shots_on_target,shots_on_target,LA GALAXY,LA GALAXY,2,bottom,Harbor Miller,MLS,mid,2,2,0,0,0.0,0.0,,,0.0,,,,,,False,False,Harbor Miller,,,,,,,,,,,True,False
Isaiah Parente,isaiah parente,LA GALAXY,MLS,0.0,5,shots_on_target,shots_on_target,LA GALAXY,LA GALAXY,3,bottom,Isaiah Parente,MLS,mid,2,2,0,0,0.0,0.0,,,0.0,,,,,,False,False,Isaiah Parente,,,,,,,,,,,True,False
Joseph Paintsil,joseph paintsil,LA GALAXY,MLS,1.0,5,shots_on_target,shots_on_target,LA GALAXY,LA GALAXY,1,top,Joseph Paintsil,MLS,mid,2,2,0,0,0.5,-0.125,,,-0.125,,,,,,False,False,Joseph Paintsil,,,,,,,,,,,True,False
John Nelson,john nelson,LA GALAXY,MLS,0.4,5,shots_on_target,shots_on_target,LA GALAXY,LA GALAXY,2,top,John Nelson,MLS,mid,2,2,0,0,0.5,0.75,,,0.75,,,,,,False,False,John Nelson,,,,,,,,,,,True,False
Elijah Wynder,elijah wynder,LA GALAXY,MLS,0.2,5,shots_on_target,shots_on_target,LA GALAXY,LA GALAXY,3,top,Elijah Wynder,MLS,mid,2,2,0,0,0.5,0.375,,,0.375,,,,,,False,False,Elijah Wynder,,,,,,,,,,,True,False
Aaron Long,aaron long,LAFC,MLS,0.0,5,assists,assists,LAFC,LAFC,1,bottom,Aaron Long,MLS,elite,2,2,1,0,0.0,0.0,0.0,,0.0,,,0.0,,,False,False,Aaron Long,,,,,,,,,,,True,False
Eddie Segura,eddie segura,LAFC,MLS,0.0,5,assists,assists,LAFC,LAFC,2,bottom,Eddie Segura,MLS,elite,2,2,1,0,0.0,0.0,0.0,,0.0,,,0.0,,,False,False,Eddie Segura,,,,,,,,,,,True,False
Hugo Lloris,hugo lloris,LAFC,MLS,0.0,5,assists,assists,LAFC,LAFC,3,bottom,Hugo Lloris,MLS,elite,2,2,1,0,0.0,0.0,0.0,,0.0,,,0.0,,,False,False,Hugo Lloris,,,,,,,,,,,True,False
Denis Bouanga,denis bouanga,LAFC,MLS,0.4,5,assists,assists,LAFC,LAFC,1,top,Denis Bouanga,MLS,elite,2,2,1,0,0.5,0.08333333333333337,0.6666666666666667,,-0.5,,,1.0,,,False,False,Denis Bouanga,,,,,,,,,,,True,False
Mathieu Choinière,mathieu choiniere,LAFC,MLS,0.4,5,assists,assists,LAFC,LAFC,2,top,Mathieu Choinière,MLS,elite,3,3,1,1,0.3333333333333333,-0.07777777777777777,-0.5,0.6666666666666667,-0.4,,1.0,0.0,1.1666666666666667,1.1666666666666667,False,False,Mathieu Choinière,,,,,,,,,,,True,False
Mark Delgado,mark delgado,LAFC,MLS,0.2,5,assists,assists,LAFC,LAFC,3,top,Mark Delgado,MLS,elite,2,2,1,0,0.0,-0.29166666666666663,-0.3333333333333333,,-0.25,,,0.0,,,False,False,Mark Delgado,,,,,,,,,,,True,False
Aaron Long,aaron long,LAFC,MLS,0.0,5,goals,goals,LAFC,LAFC,1,bottom,Aaron Long,MLS,elite,2,2,1,0,0.0,0.0,0.0,,0.0,,,0.0,,,False,False,Aaron Long,,,,,,,,,,,True,False
Eddie Segura,eddie segura,LAFC,MLS,0.0,5,goals,goals,LAFC,LAFC,2,bottom,Eddie Segura,MLS,elite,2,2,1,0,0.0,0.0,0.0,,0.0,,,0.0,,,False,False,Eddie Segura,,,,,,,,,,,True,False
Hugo Lloris,hugo lloris,LAFC,MLS,0.0,5,goals,goals,LAFC,LAFC,3,bottom,Hugo Lloris,MLS,elite,2,2,1,0,0.0,0.0,0.0,,0.0,,,0.0,,,False,False,Hugo Lloris,,,,,,,,,,,True,False
Denis Bouanga,denis bouanga,LAFC,MLS,0.8,5,goals,goals,LAFC,LAFC,1,top,Denis Bouanga,MLS,elite,2,2,1,0,0.0,-1.1666666666666665,-1.3333333333333333,,-1.0,,,0.0,,,False,False,Denis Bouanga,,,,,,,,,,,True,False
Son Heung-Min,son heung-min,LAFC,MLS,0.8,5,goals,goals,LAFC,LAFC,2,top,Son Heung-Min,MLS,elite,2,2,1,0,0.0,-0.725,-0.25,,-1.2,,,0.0,,,False,False,Son Heung-Min,,,,,,,,,,,True,False
Mark Delgado,mark delgado,LAFC,MLS,0.2,5,goals,goals,LAFC,LAFC,3,top,Mark Delgado,MLS,elite,2,2,1,0,0.0,-0.29166666666666663,-0.3333333333333333,,-0.25,,,0.0,,,False,False,Mark Delgado,,,,,,,,,,,True,False
Hugo Lloris,hugo lloris,LAFC,MLS,2.6,5,saves,saves,LAFC,LAFC,1,bottom,Hugo Lloris,MLS,elite,2,2,1,0,0.5,-0.33333333333333326,1.3333333333333335,,-2.0,,,1.0,,,False,False,Hugo Lloris,,,,,,,,,,,True,False
Hugo Lloris,hugo lloris,LAFC,MLS,2.6,5,saves,saves,LAFC,LAFC,1,top,Hugo Lloris,MLS,elite,2,2,1,0,0.5,-0.33333333333333326,1.3333333333333335,,-2.0,,,1.0,,,False,False,Hugo Lloris,,,,,,,,,,,True,False
Aaron Long,aaron long,LAFC,MLS,0.0,5,shots,shots,LAFC,LAFC,1,bottom,Aaron Long,MLS,elite,2,2,1,0,0.0,0.0,0.0,,0.0,,,0.0,,,False,False,Aaron Long,,,,,,,,,,,True,False
Hugo Lloris,hugo lloris,LAFC,MLS,0.0,5,shots,shots,LAFC,LAFC,2,bottom,Hugo Lloris,MLS,elite,2,2,1,0,0.0,0.0,0.0,,0.0,,,0.0,,,False,False,Hugo Lloris,,,,,,,,,,,True,False
Jacob Shaffelburg,jacob shaffelburg,LAFC,MLS,0.0,5,shots,shots,LAFC,LAFC,3,bottom,Jacob Shaffelburg,MLS,elite,3,3,1,1,0.0,0.0,0.0,0.0,0.0,,0.0,0.0,0.0,0.0,False,False,Jacob Shaffelburg,,,,,,,,,,,True,False
Son Heung-Min,son heung-min,LAFC,MLS,4.2,5,shots,shots,LAFC,LAFC,1,top,Son Heung-Min,MLS,elite,2,2,1,0,0.0,-1.0750000000000002,-1.75,,-0.40000000000000036,,,0.0,,,False,False,Son Heung-Min,,,,,,,,,,,True,False
Denis Bouanga,denis bouanga,LAFC,MLS,1.8,5,shots,shots,LAFC,LAFC,2,top,Denis Bouanga,MLS,elite,2,2,1,0,0.5,-1.0416666666666667,-2.3333333333333335,,0.25,,,0.0,,,False,False,Denis Bouanga,,,,,,,,,,,True,False
Eddie Segura,eddie segura,LAFC,MLS,1.2,5,shots,shots,LAFC,LAFC,3,top,Eddie Segura,MLS,elite,2,2,1,0,1.0,1.2916666666666667,0.33333333333333337,,2.25,,,1.0,,,False,False,Eddie Segura,,,,,,,,,,,True,False
Aaron Long,aaron long,LAFC,MLS,0.0,5,shots_on_target,shots_on_target,LAFC,LAFC,1,bottom,Aaron Long,MLS,elite,2,2,1,0,0.0,0.0,0.0,,0.0,,,0.0,,,False,False,Aaron Long,,,,,,,,,,,True,False
Hugo Lloris,hugo lloris,LAFC,MLS,0.0,5,shots_on_target,shots_on_target,LAFC,LAFC,2,bottom,Hugo Lloris,MLS,elite,2,2,1,0,0.0,0.0,0.0,,0.0,,,0.0,,,False,False,Hugo Lloris,,,,,,,,,,,True,False
Jacob Shaffelburg,jacob shaffelburg,LAFC,MLS,0.0,5,shots_on_target,shots_on_target,LAFC,LAFC,3,bottom,Jacob Shaffelburg,MLS,elite,3,3,1,1,0.0,0.0,0.0,0.0,0.0,,0.0,0.0,0.0,0.0,False,False,Jacob Shaffelburg,,,,,,,,,,,True,False
Son Heung-Min,son heung-min,LAFC,MLS,1.4,5,shots_on_target,shots_on_target,LAFC,LAFC,1,top,Son Heung-Min,MLS,elite,2,2,1,0,0.0,-1.625,-1.25,,-2.0,,,0.0,,,False,False,Son Heung-Min,,,,,,,,,,,True,False
Denis Bouanga,denis bouanga,LAFC,MLS,1.2,5,shots_on_target,shots_on_target,LAFC,LAFC,2,top,Denis Bouanga,MLS,elite,2,2,1,0,0.0,-0.9583333333333334,-1.6666666666666667,,-0.25,,,0.0,,,False,False,Denis Bouanga,,,,,,,,,,,True,False
Mark Delgado,mark delgado,LAFC,MLS,0.4,5,shots_on_target,shots_on_target,LAFC,LAFC,3,top,Mark Delgado,MLS,elite,2,2,1,0,0.5,0.20833333333333334,-0.3333333333333333,,0.75,,,0.0,,,False,False,Mark Delgado,,,,,,,,,,,True,False
Audrey McKeen,audrey mckeen,LOUISVILLE,NWSL,0.0,7,assists,assists,LOUISVILLE,LOUISVILLE,1,bottom,Audrey McKeen,NWSL,weak,4,4,0,3,0.0,0.0,,0.0,0.0,,0.0,,,,False,False,Audrey McKeen,,,,,,,,,,,True,False
Avery Ciorbu,avery ciorbu,LOUISVILLE,NWSL,0.0,7,assists,assists,LOUISVILLE,LOUISVILLE,2,bottom,Avery Ciorbu,NWSL,weak,4,4,0,3,0.0,0.0,,0.0,0.0,,0.0,,,,False,False,Avery Ciorbu,,,,,,,,,,,True,False
Courtney Petersen,courtney petersen,LOUISVILLE,NWSL,0.0,8,assists,assists,LOUISVILLE,LOUISVILLE,3,bottom,Courtney Petersen,NWSL,weak,5,5,1,3,0.0,0.0,0.0,0.0,0.0,,0.0,0.0,0.0,0.0,False,False,Courtney Petersen,,,,,,,,,,,True,False
Emma Sears,emma sears,LOUISVILLE,NWSL,0.25,8,assists,assists,LOUISVILLE,LOUISVILLE,1,top,Emma Sears,NWSL,weak,5,5,1,3,0.4,0.3380952380952381,0.0,0.6190476190476191,-0.16666666666666666,0.7269706868207451,0.6666666666666666,0.0,0.6190476190476191,0.6190476190476191,True,False,Emma Sears,,,,,,,,,,,True,False
Katie O'Kane,katie o'kane,LOUISVILLE,NWSL,0.25,8,assists,assists,LOUISVILLE,LOUISVILLE,2,top,Katie O'Kane,NWSL,weak,5,5,1,3,0.4,0.37142857142857144,0.0,0.28571428571428575,1.0,-0.2260513228923806,0.3333333333333333,0.0,0.28571428571428575,0.28571428571428575,False,False,Katie O'Kane,,,,,,,,,,,True,False
Lauren Milliet,lauren milliet,LOUISVILLE,NWSL,0.25,8,assists,assists,LOUISVILLE,LOUISVILLE,3,top,Lauren Milliet,NWSL,weak,5,5,1,3,0.2,0.34285714285714286,0.0,-0.09523809523809523,2.0,-0.362619847308786,0.0,0.0,-0.09523809523809523,-0.09523809523809523,False,False,Lauren Milliet,,,,,,,,,,,True,False
Arin Wright,arin wright,LOUISVILLE,NWSL,0.0,8,goals,goals,LOUISVILLE,LOUISVILLE,1,bottom,Arin Wright,NWSL,weak,5,5,1,3,0.0,0.0,0.0,0.0,0.0,,0.0,0.0,0.0,0.0,False,False,Arin Wright,,,,,,,,,,,True,False
Avery Ciorbu,avery ciorbu,LOUISVILLE,NWSL,0.0,7,goals,goals,LOUISVILLE,LOUISVILLE,2,bottom,Avery Ciorbu,NWSL,weak,4,4,0,3,0.0,0.0,,0.0,0.0,,0.0,,,,False,False,Avery Ciorbu,,,,,,,,,,,True,False
Courtney Petersen,courtney petersen,LOUISVILLE,NWSL,0.0,8,goals,goals,LOUISVILLE,LOUISVILLE,3,bottom,Courtney Petersen,NWSL,weak,5,5,1,3,0.0,0.0,0.0,0.0,0.0,,0.0,0.0,0.0,0.0,False,False,Courtney Petersen,,,,,,,,,,,True,False
Kayla Fischer,kayla fischer,LOUISVILLE,NWSL,0.5,8,goals,goals,LOUISVILLE,LOUISVILLE,1,top,Kayla Fischer,NWSL,weak,5,5,1,3,0.4,0.3195238095238096,-0.3333333333333333,0.7547619047619047,-0.3333333333333333,0.5308404335776568,0.6666666666666666,0.0,1.088095238095238,1.088095238095238,True,False,Kayla Fischer,,,,,,,,,,,True,False
Emma Sears,emma sears,LOUISVILLE,NWSL,0.375,8,goals,goals,LOUISVILLE,LOUISVILLE,2,top,Emma Sears,NWSL,weak,5,5,1,3,0.4,0.5428571428571429,0.0,0.2380952380952381,2.0,-0.32707777357608975,0.3333333333333333,0.0,0.2380952380952381,0.2380952380952381,False,False,Emma Sears,,,,,,,,,,,True,False
Maja Lardner,maja lardner,LOUISVILLE,NWSL,0.25,8,goals,goals,LOUISVILLE,LOUISVILLE,3,top,Maja Lardner,NWSL,weak,5,5,1,3,0.2,0.09619047619047623,2.0,-0.3952380952380952,-0.3333333333333333,-0.7418755875848979,0.0,1.0,-2.395238095238095,-2.395238095238095,False,False,Maja Lardner,,,,,,,,,,,True,False
Maddie Prohaska,maddie prohaska,LOUISVILLE,NWSL,0.0,8,saves,saves,LOUISVILLE,LOUISVILLE,1,bottom,Maddie Prohaska,NWSL,weak,5,5,1,3,0.0,0.0,0.0,0.0,0.0,,0.0,0.0,0.0,0.0,False,False,Maddie Prohaska,,,,,,,,,,,True,False
Jordyn Bloomer,jordyn bloomer,LOUISVILLE,NWSL,4.0,8,saves,saves,LOUISVILLE,LOUISVILLE,2,bottom,Jordyn Bloomer,NWSL,weak,5,5,1,3,0.6,-0.15857142857142872,1.0,-0.9309523809523812,1.0,-0.8060445925489383,0.3333333333333333,1.0,-1.9309523809523812,-1.9309523809523812,False,False,Jordyn Bloomer,,,,,,,,,,,True,False
Jordyn Bloomer,jordyn bloomer,LOUISVILLE,NWSL,4.0,8,saves,saves,LOUISVILLE,LOUISVILLE,1,top,Jordyn Bloomer,NWSL,weak,5,5,1,3,0.6,-0.15857142857142872,1.0,-0.9309523809523812,1.0,-0.8060445925489383,0.3333333333333333,1.0,-1.9309523809523812,-1.9309523809523812,False,False,Jordyn Bloomer,,,,,,,,,,,True,False
Maddie Prohaska,maddie prohaska,LOUISVILLE,NWSL,0.0,8,saves,saves,LOUISVILLE,LOUISVILLE,2,top,Maddie Prohaska,NWSL,weak,5,5,1,3,0.0,0.0,0.0,0.0,0.0,,0.0,0.0,0.0,0.0,False,False,Maddie Prohaska,,,,,,,,,,,True,False
Ellie Jean,ellie jean,LOUISVILLE,NWSL,0.0,8,shots,shots,LOUISVILLE,LOUISVILLE,1,bottom,Ellie Jean,NWSL,weak,5,5,1,3,0.0,0.0,0.0,0.0,0.0,,0.0,0.0,0.0,0.0,False,False,Ellie Jean,,,,,,,,,,,True,False
Jordyn Bloomer,jordyn bloomer,LOUISVILLE,NWSL,0.0,8,shots,shots,LOUISVILLE,LOUISVILLE,2,bottom,Jordyn Bloomer,NWSL,weak,5,5,1,3,0.0,0.0,0.0,0.0,0.0,,0.0,0.0,0.0,0.0,False,False,Jordyn Bloomer,,,,,,,,,,,True,False
Macy Blackburn,macy blackburn,LOUISVILLE,NWSL,0.0,6,shots,shots,LOUISVILLE,LOUISVILLE,3,bottom,Macy Blackburn,NWSL,weak,3,3,0,2,0.0,0.0,,0.0,0.0,,0.0,,,,False,False,Macy Blackburn,,,,,,,,,,,True,False
Emma Sears,emma sears,LOUISVILLE,NWSL,2.375,8,shots,shots,LOUISVILLE,LOUISVILLE,1,top,Emma Sears,NWSL,weak,5,5,1,3,0.4,2.1476190476190475,0.0,2.1904761904761902,4.166666666666667,-0.16244738888087842,0.3333333333333333,0.0,2.1904761904761902,2.1904761904761902,False,False,Emma Sears,,,,,,,,,,,True,False
Kayla Fischer,kayla fischer,LOUISVILLE,NWSL,2.125,8,shots,shots,LOUISVILLE,LOUISVILLE,2,top,Kayla Fischer,NWSL,weak,5,5,1,3,0.8,0.7033333333333334,0.33333333333333326,0.2833333333333334,2.333333333333333,-0.0657679134783572,0.6666666666666666,1.0,-0.04999999999999988,-0.04999999999999988,False,False,Kayla Fischer,,,,,,,,,,,True,False
Maja Lardner,maja lardner,LOUISVILLE,NWSL,1.75,8,shots,shots,LOUISVILLE,LOUISVILLE,3,top,Maja Lardner,NWSL,weak,5,5,1,3,0.8,0.7371428571428572,2.0,0.06190476190476191,1.5,-0.9870491724508537,0.6666666666666666,1.0,-1.938095238095238,-1.938095238095238,False,False,Maja Lardner,,,,,,,,,,,True,False
Arin Wright,arin wright,LOUISVILLE,NWSL,0.0,8,shots_on_target,shots_on_target,LOUISVILLE,LOUISVILLE,1,bottom,Arin Wright,NWSL,weak,5,5,1,3,0.0,0.0,0.0,0.0,0.0,,0.0,0.0,0.0,0.0,False,False,Arin Wright,,,,,,,,,,,True,False
Avery Ciorbu,avery ciorbu,LOUISVILLE,NWSL,0.0,7,shots_on_target,shots_on_target,LOUISVILLE,LOUISVILLE,2,bottom,Avery Ciorbu,NWSL,weak,4,4,0,3,0.0,0.0,,0.0,0.0,,0.0,,,,False,False,Avery Ciorbu,,,,,,,,,,,True,False
Ella Hase,ella hase,LOUISVILLE,NWSL,0.0,8,shots_on_target,shots_on_target,LOUISVILLE,LOUISVILLE,3,bottom,Ella Hase,NWSL,weak,5,5,1,3,0.0,0.0,0.0,0.0,0.0,,0.0,0.0,0.0,0.0,False,False,Ella Hase,,,,,,,,,,,True,False
Kayla Fischer,kayla fischer,LOUISVILLE,NWSL,1.0,8,shots_on_target,shots_on_target,LOUISVILLE,LOUISVILLE,1,top,Kayla Fischer,NWSL,weak,5,5,1,3,0.8,0.49190476190476196,0.33333333333333337,0.2642857142857143,1.3333333333333335,-0.2593196637098876,0.6666666666666666,1.0,-0.06904761904761908,-0.06904761904761908,False,False,Kayla Fischer,,,,,,,,,,,True,False
Emma Sears,emma sears,LOUISVILLE,NWSL,0.875,8,shots_on_target,shots_on_target,LOUISVILLE,LOUISVILLE,2,top,Emma Sears,NWSL,weak,5,5,1,3,0.6,0.3252380952380952,0.33333333333333337,-0.40238095238095245,2.5,-0.598928176872957,0.3333333333333333,1.0,-0.7357142857142858,-0.7357142857142858,False,False,Emma Sears,,,,,,,,,,,True,False
Maja Lardner,maja lardner,LOUISVILLE,NWSL,0.75,8,shots_on_target,shots_on_target,LOUISVILLE,LOUISVILLE,3,top,Maja Lardner,NWSL,weak,5,5,1,3,0.4,0.19523809523809518,2.6666666666666665,-0.6190476190476191,0.16666666666666663,-0.8547434097364788,0.0,1.0,-3.2857142857142856,-3.2857142857142856,False,False,Maja Lardner,,,,,,,,,,,True,False
André Luis,andre luis,MIRASSOL,Brazil,0.0,5,assists,assists,MIRASSOL,MIRASSOL,1,bottom,André Luis,Brazil,elite,2,2,1,1,0.0,0.0,0.0,0.0,,,0.0,0.0,0.0,0.0,False,False,André Luis,,,,,,,,,,,True,False
Bruno Santos,bruno santos,MIRASSOL,Brazil,0.0,5,assists,assists,MIRASSOL,MIRASSOL,2,bottom,Bruno Santos,Brazil,elite,2,2,1,1,0.0,0.0,0.0,0.0,,,0.0,0.0,0.0,0.0,False,False,Bruno Santos,,,,,,,,,,,True,False
Carlos Eduardo,carlos eduardo,MIRASSOL,Brazil,0.0,5,assists,assists,MIRASSOL,MIRASSOL,3,bottom,Carlos Eduardo,Brazil,elite,2,2,1,1,0.0,0.0,0.0,0.0,,,0.0,0.0,0.0,0.0,False,False,Carlos Eduardo,,,,,,,,,,,True,False
Reinaldo,reinaldo,MIRASSOL,Brazil,0.6,5,assists,assists,MIRASSOL,MIRASSOL,1,top,Reinaldo,Brazil,elite,2,2,1,1,0.5,-0.08333333333333331,0.5,-0.6666666666666666,,,0.0,1.0,-1.1666666666666665,-1.1666666666666665,False,False,Reinaldo,,,,,,,,,,,True,False
Denilson,denilson,MIRASSOL,Brazil,0.2,5,assists,assists,MIRASSOL,MIRASSOL,2,top,Denilson,Brazil,elite,2,2,1,1,0.0,-0.29166666666666663,-0.25,-0.3333333333333333,,,0.0,0.0,-0.08333333333333331,-0.08333333333333331,False,False,Denilson,,,,,,,,,,,True,False
Igor Marques,igor marques,MIRASSOL,Brazil,0.2,5,assists,assists,MIRASSOL,MIRASSOL,3,top,Igor Marques,Brazil,elite,2,2,1,1,0.0,-0.29166666666666663,-0.25,-0.3333333333333333,,,0.0,0.0,-0.08333333333333331,-0.08333333333333331,False,False,Igor Marques,,,,,,,,,,,True,False
André Luis,andre luis,MIRASSOL,Brazil,0.0,5,goals,goals,MIRASSOL,MIRASSOL,1,bottom,André Luis,Brazil,elite,2,2,1,1,0.0,0.0,0.0,0.0,,,0.0,0.0,0.0,0.0,False,False,André Luis,,,,,,,,,,,True,False
Carlos Eduardo,carlos eduardo,MIRASSOL,Brazil,0.0,5,goals,goals,MIRASSOL,MIRASSOL,2,bottom,Carlos Eduardo,Brazil,elite,2,2,1,1,0.0,0.0,0.0,0.0,,,0.0,0.0,0.0,0.0,False,False,Carlos Eduardo,,,,,,,,,,,True,False
Chico,chico,MIRASSOL,Brazil,0.0,5,goals,goals,MIRASSOL,MIRASSOL,3,bottom,Chico,Brazil,elite,2,2,1,1,0.0,0.0,0.0,0.0,,,0.0,0.0,0.0,0.0,False,False,Chico,,,,,,,,,,,True,False
João Victor Carroll,joao victor carroll,MIRASSOL,Brazil,0.4,5,goals,goals,MIRASSOL,MIRASSOL,1,top,João Victor Carroll,Brazil,elite,2,2,1,1,0.5,0.20833333333333334,0.75,-0.3333333333333333,,,0.0,1.0,-1.0833333333333333,-1.0833333333333333,False,False,João Victor Carroll,,,,,,,,,,,True,False
Bruno Santos,bruno santos,MIRASSOL,Brazil,0.2,5,goals,goals,MIRASSOL,MIRASSOL,2,top,Bruno Santos,Brazil,elite,2,2,1,1,0.0,-0.29166666666666663,-0.25,-0.3333333333333333,,,0.0,0.0,-0.08333333333333331,-0.08333333333333331,False,False,Bruno Santos,,,,,,,,,,,True,False
Edson Carioca,edson carioca,MIRASSOL,Brazil,0.2,5,goals,goals,MIRASSOL,MIRASSOL,3,top,Edson Carioca,Brazil,elite,2,2,1,1,0.0,-0.29166666666666663,-0.25,-0.3333333333333333,,,0.0,0.0,-0.08333333333333331,-0.08333333333333331,False,False,Edson Carioca,,,,,,,,,,,True,False
André Luis,andre luis,MIRASSOL,Brazil,0.0,5,shots,shots,MIRASSOL,MIRASSOL,1,bottom,André Luis,Brazil,elite,2,2,1,1,0.0,0.0,0.0,0.0,,,0.0,0.0,0.0,0.0,False,False,André Luis,,,,,,,,,,,True,False
Chico,chico,MIRASSOL,Brazil,0.0,5,shots,shots,MIRASSOL,MIRASSOL,2,bottom,Chico,Brazil,elite,2,2,1,1,0.0,0.0,0.0,0.0,,,0.0,0.0,0.0,0.0,False,False,Chico,,,,,,,,,,,True,False
Elias Lira Nogueira Junior,elias lira nogueira junior,MIRASSOL,Brazil,0.0,5,shots,shots,MIRASSOL,MIRASSOL,3,bottom,Elias Lira Nogueira Junior,Brazil,elite,2,2,1,1,0.0,0.0,0.0,0.0,,,0.0,0.0,0.0,0.0,False,False,Elias Lira Nogueira Junior,,,,,,,,,,,True,False
Bruno Santos,bruno santos,MIRASSOL,Brazil,1.8,5,shots,shots,MIRASSOL,MIRASSOL,1,top,Bruno Santos,Brazil,elite,2,2,1,1,1.0,1.0833333333333335,1.5,0.6666666666666667,,,1.0,1.0,-0.8333333333333333,-0.8333333333333333,False,False,Bruno Santos,,,,,,,,,,,True,False
Reinaldo,reinaldo,MIRASSOL,Brazil,1.8,5,shots,shots,MIRASSOL,MIRASSOL,2,top,Reinaldo,Brazil,elite,2,2,1,1,0.5,0.16666666666666663,-1.0,1.3333333333333333,,,1.0,0.0,2.333333333333333,2.333333333333333,False,False,Reinaldo,,,,,,,,,,,True,False
Edson Carioca,edson carioca,MIRASSOL,Brazil,1.0,5,shots,shots,MIRASSOL,MIRASSOL,3,top,Edson Carioca,Brazil,elite,2,2,1,1,0.0,-0.6666666666666666,0.0,-1.3333333333333333,,,0.0,0.0,-1.3333333333333333,-1.3333333333333333,False,False,Edson Carioca,,,,,,,,,,,True,False
André Luis,andre luis,MIRASSOL,Brazil,0.0,5,shots_on_target,shots_on_target,MIRASSOL,MIRASSOL,1,bottom,André Luis,Brazil,elite,2,2,1,1,0.0,0.0,0.0,0.0,,,0.0,0.0,0.0,0.0,False,False,André Luis,,,,,,,,,,,True,False
Chico,chico,MIRASSOL,Brazil,0.0,5,shots_on_target,shots_on_target,MIRASSOL,MIRASSOL,2,bottom,Chico,Brazil,elite,2,2,1,1,0.0,0.0,0.0,0.0,,,0.0,0.0,0.0,0.0,False,False,Chico,,,,,,,,,,,True,False
Denilson,denilson,MIRASSOL,Brazil,0.0,5,shots_on_target,shots_on_target,MIRASSOL,MIRASSOL,3,bottom,Denilson,Brazil,elite,2,2,1,1,0.0,0.0,0.0,0.0,,,0.0,0.0,0.0,0.0,False,False,Denilson,,,,,,,,,,,True,False
Bruno Santos,bruno santos,MIRASSOL,Brazil,0.6,5,shots_on_target,shots_on_target,MIRASSOL,MIRASSOL,1,top,Bruno Santos,Brazil,elite,2,2,1,1,0.5,0.7083333333333334,1.75,-0.3333333333333333,,,0.0,1.0,-2.0833333333333335,-2.0833333333333335,False,False,Bruno Santos,,,,,,,,,,,True,False
Edson Carioca,edson carioca,MIRASSOL,Brazil,0.4,5,shots_on_target,shots_on_target,MIRASSOL,MIRASSOL,2,top,Edson Carioca,Brazil,elite,2,2,1,1,0.0,-0.5833333333333333,-0.5,-0.6666666666666666,,,0.0,0.0,-0.16666666666666663,-0.16666666666666663,False,False,Edson Carioca,,,,,,,,,,,True,False
João Victor Carroll,joao victor carroll,MIRASSOL,Brazil,0.4,5,shots_on_target,shots_on_target,MIRASSOL,MIRASSOL,3,top,João Victor Carroll,Brazil,elite,2,2,1,1,0.5,0.20833333333333334,0.75,-0.3333333333333333,,,0.0,1.0,-1.0833333333333333,-1.0833333333333333,False,False,João Victor Carroll,,,,,,,,,,,True,False
Brandan Craig,brandan craig,MONTREAL,MLS,0.0,5,assists,assists,MONTREAL,MONTREAL,1,bottom,Brandan Craig,MLS,elite,2,2,1,0,0.0,0.0,0.0,,0.0,,,0.0,,,False,False,Brandan Craig,,,,,,,,,,,True,False
Brayan Vera,brayan vera,MONTREAL,MLS,0.0,5,assists,assists,MONTREAL,MONTREAL,2,bottom,Brayan Vera,MLS,elite,2,2,1,0,0.0,0.0,0.0,,0.0,,,0.0,,,False,False,Brayan Vera,,,,,,,,,,,True,False
Daniel Ríos,daniel rios,MONTREAL,MLS,0.0,5,assists,assists,MONTREAL,MONTREAL,3,bottom,Daniel Ríos,MLS,elite,2,2,1,0,0.0,0.0,0.0,,0.0,,,0.0,,,False,False,Daniel Ríos,,,,,,,,,,,True,False
Luca Petrasso,luca petrasso,MONTREAL,MLS,0.2,5,assists,assists,MONTREAL,MONTREAL,1,top,Luca Petrasso,MLS,elite,2,2,1,0,0.5,0.375,1.0,,-0.25,,,1.0,,,False,False,Luca Petrasso,,,,,,,,,,,True,False
Brandan Craig,brandan craig,MONTREAL,MLS,0.0,5,assists,assists,MONTREAL,MONTREAL,2,top,Brandan Craig,MLS,elite,2,2,1,0,0.0,0.0,0.0,,0.0,,,0.0,,,False,False,Brandan Craig,,,,,,,,,,,True,False
Brayan Vera,brayan vera,MONTREAL,MLS,0.0,5,assists,assists,MONTREAL,MONTREAL,3,top,Brayan Vera,MLS,elite,2,2,1,0,0.0,0.0,0.0,,0.0,,,0.0,,,False,False,Brayan Vera,,,,,,,,,,,True,False
Brandan Craig,brandan craig,MONTREAL,MLS,0.0,5,goals,goals,MONTREAL,MONTREAL,1,bottom,Brandan Craig,MLS,elite,2,2,1,0,0.0,0.0,0.0,,0.0,,,0.0,,,False,False,Brandan Craig,,,,,,,,,,,True,False
Daniel Ríos,daniel rios,MONTREAL,MLS,0.0,5,goals,goals,MONTREAL,MONTREAL,2,bottom,Daniel Ríos,MLS,elite,2,2,1,0,0.0,0.0,0.0,,0.0,,,0.0,,,False,False,Daniel Ríos,,,,,,,,,,,True,False
Dawid Bugaj,dawid bugaj,MONTREAL,MLS,0.0,5,goals,goals,MONTREAL,MONTREAL,3,bottom,Dawid Bugaj,MLS,elite,2,2,1,0,0.0,0.0,0.0,,0.0,,,0.0,,,False,False,Dawid Bugaj,,,,,,,,,,,True,False
Brayan Vera,brayan vera,MONTREAL,MLS,0.2,5,goals,goals,MONTREAL,MONTREAL,1,top,Brayan Vera,MLS,elite,2,2,1,0,0.5,0.375,1.0,,-0.25,,,1.0,,,False,False,Brayan Vera,,,,,,,,,,,True,False
Brandan Craig,brandan craig,MONTREAL,MLS,0.0,5,goals,goals,MONTREAL,MONTREAL,2,top,Brandan Craig,MLS,elite,2,2,1,0,0.0,0.0,0.0,,0.0,,,0.0,,,False,False,Brandan Craig,,,,,,,,,,,True,False
Daniel Ríos,daniel rios,MONTREAL,MLS,0.0,5,goals,goals,MONTREAL,MONTREAL,3,top,Daniel Ríos,MLS,elite,2,2,1,0,0.0,0.0,0.0,,0.0,,,0.0,,,False,False,Daniel Ríos,,,,,,,,,,,True,False
Sébastian Breza,sebastian breza,MONTREAL,MLS,0.8,5,saves,saves,MONTREAL,MONTREAL,1,bottom,Sébastian Breza,MLS,elite,2,2,1,0,0.5,0.8333333333333333,2.6666666666666665,,-1.0,,,1.0,,,False,False,Sébastian Breza,,,,,,,,,,,True,False
Sébastian Breza,sebastian breza,MONTREAL,MLS,0.8,5,saves,saves,MONTREAL,MONTREAL,1,top,Sébastian Breza,MLS,elite,2,2,1,0,0.5,0.8333333333333333,2.6666666666666665,,-1.0,,,1.0,,,False,False,Sébastian Breza,,,,,,,,,,,True,False
Brandan Craig,brandan craig,MONTREAL,MLS,0.0,5,shots,shots,MONTREAL,MONTREAL,1,bottom,Brandan Craig,MLS,elite,2,2,1,0,0.0,0.0,0.0,,0.0,,,0.0,,,False,False,Brandan Craig,,,,,,,,,,,True,False
Jalen Neal,jalen neal,MONTREAL,MLS,0.0,5,shots,shots,MONTREAL,MONTREAL,2,bottom,Jalen Neal,MLS,elite,2,2,1,0,0.0,0.0,0.0,,0.0,,,0.0,,,False,False,Jalen Neal,,,,,,,,,,,True,False
Samuel Piette,samuel piette,MONTREAL,MLS,0.0,5,shots,shots,MONTREAL,MONTREAL,3,bottom,Samuel Piette,MLS,elite,2,2,1,0,0.0,0.0,0.0,,0.0,,,0.0,,,False,False,Samuel Piette,,,,,,,,,,,True,False
Hennadii Synchuk,hennadii synchuk,MONTREAL,MLS,4.0,5,shots,shots,MONTREAL,MONTREAL,1,top,Hennadii Synchuk,MLS,elite,2,2,1,0,0.5,1.3333333333333333,2.6666666666666665,,0.0,,,1.0,,,False,False,Hennadii Synchuk,,,,,,,,,,,True,False
Brayan Vera,brayan vera,MONTREAL,MLS,1.4,5,shots,shots,MONTREAL,MONTREAL,2,top,Brayan Vera,MLS,elite,2,2,1,0,1.0,2.333333333333333,2.6666666666666665,,2.0,,,1.0,,,False,False,Brayan Vera,,,,,,,,,,,True,False
Daniel Ríos,daniel rios,MONTREAL,MLS,1.2,5,shots,shots,MONTREAL,MONTREAL,3,top,Daniel Ríos,MLS,elite,2,2,1,0,0.5,-0.16666666666666663,-1.3333333333333333,,1.0,,,0.0,,,False,False,Daniel Ríos,,,,,,,,,,,True,False
Brandan Craig,brandan craig,MONTREAL,MLS,0.0,5,shots_on_target,shots_on_target,MONTREAL,MONTREAL,1,bottom,Brandan Craig,MLS,elite,2,2,1,0,0.0,0.0,0.0,,0.0,,,0.0,,,False,False,Brandan Craig,,,,,,,,,,,True,False
Dawid Bugaj,dawid bugaj,MONTREAL,MLS,0.0,5,shots_on_target,shots_on_target,MONTREAL,MONTREAL,2,bottom,Dawid Bugaj,MLS,elite,2,2,1,0,0.0,0.0,0.0,,0.0,,,0.0,,,False,False,Dawid Bugaj,,,,,,,,,,,True,False
Fabian Herbers,fabian herbers,MONTREAL,MLS,0.0,5,shots_on_target,shots_on_target,MONTREAL,MONTREAL,3,bottom,Fabian Herbers,MLS,elite,2,2,1,0,0.0,0.0,0.0,,0.0,,,0.0,,,False,False,Fabian Herbers,,,,,,,,,,,True,False
Hennadii Synchuk,hennadii synchuk,MONTREAL,MLS,1.8,5,shots_on_target,shots_on_target,MONTREAL,MONTREAL,1,top,Hennadii Synchuk,MLS,elite,2,2,1,0,1.0,0.9583333333333334,1.6666666666666667,,0.25,,,1.0,,,False,False,Hennadii Synchuk,,,,,,,,,,,True,False
Brayan Vera,brayan vera,MONTREAL,MLS,0.6,5,shots_on_target,shots_on_target,MONTREAL,MONTREAL,2,top,Brayan Vera,MLS,elite,2,2,1,0,1.0,1.25,2.0,,0.5,,,1.0,,,False,False,Brayan Vera,,,,,,,,,,,True,False
Daniel Ríos,daniel rios,MONTREAL,MLS,0.4,5,shots_on_target,shots_on_target,MONTREAL,MONTREAL,3,top,Daniel Ríos,MLS,elite,2,2,1,0,0.5,0.20833333333333334,-0.3333333333333333,,0.75,,,0.0,,,False,False,Daniel Ríos,,,,,,,,,,,True,False
Ahmed Qasim,ahmed qasim,NASHVILLE,MLS,0.0,5,assists,assists,NASHVILLE,NASHVILLE,1,bottom,Ahmed Qasim,MLS,mid,2,2,0,1,0.0,0.0,,0.0,0.0,,0.0,,,,False,False,Ahmed Qasim,,,,,,,,,,,True,False
Andy Nájar,andy najar,NASHVILLE,MLS,0.0,5,assists,assists,NASHVILLE,NASHVILLE,2,bottom,Andy Nájar,MLS,mid,2,2,0,1,0.0,0.0,,0.0,0.0,,0.0,,,,False,False,Andy Nájar,,,,,,,,,,,True,False
Bryan Acosta,bryan acosta,NASHVILLE,MLS,0.0,5,assists,assists,NASHVILLE,NASHVILLE,3,bottom,Bryan Acosta,MLS,mid,2,2,0,1,0.0,0.0,,0.0,0.0,,0.0,,,,False,False,Bryan Acosta,,,,,,,,,,,True,False
Brian Schwake,brian schwake,NASHVILLE,MLS,0.2,5,assists,assists,NASHVILLE,NASHVILLE,1,top,Brian Schwake,MLS,mid,2,2,0,1,0.5,0.5,,1.0,0.0,,1.0,,,,False,False,Brian Schwake,,,,,,,,,,,True,False
Ahmed Qasim,ahmed qasim,NASHVILLE,MLS,0.0,5,assists,assists,NASHVILLE,NASHVILLE,2,top,Ahmed Qasim,MLS,mid,2,2,0,1,0.0,0.0,,0.0,0.0,,0.0,,,,False,False,Ahmed Qasim,,,,,,,,,,,True,False
Andy Nájar,andy najar,NASHVILLE,MLS,0.0,5,assists,assists,NASHVILLE,NASHVILLE,3,top,Andy Nájar,MLS,mid,2,2,0,1,0.0,0.0,,0.0,0.0,,0.0,,,,False,False,Andy Nájar,,,,,,,,,,,True,False
Ahmed Qasim,ahmed qasim,NASHVILLE,MLS,0.0,5,goals,goals,NASHVILLE,NASHVILLE,1,bottom,Ahmed Qasim,MLS,mid,2,2,0,1,0.0,0.0,,0.0,0.0,,0.0,,,,False,False,Ahmed Qasim,,,,,,,,,,,True,False
Brian Schwake,brian schwake,NASHVILLE,MLS,0.0,5,goals,goals,NASHVILLE,NASHVILLE,2,bottom,Brian Schwake,MLS,mid,2,2,0,1,0.0,0.0,,0.0,0.0,,0.0,,,,False,False,Brian Schwake,,,,,,,,,,,True,False
Bryan Acosta,bryan acosta,NASHVILLE,MLS,0.0,5,goals,goals,NASHVILLE,NASHVILLE,3,bottom,Bryan Acosta,MLS,mid,2,2,0,1,0.0,0.0,,0.0,0.0,,0.0,,,,False,False,Bryan Acosta,,,,,,,,,,,True,False
Sam Surridge,sam surridge,NASHVILLE,MLS,0.6,5,goals,goals,NASHVILLE,NASHVILLE,1,top,Sam Surridge,MLS,mid,2,2,0,1,1.0,0.675,,0.6,0.75,,1.0,,,,False,False,Sam Surridge,,,,,,,,,,,True,False
Hany Mukhtar,hany mukhtar,NASHVILLE,MLS,0.4,5,goals,goals,NASHVILLE,NASHVILLE,2,top,Hany Mukhtar,MLS,mid,2,2,0,1,0.5,1.0,,2.0,0.0,,1.0,,,,False,False,Hany Mukhtar,,,,,,,,,,,True,False
Shakur Mohammed,shakur mohammed,NASHVILLE,MLS,0.4,5,goals,goals,NASHVILLE,NASHVILLE,3,top,Shakur Mohammed,MLS,mid,2,2,0,1,0.5,0.08333333333333337,,-0.5,0.6666666666666667,,0.0,,,,False,False,Shakur Mohammed,,,,,,,,,,,True,False
Brian Schwake,brian schwake,NASHVILLE,MLS,3.6,5,saves,saves,NASHVILLE,NASHVILLE,1,bottom,Brian Schwake,MLS,mid,2,2,0,1,0.5,0.575,,-0.6000000000000001,1.75,,0.0,,,,False,False,Brian Schwake,,,,,,,,,,,True,False
Brian Schwake,brian schwake,NASHVILLE,MLS,3.6,5,saves,saves,NASHVILLE,NASHVILLE,1,top,Brian Schwake,MLS,mid,2,2,0,1,0.5,0.575,,-0.6000000000000001,1.75,,0.0,,,,False,False,Brian Schwake,,,,,,,,,,,True,False
Brian Schwake,brian schwake,NASHVILLE,MLS,0.0,5,shots,shots,NASHVILLE,NASHVILLE,1,bottom,Brian Schwake,MLS,mid,2,2,0,1,0.0,0.0,,0.0,0.0,,0.0,,,,False,False,Brian Schwake,,,,,,,,,,,True,False
Bryan Acosta,bryan acosta,NASHVILLE,MLS,0.0,5,shots,shots,NASHVILLE,NASHVILLE,2,bottom,Bryan Acosta,MLS,mid,2,2,0,1,0.0,0.0,,0.0,0.0,,0.0,,,,False,False,Bryan Acosta,,,,,,,,,,,True,False
Jack Maher,jack maher,NASHVILLE,MLS,0.0,5,shots,shots,NASHVILLE,NASHVILLE,3,bottom,Jack Maher,MLS,mid,2,2,0,1,0.0,0.0,,0.0,0.0,,0.0,,,,False,False,Jack Maher,,,,,,,,,,,True,False
Hany Mukhtar,hany mukhtar,NASHVILLE,MLS,2.6,5,shots,shots,NASHVILLE,NASHVILLE,1,top,Hany Mukhtar,MLS,mid,2,2,0,1,0.5,2.1,,5.2,-1.0,,1.0,,,,False,False,Hany Mukhtar,,,,,,,,,,,True,False
Sam Surridge,sam surridge,NASHVILLE,MLS,1.6,5,shots,shots,NASHVILLE,NASHVILLE,2,top,Sam Surridge,MLS,mid,2,2,0,1,1.0,2.25,,2.0,2.5,,1.0,,,,False,False,Sam Surridge,,,,,,,,,,,True,False
Shakur Mohammed,shakur mohammed,NASHVILLE,MLS,1.4,5,shots,shots,NASHVILLE,NASHVILLE,3,top,Shakur Mohammed,MLS,mid,2,2,0,1,0.5,-0.7083333333333334,,-1.75,0.33333333333333326,,0.0,,,,False,False,Shakur Mohammed,,,,,,,,,,,True,False
Ahmed Qasim,ahmed qasim,NASHVILLE,MLS,0.0,5,shots_on_target,shots_on_target,NASHVILLE,NASHVILLE,1,bottom,Ahmed Qasim,MLS,mid,2,2,0,1,0.0,0.0,,0.0,0.0,,0.0,,,,False,False,Ahmed Qasim,,,,,,,,,,,True,False
Brian Schwake,brian schwake,NASHVILLE,MLS,0.0,5,shots_on_target,shots_on_target,NASHVILLE,NASHVILLE,2,bottom,Brian Schwake,MLS,mid,2,2,0,1,0.0,0.0,,0.0,0.0,,0.0,,,,False,False,Brian Schwake,,,,,,,,,,,True,False
Bryan Acosta,bryan acosta,NASHVILLE,MLS,0.0,5,shots_on_target,shots_on_target,NASHVILLE,NASHVILLE,3,bottom,Bryan Acosta,MLS,mid,2,2,0,1,0.0,0.0,,0.0,0.0,,0.0,,,,False,False,Bryan Acosta,,,,,,,,,,,True,False
Hany Mukhtar,hany mukhtar,NASHVILLE,MLS,0.8,5,shots_on_target,shots_on_target,NASHVILLE,NASHVILLE,1,top,Hany Mukhtar,MLS,mid,2,2,0,1,0.5,0.825,,2.4,-0.75,,1.0,,,,False,False,Hany Mukhtar,,,,,,,,,,,True,False
Sam Surridge,sam surridge,NASHVILLE,MLS,0.6,5,shots_on_target,shots_on_target,NASHVILLE,NASHVILLE,2,top,Sam Surridge,MLS,mid,2,2,0,1,1.0,0.675,,0.6,0.75,,1.0,,,,False,False,Sam Surridge,,,,,,,,,,,True,False
Shakur Mohammed,shakur mohammed,NASHVILLE,MLS,0.6,5,shots_on_target,shots_on_target,NASHVILLE,NASHVILLE,3,top,Shakur Mohammed,MLS,mid,2,2,0,1,0.5,-0.20833333333333331,,-0.75,0.33333333333333337,,0.0,,,,False,False,Shakur Mohammed,,,,,,,,,,,True,False
Carly Wickenheiser,carly wickenheiser,NC COURAGE,NWSL,0.0,8,assists,assists,NC COURAGE,NC COURAGE,1,bottom,Carly Wickenheiser,NWSL,elite,5,5,2,1,0.0,0.0,0.0,0.0,0.0,,0.0,0.0,0.0,0.0,False,False,Carly Wickenheiser,,,,,,,,,,,True,False
Chioma Okafor,chioma okafor,NC COURAGE,NWSL,0.0,8,assists,assists,NC COURAGE,NC COURAGE,2,bottom,Chioma Okafor,NWSL,elite,5,5,2,1,0.0,0.0,0.0,0.0,0.0,,0.0,0.0,0.0,0.0,False,False,Chioma Okafor,,,,,,,,,,,True,False
Dani Weatherholt,dani weatherholt,NC COURAGE,NWSL,0.0,8,assists,assists,NC COURAGE,NC COURAGE,3,bottom,Dani Weatherholt,NWSL,elite,5,5,2,1,0.0,0.0,0.0,0.0,0.0,,0.0,0.0,0.0,0.0,False,False,Dani Weatherholt,,,,,,,,,,,True,False
Shinomi Koyama,shinomi koyama,NC COURAGE,NWSL,0.375,8,assists,assists,NC COURAGE,NC COURAGE,1,top,Shinomi Koyama,NWSL,elite,5,5,2,1,0.4,0.0009523809523809823,0.6666666666666667,-0.42857142857142855,-0.45,-0.8631090206253795,0.0,1.0,-1.0952380952380953,-1.0952380952380953,False,False,Shinomi Koyama,,,,,,,,,,,True,False
Ally Schlegel,ally schlegel,NC COURAGE,NWSL,0.25,8,assists,assists,NC COURAGE,NC COURAGE,2,top,Ally Schlegel,NWSL,elite,5,5,2,1,0.4,0.37142857142857144,0.5,0.8571428571428572,0.0,-0.011707322644771133,1.0,0.5,0.3571428571428572,0.3571428571428572,False,False,Ally Schlegel,,,,,,,,,,,True,False
Ashley Sanchez,ashley sanchez,NC COURAGE,NWSL,0.25,8,assists,assists,NC COURAGE,NC COURAGE,3,top,Ashley Sanchez,NWSL,elite,5,5,2,1,0.4,0.26952380952380955,0.4166666666666667,-0.2857142857142857,0.4,-0.5712180603498247,0.0,0.5,-0.7023809523809523,-0.7023809523809523,False,False,Ashley Sanchez,,,,,,,,,,,True,False
Carly Wickenheiser,carly wickenheiser,NC COURAGE,NWSL,0.0,8,goals,goals,NC COURAGE,NC COURAGE,1,bottom,Carly Wickenheiser,NWSL,elite,5,5,2,1,0.0,0.0,0.0,0.0,0.0,,0.0,0.0,0.0,0.0,False,False,Carly Wickenheiser,,,,,,,,,,,True,False
Chioma Okafor,chioma okafor,NC COURAGE,NWSL,0.0,8,goals,goals,NC COURAGE,NC COURAGE,2,bottom,Chioma Okafor,NWSL,elite,5,5,2,1,0.0,0.0,0.0,0.0,0.0,,0.0,0.0,0.0,0.0,False,False,Chioma Okafor,,,,,,,,,,,True,False
Dani Weatherholt,dani weatherholt,NC COURAGE,NWSL,0.0,8,goals,goals,NC COURAGE,NC COURAGE,3,bottom,Dani Weatherholt,NWSL,elite,5,5,2,1,0.0,0.0,0.0,0.0,0.0,,0.0,0.0,0.0,0.0,False,False,Dani Weatherholt,,,,,,,,,,,True,False
Evelyn Ijeh,evelyn ijeh,NC COURAGE,NWSL,0.875,8,goals,goals,NC COURAGE,NC COURAGE,1,top,Evelyn Ijeh,NWSL,elite,5,5,2,1,0.8,0.8852380952380953,1.1666666666666667,0.1428571428571429,0.975,-0.4317293678727928,1.0,1.0,-1.0238095238095237,-1.0238095238095237,False,False,Evelyn Ijeh,,,,,,,,,,,True,False
Ashley Sanchez,ashley sanchez,NC COURAGE,NWSL,0.5,8,goals,goals,NC COURAGE,NC COURAGE,2,top,Ashley Sanchez,NWSL,elite,5,5,2,1,0.4,-0.1676190476190476,-0.08333333333333331,-0.5714285714285714,-0.04999999999999999,-0.4543380419231533,0.0,0.5,-0.4880952380952381,-0.4880952380952381,False,False,Ashley Sanchez,,,,,,,,,,,True,False
Ally Schlegel,ally schlegel,NC COURAGE,NWSL,0.25,8,goals,goals,NC COURAGE,NC COURAGE,3,top,Ally Schlegel,NWSL,elite,5,5,2,1,0.4,0.3380952380952381,-0.08333333333333333,0.8571428571428572,0.5,0.846215945226962,1.0,0.0,0.9404761904761906,0.9404761904761906,False,False,Ally Schlegel,,,,,,,,,,,True,False
Madison White,madison white,NC COURAGE,NWSL,0.0,8,saves,saves,NC COURAGE,NC COURAGE,1,bottom,Madison White,NWSL,elite,5,5,2,1,0.0,0.0,0.0,0.0,0.0,,0.0,0.0,0.0,0.0,False,False,Madison White,,,,,,,,,,,True,False
Kailen Sheridan,kailen sheridan,NC COURAGE,NWSL,3.125,8,saves,saves,NC COURAGE,NC COURAGE,2,bottom,Kailen Sheridan,NWSL,elite,5,5,2,1,0.4,0.6866666666666668,-0.33333333333333326,1.0,1.55,0.5148043617616398,1.0,0.0,1.3333333333333333,1.3333333333333333,False,True,Kailen Sheridan,,,,,,,,,,,True,False
Kailen Sheridan,kailen sheridan,NC COURAGE,NWSL,3.125,8,saves,saves,NC COURAGE,NC COURAGE,1,top,Kailen Sheridan,NWSL,elite,5,5,2,1,0.4,0.6866666666666668,-0.33333333333333326,1.0,1.55,0.5148043617616398,1.0,0.0,1.3333333333333333,1.3333333333333333,False,True,Kailen Sheridan,,,,,,,,,,,True,False
Madison White,madison white,NC COURAGE,NWSL,0.0,8,saves,saves,NC COURAGE,NC COURAGE,2,top,Madison White,NWSL,elite,5,5,2,1,0.0,0.0,0.0,0.0,0.0,,0.0,0.0,0.0,0.0,False,False,Madison White,,,,,,,,,,,True,False
Kailen Sheridan,kailen sheridan,NC COURAGE,NWSL,0.0,8,shots,shots,NC COURAGE,NC COURAGE,1,bottom,Kailen Sheridan,NWSL,elite,5,5,2,1,0.0,0.0,0.0,0.0,0.0,,0.0,0.0,0.0,0.0,False,False,Kailen Sheridan,,,,,,,,,,,True,False
Madison White,madison white,NC COURAGE,NWSL,0.0,8,shots,shots,NC COURAGE,NC COURAGE,2,bottom,Madison White,NWSL,elite,5,5,2,1,0.0,0.0,0.0,0.0,0.0,,0.0,0.0,0.0,0.0,False,False,Madison White,,,,,,,,,,,True,False
Natalia Staude,natalia staude,NC COURAGE,NWSL,0.0,8,shots,shots,NC COURAGE,NC COURAGE,3,bottom,Natalia Staude,NWSL,elite,5,5,2,1,0.0,0.0,0.0,0.0,0.0,,0.0,0.0,0.0,0.0,False,False,Natalia Staude,,,,,,,,,,,True,False
Ashley Sanchez,ashley sanchez,NC COURAGE,NWSL,3.25,8,shots,shots,NC COURAGE,NC COURAGE,1,top,Ashley Sanchez,NWSL,elite,5,5,2,1,0.6,-0.3052380952380952,-0.41666666666666674,0.8571428571428572,-0.7749999999999999,0.2733451520717847,1.0,0.5,1.273809523809524,1.273809523809524,False,True,Ashley Sanchez,,,,,,,,,,,True,False
Evelyn Ijeh,evelyn ijeh,NC COURAGE,NWSL,2.0,8,shots,shots,NC COURAGE,NC COURAGE,2,top,Evelyn Ijeh,NWSL,elite,5,5,2,1,0.8,0.961904761904762,1.0833333333333335,1.1428571428571428,0.75,-0.08237174176786484,1.0,1.0,0.05952380952380931,0.05952380952380931,False,False,Evelyn Ijeh,,,,,,,,,,,True,False
Riley Jackson,riley jackson,NC COURAGE,NWSL,1.5,8,shots,shots,NC COURAGE,NC COURAGE,3,top,Riley Jackson,NWSL,elite,5,5,2,1,0.4,0.025714285714285755,0.0,-0.5714285714285714,0.35,-0.1883885127707707,0.0,0.5,-0.5714285714285714,-0.5714285714285714,False,False,Riley Jackson,,,,,,,,,,,True,False
Carly Wickenheiser,carly wickenheiser,NC COURAGE,NWSL,0.0,8,shots_on_target,shots_on_target,NC COURAGE,NC COURAGE,1,bottom,Carly Wickenheiser,NWSL,elite,5,5,2,1,0.0,0.0,0.0,0.0,0.0,,0.0,0.0,0.0,0.0,False,False,Carly Wickenheiser,,,,,,,,,,,True,False
Dani Weatherholt,dani weatherholt,NC COURAGE,NWSL,0.0,8,shots_on_target,shots_on_target,NC COURAGE,NC COURAGE,2,bottom,Dani Weatherholt,NWSL,elite,5,5,2,1,0.0,0.0,0.0,0.0,0.0,,0.0,0.0,0.0,0.0,False,False,Dani Weatherholt,,,,,,,,,,,True,False
Kailen Sheridan,kailen sheridan,NC COURAGE,NWSL,0.0,8,shots_on_target,shots_on_target,NC COURAGE,NC COURAGE,3,bottom,Kailen Sheridan,NWSL,elite,5,5,2,1,0.0,0.0,0.0,0.0,0.0,,0.0,0.0,0.0,0.0,False,False,Kailen Sheridan,,,,,,,,,,,True,False
Ashley Sanchez,ashley sanchez,NC COURAGE,NWSL,1.25,8,shots_on_target,shots_on_target,NC COURAGE,NC COURAGE,1,top,Ashley Sanchez,NWSL,elite,5,5,2,1,0.2,-0.12047619047619045,-0.33333333333333326,-0.2857142857142858,0.17500000000000004,0.06198367766355042,0.0,0.0,0.04761904761904745,0.04761904761904745,False,True,Ashley Sanchez,,,,,,,,,,,True,False
Evelyn Ijeh,evelyn ijeh,NC COURAGE,NWSL,1.25,8,shots_on_target,shots_on_target,NC COURAGE,NC COURAGE,2,top,Evelyn Ijeh,NWSL,elite,5,5,2,1,0.8,1.2314285714285713,1.5,0.8571428571428572,1.15,-0.26759586431324295,1.0,1.0,-0.6428571428571428,-0.6428571428571428,False,False,Evelyn Ijeh,,,,,,,,,,,True,False
Ally Schlegel,ally schlegel,NC COURAGE,NWSL,0.75,8,shots_on_target,shots_on_target,NC COURAGE,NC COURAGE,3,top,Ally Schlegel,NWSL,elite,5,5,2,1,0.8,0.40380952380952373,-0.08333333333333331,0.2857142857142857,0.95,0.4956874530421404,1.0,0.5,0.369047619047619,0.369047619047619,False,False,Ally Schlegel,,,,,,,,,,,True,False
Brooklyn Raines,brooklyn raines,NEW ENGLAND,MLS,0.0,5,assists,assists,NEW ENGLAND,NEW ENGLAND,1,bottom,Brooklyn Raines,MLS,mid,2,2,0,1,0.0,0.0,,0.0,0.0,,0.0,,,,False,False,Brooklyn Raines,,,,,,,,,,,True,False
Carles Gil,carles gil,NEW ENGLAND,MLS,0.0,5,assists,assists,NEW ENGLAND,NEW ENGLAND,2,bottom,Carles Gil,MLS,weak,3,3,0,2,0.0,-0.5222222222222221,,-0.5333333333333333,-0.5,,0.0,,,,False,False,Carles Gil,,,,,,,,,,,True,False
Cody Baker,cody baker,NEW ENGLAND,MLS,0.0,5,assists,assists,NEW ENGLAND,NEW ENGLAND,3,bottom,Cody Baker,MLS,mid,2,2,0,1,0.0,0.0,,0.0,0.0,,0.0,,,,False,False,Cody Baker,,,,,,,,,,,True,False
Matt Polster,matt polster,NEW ENGLAND,MLS,0.4,5,assists,assists,NEW ENGLAND,NEW ENGLAND,1,top,Matt Polster,MLS,mid,2,2,0,1,0.0,-0.5833333333333333,,-0.5,-0.6666666666666666,,0.0,,,,False,False,Matt Polster,,,,,,,,,,,True,False
Alhassan Yusuf,alhassan yusuf,NEW ENGLAND,MLS,0.2,5,assists,assists,NEW ENGLAND,NEW ENGLAND,2,top,Alhassan Yusuf,MLS,mid,2,2,0,1,0.0,-0.29166666666666663,,-0.25,-0.3333333333333333,,0.0,,,,False,False,Alhassan Yusuf,,,,,,,,,,,True,False
Marcos Zambrano-Delgado,marcos zambrano-delgado,NEW ENGLAND,MLS,0.2,5,assists,assists,NEW ENGLAND,NEW ENGLAND,3,top,Marcos Zambrano-Delgado,MLS,mid,2,2,0,1,0.0,-0.29166666666666663,,-0.25,-0.3333333333333333,,0.0,,,,False,False,Marcos Zambrano-Delgado,,,,,,,,,,,True,False
Alhassan Yusuf,alhassan yusuf,NEW ENGLAND,MLS,0.0,5,goals,goals,NEW ENGLAND,NEW ENGLAND,1,bottom,Alhassan Yusuf,MLS,mid,2,2,0,1,0.0,0.0,,0.0,0.0,,0.0,,,,False,False,Alhassan Yusuf,,,,,,,,,,,True,False
Cody Baker,cody baker,NEW ENGLAND,MLS,0.0,5,goals,goals,NEW ENGLAND,NEW ENGLAND,2,bottom,Cody Baker,MLS,mid,2,2,0,1,0.0,0.0,,0.0,0.0,,0.0,,,,False,False,Cody Baker,,,,,,,,,,,True,False
Diego Fagundez,diego fagundez,NEW ENGLAND,MLS,0.0,5,goals,goals,NEW ENGLAND,NEW ENGLAND,3,bottom,Diego Fagundez,MLS,mid,2,2,0,1,0.0,0.0,,0.0,0.0,,0.0,,,,False,False,Diego Fagundez,,,,,,,,,,,True,False
Carles Gil,carles gil,NEW ENGLAND,MLS,0.4,5,goals,goals,NEW ENGLAND,NEW ENGLAND,1,top,Carles Gil,MLS,weak,3,3,0,2,0.3333333333333333,-0.07777777777777777,,0.13333333333333336,-0.5,,0.5,,,,False,False,Carles Gil,,,,,,,,,,,True,False
Dor Turgeman,dor turgeman,NEW ENGLAND,MLS,0.4,5,goals,goals,NEW ENGLAND,NEW ENGLAND,2,top,Dor Turgeman,MLS,mid,2,2,0,1,0.0,-0.5833333333333333,,-0.5,-0.6666666666666666,,0.0,,,,False,False,Dor Turgeman,,,,,,,,,,,True,False
Brooklyn Raines,brooklyn raines,NEW ENGLAND,MLS,0.2,5,goals,goals,NEW ENGLAND,NEW ENGLAND,3,top,Brooklyn Raines,MLS,mid,2,2,0,1,0.0,-0.29166666666666663,,-0.25,-0.3333333333333333,,0.0,,,,False,False,Brooklyn Raines,,,,,,,,,,,True,False
Matt Turner,matt turner,NEW ENGLAND,MLS,3.4,5,saves,saves,NEW ENGLAND,NEW ENGLAND,1,bottom,Matt Turner,MLS,weak,4,4,0,3,0.75,2.2333333333333334,,2.111111111111111,2.6,,0.6666666666666666,,,,False,False,Matt Turner,,,,,,,,,,,True,False
Matt Turner,matt turner,NEW ENGLAND,MLS,3.4,5,saves,saves,NEW ENGLAND,NEW ENGLAND,1,top,Matt Turner,MLS,weak,4,4,0,3,0.75,2.2333333333333334,,2.111111111111111,2.6,,0.6666666666666666,,,,False,False,Matt Turner,,,,,,,,,,,True,False
Cody Baker,cody baker,NEW ENGLAND,MLS,0.0,5,shots,shots,NEW ENGLAND,NEW ENGLAND,1,bottom,Cody Baker,MLS,mid,2,2,0,1,0.0,0.0,,0.0,0.0,,0.0,,,,False,False,Cody Baker,,,,,,,,,,,True,False
Diego Fagundez,diego fagundez,NEW ENGLAND,MLS,0.0,5,shots,shots,NEW ENGLAND,NEW ENGLAND,2,bottom,Diego Fagundez,MLS,mid,2,2,0,1,0.0,0.0,,0.0,0.0,,0.0,,,,False,False,Diego Fagundez,,,,,,,,,,,True,False
Jackson Yueill,jackson yueill,NEW ENGLAND,MLS,0.0,5,shots,shots,NEW ENGLAND,NEW ENGLAND,3,bottom,Jackson Yueill,MLS,mid,2,2,0,1,0.0,0.0,,0.0,0.0,,0.0,,,,False,False,Jackson Yueill,,,,,,,,,,,True,False
Carles Gil,carles gil,NEW ENGLAND,MLS,2.6,5,shots,shots,NEW ENGLAND,NEW ENGLAND,1,top,Carles Gil,MLS,weak,3,3,0,2,0.6666666666666666,0.5166666666666666,,0.8999999999999999,-0.25,,1.0,,,,False,False,Carles Gil,,,,,,,,,,,True,False
Dor Turgeman,dor turgeman,NEW ENGLAND,MLS,2.4,5,shots,shots,NEW ENGLAND,NEW ENGLAND,2,top,Dor Turgeman,MLS,mid,2,2,0,1,0.0,-0.5833333333333333,,-0.5,-0.6666666666666665,,0.0,,,,False,False,Dor Turgeman,,,,,,,,,,,True,False
Peyton Miller,peyton miller,NEW ENGLAND,MLS,2.2,5,shots,shots,NEW ENGLAND,NEW ENGLAND,3,top,Peyton Miller,MLS,mid,2,2,0,1,0.0,-1.0833333333333333,,-1.5,-0.6666666666666665,,0.0,,,,False,False,Peyton Miller,,,,,,,,,,,True,False
Alhassan Yusuf,alhassan yusuf,NEW ENGLAND,MLS,0.0,5,shots_on_target,shots_on_target,NEW ENGLAND,NEW ENGLAND,1,bottom,Alhassan Yusuf,MLS,mid,2,2,0,1,0.0,0.0,,0.0,0.0,,0.0,,,,False,False,Alhassan Yusuf,,,,,,,,,,,True,False
Cody Baker,cody baker,NEW ENGLAND,MLS,0.0,5,shots_on_target,shots_on_target,NEW ENGLAND,NEW ENGLAND,2,bottom,Cody Baker,MLS,mid,2,2,0,1,0.0,0.0,,0.0,0.0,,0.0,,,,False,False,Cody Baker,,,,,,,,,,,True,False
Diego Fagundez,diego fagundez,NEW ENGLAND,MLS,0.0,5,shots_on_target,shots_on_target,NEW ENGLAND,NEW ENGLAND,3,bottom,Diego Fagundez,MLS,mid,2,2,0,1,0.0,0.0,,0.0,0.0,,0.0,,,,False,False,Diego Fagundez,,,,,,,,,,,True,False
Peyton Miller,peyton miller,NEW ENGLAND,MLS,1.2,5,shots_on_target,shots_on_target,NEW ENGLAND,NEW ENGLAND,1,top,Peyton Miller,MLS,mid,2,2,0,1,0.5,0.375,,-0.25,1.0,,0.0,,,,False,False,Peyton Miller,,,,,,,,,,,True,False
Carles Gil,carles gil,NEW ENGLAND,MLS,0.8,5,shots_on_target,shots_on_target,NEW ENGLAND,NEW ENGLAND,2,top,Carles Gil,MLS,weak,3,3,0,2,0.3333333333333333,-0.15555555555555553,,0.2666666666666667,-1.0,,0.5,,,,False,False,Carles Gil,,,,,,,,,,,True,False
Dor Turgeman,dor turgeman,NEW ENGLAND,MLS,0.8,5,shots_on_target,shots_on_target,NEW ENGLAND,NEW ENGLAND,3,top,Dor Turgeman,MLS,mid,2,2,0,1,0.0,-1.1666666666666665,,-1.0,-1.3333333333333333,,0.0,,,,False,False,Dor Turgeman,,,,,,,,,,,True,False
Alan Soñora,alan sonora,NEWELL'S,Argentina,0.0,5,assists,assists,NEWELL'S,NEWELL'S,1,bottom,Alan Soñora,Argentina,elite,2,2,2,0,0.0,0.0,0.0,,,,,0.0,,,False,False,Alan Soñora,,,,,,,,,,,True,False
Blas Benedetto,blas benedetto,NEWELL'S,Argentina,0.0,5,assists,assists,NEWELL'S,NEWELL'S,2,bottom,Blas Benedetto,Argentina,elite,2,2,2,0,0.0,0.0,0.0,,,,,0.0,,,False,False,Blas Benedetto,,,,,,,,,,,True,False
Bruno Cabrera,bruno cabrera,NEWELL'S,Argentina,0.0,5,assists,assists,NEWELL'S,NEWELL'S,3,bottom,Bruno Cabrera,Argentina,elite,2,2,2,0,0.0,0.0,0.0,,,,,0.0,,,False,False,Bruno Cabrera,,,,,,,,,,,True,False
Facundo Gauch,facundo gauch,NEWELL'S,Argentina,0.4,5,assists,assists,NEWELL'S,NEWELL'S,1,top,Facundo Gauch,Argentina,elite,2,2,2,0,0.5,0.20833333333333334,0.20833333333333334,,,,,0.5,,,False,False,Facundo Gauch,,,,,,,,,,,True,False
Alan Soñora,alan sonora,NEWELL'S,Argentina,0.0,5,assists,assists,NEWELL'S,NEWELL'S,2,top,Alan Soñora,Argentina,elite,2,2,2,0,0.0,0.0,0.0,,,,,0.0,,,False,False,Alan Soñora,,,,,,,,,,,True,False
Blas Benedetto,blas benedetto,NEWELL'S,Argentina,0.0,5,assists,assists,NEWELL'S,NEWELL'S,3,top,Blas Benedetto,Argentina,elite,2,2,2,0,0.0,0.0,0.0,,,,,0.0,,,False,False,Blas Benedetto,,,,,,,,,,,True,False
Alan Soñora,alan sonora,NEWELL'S,Argentina,0.0,5,goals,goals,NEWELL'S,NEWELL'S,1,bottom,Alan Soñora,Argentina,elite,2,2,2,0,0.0,0.0,0.0,,,,,0.0,,,False,False,Alan Soñora,,,,,,,,,,,True,False
Blas Benedetto,blas benedetto,NEWELL'S,Argentina,0.0,5,goals,goals,NEWELL'S,NEWELL'S,2,bottom,Blas Benedetto,Argentina,elite,2,2,2,0,0.0,0.0,0.0,,,,,0.0,,,False,False,Blas Benedetto,,,,,,,,,,,True,False
David Sotelo,david sotelo,NEWELL'S,Argentina,0.0,5,goals,goals,NEWELL'S,NEWELL'S,3,bottom,David Sotelo,Argentina,elite,2,2,2,0,0.0,0.0,0.0,,,,,0.0,,,False,False,David Sotelo,,,,,,,,,,,True,False
Bruno Cabrera,bruno cabrera,NEWELL'S,Argentina,0.2,5,goals,goals,NEWELL'S,NEWELL'S,1,top,Bruno Cabrera,Argentina,elite,2,2,2,0,0.5,0.375,0.375,,,,,0.5,,,False,False,Bruno Cabrera,,,,,,,,,,,True,False
Facundo Gauch,facundo gauch,NEWELL'S,Argentina,0.2,5,goals,goals,NEWELL'S,NEWELL'S,2,top,Facundo Gauch,Argentina,elite,2,2,2,0,0.5,0.5,0.5,,,,,0.5,,,False,False,Facundo Gauch,,,,,,,,,,,True,False
Luca Regiardo,luca regiardo,NEWELL'S,Argentina,0.2,5,goals,goals,NEWELL'S,NEWELL'S,3,top,Luca Regiardo,Argentina,elite,2,2,2,0,0.0,-0.29166666666666663,-0.29166666666666663,,,,,0.0,,,False,False,Luca Regiardo,,,,,,,,,,,True,False
Gabriel Arias,gabriel arias,NEWELL'S,Argentina,0.0,5,saves,saves,NEWELL'S,NEWELL'S,1,bottom,Gabriel Arias,Argentina,elite,2,2,2,0,0.0,0.0,0.0,,,,,0.0,,,False,False,Gabriel Arias,,,,,,,,,,,True,False
Josué Reinatti,josue reinatti,NEWELL'S,Argentina,3.4,5,saves,saves,NEWELL'S,NEWELL'S,2,bottom,Josué Reinatti,Argentina,elite,2,2,2,0,0.5,0.08333333333333326,0.08333333333333326,,,,,0.5,,,False,False,Josué Reinatti,,,,,,,,,,,True,False
Josué Reinatti,josue reinatti,NEWELL'S,Argentina,3.4,5,saves,saves,NEWELL'S,NEWELL'S,1,top,Josué Reinatti,Argentina,elite,2,2,2,0,0.5,0.08333333333333326,0.08333333333333326,,,,,0.5,,,False,False,Josué Reinatti,,,,,,,,,,,True,False
Gabriel Arias,gabriel arias,NEWELL'S,Argentina,0.0,5,saves,saves,NEWELL'S,NEWELL'S,2,top,Gabriel Arias,Argentina,elite,2,2,2,0,0.0,0.0,0.0,,,,,0.0,,,False,False,Gabriel Arias,,,,,,,,,,,True,False
Alan Soñora,alan sonora,NEWELL'S,Argentina,0.0,5,shots,shots,NEWELL'S,NEWELL'S,1,bottom,Alan Soñora,Argentina,elite,2,2,2,0,0.0,0.0,0.0,,,,,0.0,,,False,False,Alan Soñora,,,,,,,,,,,True,False
Blas Benedetto,blas benedetto,NEWELL'S,Argentina,0.0,5,shots,shots,NEWELL'S,NEWELL'S,2,bottom,Blas Benedetto,Argentina,elite,2,2,2,0,0.0,0.0,0.0,,,,,0.0,,,False,False,Blas Benedetto,,,,,,,,,,,True,False
Francisco Scarpeccio,francisco scarpeccio,NEWELL'S,Argentina,0.0,5,shots,shots,NEWELL'S,NEWELL'S,3,bottom,Francisco Scarpeccio,Argentina,elite,2,2,2,0,0.0,0.0,0.0,,,,,0.0,,,False,False,Francisco Scarpeccio,,,,,,,,,,,True,False
Facundo Gauch,facundo gauch,NEWELL'S,Argentina,1.6,5,shots,shots,NEWELL'S,NEWELL'S,1,top,Facundo Gauch,Argentina,elite,2,2,2,0,0.5,0.7083333333333334,0.7083333333333334,,,,,0.5,,,False,False,Facundo Gauch,,,,,,,,,,,True,False
Bruno Cabrera,bruno cabrera,NEWELL'S,Argentina,1.0,5,shots,shots,NEWELL'S,NEWELL'S,2,top,Bruno Cabrera,Argentina,elite,2,2,2,0,0.5,0.5416666666666667,0.5416666666666667,,,,,0.5,,,False,False,Bruno Cabrera,,,,,,,,,,,True,False
Juan Ramírez,juan ramirez,NEWELL'S,Argentina,0.6,5,shots,shots,NEWELL'S,NEWELL'S,3,top,Juan Ramírez,Argentina,elite,2,2,2,0,1.0,0.5833333333333334,0.5833333333333334,,,,,1.0,,,False,False,Juan Ramírez,,,,,,,,,,,True,False
Alan Soñora,alan sonora,NEWELL'S,Argentina,0.0,5,shots_on_target,shots_on_target,NEWELL'S,NEWELL'S,1,bottom,Alan Soñora,Argentina,elite,2,2,2,0,0.0,0.0,0.0,,,,,0.0,,,False,False,Alan Soñora,,,,,,,,,,,True,False
Blas Benedetto,blas benedetto,NEWELL'S,Argentina,0.0,5,shots_on_target,shots_on_target,NEWELL'S,NEWELL'S,2,bottom,Blas Benedetto,Argentina,elite,2,2,2,0,0.0,0.0,0.0,,,,,0.0,,,False,False,Blas Benedetto,,,,,,,,,,,True,False
David Sotelo,david sotelo,NEWELL'S,Argentina,0.0,5,shots_on_target,shots_on_target,NEWELL'S,NEWELL'S,3,bottom,David Sotelo,Argentina,elite,2,2,2,0,0.0,0.0,0.0,,,,,0.0,,,False,False,David Sotelo,,,,,,,,,,,True,False
Bruno Cabrera,bruno cabrera,NEWELL'S,Argentina,0.4,5,shots_on_target,shots_on_target,NEWELL'S,NEWELL'S,1,top,Bruno Cabrera,Argentina,elite,2,2,2,0,0.5,0.08333333333333337,0.08333333333333337,,,,,0.5,,,False,False,Bruno Cabrera,,,,,,,,,,,True,False
Juan Ramírez,juan ramirez,NEWELL'S,Argentina,0.4,5,shots_on_target,shots_on_target,NEWELL'S,NEWELL'S,2,top,Juan Ramírez,Argentina,elite,2,2,2,0,0.5,0.08333333333333337,0.08333333333333337,,,,,0.5,,,False,False,Juan Ramírez,,,,,,,,,,,True,False
Walter Mazzantti,walter mazzantti,NEWELL'S,Argentina,0.4,5,shots_on_target,shots_on_target,NEWELL'S,NEWELL'S,3,top,Walter Mazzantti,Argentina,elite,2,2,2,0,1.0,0.875,0.875,,,,,1.0,,,False,False,Walter Mazzantti,,,,,,,,,,,True,False
Angelina,angelina,ORLANDO PRIDE,NWSL,0.0,8,assists,assists,ORLANDO PRIDE,ORLANDO PRIDE,1,bottom,Angelina,NWSL,weak,5,5,2,3,0.0,0.0,0.0,0.0,,,0.0,0.0,0.0,0.0,False,False,Angelina,,,,,,,,,,,True,False
Anna Moorhouse,anna moorhouse,ORLANDO PRIDE,NWSL,0.0,8,assists,assists,ORLANDO PRIDE,ORLANDO PRIDE,2,bottom,Anna Moorhouse,NWSL,weak,5,5,2,3,0.0,0.0,0.0,0.0,,,0.0,0.0,0.0,0.0,False,False,Anna Moorhouse,,,,,,,,,,,True,False
Cosette Morche,cosette morche,ORLANDO PRIDE,NWSL,0.0,8,assists,assists,ORLANDO PRIDE,ORLANDO PRIDE,3,bottom,Cosette Morche,NWSL,weak,5,5,2,3,0.0,0.0,0.0,0.0,,,0.0,0.0,0.0,0.0,False,False,Cosette Morche,,,,,,,,,,,True,False
Ally Lemos,ally lemos,ORLANDO PRIDE,NWSL,0.125,8,assists,assists,ORLANDO PRIDE,ORLANDO PRIDE,1,top,Ally Lemos,NWSL,weak,5,5,2,3,0.0,-0.21857142857142856,-0.23809523809523808,-0.20555555555555557,,0.36194820401457606,0.0,0.0,0.03253968253968251,0.03253968253968251,False,False,Ally Lemos,,,,,,,,,,,True,False
Cori Dyke,cori dyke,ORLANDO PRIDE,NWSL,0.125,8,assists,assists,ORLANDO PRIDE,ORLANDO PRIDE,2,top,Cori Dyke,NWSL,weak,5,5,2,3,0.2,0.09809523809523811,-0.07142857142857142,0.21111111111111114,,0.3783341832388839,0.3333333333333333,0.0,0.28253968253968254,0.28253968253968254,False,False,Cori Dyke,,,,,,,,,,,True,False
Lizbeth Ovalle,lizbeth ovalle,ORLANDO PRIDE,NWSL,0.125,8,assists,assists,ORLANDO PRIDE,ORLANDO PRIDE,3,top,Lizbeth Ovalle,NWSL,weak,5,5,2,3,0.0,-0.21857142857142856,-0.23809523809523808,-0.20555555555555557,,0.36194820401457606,0.0,0.0,0.03253968253968251,0.03253968253968251,False,False,Lizbeth Ovalle,,,,,,,,,,,True,False
Ally Lemos,ally lemos,ORLANDO PRIDE,NWSL,0.0,8,goals,goals,ORLANDO PRIDE,ORLANDO PRIDE,1,bottom,Ally Lemos,NWSL,weak,5,5,2,3,0.0,0.0,0.0,0.0,,,0.0,0.0,0.0,0.0,False,False,Ally Lemos,,,,,,,,,,,True,False
Angelina,angelina,ORLANDO PRIDE,NWSL,0.0,8,goals,goals,ORLANDO PRIDE,ORLANDO PRIDE,2,bottom,Angelina,NWSL,weak,5,5,2,3,0.0,0.0,0.0,0.0,,,0.0,0.0,0.0,0.0,False,False,Angelina,,,,,,,,,,,True,False
Anna Moorhouse,anna moorhouse,ORLANDO PRIDE,NWSL,0.0,8,goals,goals,ORLANDO PRIDE,ORLANDO PRIDE,3,bottom,Anna Moorhouse,NWSL,weak,5,5,2,3,0.0,0.0,0.0,0.0,,,0.0,0.0,0.0,0.0,False,False,Anna Moorhouse,,,,,,,,,,,True,False
Marta,marta,ORLANDO PRIDE,NWSL,0.2,5,goals,goals,ORLANDO PRIDE,ORLANDO PRIDE,1,top,Marta,NWSL,weak,2,2,0,2,0.0,-0.29166666666666663,,-0.29166666666666663,,,0.0,,,,False,False,Marta,,,,,,,,,,,True,False
Kerry Abello,kerry abello,ORLANDO PRIDE,NWSL,0.16666666666666666,6,goals,goals,ORLANDO PRIDE,ORLANDO PRIDE,2,top,Kerry Abello,NWSL,weak,3,3,1,2,0.3333333333333333,0.3333333333333333,0.0,0.5,,,0.5,0.0,0.5,0.5,False,False,Kerry Abello,,,,,,,,,,,True,False
Julie Doyle,julie doyle,ORLANDO PRIDE,NWSL,0.125,8,goals,goals,ORLANDO PRIDE,ORLANDO PRIDE,3,top,Julie Doyle,NWSL,weak,5,5,2,3,0.2,0.09809523809523811,-0.07142857142857142,0.21111111111111114,,0.3783341832388839,0.3333333333333333,0.0,0.28253968253968254,0.28253968253968254,False,False,Julie Doyle,,,,,,,,,,,True,False
Cosette Morche,cosette morche,ORLANDO PRIDE,NWSL,0.0,8,saves,saves,ORLANDO PRIDE,ORLANDO PRIDE,1,bottom,Cosette Morche,NWSL,weak,5,5,2,3,0.0,0.0,0.0,0.0,,,0.0,0.0,0.0,0.0,False,False,Cosette Morche,,,,,,,,,,,True,False
Anna Moorhouse,anna moorhouse,ORLANDO PRIDE,NWSL,3.375,8,saves,saves,ORLANDO PRIDE,ORLANDO PRIDE,2,bottom,Anna Moorhouse,NWSL,weak,5,5,2,3,0.2,-1.2676190476190476,-2.1190476190476195,-0.7000000000000001,,0.6199765595903494,0.3333333333333333,0.0,1.4190476190476193,1.4190476190476193,False,True,Anna Moorhouse,,,,,,,,,,,True,False
Anna Moorhouse,anna moorhouse,ORLANDO PRIDE,NWSL,3.375,8,saves,saves,ORLANDO PRIDE,ORLANDO PRIDE,1,top,Anna Moorhouse,NWSL,weak,5,5,2,3,0.2,-1.2676190476190476,-2.1190476190476195,-0.7000000000000001,,0.6199765595903494,0.3333333333333333,0.0,1.4190476190476193,1.4190476190476193,False,True,Anna Moorhouse,,,,,,,,,,,True,False
Cosette Morche,cosette morche,ORLANDO PRIDE,NWSL,0.0,8,saves,saves,ORLANDO PRIDE,ORLANDO PRIDE,2,top,Cosette Morche,NWSL,weak,5,5,2,3,0.0,0.0,0.0,0.0,,,0.0,0.0,0.0,0.0,False,False,Cosette Morche,,,,,,,,,,,True,False
Anna Moorhouse,anna moorhouse,ORLANDO PRIDE,NWSL,0.0,8,shots,shots,ORLANDO PRIDE,ORLANDO PRIDE,1,bottom,Anna Moorhouse,NWSL,weak,5,5,2,3,0.0,0.0,0.0,0.0,,,0.0,0.0,0.0,0.0,False,False,Anna Moorhouse,,,,,,,,,,,True,False
Cori Dyke,cori dyke,ORLANDO PRIDE,NWSL,0.0,8,shots,shots,ORLANDO PRIDE,ORLANDO PRIDE,2,bottom,Cori Dyke,NWSL,weak,5,5,2,3,0.0,0.0,0.0,0.0,,,0.0,0.0,0.0,0.0,False,False,Cori Dyke,,,,,,,,,,,True,False
Cosette Morche,cosette morche,ORLANDO PRIDE,NWSL,0.0,8,shots,shots,ORLANDO PRIDE,ORLANDO PRIDE,3,bottom,Cosette Morche,NWSL,weak,5,5,2,3,0.0,0.0,0.0,0.0,,,0.0,0.0,0.0,0.0,False,False,Cosette Morche,,,,,,,,,,,True,False
Marta,marta,ORLANDO PRIDE,NWSL,1.8,5,shots,shots,ORLANDO PRIDE,ORLANDO PRIDE,1,top,Marta,NWSL,weak,2,2,0,2,1.0,1.625,,1.625,,,1.0,,,,False,False,Marta,,,,,,,,,,,True,False
Solai Washington,solai washington,ORLANDO PRIDE,NWSL,1.75,8,shots,shots,ORLANDO PRIDE,ORLANDO PRIDE,2,top,Solai Washington,NWSL,weak,5,5,2,3,0.2,-0.6280952380952382,-1.5952380952380953,0.016666666666666607,,0.6442979485667645,0.3333333333333333,0.0,1.611904761904762,1.611904761904762,False,True,Solai Washington,,,,,,,,,,,True,False
Angelina,angelina,ORLANDO PRIDE,NWSL,1.5,8,shots,shots,ORLANDO PRIDE,ORLANDO PRIDE,3,top,Angelina,NWSL,weak,5,5,2,3,0.2,-0.6095238095238095,-1.8571428571428572,0.22222222222222224,,0.7085729105832353,0.3333333333333333,0.0,2.0793650793650795,2.0793650793650795,False,True,Angelina,,,,,,,,,,,True,False
Anna Moorhouse,anna moorhouse,ORLANDO PRIDE,NWSL,0.0,8,shots_on_target,shots_on_target,ORLANDO PRIDE,ORLANDO PRIDE,1,bottom,Anna Moorhouse,NWSL,weak,5,5,2,3,0.0,0.0,0.0,0.0,,,0.0,0.0,0.0,0.0,False,False,Anna Moorhouse,,,,,,,,,,,True,False
Cori Dyke,cori dyke,ORLANDO PRIDE,NWSL,0.0,8,shots_on_target,shots_on_target,ORLANDO PRIDE,ORLANDO PRIDE,2,bottom,Cori Dyke,NWSL,weak,5,5,2,3,0.0,0.0,0.0,0.0,,,0.0,0.0,0.0,0.0,False,False,Cori Dyke,,,,,,,,,,,True,False
Cosette Morche,cosette morche,ORLANDO PRIDE,NWSL,0.0,8,shots_on_target,shots_on_target,ORLANDO PRIDE,ORLANDO PRIDE,3,bottom,Cosette Morche,NWSL,weak,5,5,2,3,0.0,0.0,0.0,0.0,,,0.0,0.0,0.0,0.0,False,False,Cosette Morche,,,,,,,,,,,True,False
Marta,marta,ORLANDO PRIDE,NWSL,0.8,5,shots_on_target,shots_on_target,ORLANDO PRIDE,ORLANDO PRIDE,1,top,Marta,NWSL,weak,2,2,0,2,0.5,0.16666666666666674,,0.16666666666666674,,,0.5,,,,False,False,Marta,,,,,,,,,,,True,False
Lizbeth Ovalle,lizbeth ovalle,ORLANDO PRIDE,NWSL,0.75,8,shots_on_target,shots_on_target,ORLANDO PRIDE,ORLANDO PRIDE,2,top,Lizbeth Ovalle,NWSL,weak,5,5,2,3,0.6,0.549047619047619,0.5476190476190477,0.5499999999999999,,0.2051903682459478,0.6666666666666666,0.5,0.0023809523809522615,0.0023809523809522615,False,False,Lizbeth Ovalle,,,,,,,,,,,True,False
Solai Washington,solai washington,ORLANDO PRIDE,NWSL,0.75,8,shots_on_target,shots_on_target,ORLANDO PRIDE,ORLANDO PRIDE,3,top,Solai Washington,NWSL,weak,5,5,2,3,0.6,0.13047619047619047,-0.19047619047619047,0.3444444444444444,,0.4789420436048735,0.6666666666666666,0.5,0.5349206349206348,0.5349206349206348,True,False,Solai Washington,,,,,,,,,,,True,False
Andreas Pereira,andreas pereira,PALMEIRAS,Brazil,0.0,5,assists,assists,PALMEIRAS,PALMEIRAS,1,bottom,Andreas Pereira,Brazil,elite,2,2,1,0,0.0,0.0,0.0,,0.0,,,0.0,,,False,False,Andreas Pereira,,,,,,,,,,,True,False
Arthur Gabriel,arthur gabriel,PALMEIRAS,Brazil,0.0,5,assists,assists,PALMEIRAS,PALMEIRAS,2,bottom,Arthur Gabriel,Brazil,elite,2,2,1,0,0.0,0.0,0.0,,0.0,,,0.0,,,False,False,Arthur Gabriel,,,,,,,,,,,True,False
Carlos Miguel,carlos miguel,PALMEIRAS,Brazil,0.0,5,assists,assists,PALMEIRAS,PALMEIRAS,3,bottom,Carlos Miguel,Brazil,elite,2,2,1,0,0.0,0.0,0.0,,0.0,,,0.0,,,False,False,Carlos Miguel,,,,,,,,,,,True,False
Joaquín Piquerez,joaquin piquerez,PALMEIRAS,Brazil,0.6,5,assists,assists,PALMEIRAS,PALMEIRAS,1,top,Joaquín Piquerez,Brazil,elite,2,2,1,0,0.5,-0.08333333333333331,0.5,,-0.6666666666666666,,,1.0,,,False,False,Joaquín Piquerez,,,,,,,,,,,True,False
Jhon Arias,jhon arias,PALMEIRAS,Brazil,0.2,5,assists,assists,PALMEIRAS,PALMEIRAS,2,top,Jhon Arias,Brazil,elite,4,4,2,0,0.25,0.15833333333333335,-0.08333333333333333,,0.4,,,0.0,,,False,False,Jhon Arias,,,,,,,,,,,True,False
Andreas Pereira,andreas pereira,PALMEIRAS,Brazil,0.0,5,assists,assists,PALMEIRAS,PALMEIRAS,3,top,Andreas Pereira,Brazil,elite,2,2,1,0,0.0,0.0,0.0,,0.0,,,0.0,,,False,False,Andreas Pereira,,,,,,,,,,,True,False
Andreas Pereira,andreas pereira,PALMEIRAS,Brazil,0.0,5,goals,goals,PALMEIRAS,PALMEIRAS,1,bottom,Andreas Pereira,Brazil,elite,2,2,1,0,0.0,0.0,0.0,,0.0,,,0.0,,,False,False,Andreas Pereira,,,,,,,,,,,True,False
Arthur Gabriel,arthur gabriel,PALMEIRAS,Brazil,0.0,5,goals,goals,PALMEIRAS,PALMEIRAS,2,bottom,Arthur Gabriel,Brazil,elite,2,2,1,0,0.0,0.0,0.0,,0.0,,,0.0,,,False,False,Arthur Gabriel,,,,,,,,,,,True,False
Carlos Miguel,carlos miguel,PALMEIRAS,Brazil,0.0,5,goals,goals,PALMEIRAS,PALMEIRAS,3,bottom,Carlos Miguel,Brazil,elite,2,2,1,0,0.0,0.0,0.0,,0.0,,,0.0,,,False,False,Carlos Miguel,,,,,,,,,,,True,False
Maurício,mauricio,PALMEIRAS,Brazil,0.8,5,goals,goals,PALMEIRAS,PALMEIRAS,1,top,Maurício,Brazil,mid,3,3,1,0,0.6666666666666666,-0.005555555555555536,0.4,,-0.20833333333333331,,,1.0,,,False,False,Maurício,,,,,,,,,,,True,False
Jhon Arias,jhon arias,PALMEIRAS,Brazil,0.2,5,goals,goals,PALMEIRAS,PALMEIRAS,2,top,Jhon Arias,Brazil,elite,4,4,2,0,0.25,-0.07916666666666666,-0.3333333333333333,,0.175,,,0.0,,,False,True,Jhon Arias,,,,,,,,,,,True,False
Andreas Pereira,andreas pereira,PALMEIRAS,Brazil,0.0,5,goals,goals,PALMEIRAS,PALMEIRAS,3,top,Andreas Pereira,Brazil,elite,2,2,1,0,0.0,0.0,0.0,,0.0,,,0.0,,,False,False,Andreas Pereira,,,,,,,,,,,True,False
Marcelo Lomba,marcelo lomba,PALMEIRAS,Brazil,0.0,5,saves,saves,PALMEIRAS,PALMEIRAS,1,bottom,Marcelo Lomba,Brazil,elite,2,2,1,0,0.0,0.0,0.0,,0.0,,,0.0,,,False,False,Marcelo Lomba,,,,,,,,,,,True,False
Carlos Miguel,carlos miguel,PALMEIRAS,Brazil,3.0,5,saves,saves,PALMEIRAS,PALMEIRAS,2,bottom,Carlos Miguel,Brazil,elite,2,2,1,0,0.0,-0.6666666666666667,0.0,,-1.3333333333333335,,,0.0,,,False,False,Carlos Miguel,,,,,,,,,,,True,False
Carlos Miguel,carlos miguel,PALMEIRAS,Brazil,3.0,5,saves,saves,PALMEIRAS,PALMEIRAS,1,top,Carlos Miguel,Brazil,elite,2,2,1,0,0.0,-0.6666666666666667,0.0,,-1.3333333333333335,,,0.0,,,False,False,Carlos Miguel,,,,,,,,,,,True,False
Marcelo Lomba,marcelo lomba,PALMEIRAS,Brazil,0.0,5,saves,saves,PALMEIRAS,PALMEIRAS,2,top,Marcelo Lomba,Brazil,elite,2,2,1,0,0.0,0.0,0.0,,0.0,,,0.0,,,False,False,Marcelo Lomba,,,,,,,,,,,True,False
Arthur Gabriel,arthur gabriel,PALMEIRAS,Brazil,0.0,5,shots,shots,PALMEIRAS,PALMEIRAS,1,bottom,Arthur Gabriel,Brazil,elite,2,2,1,0,0.0,0.0,0.0,,0.0,,,0.0,,,False,False,Arthur Gabriel,,,,,,,,,,,True,False
Carlos Miguel,carlos miguel,PALMEIRAS,Brazil,0.0,5,shots,shots,PALMEIRAS,PALMEIRAS,2,bottom,Carlos Miguel,Brazil,elite,2,2,1,0,0.0,0.0,0.0,,0.0,,,0.0,,,False,False,Carlos Miguel,,,,,,,,,,,True,False
Luiz Benedetti,luiz benedetti,PALMEIRAS,Brazil,0.0,5,shots,shots,PALMEIRAS,PALMEIRAS,3,bottom,Luiz Benedetti,Brazil,elite,2,2,1,0,0.0,0.0,0.0,,0.0,,,0.0,,,False,False,Luiz Benedetti,,,,,,,,,,,True,False
Jhon Arias,jhon arias,PALMEIRAS,Brazil,3.2,5,shots,shots,PALMEIRAS,PALMEIRAS,1,top,Jhon Arias,Brazil,elite,4,4,2,0,0.75,0.8208333333333333,2.4166666666666665,,-0.7749999999999999,,,1.0,,,False,False,Jhon Arias,,,,,,,,,,,True,False
Maurício,mauricio,PALMEIRAS,Brazil,2.4,5,shots,shots,PALMEIRAS,PALMEIRAS,2,top,Maurício,Brazil,mid,3,3,1,0,0.3333333333333333,-0.34444444444444455,-0.20000000000000018,,-0.41666666666666674,,,0.0,,,False,False,Maurício,,,,,,,,,,,True,False
Andreas Pereira,andreas pereira,PALMEIRAS,Brazil,2.0,5,shots,shots,PALMEIRAS,PALMEIRAS,3,top,Andreas Pereira,Brazil,elite,2,2,1,0,0.5,0.4166666666666665,-2.5,,3.333333333333333,,,0.0,,,False,False,Andreas Pereira,,,,,,,,,,,True,False
Arthur Gabriel,arthur gabriel,PALMEIRAS,Brazil,0.0,5,shots_on_target,shots_on_target,PALMEIRAS,PALMEIRAS,1,bottom,Arthur Gabriel,Brazil,elite,2,2,1,0,0.0,0.0,0.0,,0.0,,,0.0,,,False,False,Arthur Gabriel,,,,,,,,,,,True,False
Carlos Miguel,carlos miguel,PALMEIRAS,Brazil,0.0,5,shots_on_target,shots_on_target,PALMEIRAS,PALMEIRAS,2,bottom,Carlos Miguel,Brazil,elite,2,2,1,0,0.0,0.0,0.0,,0.0,,,0.0,,,False,False,Carlos Miguel,,,,,,,,,,,True,False
Joaquín Piquerez,joaquin piquerez,PALMEIRAS,Brazil,0.0,5,shots_on_target,shots_on_target,PALMEIRAS,PALMEIRAS,3,bottom,Joaquín Piquerez,Brazil,elite,2,2,1,0,0.0,0.0,0.0,,0.0,,,0.0,,,False,False,Joaquín Piquerez,,,,,,,,,,,True,False
Maurício,mauricio,PALMEIRAS,Brazil,1.6,5,shots_on_target,shots_on_target,PALMEIRAS,PALMEIRAS,1,top,Maurício,Brazil,mid,3,3,1,0,0.3333333333333333,-0.07777777777777772,-0.3999999999999999,,0.08333333333333337,,,0.0,,,False,False,Maurício,,,,,,,,,,,True,False
Jhon Arias,jhon arias,PALMEIRAS,Brazil,0.6,5,shots_on_target,shots_on_target,PALMEIRAS,PALMEIRAS,2,top,Jhon Arias,Brazil,elite,4,4,2,0,0.5,0.17500000000000007,5.551115123125783e-17,,0.35,,,0.5,,,False,False,Jhon Arias,,,,,,,,,,,True,False
Murilo,murilo,PALMEIRAS,Brazil,0.6,5,shots_on_target,shots_on_target,PALMEIRAS,PALMEIRAS,3,top,Murilo,Brazil,elite,2,2,1,0,0.5,-0.08333333333333331,0.5,,-0.6666666666666666,,,1.0,,,False,False,Murilo,,,,,,,,,,,True,False
Agustín Lagos,agustin lagos,PLATENSE,Argentina,0.0,5,assists,assists,PLATENSE,PLATENSE,1,bottom,Agustín Lagos,Argentina,elite,2,2,2,0,0.0,0.0,0.0,,,,,0.0,,,False,False,Agustín Lagos,,,,,,,,,,,True,False
Bautista Merlini,bautista merlini,PLATENSE,Argentina,0.0,5,assists,assists,PLATENSE,PLATENSE,2,bottom,Bautista Merlini,Argentina,elite,2,2,2,0,0.0,0.0,0.0,,,,,0.0,,,False,False,Bautista Merlini,,,,,,,,,,,True,False
Felipe Bussio,felipe bussio,PLATENSE,Argentina,0.0,5,assists,assists,PLATENSE,PLATENSE,3,bottom,Felipe Bussio,Argentina,elite,2,2,2,0,0.0,0.0,0.0,,,,,0.0,,,False,False,Felipe Bussio,,,,,,,,,,,True,False
Juan Gauto,juan gauto,PLATENSE,Argentina,0.2,5,assists,assists,PLATENSE,PLATENSE,1,top,Juan Gauto,Argentina,elite,2,2,2,0,0.0,-0.29166666666666663,-0.29166666666666663,,,,,0.0,,,False,False,Juan Gauto,,,,,,,,,,,True,False
Agustín Lagos,agustin lagos,PLATENSE,Argentina,0.0,5,assists,assists,PLATENSE,PLATENSE,2,top,Agustín Lagos,Argentina,elite,2,2,2,0,0.0,0.0,0.0,,,,,0.0,,,False,False,Agustín Lagos,,,,,,,,,,,True,False
Bautista Merlini,bautista merlini,PLATENSE,Argentina,0.0,5,assists,assists,PLATENSE,PLATENSE,3,top,Bautista Merlini,Argentina,elite,2,2,2,0,0.0,0.0,0.0,,,,,0.0,,,False,False,Bautista Merlini,,,,,,,,,,,True,False
Agustín Lagos,agustin lagos,PLATENSE,Argentina,0.0,5,goals,goals,PLATENSE,PLATENSE,1,bottom,Agustín Lagos,Argentina,elite,2,2,2,0,0.0,0.0,0.0,,,,,0.0,,,False,False,Agustín Lagos,,,,,,,,,,,True,False
Felipe Bussio,felipe bussio,PLATENSE,Argentina,0.0,5,goals,goals,PLATENSE,PLATENSE,2,bottom,Felipe Bussio,Argentina,elite,2,2,2,0,0.0,0.0,0.0,,,,,0.0,,,False,False,Felipe Bussio,,,,,,,,,,,True,False
Ignacio Vázquez,ignacio vazquez,PLATENSE,Argentina,0.0,5,goals,goals,PLATENSE,PLATENSE,3,bottom,Ignacio Vázquez,Argentina,elite,2,2,2,0,0.0,0.0,0.0,,,,,0.0,,,False,False,Ignacio Vázquez,,,,,,,,,,,True,False
Bautista Merlini,bautista merlini,PLATENSE,Argentina,0.2,5,goals,goals,PLATENSE,PLATENSE,1,top,Bautista Merlini,Argentina,elite,2,2,2,0,0.0,-0.29166666666666663,-0.29166666666666663,,,,,0.0,,,False,False,Bautista Merlini,,,,,,,,,,,True,False
Guido Mainero,guido mainero,PLATENSE,Argentina,0.2,5,goals,goals,PLATENSE,PLATENSE,2,top,Guido Mainero,Argentina,elite,2,2,2,0,0.5,0.375,0.375,,,,,0.5,,,False,False,Guido Mainero,,,,,,,,,,,True,False
Nicolas Retamar,nicolas retamar,PLATENSE,Argentina,0.2,5,goals,goals,PLATENSE,PLATENSE,3,top,Nicolas Retamar,Argentina,elite,2,2,2,0,0.5,0.5,0.5,,,,,0.5,,,False,False,Nicolas Retamar,,,,,,,,,,,True,False
Nicolás Sumavil,nicolas sumavil,PLATENSE,Argentina,0.0,5,saves,saves,PLATENSE,PLATENSE,1,bottom,Nicolás Sumavil,Argentina,elite,2,2,2,0,0.0,0.0,0.0,,,,,0.0,,,False,False,Nicolás Sumavil,,,,,,,,,,,True,False
Juan Pablo Cozzani,juan pablo cozzani,PLATENSE,Argentina,3.6,5,saves,saves,PLATENSE,PLATENSE,2,bottom,Juan Pablo Cozzani,Argentina,elite,2,2,2,0,0.5,0.45833333333333326,0.45833333333333326,,,,,0.5,,,False,False,Juan Pablo Cozzani,,,,,,,,,,,True,False
Juan Pablo Cozzani,juan pablo cozzani,PLATENSE,Argentina,3.6,5,saves,saves,PLATENSE,PLATENSE,1,top,Juan Pablo Cozzani,Argentina,elite,2,2,2,0,0.5,0.45833333333333326,0.45833333333333326,,,,,0.5,,,False,False,Juan Pablo Cozzani,,,,,,,,,,,True,False
Nicolás Sumavil,nicolas sumavil,PLATENSE,Argentina,0.0,5,saves,saves,PLATENSE,PLATENSE,2,top,Nicolás Sumavil,Argentina,elite,2,2,2,0,0.0,0.0,0.0,,,,,0.0,,,False,False,Nicolás Sumavil,,,,,,,,,,,True,False
Felipe Bussio,felipe bussio,PLATENSE,Argentina,0.0,5,shots,shots,PLATENSE,PLATENSE,1,bottom,Felipe Bussio,Argentina,elite,2,2,2,0,0.0,0.0,0.0,,,,,0.0,,,False,False,Felipe Bussio,,,,,,,,,,,True,False
Juan Gauto,juan gauto,PLATENSE,Argentina,0.0,5,shots,shots,PLATENSE,PLATENSE,2,bottom,Juan Gauto,Argentina,elite,2,2,2,0,0.0,0.0,0.0,,,,,0.0,,,False,False,Juan Gauto,,,,,,,,,,,True,False
Juan Pablo Cozzani,juan pablo cozzani,PLATENSE,Argentina,0.0,5,shots,shots,PLATENSE,PLATENSE,3,bottom,Juan Pablo Cozzani,Argentina,elite,2,2,2,0,0.0,0.0,0.0,,,,,0.0,,,False,False,Juan Pablo Cozzani,,,,,,,,,,,True,False
Nicolas Retamar,nicolas retamar,PLATENSE,Argentina,1.8,5,shots,shots,PLATENSE,PLATENSE,1,top,Nicolas Retamar,Argentina,elite,2,2,2,0,0.5,-0.375,-0.375,,,,,0.5,,,False,True,Nicolas Retamar,,,,,,,,,,,True,False
Guido Mainero,guido mainero,PLATENSE,Argentina,1.6,5,shots,shots,PLATENSE,PLATENSE,2,top,Guido Mainero,Argentina,elite,2,2,2,0,1.0,0.5833333333333334,0.5833333333333334,,,,,1.0,,,False,False,Guido Mainero,,,,,,,,,,,True,False
Ignacio Vázquez,ignacio vazquez,PLATENSE,Argentina,1.2,5,shots,shots,PLATENSE,PLATENSE,3,top,Ignacio Vázquez,Argentina,elite,2,2,2,0,0.5,-0.16666666666666663,-0.16666666666666663,,,,,0.5,,,False,False,Ignacio Vázquez,,,,,,,,,,,True,False
Felipe Bussio,felipe bussio,PLATENSE,Argentina,0.0,5,shots_on_target,shots_on_target,PLATENSE,PLATENSE,1,bottom,Felipe Bussio,Argentina,elite,2,2,2,0,0.0,0.0,0.0,,,,,0.0,,,False,False,Felipe Bussio,,,,,,,,,,,True,False
Juan Gauto,juan gauto,PLATENSE,Argentina,0.0,5,shots_on_target,shots_on_target,PLATENSE,PLATENSE,2,bottom,Juan Gauto,Argentina,elite,2,2,2,0,0.0,0.0,0.0,,,,,0.0,,,False,False,Juan Gauto,,,,,,,,,,,True,False
Juan Pablo Cozzani,juan pablo cozzani,PLATENSE,Argentina,0.0,5,shots_on_target,shots_on_target,PLATENSE,PLATENSE,3,bottom,Juan Pablo Cozzani,Argentina,elite,2,2,2,0,0.0,0.0,0.0,,,,,0.0,,,False,False,Juan Pablo Cozzani,,,,,,,,,,,True,False
Nicolas Retamar,nicolas retamar,PLATENSE,Argentina,0.8,5,shots_on_target,shots_on_target,PLATENSE,PLATENSE,1,top,Nicolas Retamar,Argentina,elite,2,2,2,0,0.5,-0.375,-0.375,,,,,0.5,,,False,True,Nicolas Retamar,,,,,,,,,,,True,False
Ignacio Vázquez,ignacio vazquez,PLATENSE,Argentina,0.6,5,shots_on_target,shots_on_target,PLATENSE,PLATENSE,2,top,Ignacio Vázquez,Argentina,elite,2,2,2,0,0.5,0.7083333333333334,0.7083333333333334,,,,,0.5,,,False,False,Ignacio Vázquez,,,,,,,,,,,True,False
Bautista Merlini,bautista merlini,PLATENSE,Argentina,0.4,5,shots_on_target,shots_on_target,PLATENSE,PLATENSE,3,top,Bautista Merlini,Argentina,elite,2,2,2,0,0.0,-0.5833333333333333,-0.5833333333333333,,,,,0.0,,,False,True,Bautista Merlini,,,,,,,,,,,True,False
Antony,antony,PORTLAND,MLS,0.0,5,assists,assists,PORTLAND,PORTLAND,1,bottom,Antony,MLS,elite,2,2,2,0,0.0,0.0,0.0,,,,,0.0,,,False,False,Antony,,,,,,,,,,,True,False
Cole Bassett,cole bassett,PORTLAND,MLS,0.0,5,assists,assists,PORTLAND,PORTLAND,2,bottom,Cole Bassett,MLS,elite,2,2,2,0,0.0,0.0,0.0,,,,,0.0,,,False,False,Cole Bassett,,,,,,,,,,,True,False
Diego Chará,diego chara,PORTLAND,MLS,0.0,5,assists,assists,PORTLAND,PORTLAND,3,bottom,Diego Chará,MLS,elite,2,2,2,0,0.0,0.0,0.0,,,,,0.0,,,False,False,Diego Chará,,,,,,,,,,,True,False
David Da Costa,david da costa,PORTLAND,MLS,0.6,5,assists,assists,PORTLAND,PORTLAND,1,top,David Da Costa,MLS,elite,2,2,2,0,0.5,-0.20833333333333331,-0.20833333333333331,,,,,0.5,,,False,False,David Da Costa,,,,,,,,,,,True,False
Brandon Bye,brandon bye,PORTLAND,MLS,0.4,5,assists,assists,PORTLAND,PORTLAND,2,top,Brandon Bye,MLS,elite,2,2,2,0,0.5,0.20833333333333334,0.20833333333333334,,,,,0.5,,,False,False,Brandon Bye,,,,,,,,,,,True,False
Ariel Lassiter,ariel lassiter,PORTLAND,MLS,0.2,5,assists,assists,PORTLAND,PORTLAND,3,top,Ariel Lassiter,MLS,elite,2,2,2,0,0.0,-0.29166666666666663,-0.29166666666666663,,,,,0.0,,,False,False,Ariel Lassiter,,,,,,,,,,,True,False
Antony,antony,PORTLAND,MLS,0.0,5,goals,goals,PORTLAND,PORTLAND,1,bottom,Antony,MLS,elite,2,2,2,0,0.0,0.0,0.0,,,,,0.0,,,False,False,Antony,,,,,,,,,,,True,False
Ariel Lassiter,ariel lassiter,PORTLAND,MLS,0.0,5,goals,goals,PORTLAND,PORTLAND,2,bottom,Ariel Lassiter,MLS,elite,2,2,2,0,0.0,0.0,0.0,,,,,0.0,,,False,False,Ariel Lassiter,,,,,,,,,,,True,False
David Da Costa,david da costa,PORTLAND,MLS,0.0,5,goals,goals,PORTLAND,PORTLAND,3,bottom,David Da Costa,MLS,elite,2,2,2,0,0.0,0.0,0.0,,,,,0.0,,,False,False,David Da Costa,,,,,,,,,,,True,False
Brandon Bye,brandon bye,PORTLAND,MLS,0.2,5,goals,goals,PORTLAND,PORTLAND,1,top,Brandon Bye,MLS,elite,2,2,2,0,0.5,0.375,0.375,,,,,0.5,,,False,False,Brandon Bye,,,,,,,,,,,True,False
Cole Bassett,cole bassett,PORTLAND,MLS,0.2,5,goals,goals,PORTLAND,PORTLAND,2,top,Cole Bassett,MLS,elite,2,2,2,0,0.0,-0.29166666666666663,-0.29166666666666663,,,,,0.0,,,False,False,Cole Bassett,,,,,,,,,,,True,False
Finn Surman,finn surman,PORTLAND,MLS,0.2,5,goals,goals,PORTLAND,PORTLAND,3,top,Finn Surman,MLS,elite,2,2,2,0,0.5,0.5,0.5,,,,,0.5,,,False,False,Finn Surman,,,,,,,,,,,True,False
Trey Muse,trey muse,PORTLAND,MLS,0.0,5,saves,saves,PORTLAND,PORTLAND,1,bottom,Trey Muse,MLS,elite,2,2,2,0,0.0,0.0,0.0,,,,,0.0,,,False,False,Trey Muse,,,,,,,,,,,True,False
James Pantemis,james pantemis,PORTLAND,MLS,2.0,5,saves,saves,PORTLAND,PORTLAND,2,bottom,James Pantemis,MLS,elite,2,2,2,0,0.0,0.0,0.0,,,,,0.0,,,False,False,James Pantemis,,,,,,,,,,,True,False
James Pantemis,james pantemis,PORTLAND,MLS,2.0,5,saves,saves,PORTLAND,PORTLAND,1,top,James Pantemis,MLS,elite,2,2,2,0,0.0,0.0,0.0,,,,,0.0,,,False,False,James Pantemis,,,,,,,,,,,True,False
Trey Muse,trey muse,PORTLAND,MLS,0.0,5,saves,saves,PORTLAND,PORTLAND,2,top,Trey Muse,MLS,elite,2,2,2,0,0.0,0.0,0.0,,,,,0.0,,,False,False,Trey Muse,,,,,,,,,,,True,False
Diego Chará,diego chara,PORTLAND,MLS,0.0,5,shots,shots,PORTLAND,PORTLAND,1,bottom,Diego Chará,MLS,elite,2,2,2,0,0.0,0.0,0.0,,,,,0.0,,,False,False,Diego Chará,,,,,,,,,,,True,False
Eric Miller,eric miller,PORTLAND,MLS,0.0,5,shots,shots,PORTLAND,PORTLAND,2,bottom,Eric Miller,MLS,elite,2,2,2,0,0.0,0.0,0.0,,,,,0.0,,,False,False,Eric Miller,,,,,,,,,,,True,False
James Pantemis,james pantemis,PORTLAND,MLS,0.0,5,shots,shots,PORTLAND,PORTLAND,3,bottom,James Pantemis,MLS,elite,2,2,2,0,0.0,0.0,0.0,,,,,0.0,,,False,False,James Pantemis,,,,,,,,,,,True,False
Antony,antony,PORTLAND,MLS,1.6,5,shots,shots,PORTLAND,PORTLAND,1,top,Antony,MLS,elite,2,2,2,0,0.0,-1.5416666666666667,-1.5416666666666667,,,,,0.0,,,False,True,Antony,,,,,,,,,,,True,False
Cole Bassett,cole bassett,PORTLAND,MLS,1.6,5,shots,shots,PORTLAND,PORTLAND,2,top,Cole Bassett,MLS,elite,2,2,2,0,0.0,-1.6666666666666667,-1.6666666666666667,,,,,0.0,,,False,True,Cole Bassett,,,,,,,,,,,True,False
David Da Costa,david da costa,PORTLAND,MLS,1.4,5,shots,shots,PORTLAND,PORTLAND,3,top,David Da Costa,MLS,elite,2,2,2,0,0.0,-0.5833333333333334,-0.5833333333333334,,,,,0.0,,,False,True,David Da Costa,,,,,,,,,,,True,False
Ariel Lassiter,ariel lassiter,PORTLAND,MLS,0.0,5,shots_on_target,shots_on_target,PORTLAND,PORTLAND,1,bottom,Ariel Lassiter,MLS,elite,2,2,2,0,0.0,0.0,0.0,,,,,0.0,,,False,False,Ariel Lassiter,,,,,,,,,,,True,False
Diego Chará,diego chara,PORTLAND,MLS,0.0,5,shots_on_target,shots_on_target,PORTLAND,PORTLAND,2,bottom,Diego Chará,MLS,elite,2,2,2,0,0.0,0.0,0.0,,,,,0.0,,,False,False,Diego Chará,,,,,,,,,,,True,False
Eric Miller,eric miller,PORTLAND,MLS,0.0,5,shots_on_target,shots_on_target,PORTLAND,PORTLAND,3,bottom,Eric Miller,MLS,elite,2,2,2,0,0.0,0.0,0.0,,,,,0.0,,,False,False,Eric Miller,,,,,,,,,,,True,False
Antony,antony,PORTLAND,MLS,0.8,5,shots_on_target,shots_on_target,PORTLAND,PORTLAND,1,top,Antony,MLS,elite,2,2,2,0,0.5,-0.375,-0.375,,,,,0.5,,,False,True,Antony,,,,,,,,,,,True,False
David Da Costa,david da costa,PORTLAND,MLS,0.8,5,shots_on_target,shots_on_target,PORTLAND,PORTLAND,2,top,David Da Costa,MLS,elite,2,2,2,0,0.0,-0.5,-0.5,,,,,0.0,,,False,True,David Da Costa,,,,,,,,,,,True,False
Brandon Bye,brandon bye,PORTLAND,MLS,0.4,5,shots_on_target,shots_on_target,PORTLAND,PORTLAND,3,top,Brandon Bye,MLS,elite,2,2,2,0,0.5,0.08333333333333337,0.08333333333333337,,,,,0.5,,,False,False,Brandon Bye,,,,,,,,,,,True,False
Diego Ortegoza,diego ortegoza,RACING,Argentina,0.0,5,assists,assists,RACING,RACING,1,bottom,Diego Ortegoza,Argentina,elite,2,2,2,0,0.0,0.0,0.0,,,,,0.0,,,False,False,Diego Ortegoza,,,,,,,,,,,True,False
Elías Torres,elias torres,RACING,Argentina,0.0,5,assists,assists,RACING,RACING,2,bottom,Elías Torres,Argentina,elite,2,2,2,0,0.0,0.0,0.0,,,,,0.0,,,False,False,Elías Torres,,,,,,,,,,,True,False
Ezequiel Cannavo,ezequiel cannavo,RACING,Argentina,0.0,5,assists,assists,RACING,RACING,3,bottom,Ezequiel Cannavo,Argentina,elite,2,2,2,0,0.0,0.0,0.0,,,,,0.0,,,False,False,Ezequiel Cannavo,,,,,,,,,,,True,False
Alejandro Tello,alejandro tello,RACING,Argentina,0.2,5,assists,assists,RACING,RACING,1,top,Alejandro Tello,Argentina,elite,2,2,2,0,0.5,0.375,0.375,,,,,0.5,,,False,False,Alejandro Tello,,,,,,,,,,,True,False
Matko Miljevic,matko miljevic,RACING,Argentina,0.2,5,assists,assists,RACING,RACING,2,top,Matko Miljevic,Argentina,elite,2,2,2,0,0.0,-0.29166666666666663,-0.29166666666666663,,,,,0.0,,,False,False,Matko Miljevic,,,,,,,,,,,True,False
Matías Kranevitter,matias kranevitter,RACING,Argentina,0.2,5,assists,assists,RACING,RACING,3,top,Matías Kranevitter,Argentina,elite,2,2,2,0,0.0,-0.29166666666666663,-0.29166666666666663,,,,,0.0,,,False,False,Matías Kranevitter,,,,,,,,,,,True,False
Alejandro Tello,alejandro tello,RACING,Argentina,0.0,5,goals,goals,RACING,RACING,1,bottom,Alejandro Tello,Argentina,elite,2,2,2,0,0.0,0.0,0.0,,,,,0.0,,,False,False,Alejandro Tello,,,,,,,,,,,True,False
Diego Ortegoza,diego ortegoza,RACING,Argentina,0.0,5,goals,goals,RACING,RACING,2,bottom,Diego Ortegoza,Argentina,elite,2,2,2,0,0.0,0.0,0.0,,,,,0.0,,,False,False,Diego Ortegoza,,,,,,,,,,,True,False
Elías Torres,elias torres,RACING,Argentina,0.0,5,goals,goals,RACING,RACING,3,bottom,Elías Torres,Argentina,elite,2,2,2,0,0.0,0.0,0.0,,,,,0.0,,,False,False,Elías Torres,,,,,,,,,,,True,False
Ezequiel Cannavo,ezequiel cannavo,RACING,Argentina,0.2,5,goals,goals,RACING,RACING,1,top,Ezequiel Cannavo,Argentina,elite,2,2,2,0,0.5,0.375,0.375,,,,,0.5,,,False,False,Ezequiel Cannavo,,,,,,,,,,,True,False
Matko Miljevic,matko miljevic,RACING,Argentina,0.2,5,goals,goals,RACING,RACING,2,top,Matko Miljevic,Argentina,elite,2,2,2,0,0.0,-0.29166666666666663,-0.29166666666666663,,,,,0.0,,,False,False,Matko Miljevic,,,,,,,,,,,True,False
Alejandro Tello,alejandro tello,RACING,Argentina,0.0,5,goals,goals,RACING,RACING,3,top,Alejandro Tello,Argentina,elite,2,2,2,0,0.0,0.0,0.0,,,,,0.0,,,False,False,Alejandro Tello,,,,,,,,,,,True,False
Facundo Cambeses,facundo cambeses,RACING,Argentina,2.8,5,saves,saves,RACING,RACING,1,bottom,Facundo Cambeses,Argentina,elite,2,2,2,0,0.5,0.7083333333333333,0.7083333333333333,,,,,0.5,,,False,False,Facundo Cambeses,,,,,,,,,,,True,False
Facundo Cambeses,facundo cambeses,RACING,Argentina,2.8,5,saves,saves,RACING,RACING,1,top,Facundo Cambeses,Argentina,elite,2,2,2,0,0.5,0.7083333333333333,0.7083333333333333,,,,,0.5,,,False,False,Facundo Cambeses,,,,,,,,,,,True,False
Facundo Cambeses,facundo cambeses,RACING,Argentina,0.0,5,shots,shots,RACING,RACING,1,bottom,Facundo Cambeses,Argentina,elite,2,2,2,0,0.0,0.0,0.0,,,,,0.0,,,False,False,Facundo Cambeses,,,,,,,,,,,True,False
Gastón Martirena,gaston martirena,RACING,Argentina,0.0,5,shots,shots,RACING,RACING,2,bottom,Gastón Martirena,Argentina,elite,2,2,2,0,0.0,0.0,0.0,,,,,0.0,,,False,False,Gastón Martirena,,,,,,,,,,,True,False
Gonzalo Escudero,gonzalo escudero,RACING,Argentina,0.0,5,shots,shots,RACING,RACING,3,bottom,Gonzalo Escudero,Argentina,elite,2,2,2,0,0.0,0.0,0.0,,,,,0.0,,,False,False,Gonzalo Escudero,,,,,,,,,,,True,False
Matko Miljevic,matko miljevic,RACING,Argentina,3.4,5,shots,shots,RACING,RACING,1,top,Matko Miljevic,Argentina,elite,2,2,2,0,1.0,1.7916666666666667,1.7916666666666667,,,,,1.0,,,False,False,Matko Miljevic,,,,,,,,,,,True,False
Tomás Conechny,tomas conechny,RACING,Argentina,1.4,5,shots,shots,RACING,RACING,2,top,Tomás Conechny,Argentina,elite,2,2,2,0,1.0,2.5833333333333335,2.5833333333333335,,,,,1.0,,,False,False,Tomás Conechny,,,,,,,,,,,True,False
Elías Torres,elias torres,RACING,Argentina,1.2,5,shots,shots,RACING,RACING,3,top,Elías Torres,Argentina,elite,2,2,2,0,1.0,2.0833333333333335,2.0833333333333335,,,,,1.0,,,False,False,Elías Torres,,,,,,,,,,,True,False
Facundo Cambeses,facundo cambeses,RACING,Argentina,0.0,5,shots_on_target,shots_on_target,RACING,RACING,1,bottom,Facundo Cambeses,Argentina,elite,2,2,2,0,0.0,0.0,0.0,,,,,0.0,,,False,False,Facundo Cambeses,,,,,,,,,,,True,False
Gastón Martirena,gaston martirena,RACING,Argentina,0.0,5,shots_on_target,shots_on_target,RACING,RACING,2,bottom,Gastón Martirena,Argentina,elite,2,2,2,0,0.0,0.0,0.0,,,,,0.0,,,False,False,Gastón Martirena,,,,,,,,,,,True,False
Gonzalo Escudero,gonzalo escudero,RACING,Argentina,0.0,5,shots_on_target,shots_on_target,RACING,RACING,3,bottom,Gonzalo Escudero,Argentina,elite,2,2,2,0,0.0,0.0,0.0,,,,,0.0,,,False,False,Gonzalo Escudero,,,,,,,,,,,True,False
Matko Miljevic,matko miljevic,RACING,Argentina,0.6,5,shots_on_target,shots_on_target,RACING,RACING,1,top,Matko Miljevic,Argentina,elite,2,2,2,0,0.5,-0.20833333333333331,-0.20833333333333331,,,,,0.5,,,False,False,Matko Miljevic,,,,,,,,,,,True,False
Alejandro Tello,alejandro tello,RACING,Argentina,0.4,5,shots_on_target,shots_on_target,RACING,RACING,2,top,Alejandro Tello,Argentina,elite,2,2,2,0,0.5,0.20833333333333334,0.20833333333333334,,,,,0.5,,,False,False,Alejandro Tello,,,,,,,,,,,True,False
Diego Ortegoza,diego ortegoza,RACING,Argentina,0.4,5,shots_on_target,shots_on_target,RACING,RACING,3,top,Diego Ortegoza,Argentina,elite,2,2,2,0,0.5,0.20833333333333334,0.20833333333333334,,,,,0.5,,,False,False,Diego Ortegoza,,,,,,,,,,,True,False
Alexander Díaz,alexander diaz,RIESTRA,Argentina,0.0,5,assists,assists,RIESTRA,RIESTRA,1,bottom,Alexander Díaz,Argentina,elite,2,2,2,0,0.0,0.0,0.0,,,,,0.0,,,False,False,Alexander Díaz,,,,,,,,,,,True,False
Brian Sánchez,brian sanchez,RIESTRA,Argentina,0.0,5,assists,assists,RIESTRA,RIESTRA,2,bottom,Brian Sánchez,Argentina,elite,2,2,2,0,0.0,0.0,0.0,,,,,0.0,,,False,False,Brian Sánchez,,,,,,,,,,,True,False
Cristian Paz,cristian paz,RIESTRA,Argentina,0.0,5,assists,assists,RIESTRA,RIESTRA,3,bottom,Cristian Paz,Argentina,elite,2,2,2,0,0.0,0.0,0.0,,,,,0.0,,,False,False,Cristian Paz,,,,,,,,,,,True,False
Antony Alonso,antony alonso,RIESTRA,Argentina,0.2,5,assists,assists,RIESTRA,RIESTRA,1,top,Antony Alonso,Argentina,elite,2,2,2,0,0.0,-0.29166666666666663,-0.29166666666666663,,,,,0.0,,,False,False,Antony Alonso,,,,,,,,,,,True,False
Carlos Quintana,carlos quintana,RIESTRA,Argentina,0.2,5,assists,assists,RIESTRA,RIESTRA,2,top,Carlos Quintana,Argentina,elite,2,2,2,0,0.0,-0.29166666666666663,-0.29166666666666663,,,,,0.0,,,False,False,Carlos Quintana,,,,,,,,,,,True,False
Nicolás Sansotre,nicolas sansotre,RIESTRA,Argentina,0.2,5,assists,assists,RIESTRA,RIESTRA,3,top,Nicolás Sansotre,Argentina,elite,2,2,2,0,0.0,-0.29166666666666663,-0.29166666666666663,,,,,0.0,,,False,False,Nicolás Sansotre,,,,,,,,,,,True,False
Carlos Quintana,carlos quintana,RIESTRA,Argentina,0.0,5,goals,goals,RIESTRA,RIESTRA,1,bottom,Carlos Quintana,Argentina,elite,2,2,2,0,0.0,0.0,0.0,,,,,0.0,,,False,False,Carlos Quintana,,,,,,,,,,,True,False
Cristian Paz,cristian paz,RIESTRA,Argentina,0.0,5,goals,goals,RIESTRA,RIESTRA,2,bottom,Cristian Paz,Argentina,elite,2,2,2,0,0.0,0.0,0.0,,,,,0.0,,,False,False,Cristian Paz,,,,,,,,,,,True,False
Facundo Miño,facundo mino,RIESTRA,Argentina,0.0,5,goals,goals,RIESTRA,RIESTRA,3,bottom,Facundo Miño,Argentina,elite,2,2,2,0,0.0,0.0,0.0,,,,,0.0,,,False,False,Facundo Miño,,,,,,,,,,,True,False
Antony Alonso,antony alonso,RIESTRA,Argentina,0.4,5,goals,goals,RIESTRA,RIESTRA,1,top,Antony Alonso,Argentina,elite,2,2,2,0,0.5,0.08333333333333337,0.08333333333333337,,,,,0.5,,,False,False,Antony Alonso,,,,,,,,,,,True,False
Alexander Díaz,alexander diaz,RIESTRA,Argentina,0.2,5,goals,goals,RIESTRA,RIESTRA,2,top,Alexander Díaz,Argentina,elite,2,2,2,0,0.0,-0.29166666666666663,-0.29166666666666663,,,,,0.0,,,False,False,Alexander Díaz,,,,,,,,,,,True,False
Brian Sánchez,brian sanchez,RIESTRA,Argentina,0.2,5,goals,goals,RIESTRA,RIESTRA,3,top,Brian Sánchez,Argentina,elite,2,2,2,0,0.0,-0.29166666666666663,-0.29166666666666663,,,,,0.0,,,False,False,Brian Sánchez,,,,,,,,,,,True,False
Marino Arzamendia,marino arzamendia,RIESTRA,Argentina,0.0,5,saves,saves,RIESTRA,RIESTRA,1,bottom,Marino Arzamendia,Argentina,elite,2,2,2,0,0.0,0.0,0.0,,,,,0.0,,,False,False,Marino Arzamendia,,,,,,,,,,,True,False
Ignacio Arce,ignacio arce,RIESTRA,Argentina,2.4,5,saves,saves,RIESTRA,RIESTRA,2,bottom,Ignacio Arce,Argentina,elite,2,2,2,0,0.0,-2.041666666666667,-2.041666666666667,,,,,0.0,,,False,True,Ignacio Arce,,,,,,,,,,,True,False
Ignacio Arce,ignacio arce,RIESTRA,Argentina,2.4,5,saves,saves,RIESTRA,RIESTRA,1,top,Ignacio Arce,Argentina,elite,2,2,2,0,0.0,-2.041666666666667,-2.041666666666667,,,,,0.0,,,False,True,Ignacio Arce,,,,,,,,,,,True,False
Marino Arzamendia,marino arzamendia,RIESTRA,Argentina,0.0,5,saves,saves,RIESTRA,RIESTRA,2,top,Marino Arzamendia,Argentina,elite,2,2,2,0,0.0,0.0,0.0,,,,,0.0,,,False,False,Marino Arzamendia,,,,,,,,,,,True,False
Cristian Paz,cristian paz,RIESTRA,Argentina,0.0,5,shots,shots,RIESTRA,RIESTRA,1,bottom,Cristian Paz,Argentina,elite,2,2,2,0,0.0,0.0,0.0,,,,,0.0,,,False,False,Cristian Paz,,,,,,,,,,,True,False
Facundo Miño,facundo mino,RIESTRA,Argentina,0.0,5,shots,shots,RIESTRA,RIESTRA,2,bottom,Facundo Miño,Argentina,elite,2,2,2,0,0.0,0.0,0.0,,,,,0.0,,,False,False,Facundo Miño,,,,,,,,,,,True,False
Ignacio Arce,ignacio arce,RIESTRA,Argentina,0.0,5,shots,shots,RIESTRA,RIESTRA,3,bottom,Ignacio Arce,Argentina,elite,2,2,2,0,0.0,0.0,0.0,,,,,0.0,,,False,False,Ignacio Arce,,,,,,,,,,,True,False
Milton Céliz,milton celiz,RIESTRA,Argentina,3.2,5,shots,shots,RIESTRA,RIESTRA,1,top,Milton Céliz,Argentina,elite,2,2,2,0,0.5,-0.5416666666666667,-0.5416666666666667,,,,,0.5,,,False,True,Milton Céliz,,,,,,,,,,,True,False
Tomás González,tomas gonzalez,RIESTRA,Argentina,1.6,5,shots,shots,RIESTRA,RIESTRA,2,top,Tomás González,Argentina,elite,4,4,4,0,0.75,1.3142857142857145,1.3142857142857145,,,,,0.75,,,False,False,Tomás González,Tomás González,ESTUDIANTES RC,ATL. TUCUMÁN,shots,4.5,,,0.0,1.6,tomas gonzalez,True,False
Tomás González,tomas gonzalez,RIESTRA,Argentina,1.6,5,shots,shots,RIESTRA,RIESTRA,2,top,Tomás González,Argentina,elite,4,4,4,0,0.75,1.3142857142857145,1.3142857142857145,,,,,0.75,,,False,False,Tomás González,Tomás González,ESTUDIANTES RC,ATL. TUCUMÁN,shots,1.5,,,0.6,1.6,tomas gonzalez,True,False
Tomás González,tomas gonzalez,RIESTRA,Argentina,1.6,5,shots,shots,RIESTRA,RIESTRA,2,top,Tomás González,Argentina,elite,4,4,4,0,0.75,1.3142857142857145,1.3142857142857145,,,,,0.75,,,False,False,Tomás González,Tomás González,ESTUDIANTES RC,ATL. TUCUMÁN,shots,0.5,,,0.6,1.6,tomas gonzalez,True,False
Alexander Díaz,alexander diaz,RIESTRA,Argentina,1.4,5,shots,shots,RIESTRA,RIESTRA,3,top,Alexander Díaz,Argentina,elite,2,2,2,0,0.5,1.0,1.0,,,,,0.5,,,False,False,Alexander Díaz,,,,,,,,,,,True,False
Cristian Paz,cristian paz,RIESTRA,Argentina,0.0,5,shots_on_target,shots_on_target,RIESTRA,RIESTRA,1,bottom,Cristian Paz,Argentina,elite,2,2,2,0,0.0,0.0,0.0,,,,,0.0,,,False,False,Cristian Paz,,,,,,,,,,,True,False
Facundo Miño,facundo mino,RIESTRA,Argentina,0.0,5,shots_on_target,shots_on_target,RIESTRA,RIESTRA,2,bottom,Facundo Miño,Argentina,elite,2,2,2,0,0.0,0.0,0.0,,,,,0.0,,,False,False,Facundo Miño,,,,,,,,,,,True,False
Ignacio Arce,ignacio arce,RIESTRA,Argentina,0.0,5,shots_on_target,shots_on_target,RIESTRA,RIESTRA,3,bottom,Ignacio Arce,Argentina,elite,2,2,2,0,0.0,0.0,0.0,,,,,0.0,,,False,False,Ignacio Arce,,,,,,,,,,,True,False
Milton Céliz,milton celiz,RIESTRA,Argentina,1.4,5,shots_on_target,shots_on_target,RIESTRA,RIESTRA,1,top,Milton Céliz,Argentina,elite,2,2,2,0,0.5,-0.04166666666666663,-0.04166666666666663,,,,,0.5,,,False,False,Milton Céliz,,,,,,,,,,,True,False
Alexander Díaz,alexander diaz,RIESTRA,Argentina,0.6,5,shots_on_target,shots_on_target,RIESTRA,RIESTRA,2,top,Alexander Díaz,Argentina,elite,2,2,2,0,0.5,0.7083333333333334,0.7083333333333334,,,,,0.5,,,False,False,Alexander Díaz,,,,,,,,,,,True,False
Antony Alonso,antony alonso,RIESTRA,Argentina,0.6,5,shots_on_target,shots_on_target,RIESTRA,RIESTRA,3,top,Antony Alonso,Argentina,elite,2,2,2,0,0.5,-0.20833333333333331,-0.20833333333333331,,,,,0.5,,,False,False,Antony Alonso,,,,,,,,,,,True,False
Alejo Osella,alejo osella,RIVER,Argentina,0.0,5,assists,assists,RIVER,RIVER,1,bottom,Alejo Osella,Argentina,elite,2,2,2,0,0.0,0.0,0.0,,,,,0.0,,,False,False,Alejo Osella,,,,,,,,,,,True,False
Alex Arce,alex arce,RIVER,Argentina,0.0,5,assists,assists,RIVER,RIVER,2,bottom,Alex Arce,Argentina,elite,3,3,3,0,0.0,0.0,0.0,,,,,0.0,,,False,False,Alex Arce,,,,,,,,,,,True,False
Diego Crego,diego crego,RIVER,Argentina,0.0,5,assists,assists,RIVER,RIVER,3,bottom,Diego Crego,Argentina,elite,2,2,2,0,0.0,0.0,0.0,,,,,0.0,,,False,False,Diego Crego,,,,,,,,,,,True,False
Alejo Osella,alejo osella,RIVER,Argentina,0.0,5,assists,assists,RIVER,RIVER,1,top,Alejo Osella,Argentina,elite,2,2,2,0,0.0,0.0,0.0,,,,,0.0,,,False,False,Alejo Osella,,,,,,,,,,,True,False
Alex Arce,alex arce,RIVER,Argentina,0.0,5,assists,assists,RIVER,RIVER,2,top,Alex Arce,Argentina,elite,3,3,3,0,0.0,0.0,0.0,,,,,0.0,,,False,False,Alex Arce,,,,,,,,,,,True,False
Diego Crego,diego crego,RIVER,Argentina,0.0,5,assists,assists,RIVER,RIVER,3,top,Diego Crego,Argentina,elite,2,2,2,0,0.0,0.0,0.0,,,,,0.0,,,False,False,Diego Crego,,,,,,,,,,,True,False
Alejo Osella,alejo osella,RIVER,Argentina,0.0,5,goals,goals,RIVER,RIVER,1,bottom,Alejo Osella,Argentina,elite,2,2,2,0,0.0,0.0,0.0,,,,,0.0,,,False,False,Alejo Osella,,,,,,,,,,,True,False
Diego Crego,diego crego,RIVER,Argentina,0.0,5,goals,goals,RIVER,RIVER,2,bottom,Diego Crego,Argentina,elite,2,2,2,0,0.0,0.0,0.0,,,,,0.0,,,False,False,Diego Crego,,,,,,,,,,,True,False
Emmanuel Gómez Riga,emmanuel gomez riga,RIVER,Argentina,0.0,5,goals,goals,RIVER,RIVER,3,bottom,Emmanuel Gómez Riga,Argentina,elite,2,2,2,0,0.0,0.0,0.0,,,,,0.0,,,False,False,Emmanuel Gómez Riga,,,,,,,,,,,True,False
Alex Arce,alex arce,RIVER,Argentina,0.6,5,goals,goals,RIVER,RIVER,1,top,Alex Arce,Argentina,elite,3,3,3,0,0.3333333333333333,0.27222222222222225,0.27222222222222225,,,,,0.3333333333333333,,,False,False,Alex Arce,,,,,,,,,,,True,False
Gonzalo Montiel,gonzalo montiel,RIVER,Argentina,0.2,5,goals,goals,RIVER,RIVER,2,top,Gonzalo Montiel,Argentina,elite,5,5,5,0,0.2,0.2,0.2,,,,,0.2,,,False,False,Gonzalo Montiel,,,,,,,,,,,True,False
José Florentín,jose florentin,RIVER,Argentina,0.2,5,goals,goals,RIVER,RIVER,3,top,José Florentín,Argentina,elite,2,2,2,0,0.0,-0.29166666666666663,-0.29166666666666663,,,,,0.0,,,False,False,José Florentín,,,,,,,,,,,True,False
Ezequiel Centuríon,ezequiel centurion,RIVER,Argentina,0.0,5,saves,saves,RIVER,RIVER,1,bottom,Ezequiel Centuríon,Argentina,elite,2,2,2,0,0.0,0.0,0.0,,,,,0.0,,,False,False,Ezequiel Centuríon,,,,,,,,,,,True,False
Emmanuel Gómez Riga,emmanuel gomez riga,RIVER,Argentina,0.2,5,saves,saves,RIVER,RIVER,2,bottom,Emmanuel Gómez Riga,Argentina,elite,2,2,2,0,0.5,0.5,0.5,,,,,0.5,,,False,False,Emmanuel Gómez Riga,,,,,,,,,,,True,False
Santiago Beltrán,santiago beltran,RIVER,Argentina,1.2,5,saves,saves,RIVER,RIVER,3,bottom,Santiago Beltrán,Argentina,elite,2,2,2,0,0.0,-1.0833333333333335,-1.0833333333333335,,,,,0.0,,,False,True,Santiago Beltrán,,,,,,,,,,,True,False
Nicolás Bolcato,nicolas bolcato,RIVER,Argentina,2.2,5,saves,saves,RIVER,RIVER,1,top,Nicolás Bolcato,Argentina,elite,2,2,2,0,0.0,-1.875,-1.875,,,,,0.0,,,False,True,Nicolás Bolcato,,,,,,,,,,,True,False
Santiago Beltrán,santiago beltran,RIVER,Argentina,1.2,5,saves,saves,RIVER,RIVER,2,top,Santiago Beltrán,Argentina,elite,2,2,2,0,0.0,-1.0833333333333335,-1.0833333333333335,,,,,0.0,,,False,True,Santiago Beltrán,,,,,,,,,,,True,False
Emmanuel Gómez Riga,emmanuel gomez riga,RIVER,Argentina,0.2,5,saves,saves,RIVER,RIVER,3,top,Emmanuel Gómez Riga,Argentina,elite,2,2,2,0,0.5,0.5,0.5,,,,,0.5,,,False,False,Emmanuel Gómez Riga,,,,,,,,,,,True,False
Emmanuel Gómez Riga,emmanuel gomez riga,RIVER,Argentina,0.0,5,shots,shots,RIVER,RIVER,1,bottom,Emmanuel Gómez Riga,Argentina,elite,2,2,2,0,0.0,0.0,0.0,,,,,0.0,,,False,False,Emmanuel Gómez Riga,,,,,,,,,,,True,False
Ezequiel Centuríon,ezequiel centurion,RIVER,Argentina,0.0,5,shots,shots,RIVER,RIVER,2,bottom,Ezequiel Centuríon,Argentina,elite,2,2,2,0,0.0,0.0,0.0,,,,,0.0,,,False,False,Ezequiel Centuríon,,,,,,,,,,,True,False
Facundo González,facundo gonzalez,RIVER,Argentina,0.0,5,shots,shots,RIVER,RIVER,3,bottom,Facundo González,Argentina,elite,2,2,2,0,0.0,0.0,0.0,,,,,0.0,,,False,False,Facundo González,,,,,,,,,,,True,False
Alex Arce,alex arce,RIVER,Argentina,2.2,5,shots,shots,RIVER,RIVER,1,top,Alex Arce,Argentina,elite,3,3,3,0,0.3333333333333333,0.21111111111111094,0.21111111111111094,,,,,0.3333333333333333,,,False,False,Alex Arce,,,,,,,,,,,True,False
José Florentín,jose florentin,RIVER,Argentina,2.2,5,shots,shots,RIVER,RIVER,2,top,José Florentín,Argentina,elite,2,2,2,0,0.5,-0.5416666666666667,-0.5416666666666667,,,,,0.5,,,False,True,José Florentín,,,,,,,,,,,True,False
Lucas Martínez Quarta,lucas martinez quarta,RIVER,Argentina,1.6,5,shots,shots,RIVER,RIVER,3,top,Lucas Martínez Quarta,Argentina,elite,2,2,2,0,0.0,-0.875,-0.875,,,,,0.0,,,False,True,Lucas Martínez Quarta,,,,,,,,,,,True,False
Diego Crego,diego crego,RIVER,Argentina,0.0,5,shots_on_target,shots_on_target,RIVER,RIVER,1,bottom,Diego Crego,Argentina,elite,2,2,2,0,0.0,0.0,0.0,,,,,0.0,,,False,False,Diego Crego,,,,,,,,,,,True,False
Emmanuel Gómez Riga,emmanuel gomez riga,RIVER,Argentina,0.0,5,shots_on_target,shots_on_target,RIVER,RIVER,2,bottom,Emmanuel Gómez Riga,Argentina,elite,2,2,2,0,0.0,0.0,0.0,,,,,0.0,,,False,False,Emmanuel Gómez Riga,,,,,,,,,,,True,False
Ezequiel Centuríon,ezequiel centurion,RIVER,Argentina,0.0,5,shots_on_target,shots_on_target,RIVER,RIVER,3,bottom,Ezequiel Centuríon,Argentina,elite,2,2,2,0,0.0,0.0,0.0,,,,,0.0,,,False,False,Ezequiel Centuríon,,,,,,,,,,,True,False
Alex Arce,alex arce,RIVER,Argentina,0.8,5,shots_on_target,shots_on_target,RIVER,RIVER,1,top,Alex Arce,Argentina,elite,3,3,3,0,0.3333333333333333,0.011111111111111108,0.011111111111111108,,,,,0.3333333333333333,,,False,False,Alex Arce,,,,,,,,,,,True,False
José Florentín,jose florentin,RIVER,Argentina,0.6,5,shots_on_target,shots_on_target,RIVER,RIVER,2,top,José Florentín,Argentina,elite,2,2,2,0,0.0,-0.875,-0.875,,,,,0.0,,,False,True,José Florentín,,,,,,,,,,,True,False
Lucas Beltrán,lucas beltran,RIVER,Argentina,0.6,5,shots_on_target,shots_on_target,RIVER,RIVER,3,top,Lucas Beltrán,Argentina,elite,2,2,2,0,0.0,-0.875,-0.875,,,,,0.0,,,False,True,Lucas Beltrán,,,,,,,,,,,True,False
Alexis Soto,alexis soto,ROSARIO,Argentina,0.0,5,assists,assists,ROSARIO,ROSARIO,1,bottom,Alexis Soto,Argentina,elite,2,2,2,0,0.0,0.0,0.0,,,,,0.0,,,False,False,Alexis Soto,,,,,,,,,,,True,False
Axel Werner,axel werner,ROSARIO,Argentina,0.0,5,assists,assists,ROSARIO,ROSARIO,2,bottom,Axel Werner,Argentina,elite,2,2,2,0,0.0,0.0,0.0,,,,,0.0,,,False,False,Axel Werner,,,,,,,,,,,True,False
Elías Verón,elias veron,ROSARIO,Argentina,0.0,5,assists,assists,ROSARIO,ROSARIO,3,bottom,Elías Verón,Argentina,elite,2,2,2,0,0.0,0.0,0.0,,,,,0.0,,,False,False,Elías Verón,,,,,,,,,,,True,False
Sebastian Zaracho,sebastian zaracho,ROSARIO,Argentina,0.2,5,assists,assists,ROSARIO,ROSARIO,1,top,Sebastian Zaracho,Argentina,elite,2,2,2,0,0.5,0.5,0.5,,,,,0.5,,,False,False,Sebastian Zaracho,,,,,,,,,,,True,False
Alexis Soto,alexis soto,ROSARIO,Argentina,0.0,5,assists,assists,ROSARIO,ROSARIO,2,top,Alexis Soto,Argentina,elite,2,2,2,0,0.0,0.0,0.0,,,,,0.0,,,False,False,Alexis Soto,,,,,,,,,,,True,False
Axel Werner,axel werner,ROSARIO,Argentina,0.0,5,assists,assists,ROSARIO,ROSARIO,3,top,Axel Werner,Argentina,elite,2,2,2,0,0.0,0.0,0.0,,,,,0.0,,,False,False,Axel Werner,,,,,,,,,,,True,False
Alexis Soto,alexis soto,ROSARIO,Argentina,0.0,5,goals,goals,ROSARIO,ROSARIO,1,bottom,Alexis Soto,Argentina,elite,2,2,2,0,0.0,0.0,0.0,,,,,0.0,,,False,False,Alexis Soto,,,,,,,,,,,True,False
Axel Werner,axel werner,ROSARIO,Argentina,0.0,5,goals,goals,ROSARIO,ROSARIO,2,bottom,Axel Werner,Argentina,elite,2,2,2,0,0.0,0.0,0.0,,,,,0.0,,,False,False,Axel Werner,,,,,,,,,,,True,False
Elías Verón,elias veron,ROSARIO,Argentina,0.0,5,goals,goals,ROSARIO,ROSARIO,3,bottom,Elías Verón,Argentina,elite,2,2,2,0,0.0,0.0,0.0,,,,,0.0,,,False,False,Elías Verón,,,,,,,,,,,True,False
Alexis Soto,alexis soto,ROSARIO,Argentina,0.0,5,goals,goals,ROSARIO,ROSARIO,1,top,Alexis Soto,Argentina,elite,2,2,2,0,0.0,0.0,0.0,,,,,0.0,,,False,False,Alexis Soto,,,,,,,,,,,True,False
Axel Werner,axel werner,ROSARIO,Argentina,0.0,5,goals,goals,ROSARIO,ROSARIO,2,top,Axel Werner,Argentina,elite,2,2,2,0,0.0,0.0,0.0,,,,,0.0,,,False,False,Axel Werner,,,,,,,,,,,True,False
Elías Verón,elias veron,ROSARIO,Argentina,0.0,5,goals,goals,ROSARIO,ROSARIO,3,top,Elías Verón,Argentina,elite,2,2,2,0,0.0,0.0,0.0,,,,,0.0,,,False,False,Elías Verón,,,,,,,,,,,True,False
Axel Werner,axel werner,ROSARIO,Argentina,1.0,5,saves,saves,ROSARIO,ROSARIO,1,bottom,Axel Werner,Argentina,elite,2,2,2,0,0.5,2.5,2.5,,,,,0.5,,,False,False,Axel Werner,,,,,,,,,,,True,False
Jeremias Ledesma,jeremias ledesma,ROSARIO,Argentina,2.8,5,saves,saves,ROSARIO,ROSARIO,2,bottom,Jeremias Ledesma,Argentina,elite,2,2,2,0,0.5,-1.4166666666666667,-1.4166666666666667,,,,,0.5,,,False,True,Jeremias Ledesma,,,,,,,,,,,True,False
Jeremias Ledesma,jeremias ledesma,ROSARIO,Argentina,2.8,5,saves,saves,ROSARIO,ROSARIO,1,top,Jeremias Ledesma,Argentina,elite,2,2,2,0,0.5,-1.4166666666666667,-1.4166666666666667,,,,,0.5,,,False,True,Jeremias Ledesma,,,,,,,,,,,True,False
Axel Werner,axel werner,ROSARIO,Argentina,1.0,5,saves,saves,ROSARIO,ROSARIO,2,top,Axel Werner,Argentina,elite,2,2,2,0,0.5,2.5,2.5,,,,,0.5,,,False,False,Axel Werner,,,,,,,,,,,True,False
Axel Werner,axel werner,ROSARIO,Argentina,0.0,5,shots,shots,ROSARIO,ROSARIO,1,bottom,Axel Werner,Argentina,elite,2,2,2,0,0.0,0.0,0.0,,,,,0.0,,,False,False,Axel Werner,,,,,,,,,,,True,False
Elías Verón,elias veron,ROSARIO,Argentina,0.0,5,shots,shots,ROSARIO,ROSARIO,2,bottom,Elías Verón,Argentina,elite,2,2,2,0,0.0,0.0,0.0,,,,,0.0,,,False,False,Elías Verón,,,,,,,,,,,True,False
Fabricio Oviedo,fabricio oviedo,ROSARIO,Argentina,0.0,5,shots,shots,ROSARIO,ROSARIO,3,bottom,Fabricio Oviedo,Argentina,elite,2,2,2,0,0.0,0.0,0.0,,,,,0.0,,,False,False,Fabricio Oviedo,,,,,,,,,,,True,False
Vicente Pizarro,vicente pizarro,ROSARIO,Argentina,1.2,5,shots,shots,ROSARIO,ROSARIO,1,top,Vicente Pizarro,Argentina,elite,2,2,2,0,0.5,0.9166666666666667,0.9166666666666667,,,,,0.5,,,False,False,Vicente Pizarro,,,,,,,,,,,True,False
Tomas Badaloni,tomas badaloni,ROSARIO,Argentina,0.8,5,shots,shots,ROSARIO,ROSARIO,2,top,Tomas Badaloni,Argentina,elite,2,2,2,0,1.0,0.2916666666666667,0.2916666666666667,,,,,1.0,,,False,False,Tomas Badaloni,,,,,,,,,,,True,False
Alexis Soto,alexis soto,ROSARIO,Argentina,0.6,5,shots,shots,ROSARIO,ROSARIO,3,top,Alexis Soto,Argentina,elite,2,2,2,0,0.5,1.125,1.125,,,,,0.5,,,False,False,Alexis Soto,,,,,,,,,,,True,False
Alexis Soto,alexis soto,ROSARIO,Argentina,0.0,5,shots_on_target,shots_on_target,ROSARIO,ROSARIO,1,bottom,Alexis Soto,Argentina,elite,2,2,2,0,0.0,0.0,0.0,,,,,0.0,,,False,False,Alexis Soto,,,,,,,,,,,True,False
Axel Werner,axel werner,ROSARIO,Argentina,0.0,5,shots_on_target,shots_on_target,ROSARIO,ROSARIO,2,bottom,Axel Werner,Argentina,elite,2,2,2,0,0.0,0.0,0.0,,,,,0.0,,,False,False,Axel Werner,,,,,,,,,,,True,False
Elías Verón,elias veron,ROSARIO,Argentina,0.0,5,shots_on_target,shots_on_target,ROSARIO,ROSARIO,3,bottom,Elías Verón,Argentina,elite,2,2,2,0,0.0,0.0,0.0,,,,,0.0,,,False,False,Elías Verón,,,,,,,,,,,True,False
Vicente Pizarro,vicente pizarro,ROSARIO,Argentina,0.4,5,shots_on_target,shots_on_target,ROSARIO,ROSARIO,1,top,Vicente Pizarro,Argentina,elite,2,2,2,0,0.5,0.08333333333333337,0.08333333333333337,,,,,0.5,,,False,False,Vicente Pizarro,,,,,,,,,,,True,False
Alexis Soto,alexis soto,ROSARIO,Argentina,0.0,5,shots_on_target,shots_on_target,ROSARIO,ROSARIO,2,top,Alexis Soto,Argentina,elite,2,2,2,0,0.0,0.0,0.0,,,,,0.0,,,False,False,Alexis Soto,,,,,,,,,,,True,False
Axel Werner,axel werner,ROSARIO,Argentina,0.0,5,shots_on_target,shots_on_target,ROSARIO,ROSARIO,3,top,Axel Werner,Argentina,elite,2,2,2,0,0.0,0.0,0.0,,,,,0.0,,,False,False,Axel Werner,,,,,,,,,,,True,False
Agustín Ladstatter,agustin ladstatter,SAN LORENZO,Argentina,0.0,5,assists,assists,SAN LORENZO,SAN LORENZO,1,bottom,Agustín Ladstatter,Argentina,elite,2,2,2,0,0.0,0.0,0.0,,,,,0.0,,,False,False,Agustín Ladstatter,,,,,,,,,,,True,False
Alejo Cordoba,alejo cordoba,SAN LORENZO,Argentina,0.0,5,assists,assists,SAN LORENZO,SAN LORENZO,2,bottom,Alejo Cordoba,Argentina,elite,2,2,2,0,0.0,0.0,0.0,,,,,0.0,,,False,False,Alejo Cordoba,,,,,,,,,,,True,False
Alexis Cuello,alexis cuello,SAN LORENZO,Argentina,0.0,5,assists,assists,SAN LORENZO,SAN LORENZO,3,bottom,Alexis Cuello,Argentina,elite,2,2,2,0,0.0,0.0,0.0,,,,,0.0,,,False,False,Alexis Cuello,,,,,,,,,,,True,False
Agustín Ladstatter,agustin ladstatter,SAN LORENZO,Argentina,0.0,5,assists,assists,SAN LORENZO,SAN LORENZO,1,top,Agustín Ladstatter,Argentina,elite,2,2,2,0,0.0,0.0,0.0,,,,,0.0,,,False,False,Agustín Ladstatter,,,,,,,,,,,True,False
Alejo Cordoba,alejo cordoba,SAN LORENZO,Argentina,0.0,5,assists,assists,SAN LORENZO,SAN LORENZO,2,top,Alejo Cordoba,Argentina,elite,2,2,2,0,0.0,0.0,0.0,,,,,0.0,,,False,False,Alejo Cordoba,,,,,,,,,,,True,False
Alexis Cuello,alexis cuello,SAN LORENZO,Argentina,0.0,5,assists,assists,SAN LORENZO,SAN LORENZO,3,top,Alexis Cuello,Argentina,elite,2,2,2,0,0.0,0.0,0.0,,,,,0.0,,,False,False,Alexis Cuello,,,,,,,,,,,True,False
Agustín Ladstatter,agustin ladstatter,SAN LORENZO,Argentina,0.0,5,goals,goals,SAN LORENZO,SAN LORENZO,1,bottom,Agustín Ladstatter,Argentina,elite,2,2,2,0,0.0,0.0,0.0,,,,,0.0,,,False,False,Agustín Ladstatter,,,,,,,,,,,True,False
Alejo Cordoba,alejo cordoba,SAN LORENZO,Argentina,0.0,5,goals,goals,SAN LORENZO,SAN LORENZO,2,bottom,Alejo Cordoba,Argentina,elite,2,2,2,0,0.0,0.0,0.0,,,,,0.0,,,False,False,Alejo Cordoba,,,,,,,,,,,True,False
Alexis Cuello,alexis cuello,SAN LORENZO,Argentina,0.0,5,goals,goals,SAN LORENZO,SAN LORENZO,3,bottom,Alexis Cuello,Argentina,elite,2,2,2,0,0.0,0.0,0.0,,,,,0.0,,,False,False,Alexis Cuello,,,,,,,,,,,True,False
Rodrigo Auzmendi,rodrigo auzmendi,SAN LORENZO,Argentina,0.4,5,goals,goals,SAN LORENZO,SAN LORENZO,1,top,Rodrigo Auzmendi,Argentina,elite,2,2,2,0,0.5,0.20833333333333334,0.20833333333333334,,,,,0.5,,,False,False,Rodrigo Auzmendi,,,,,,,,,,,True,False
Agustín Ladstatter,agustin ladstatter,SAN LORENZO,Argentina,0.0,5,goals,goals,SAN LORENZO,SAN LORENZO,2,top,Agustín Ladstatter,Argentina,elite,2,2,2,0,0.0,0.0,0.0,,,,,0.0,,,False,False,Agustín Ladstatter,,,,,,,,,,,True,False
Alejo Cordoba,alejo cordoba,SAN LORENZO,Argentina,0.0,5,goals,goals,SAN LORENZO,SAN LORENZO,3,top,Alejo Cordoba,Argentina,elite,2,2,2,0,0.0,0.0,0.0,,,,,0.0,,,False,False,Alejo Cordoba,,,,,,,,,,,True,False
Alejo Cordoba,alejo cordoba,SAN LORENZO,Argentina,0.0,5,shots,shots,SAN LORENZO,SAN LORENZO,1,bottom,Alejo Cordoba,Argentina,elite,2,2,2,0,0.0,0.0,0.0,,,,,0.0,,,False,False,Alejo Cordoba,,,,,,,,,,,True,False
Guzmán Corujo,guzman corujo,SAN LORENZO,Argentina,0.0,5,shots,shots,SAN LORENZO,SAN LORENZO,2,bottom,Guzmán Corujo,Argentina,elite,2,2,2,0,0.0,0.0,0.0,,,,,0.0,,,False,False,Guzmán Corujo,,,,,,,,,,,True,False
Teo Rodríguez,teo rodriguez,SAN LORENZO,Argentina,0.2,5,shots,shots,SAN LORENZO,SAN LORENZO,3,bottom,Teo Rodríguez,Argentina,elite,2,2,2,0,0.5,0.375,0.375,,,,,0.5,,,False,False,Teo Rodríguez,,,,,,,,,,,True,False
Rodrigo Auzmendi,rodrigo auzmendi,SAN LORENZO,Argentina,3.2,5,shots,shots,SAN LORENZO,SAN LORENZO,1,top,Rodrigo Auzmendi,Argentina,elite,2,2,2,0,0.5,0.25,0.25,,,,,0.5,,,False,False,Rodrigo Auzmendi,,,,,,,,,,,True,False
Alexis Cuello,alexis cuello,SAN LORENZO,Argentina,3.0,5,shots,shots,SAN LORENZO,SAN LORENZO,2,top,Alexis Cuello,Argentina,elite,2,2,2,0,0.5,-0.5416666666666667,-0.5416666666666667,,,,,0.5,,,False,True,Alexis Cuello,,,,,,,,,,,True,False
Mauricio Cardillo,mauricio cardillo,SAN LORENZO,Argentina,0.8,5,shots,shots,SAN LORENZO,SAN LORENZO,3,top,Mauricio Cardillo,Argentina,elite,2,2,2,0,0.0,-1.1666666666666665,-1.1666666666666665,,,,,0.0,,,False,True,Mauricio Cardillo,,,,,,,,,,,True,False
Alejo Cordoba,alejo cordoba,SAN LORENZO,Argentina,0.0,5,shots_on_target,shots_on_target,SAN LORENZO,SAN LORENZO,1,bottom,Alejo Cordoba,Argentina,elite,2,2,2,0,0.0,0.0,0.0,,,,,0.0,,,False,False,Alejo Cordoba,,,,,,,,,,,True,False
Guzmán Corujo,guzman corujo,SAN LORENZO,Argentina,0.0,5,shots_on_target,shots_on_target,SAN LORENZO,SAN LORENZO,2,bottom,Guzmán Corujo,Argentina,elite,2,2,2,0,0.0,0.0,0.0,,,,,0.0,,,False,False,Guzmán Corujo,,,,,,,,,,,True,False
Juan Rattalino,juan rattalino,SAN LORENZO,Argentina,0.0,5,shots_on_target,shots_on_target,SAN LORENZO,SAN LORENZO,3,bottom,Juan Rattalino,Argentina,elite,2,2,2,0,0.0,0.0,0.0,,,,,0.0,,,False,False,Juan Rattalino,,,,,,,,,,,True,False
Rodrigo Auzmendi,rodrigo auzmendi,SAN LORENZO,Argentina,1.0,5,shots_on_target,shots_on_target,SAN LORENZO,SAN LORENZO,1,top,Rodrigo Auzmendi,Argentina,elite,2,2,2,0,1.0,0.7916666666666667,0.7916666666666667,,,,,1.0,,,False,False,Rodrigo Auzmendi,,,,,,,,,,,True,False
Alexis Cuello,alexis cuello,SAN LORENZO,Argentina,0.4,5,shots_on_target,shots_on_target,SAN LORENZO,SAN LORENZO,2,top,Alexis Cuello,Argentina,elite,2,2,2,0,0.5,0.20833333333333334,0.20833333333333334,,,,,0.5,,,False,False,Alexis Cuello,,,,,,,,,,,True,False
Ignacio Perruzzi,ignacio perruzzi,SAN LORENZO,Argentina,0.4,5,shots_on_target,shots_on_target,SAN LORENZO,SAN LORENZO,3,top,Ignacio Perruzzi,Argentina,elite,2,2,2,0,0.5,0.20833333333333334,0.20833333333333334,,,,,0.5,,,False,False,Ignacio Perruzzi,,,,,,,,,,,True,False
Diego Churín,diego churin,SARMIENTO,Argentina,0.0,5,assists,assists,SARMIENTO,SARMIENTO,1,bottom,Diego Churín,Argentina,elite,2,2,2,0,0.0,0.0,0.0,,,,,0.0,,,False,False,Diego Churín,,,,,,,,,,,True,False
Elián Giménez,elian gimenez,SARMIENTO,Argentina,0.0,5,assists,assists,SARMIENTO,SARMIENTO,2,bottom,Elián Giménez,Argentina,elite,2,2,2,0,0.0,0.0,0.0,,,,,0.0,,,False,False,Elián Giménez,,,,,,,,,,,True,False
Gabriel Díaz,gabriel diaz,SARMIENTO,Argentina,0.0,5,assists,assists,SARMIENTO,SARMIENTO,3,bottom,Gabriel Díaz,Argentina,elite,2,2,2,0,0.0,0.0,0.0,,,,,0.0,,,False,False,Gabriel Díaz,,,,,,,,,,,True,False
Gastón González,gaston gonzalez,SARMIENTO,Argentina,0.2,5,assists,assists,SARMIENTO,SARMIENTO,1,top,Gastón González,Argentina,elite,2,2,2,0,0.5,0.5,0.5,,,,,0.5,,,False,False,Gastón González,,,,,,,,,,,True,False
Pablo Magnin,pablo magnin,SARMIENTO,Argentina,0.2,5,assists,assists,SARMIENTO,SARMIENTO,2,top,Pablo Magnin,Argentina,elite,2,2,2,0,0.0,-0.29166666666666663,-0.29166666666666663,,,,,0.0,,,False,False,Pablo Magnin,,,,,,,,,,,True,False
Diego Churín,diego churin,SARMIENTO,Argentina,0.0,5,assists,assists,SARMIENTO,SARMIENTO,3,top,Diego Churín,Argentina,elite,2,2,2,0,0.0,0.0,0.0,,,,,0.0,,,False,False,Diego Churín,,,,,,,,,,,True,False
Diego Churín,diego churin,SARMIENTO,Argentina,0.0,5,goals,goals,SARMIENTO,SARMIENTO,1,bottom,Diego Churín,Argentina,elite,2,2,2,0,0.0,0.0,0.0,,,,,0.0,,,False,False,Diego Churín,,,,,,,,,,,True,False
Elián Giménez,elian gimenez,SARMIENTO,Argentina,0.0,5,goals,goals,SARMIENTO,SARMIENTO,2,bottom,Elián Giménez,Argentina,elite,2,2,2,0,0.0,0.0,0.0,,,,,0.0,,,False,False,Elián Giménez,,,,,,,,,,,True,False
Gabriel Díaz,gabriel diaz,SARMIENTO,Argentina,0.0,5,goals,goals,SARMIENTO,SARMIENTO,3,bottom,Gabriel Díaz,Argentina,elite,2,2,2,0,0.0,0.0,0.0,,,,,0.0,,,False,False,Gabriel Díaz,,,,,,,,,,,True,False
Junior Marabel,junior marabel,SARMIENTO,Argentina,0.8,5,goals,goals,SARMIENTO,SARMIENTO,1,top,Junior Marabel,Argentina,elite,2,2,2,0,1.0,0.2916666666666667,0.2916666666666667,,,,,1.0,,,False,False,Junior Marabel,,,,,,,,,,,True,False
Julián Mavilla,julian mavilla,SARMIENTO,Argentina,0.4,5,goals,goals,SARMIENTO,SARMIENTO,2,top,Julián Mavilla,Argentina,elite,2,2,2,0,0.5,0.08333333333333337,0.08333333333333337,,,,,0.5,,,False,False,Julián Mavilla,,,,,,,,,,,True,False
Jonathan Herrera,jonathan herrera,SARMIENTO,Argentina,0.2,5,goals,goals,SARMIENTO,SARMIENTO,3,top,Jonathan Herrera,Argentina,elite,2,2,2,0,0.0,-0.29166666666666663,-0.29166666666666663,,,,,0.0,,,False,False,Jonathan Herrera,,,,,,,,,,,True,False
Iván Arboleda,ivan arboleda,SARMIENTO,Argentina,1.4,5,saves,saves,SARMIENTO,SARMIENTO,1,bottom,Iván Arboleda,Argentina,elite,2,2,2,0,0.0,-2.041666666666667,-2.041666666666667,,,,,0.0,,,False,True,Iván Arboleda,,,,,,,,,,,True,False
Thyago Ayala,thyago ayala,SARMIENTO,Argentina,2.2,5,saves,saves,SARMIENTO,SARMIENTO,2,bottom,Thyago Ayala,Argentina,elite,2,2,2,0,0.5,0.125,0.125,,,,,0.5,,,False,False,Thyago Ayala,,,,,,,,,,,True,False
Thyago Ayala,thyago ayala,SARMIENTO,Argentina,2.2,5,saves,saves,SARMIENTO,SARMIENTO,1,top,Thyago Ayala,Argentina,elite,2,2,2,0,0.5,0.125,0.125,,,,,0.5,,,False,False,Thyago Ayala,,,,,,,,,,,True,False
Iván Arboleda,ivan arboleda,SARMIENTO,Argentina,1.4,5,saves,saves,SARMIENTO,SARMIENTO,2,top,Iván Arboleda,Argentina,elite,2,2,2,0,0.0,-2.041666666666667,-2.041666666666667,,,,,0.0,,,False,True,Iván Arboleda,,,,,,,,,,,True,False
Gastón Arturia,gaston arturia,SARMIENTO,Argentina,0.0,5,shots,shots,SARMIENTO,SARMIENTO,1,bottom,Gastón Arturia,Argentina,elite,2,2,2,0,0.0,0.0,0.0,,,,,0.0,,,False,False,Gastón Arturia,,,,,,,,,,,True,False
Iván Arboleda,ivan arboleda,SARMIENTO,Argentina,0.0,5,shots,shots,SARMIENTO,SARMIENTO,2,bottom,Iván Arboleda,Argentina,elite,2,2,2,0,0.0,0.0,0.0,,,,,0.0,,,False,False,Iván Arboleda,,,,,,,,,,,True,False
Thyago Ayala,thyago ayala,SARMIENTO,Argentina,0.0,5,shots,shots,SARMIENTO,SARMIENTO,3,bottom,Thyago Ayala,Argentina,elite,2,2,2,0,0.0,0.0,0.0,,,,,0.0,,,False,False,Thyago Ayala,,,,,,,,,,,True,False
Junior Marabel,junior marabel,SARMIENTO,Argentina,2.0,5,shots,shots,SARMIENTO,SARMIENTO,1,top,Junior Marabel,Argentina,elite,2,2,2,0,0.5,0.6666666666666666,0.6666666666666666,,,,,0.5,,,False,False,Junior Marabel,,,,,,,,,,,True,False
Mauricio Martínez,mauricio martinez,SARMIENTO,Argentina,1.6,5,shots,shots,SARMIENTO,SARMIENTO,2,top,Mauricio Martínez,Argentina,elite,2,2,2,0,1.0,0.5833333333333334,0.5833333333333334,,,,,1.0,,,False,False,Mauricio Martínez,,,,,,,,,,,True,False
Julián Mavilla,julian mavilla,SARMIENTO,Argentina,1.2,5,shots,shots,SARMIENTO,SARMIENTO,3,top,Julián Mavilla,Argentina,elite,2,2,2,0,1.0,1.9583333333333335,1.9583333333333335,,,,,1.0,,,False,False,Julián Mavilla,,,,,,,,,,,True,False
Diego Churín,diego churin,SARMIENTO,Argentina,0.0,5,shots_on_target,shots_on_target,SARMIENTO,SARMIENTO,1,bottom,Diego Churín,Argentina,elite,2,2,2,0,0.0,0.0,0.0,,,,,0.0,,,False,False,Diego Churín,,,,,,,,,,,True,False
Elián Giménez,elian gimenez,SARMIENTO,Argentina,0.0,5,shots_on_target,shots_on_target,SARMIENTO,SARMIENTO,2,bottom,Elián Giménez,Argentina,elite,2,2,2,0,0.0,0.0,0.0,,,,,0.0,,,False,False,Elián Giménez,,,,,,,,,,,True,False
Gabriel Díaz,gabriel diaz,SARMIENTO,Argentina,0.0,5,shots_on_target,shots_on_target,SARMIENTO,SARMIENTO,3,bottom,Gabriel Díaz,Argentina,elite,2,2,2,0,0.0,0.0,0.0,,,,,0.0,,,False,False,Gabriel Díaz,,,,,,,,,,,True,False
Junior Marabel,junior marabel,SARMIENTO,Argentina,1.2,5,shots_on_target,shots_on_target,SARMIENTO,SARMIENTO,1,top,Junior Marabel,Argentina,elite,2,2,2,0,0.0,-0.29166666666666663,-0.29166666666666663,,,,,0.0,,,False,False,Junior Marabel,,,,,,,,,,,True,False
Mauricio Martínez,mauricio martinez,SARMIENTO,Argentina,0.6,5,shots_on_target,shots_on_target,SARMIENTO,SARMIENTO,2,top,Mauricio Martínez,Argentina,elite,2,2,2,0,0.5,-0.08333333333333331,-0.08333333333333331,,,,,0.5,,,False,False,Mauricio Martínez,,,,,,,,,,,True,False
Renzo Orihuela,renzo orihuela,SARMIENTO,Argentina,0.6,5,shots_on_target,shots_on_target,SARMIENTO,SARMIENTO,3,top,Renzo Orihuela,Argentina,elite,2,2,2,0,1.0,0.5833333333333334,0.5833333333333334,,,,,1.0,,,False,False,Renzo Orihuela,,,,,,,,,,,True,False
Adriana Leon,adriana leon,SD WAVE,NWSL,0.0,6,assists,assists,SD WAVE,SD WAVE,1,bottom,Adriana Leon,NWSL,elite,3,3,2,0,0.0,0.0,0.0,,0.0,,,0.0,,,False,False,Adriana Leon,,,,,,,,,,,True,False
Amelia Van Zanten,amelia van zanten,SD WAVE,NWSL,0.0,7,assists,assists,SD WAVE,SD WAVE,2,bottom,Amelia Van Zanten,NWSL,elite,4,4,2,0,0.0,0.0,0.0,,0.0,,,0.0,,,False,False,Amelia Van Zanten,,,,,,,,,,,True,False
Gabi Portilho,gabi portilho,SD WAVE,NWSL,0.0,5,assists,assists,SD WAVE,SD WAVE,3,bottom,Gabi Portilho,NWSL,mid,2,2,0,0,0.0,0.0,,,0.0,,,,,,False,False,Gabi Portilho,,,,,,,,,,,True,False
Gia Corley,gia corley,SD WAVE,NWSL,0.2857142857142857,7,assists,assists,SD WAVE,SD WAVE,1,top,Gia Corley,NWSL,elite,4,4,2,0,0.25,0.012500000000000039,-0.225,,0.25,,,0.0,,,False,False,Gia Corley,,,,,,,,,,,True,False
Kennedy Wesley,kennedy wesley,SD WAVE,NWSL,0.14285714285714285,7,assists,assists,SD WAVE,SD WAVE,2,top,Kennedy Wesley,NWSL,elite,4,4,2,0,0.0,-0.23749999999999996,-0.225,,-0.25,,,0.0,,,False,False,Kennedy Wesley,,,,,,,,,,,True,False
Lia Godfrey,lia godfrey,SD WAVE,NWSL,0.14285714285714285,7,assists,assists,SD WAVE,SD WAVE,3,top,Lia Godfrey,NWSL,elite,4,4,2,0,0.0,-0.23749999999999996,-0.225,,-0.25,,,0.0,,,False,False,Lia Godfrey,,,,,,,,,,,True,False
Adriana Leon,adriana leon,SD WAVE,NWSL,0.0,6,goals,goals,SD WAVE,SD WAVE,1,bottom,Adriana Leon,NWSL,elite,3,3,2,0,0.0,0.0,0.0,,0.0,,,0.0,,,False,False,Adriana Leon,,,,,,,,,,,True,False
Amelia Van Zanten,amelia van zanten,SD WAVE,NWSL,0.0,7,goals,goals,SD WAVE,SD WAVE,2,bottom,Amelia Van Zanten,NWSL,elite,4,4,2,0,0.0,0.0,0.0,,0.0,,,0.0,,,False,False,Amelia Van Zanten,,,,,,,,,,,True,False
Gabi Portilho,gabi portilho,SD WAVE,NWSL,0.0,5,goals,goals,SD WAVE,SD WAVE,3,bottom,Gabi Portilho,NWSL,mid,2,2,0,0,0.0,0.0,,,0.0,,,,,,False,False,Gabi Portilho,,,,,,,,,,,True,False
Trinity Byars,trinity byars,SD WAVE,NWSL,0.42857142857142855,7,goals,goals,SD WAVE,SD WAVE,1,top,Trinity Byars,NWSL,elite,4,4,2,0,0.0,-0.7125,-0.675,,-0.75,,,0.0,,,False,True,Trinity Byars,,,,,,,,,,,True,False
Melanie Barcenas,melanie barcenas,SD WAVE,NWSL,0.2857142857142857,7,goals,goals,SD WAVE,SD WAVE,2,top,Melanie Barcenas,NWSL,elite,4,4,2,0,0.25,0.012500000000000039,-0.225,,0.25,,,0.0,,,False,False,Melanie Barcenas,,,,,,,,,,,True,False
Lia Godfrey,lia godfrey,SD WAVE,NWSL,0.14285714285714285,7,goals,goals,SD WAVE,SD WAVE,3,top,Lia Godfrey,NWSL,elite,4,4,2,0,0.25,0.15833333333333335,0.4,,-0.08333333333333333,,,0.5,,,False,False,Lia Godfrey,,,,,,,,,,,True,False
Luisa Agudelo,luisa agudelo,SD WAVE,NWSL,1.0,7,saves,saves,SD WAVE,SD WAVE,1,bottom,Luisa Agudelo,NWSL,elite,4,4,2,0,0.0,-1.6625000000000003,-1.575,,-1.75,,,0.0,,,False,True,Luisa Agudelo,,,,,,,,,,,True,False
Sandra Paños,sandra panos,SD WAVE,NWSL,1.6,5,saves,saves,SD WAVE,SD WAVE,2,bottom,Sandra Paños,NWSL,elite,2,2,1,0,0.5,-0.20833333333333337,0.33333333333333326,,-0.75,,,1.0,,,False,False,Sandra Paños,,,,,,,,,,,True,False
Sandra Paños,sandra panos,SD WAVE,NWSL,1.6,5,saves,saves,SD WAVE,SD WAVE,1,top,Sandra Paños,NWSL,elite,2,2,1,0,0.5,-0.20833333333333337,0.33333333333333326,,-0.75,,,1.0,,,False,False,Sandra Paños,,,,,,,,,,,True,False
Luisa Agudelo,luisa agudelo,SD WAVE,NWSL,1.0,7,saves,saves,SD WAVE,SD WAVE,2,top,Luisa Agudelo,NWSL,elite,4,4,2,0,0.0,-1.6625000000000003,-1.575,,-1.75,,,0.0,,,False,True,Luisa Agudelo,,,,,,,,,,,True,False
Luisa Agudelo,luisa agudelo,SD WAVE,NWSL,0.0,7,shots,shots,SD WAVE,SD WAVE,1,bottom,Luisa Agudelo,NWSL,elite,4,4,2,0,0.0,0.0,0.0,,0.0,,,0.0,,,False,False,Luisa Agudelo,,,,,,,,,,,True,False
Nya Harrison,nya harrison,SD WAVE,NWSL,0.0,7,shots,shots,SD WAVE,SD WAVE,2,bottom,Nya Harrison,NWSL,elite,4,4,2,0,0.0,0.0,0.0,,0.0,,,0.0,,,False,False,Nya Harrison,,,,,,,,,,,True,False
Sandra Paños,sandra panos,SD WAVE,NWSL,0.0,5,shots,shots,SD WAVE,SD WAVE,3,bottom,Sandra Paños,NWSL,elite,2,2,1,0,0.0,0.0,0.0,,0.0,,,0.0,,,False,False,Sandra Paños,,,,,,,,,,,True,False
Melanie Barcenas,melanie barcenas,SD WAVE,NWSL,2.857142857142857,7,shots,shots,SD WAVE,SD WAVE,1,top,Melanie Barcenas,NWSL,elite,4,4,2,0,0.5,0.0625,-1.125,,1.25,,,0.0,,,False,True,Melanie Barcenas,,,,,,,,,,,True,False
Ludmila,ludmila,SD WAVE,NWSL,2.142857142857143,7,shots,shots,SD WAVE,SD WAVE,2,top,Ludmila,NWSL,elite,4,4,2,0,0.5,-0.5833333333333334,-0.25,,-0.9166666666666667,,,0.5,,,False,False,Ludmila,,,,,,,,,,,True,False
Gia Corley,gia corley,SD WAVE,NWSL,1.7142857142857142,7,shots,shots,SD WAVE,SD WAVE,3,top,Gia Corley,NWSL,elite,4,4,2,0,0.25,-0.675,-1.35,,0.0,,,0.0,,,False,True,Gia Corley,,,,,,,,,,,True,False
Laurina Fazer,laurina fazer,SD WAVE,NWSL,0.0,7,shots_on_target,shots_on_target,SD WAVE,SD WAVE,1,bottom,Laurina Fazer,NWSL,elite,4,4,2,0,0.0,0.0,0.0,,0.0,,,0.0,,,False,False,Laurina Fazer,,,,,,,,,,,True,False
Luisa Agudelo,luisa agudelo,SD WAVE,NWSL,0.0,7,shots_on_target,shots_on_target,SD WAVE,SD WAVE,2,bottom,Luisa Agudelo,NWSL,elite,4,4,2,0,0.0,0.0,0.0,,0.0,,,0.0,,,False,False,Luisa Agudelo,,,,,,,,,,,True,False
Nya Harrison,nya harrison,SD WAVE,NWSL,0.0,7,shots_on_target,shots_on_target,SD WAVE,SD WAVE,3,bottom,Nya Harrison,NWSL,elite,4,4,2,0,0.0,0.0,0.0,,0.0,,,0.0,,,False,False,Nya Harrison,,,,,,,,,,,True,False
Melanie Barcenas,melanie barcenas,SD WAVE,NWSL,1.5714285714285714,7,shots_on_target,shots_on_target,SD WAVE,SD WAVE,1,top,Melanie Barcenas,NWSL,elite,4,4,2,0,0.5,-0.2416666666666667,-1.4,,0.9166666666666666,,,0.0,,,False,True,Melanie Barcenas,,,,,,,,,,,True,False
Trinity Byars,trinity byars,SD WAVE,NWSL,1.0,7,shots_on_target,shots_on_target,SD WAVE,SD WAVE,2,top,Trinity Byars,NWSL,elite,4,4,2,0,0.0,-0.3958333333333333,-0.625,,-0.16666666666666663,,,0.0,,,False,True,Trinity Byars,,,,,,,,,,,True,False
Gia Corley,gia corley,SD WAVE,NWSL,0.5714285714285714,7,shots_on_target,shots_on_target,SD WAVE,SD WAVE,3,top,Gia Corley,NWSL,elite,4,4,2,0,0.5,0.16250000000000006,-0.175,,0.5,,,0.5,,,False,False,Gia Corley,,,,,,,,,,,True,False
Andy Thomas,andy thomas,SEATTLE,MLS,0.0,5,assists,assists,SEATTLE,SEATTLE,1,bottom,Andy Thomas,MLS,elite,2,2,1,1,0.0,0.0,0.0,0.0,,,0.0,0.0,0.0,0.0,False,False,Andy Thomas,,,,,,,,,,,True,False
Antino Lopez,antino lopez,SEATTLE,MLS,0.0,5,assists,assists,SEATTLE,SEATTLE,2,bottom,Antino Lopez,MLS,elite,2,2,1,1,0.0,0.0,0.0,0.0,,,0.0,0.0,0.0,0.0,False,False,Antino Lopez,,,,,,,,,,,True,False
Daniel Musovski,daniel musovski,SEATTLE,MLS,0.0,5,assists,assists,SEATTLE,SEATTLE,3,bottom,Daniel Musovski,MLS,elite,2,2,1,1,0.0,0.0,0.0,0.0,,,0.0,0.0,0.0,0.0,False,False,Daniel Musovski,,,,,,,,,,,True,False
Albert Rusnák,albert rusnak,SEATTLE,MLS,0.2,5,assists,assists,SEATTLE,SEATTLE,1,top,Albert Rusnák,MLS,elite,2,2,1,1,0.0,-0.29166666666666663,-0.25,-0.3333333333333333,,,0.0,0.0,-0.08333333333333331,-0.08333333333333331,False,False,Albert Rusnák,,,,,,,,,,,True,False
Andy Thomas,andy thomas,SEATTLE,MLS,0.0,5,assists,assists,SEATTLE,SEATTLE,2,top,Andy Thomas,MLS,elite,2,2,1,1,0.0,0.0,0.0,0.0,,,0.0,0.0,0.0,0.0,False,False,Andy Thomas,,,,,,,,,,,True,False
Antino Lopez,antino lopez,SEATTLE,MLS,0.0,5,assists,assists,SEATTLE,SEATTLE,3,top,Antino Lopez,MLS,elite,2,2,1,1,0.0,0.0,0.0,0.0,,,0.0,0.0,0.0,0.0,False,False,Antino Lopez,,,,,,,,,,,True,False
Albert Rusnák,albert rusnak,SEATTLE,MLS,0.0,5,goals,goals,SEATTLE,SEATTLE,1,bottom,Albert Rusnák,MLS,elite,2,2,1,1,0.0,0.0,0.0,0.0,,,0.0,0.0,0.0,0.0,False,False,Albert Rusnák,,,,,,,,,,,True,False
Andy Thomas,andy thomas,SEATTLE,MLS,0.0,5,goals,goals,SEATTLE,SEATTLE,2,bottom,Andy Thomas,MLS,elite,2,2,1,1,0.0,0.0,0.0,0.0,,,0.0,0.0,0.0,0.0,False,False,Andy Thomas,,,,,,,,,,,True,False
Antino Lopez,antino lopez,SEATTLE,MLS,0.0,5,goals,goals,SEATTLE,SEATTLE,3,bottom,Antino Lopez,MLS,elite,2,2,1,1,0.0,0.0,0.0,0.0,,,0.0,0.0,0.0,0.0,False,False,Antino Lopez,,,,,,,,,,,True,False
Kalani Kossa-Rienzi,kalani kossa-rienzi,SEATTLE,MLS,0.2,5,goals,goals,SEATTLE,SEATTLE,1,top,Kalani Kossa-Rienzi,MLS,elite,2,2,1,1,0.5,0.375,-0.25,1.0,,,1.0,0.0,1.25,1.25,False,False,Kalani Kossa-Rienzi,,,,,,,,,,,True,False
Paul Rothrock,paul rothrock,SEATTLE,MLS,0.2,5,goals,goals,SEATTLE,SEATTLE,2,top,Paul Rothrock,MLS,elite,2,2,1,1,0.0,-0.29166666666666663,-0.25,-0.3333333333333333,,,0.0,0.0,-0.08333333333333331,-0.08333333333333331,False,False,Paul Rothrock,,,,,,,,,,,True,False
Albert Rusnák,albert rusnak,SEATTLE,MLS,0.0,5,goals,goals,SEATTLE,SEATTLE,3,top,Albert Rusnák,MLS,elite,2,2,1,1,0.0,0.0,0.0,0.0,,,0.0,0.0,0.0,0.0,False,False,Albert Rusnák,,,,,,,,,,,True,False
Stefan Frei,stefan frei,SEATTLE,MLS,0.0,5,saves,saves,SEATTLE,SEATTLE,1,bottom,Stefan Frei,MLS,elite,2,2,1,1,0.0,0.0,0.0,0.0,,,0.0,0.0,0.0,0.0,False,False,Stefan Frei,,,,,,,,,,,True,False
Andy Thomas,andy thomas,SEATTLE,MLS,3.8,5,saves,saves,SEATTLE,SEATTLE,2,bottom,Andy Thomas,MLS,elite,2,2,1,1,0.5,-0.375,0.25,-1.0,,,0.0,1.0,-1.25,-1.25,False,False,Andy Thomas,,,,,,,,,,,True,False
Andy Thomas,andy thomas,SEATTLE,MLS,3.8,5,saves,saves,SEATTLE,SEATTLE,1,top,Andy Thomas,MLS,elite,2,2,1,1,0.5,-0.375,0.25,-1.0,,,0.0,1.0,-1.25,-1.25,False,False,Andy Thomas,,,,,,,,,,,True,False
Stefan Frei,stefan frei,SEATTLE,MLS,0.0,5,saves,saves,SEATTLE,SEATTLE,2,top,Stefan Frei,MLS,elite,2,2,1,1,0.0,0.0,0.0,0.0,,,0.0,0.0,0.0,0.0,False,False,Stefan Frei,,,,,,,,,,,True,False
Andy Thomas,andy thomas,SEATTLE,MLS,0.0,5,shots,shots,SEATTLE,SEATTLE,1,bottom,Andy Thomas,MLS,elite,2,2,1,1,0.0,0.0,0.0,0.0,,,0.0,0.0,0.0,0.0,False,False,Andy Thomas,,,,,,,,,,,True,False
Antino Lopez,antino lopez,SEATTLE,MLS,0.0,5,shots,shots,SEATTLE,SEATTLE,2,bottom,Antino Lopez,MLS,elite,2,2,1,1,0.0,0.0,0.0,0.0,,,0.0,0.0,0.0,0.0,False,False,Antino Lopez,,,,,,,,,,,True,False
Stefan Frei,stefan frei,SEATTLE,MLS,0.0,5,shots,shots,SEATTLE,SEATTLE,3,bottom,Stefan Frei,MLS,elite,2,2,1,1,0.0,0.0,0.0,0.0,,,0.0,0.0,0.0,0.0,False,False,Stefan Frei,,,,,,,,,,,True,False
Albert Rusnák,albert rusnak,SEATTLE,MLS,2.0,5,shots,shots,SEATTLE,SEATTLE,1,top,Albert Rusnák,MLS,elite,2,2,1,1,0.5,1.3333333333333335,0.0,2.666666666666667,,,1.0,0.0,2.666666666666667,2.666666666666667,False,False,Albert Rusnák,,,,,,,,,,,True,False
Paul Rothrock,paul rothrock,SEATTLE,MLS,1.4,5,shots,shots,SEATTLE,SEATTLE,2,top,Paul Rothrock,MLS,elite,2,2,1,1,0.0,-0.5833333333333334,-0.5,-0.6666666666666667,,,0.0,0.0,-0.16666666666666674,-0.16666666666666674,False,False,Paul Rothrock,,,,,,,,,,,True,False
Snyder Brunell,snyder brunell,SEATTLE,MLS,1.2,5,shots,shots,SEATTLE,SEATTLE,3,top,Snyder Brunell,MLS,elite,2,2,1,1,0.5,0.375,-0.25,1.0,,,1.0,0.0,1.25,1.25,False,False,Snyder Brunell,,,,,,,,,,,True,False
Andy Thomas,andy thomas,SEATTLE,MLS,0.0,5,shots_on_target,shots_on_target,SEATTLE,SEATTLE,1,bottom,Andy Thomas,MLS,elite,2,2,1,1,0.0,0.0,0.0,0.0,,,0.0,0.0,0.0,0.0,False,False,Andy Thomas,,,,,,,,,,,True,False
Antino Lopez,antino lopez,SEATTLE,MLS,0.0,5,shots_on_target,shots_on_target,SEATTLE,SEATTLE,2,bottom,Antino Lopez,MLS,elite,2,2,1,1,0.0,0.0,0.0,0.0,,,0.0,0.0,0.0,0.0,False,False,Antino Lopez,,,,,,,,,,,True,False
Osaze De Rosario,osaze de rosario,SEATTLE,MLS,0.0,5,shots_on_target,shots_on_target,SEATTLE,SEATTLE,3,bottom,Osaze De Rosario,MLS,elite,2,2,1,1,0.0,0.0,0.0,0.0,,,0.0,0.0,0.0,0.0,False,False,Osaze De Rosario,,,,,,,,,,,True,False
Albert Rusnák,albert rusnak,SEATTLE,MLS,0.4,5,shots_on_target,shots_on_target,SEATTLE,SEATTLE,1,top,Albert Rusnák,MLS,elite,2,2,1,1,0.0,-0.5833333333333333,-0.5,-0.6666666666666666,,,0.0,0.0,-0.16666666666666663,-0.16666666666666663,False,False,Albert Rusnák,,,,,,,,,,,True,False
Kalani Kossa-Rienzi,kalani kossa-rienzi,SEATTLE,MLS,0.4,5,shots_on_target,shots_on_target,SEATTLE,SEATTLE,2,top,Kalani Kossa-Rienzi,MLS,elite,2,2,1,1,0.5,0.08333333333333337,-0.5,0.6666666666666667,,,1.0,0.0,1.1666666666666667,1.1666666666666667,False,False,Kalani Kossa-Rienzi,,,,,,,,,,,True,False
Snyder Brunell,snyder brunell,SEATTLE,MLS,0.4,5,shots_on_target,shots_on_target,SEATTLE,SEATTLE,3,top,Snyder Brunell,MLS,elite,2,2,1,1,0.0,-0.5833333333333333,-0.5,-0.6666666666666666,,,0.0,0.0,-0.16666666666666663,-0.16666666666666663,False,False,Snyder Brunell,,,,,,,,,,,True,False
Angharad James-Turner,angharad james-turner,SEATTLE REIGN,NWSL,0.0,7,assists,assists,SEATTLE REIGN,SEATTLE REIGN,1,bottom,Angharad James-Turner,NWSL,elite,4,4,2,1,0.0,0.0,0.0,0.0,0.0,,0.0,0.0,0.0,0.0,False,False,Angharad James-Turner,,,,,,,,,,,True,False
Brittany Ratcliffe,brittany ratcliffe,SEATTLE REIGN,NWSL,0.0,7,assists,assists,SEATTLE REIGN,SEATTLE REIGN,2,bottom,Brittany Ratcliffe,NWSL,elite,4,4,2,1,0.0,0.0,0.0,0.0,0.0,,0.0,0.0,0.0,0.0,False,False,Brittany Ratcliffe,,,,,,,,,,,True,False
Cassie Miller,cassie miller,SEATTLE REIGN,NWSL,0.0,7,assists,assists,SEATTLE REIGN,SEATTLE REIGN,3,bottom,Cassie Miller,NWSL,elite,4,4,2,1,0.0,0.0,0.0,0.0,0.0,,0.0,0.0,0.0,0.0,False,False,Cassie Miller,,,,,,,,,,,True,False
Ainsley McCammon,ainsley mccammon,SEATTLE REIGN,NWSL,0.42857142857142855,7,assists,assists,SEATTLE REIGN,SEATTLE REIGN,1,top,Ainsley McCammon,NWSL,elite,4,4,2,1,0.25,-0.04583333333333331,0.5333333333333334,-0.5,-0.75,,0.0,0.5,-1.0333333333333334,-1.0333333333333334,False,False,Ainsley McCammon,,,,,,,,,,,True,False
Maddie Dahlien,maddie dahlien,SEATTLE REIGN,NWSL,0.2857142857142857,7,assists,assists,SEATTLE REIGN,SEATTLE REIGN,2,top,Maddie Dahlien,NWSL,elite,4,4,2,1,0.25,-0.07916666666666666,-0.3666666666666667,-0.3333333333333333,0.75,,0.0,0.0,0.03333333333333338,0.03333333333333338,False,True,Maddie Dahlien,,,,,,,,,,,True,False
Sam Meza,sam meza,SEATTLE REIGN,NWSL,0.16666666666666666,6,assists,assists,SEATTLE REIGN,SEATTLE REIGN,3,top,Sam Meza,NWSL,elite,3,3,2,0,0.0,-0.26111111111111107,-0.26666666666666666,,-0.25,,,0.0,,,False,False,Sam Meza,,,,,,,,,,,True,False
Ainsley McCammon,ainsley mccammon,SEATTLE REIGN,NWSL,0.0,7,goals,goals,SEATTLE REIGN,SEATTLE REIGN,1,bottom,Ainsley McCammon,NWSL,elite,4,4,2,1,0.0,0.0,0.0,0.0,0.0,,0.0,0.0,0.0,0.0,False,False,Ainsley McCammon,,,,,,,,,,,True,False
Angharad James-Turner,angharad james-turner,SEATTLE REIGN,NWSL,0.0,7,goals,goals,SEATTLE REIGN,SEATTLE REIGN,2,bottom,Angharad James-Turner,NWSL,elite,4,4,2,1,0.0,0.0,0.0,0.0,0.0,,0.0,0.0,0.0,0.0,False,False,Angharad James-Turner,,,,,,,,,,,True,False
Brittany Ratcliffe,brittany ratcliffe,SEATTLE REIGN,NWSL,0.0,7,goals,goals,SEATTLE REIGN,SEATTLE REIGN,3,bottom,Brittany Ratcliffe,NWSL,elite,4,4,2,1,0.0,0.0,0.0,0.0,0.0,,0.0,0.0,0.0,0.0,False,False,Brittany Ratcliffe,,,,,,,,,,,True,False
Maddie Mercado,maddie mercado,SEATTLE REIGN,NWSL,0.5714285714285714,7,goals,goals,SEATTLE REIGN,SEATTLE REIGN,1,top,Maddie Mercado,NWSL,elite,4,4,2,1,0.5,-0.12916666666666665,-0.1333333333333333,0.5,-0.75,,1.0,0.5,0.6333333333333333,0.6333333333333333,False,False,Maddie Mercado,,,,,,,,,,,True,False
Mia Fishel,mia fishel,SEATTLE REIGN,NWSL,0.42857142857142855,7,goals,goals,SEATTLE REIGN,SEATTLE REIGN,2,top,Mia Fishel,NWSL,elite,4,4,2,1,0.5,0.12916666666666665,0.13333333333333333,-0.5,0.75,,0.0,0.5,-0.6333333333333333,-0.6333333333333333,False,False,Mia Fishel,,,,,,,,,,,True,False
Sally Menti,sally menti,SEATTLE REIGN,NWSL,0.2857142857142857,7,goals,goals,SEATTLE REIGN,SEATTLE REIGN,3,top,Sally Menti,NWSL,elite,4,4,2,1,0.25,-0.029166666666666632,0.23333333333333336,-0.3333333333333333,-0.25,,0.0,0.5,-0.5666666666666667,-0.5666666666666667,False,False,Sally Menti,,,,,,,,,,,True,False
Cassie Miller,cassie miller,SEATTLE REIGN,NWSL,2.5714285714285716,7,saves,saves,SEATTLE REIGN,SEATTLE REIGN,1,bottom,Cassie Miller,NWSL,elite,4,4,2,1,0.0,-4.275,-4.8,-3.0,-4.5,,0.0,0.0,1.7999999999999998,1.7999999999999998,False,True,Cassie Miller,,,,,,,,,,,True,False
Claudia Dickey,claudia dickey,SEATTLE REIGN,NWSL,3.0,5,saves,saves,SEATTLE REIGN,SEATTLE REIGN,2,bottom,Claudia Dickey,NWSL,elite,2,2,1,1,0.5,-0.125,1.0,-1.25,,,0.0,1.0,-2.25,-2.25,False,False,Claudia Dickey,,,,,,,,,,,True,False
Claudia Dickey,claudia dickey,SEATTLE REIGN,NWSL,3.0,5,saves,saves,SEATTLE REIGN,SEATTLE REIGN,1,top,Claudia Dickey,NWSL,elite,2,2,1,1,0.5,-0.125,1.0,-1.25,,,0.0,1.0,-2.25,-2.25,False,False,Claudia Dickey,,,,,,,,,,,True,False
Cassie Miller,cassie miller,SEATTLE REIGN,NWSL,2.5714285714285716,7,saves,saves,SEATTLE REIGN,SEATTLE REIGN,2,top,Cassie Miller,NWSL,elite,4,4,2,1,0.0,-4.275,-4.8,-3.0,-4.5,,0.0,0.0,1.7999999999999998,1.7999999999999998,False,True,Cassie Miller,,,,,,,,,,,True,False
Brittany Ratcliffe,brittany ratcliffe,SEATTLE REIGN,NWSL,0.0,7,shots,shots,SEATTLE REIGN,SEATTLE REIGN,1,bottom,Brittany Ratcliffe,NWSL,elite,4,4,2,1,0.0,0.0,0.0,0.0,0.0,,0.0,0.0,0.0,0.0,False,False,Brittany Ratcliffe,,,,,,,,,,,True,False
Cassie Miller,cassie miller,SEATTLE REIGN,NWSL,0.0,7,shots,shots,SEATTLE REIGN,SEATTLE REIGN,2,bottom,Cassie Miller,NWSL,elite,4,4,2,1,0.0,0.0,0.0,0.0,0.0,,0.0,0.0,0.0,0.0,False,False,Cassie Miller,,,,,,,,,,,True,False
Claudia Dickey,claudia dickey,SEATTLE REIGN,NWSL,0.0,5,shots,shots,SEATTLE REIGN,SEATTLE REIGN,3,bottom,Claudia Dickey,NWSL,elite,2,2,1,1,0.0,0.0,0.0,0.0,,,0.0,0.0,0.0,0.0,False,False,Claudia Dickey,,,,,,,,,,,True,False
Maddie Mercado,maddie mercado,SEATTLE REIGN,NWSL,3.4285714285714284,7,shots,shots,SEATTLE REIGN,SEATTLE REIGN,1,top,Maddie Mercado,NWSL,elite,4,4,2,1,0.5,2.375,1.5,6.5,0.0,,1.0,0.5,5.0,5.0,False,False,Maddie Mercado,,,,,,,,,,,True,False
Maddie Dahlien,maddie dahlien,SEATTLE REIGN,NWSL,2.142857142857143,7,shots,shots,SEATTLE REIGN,SEATTLE REIGN,2,top,Maddie Dahlien,NWSL,elite,4,4,2,1,0.5,0.1791666666666667,-0.6000000000000001,2.166666666666667,-0.25,,1.0,0.5,2.766666666666667,2.766666666666667,False,True,Maddie Dahlien,,,,,,,,,,,True,False
Mia Fishel,mia fishel,SEATTLE REIGN,NWSL,2.142857142857143,7,shots,shots,SEATTLE REIGN,SEATTLE REIGN,3,top,Mia Fishel,NWSL,elite,4,4,2,1,0.25,-0.775,-1.1333333333333333,-1.3333333333333335,0.5,,0.0,0.0,-0.20000000000000018,-0.20000000000000018,False,True,Mia Fishel,,,,,,,,,,,True,False
Brittany Ratcliffe,brittany ratcliffe,SEATTLE REIGN,NWSL,0.0,7,shots_on_target,shots_on_target,SEATTLE REIGN,SEATTLE REIGN,1,bottom,Brittany Ratcliffe,NWSL,elite,4,4,2,1,0.0,0.0,0.0,0.0,0.0,,0.0,0.0,0.0,0.0,False,False,Brittany Ratcliffe,,,,,,,,,,,True,False
Cassie Miller,cassie miller,SEATTLE REIGN,NWSL,0.0,7,shots_on_target,shots_on_target,SEATTLE REIGN,SEATTLE REIGN,2,bottom,Cassie Miller,NWSL,elite,4,4,2,1,0.0,0.0,0.0,0.0,0.0,,0.0,0.0,0.0,0.0,False,False,Cassie Miller,,,,,,,,,,,True,False
Claudia Dickey,claudia dickey,SEATTLE REIGN,NWSL,0.0,5,shots_on_target,shots_on_target,SEATTLE REIGN,SEATTLE REIGN,3,bottom,Claudia Dickey,NWSL,elite,2,2,1,1,0.0,0.0,0.0,0.0,,,0.0,0.0,0.0,0.0,False,False,Claudia Dickey,,,,,,,,,,,True,False
Maddie Mercado,maddie mercado,SEATTLE REIGN,NWSL,1.1428571428571428,7,shots_on_target,shots_on_target,SEATTLE REIGN,SEATTLE REIGN,1,top,Maddie Mercado,NWSL,elite,4,4,2,1,0.75,0.6041666666666667,0.6666666666666667,-0.16666666666666674,1.25,,0.0,1.0,-0.8333333333333335,-0.8333333333333335,False,False,Maddie Mercado,,,,,,,,,,,True,False
Mia Fishel,mia fishel,SEATTLE REIGN,NWSL,0.8571428571428571,7,shots_on_target,shots_on_target,SEATTLE REIGN,SEATTLE REIGN,2,top,Mia Fishel,NWSL,elite,4,4,2,1,0.25,0.08333333333333337,0.6666666666666667,-1.0,0.0,,0.0,0.5,-1.6666666666666667,-1.6666666666666667,False,False,Mia Fishel,,,,,,,,,,,True,False
Maddie Dahlien,maddie dahlien,SEATTLE REIGN,NWSL,0.7142857142857143,7,shots_on_target,shots_on_target,SEATTLE REIGN,SEATTLE REIGN,3,top,Maddie Dahlien,NWSL,elite,4,4,2,1,0.75,0.42500000000000004,-0.06666666666666665,0.33333333333333337,1.5,,1.0,0.5,0.4,0.4,False,False,Maddie Dahlien,,,,,,,,,,,True,False
Andi Sullivan,andi sullivan,SPIRIT,NWSL,0.0,9,assists,assists,SPIRIT,SPIRIT,1,bottom,Andi Sullivan,NWSL,elite,6,6,3,2,0.0,0.0,0.0,0.0,0.0,,0.0,0.0,0.0,0.0,False,False,Andi Sullivan,,,,,,,,,,,True,False
Claudia Martínez,claudia martinez,SPIRIT,NWSL,0.0,8,assists,assists,SPIRIT,SPIRIT,2,bottom,Claudia Martínez,NWSL,elite,5,5,3,1,0.0,0.0,0.0,0.0,0.0,,0.0,0.0,0.0,0.0,False,False,Claudia Martínez,,,,,,,,,,,True,False
Emma Gaines-Ramos,emma gaines-ramos,SPIRIT,NWSL,0.0,5,assists,assists,SPIRIT,SPIRIT,3,bottom,Emma Gaines-Ramos,NWSL,elite,2,2,1,1,0.0,0.0,0.0,0.0,,,0.0,0.0,0.0,0.0,False,False,Emma Gaines-Ramos,,,,,,,,,,,True,False
Leicy Santos,leicy santos,SPIRIT,NWSL,0.25,8,assists,assists,SPIRIT,SPIRIT,1,top,Leicy Santos,NWSL,elite,5,5,2,2,0.2,-0.17047619047619048,-0.3666666666666667,0.19047619047619052,-0.5,0.369951850861625,0.5,0.0,0.5571428571428572,0.5571428571428572,False,True,Leicy Santos,,,,,,,,,,,True,False
Kate Wiesner,kate wiesner,SPIRIT,NWSL,0.2222222222222222,9,assists,assists,SPIRIT,SPIRIT,2,top,Kate Wiesner,NWSL,elite,6,6,3,2,0.16666666666666666,-0.057142857142857106,-0.20555555555555557,0.261904761904762,-0.25,0.6370203275649217,0.5,0.0,0.4674603174603176,0.4674603174603176,False,False,Kate Wiesner,,,,,,,,,,,True,False
Tara Rudd,tara rudd,SPIRIT,NWSL,0.2222222222222222,9,assists,assists,SPIRIT,SPIRIT,3,top,Tara Rudd,NWSL,elite,6,6,3,2,0.16666666666666666,-0.03630952380952379,0.16944444444444443,-0.23809523809523808,-0.25,-0.42396795635054685,0.0,0.3333333333333333,-0.40753968253968254,-0.40753968253968254,False,False,Tara Rudd,,,,,,,,,,,True,False
Andi Sullivan,andi sullivan,SPIRIT,NWSL,0.0,9,goals,goals,SPIRIT,SPIRIT,1,bottom,Andi Sullivan,NWSL,elite,6,6,3,2,0.0,0.0,0.0,0.0,0.0,,0.0,0.0,0.0,0.0,False,False,Andi Sullivan,,,,,,,,,,,True,False
Claudia Martínez,claudia martinez,SPIRIT,NWSL,0.0,8,goals,goals,SPIRIT,SPIRIT,2,bottom,Claudia Martínez,NWSL,elite,5,5,3,1,0.0,0.0,0.0,0.0,0.0,,0.0,0.0,0.0,0.0,False,False,Claudia Martínez,,,,,,,,,,,True,False
Emma Gaines-Ramos,emma gaines-ramos,SPIRIT,NWSL,0.0,5,goals,goals,SPIRIT,SPIRIT,3,bottom,Emma Gaines-Ramos,NWSL,elite,2,2,1,1,0.0,0.0,0.0,0.0,,,0.0,0.0,0.0,0.0,False,False,Emma Gaines-Ramos,,,,,,,,,,,True,False
Trinity Rodman,trinity rodman,SPIRIT,NWSL,0.7777777777777778,9,goals,goals,SPIRIT,SPIRIT,1,top,Trinity Rodman,NWSL,elite,6,6,3,2,0.5,-0.18293650793650795,-0.1277777777777778,0.14285714285714285,-1.0,0.06708368956468837,0.5,0.6666666666666666,0.2706349206349207,0.2706349206349207,False,False,Trinity Rodman,,,,,,,,,,,True,False
Sofia Cantore,sofia cantore,SPIRIT,NWSL,0.2222222222222222,9,goals,goals,SPIRIT,SPIRIT,2,top,Sofia Cantore,NWSL,elite,6,6,3,2,0.3333333333333333,0.20674603174603176,-0.20555555555555557,0.4285714285714286,1.0,0.7313396868883061,0.5,0.0,0.6341269841269842,0.6341269841269842,False,False,Sofia Cantore,,,,,,,,,,,True,False
Leicy Santos,leicy santos,SPIRIT,NWSL,0.125,8,goals,goals,SPIRIT,SPIRIT,3,top,Leicy Santos,NWSL,elite,5,5,2,2,0.0,-0.21857142857142856,-0.18333333333333335,-0.23809523809523808,-0.25,-0.12614995352309086,0.0,0.0,-0.054761904761904734,-0.054761904761904734,False,False,Leicy Santos,,,,,,,,,,,True,False
Kaylie Collins,kaylie collins,SPIRIT,NWSL,0.0,5,saves,saves,SPIRIT,SPIRIT,1,bottom,Kaylie Collins,NWSL,elite,2,2,1,1,0.0,0.0,0.0,0.0,,,0.0,0.0,0.0,0.0,False,False,Kaylie Collins,,,,,,,,,,,True,False
Sara Wojdelko,sara wojdelko,SPIRIT,NWSL,0.0,9,saves,saves,SPIRIT,SPIRIT,2,bottom,Sara Wojdelko,NWSL,elite,6,6,3,2,0.0,0.0,0.0,0.0,0.0,,0.0,0.0,0.0,0.0,False,False,Sara Wojdelko,,,,,,,,,,,True,False
Sandy MacIver,sandy maciver,SPIRIT,NWSL,2.3333333333333335,9,saves,saves,SPIRIT,SPIRIT,3,bottom,Sandy MacIver,NWSL,elite,6,6,3,2,0.3333333333333333,0.34781746031746025,1.5527777777777778,-0.7857142857142858,-1.0,-0.7156597635705192,0.0,0.6666666666666666,-2.3384920634920636,-2.3384920634920636,False,False,Sandy MacIver,,,,,,,,,,,True,False
Sandy MacIver,sandy maciver,SPIRIT,NWSL,2.3333333333333335,9,saves,saves,SPIRIT,SPIRIT,1,top,Sandy MacIver,NWSL,elite,6,6,3,2,0.3333333333333333,0.34781746031746025,1.5527777777777778,-0.7857142857142858,-1.0,-0.7156597635705192,0.0,0.6666666666666666,-2.3384920634920636,-2.3384920634920636,False,False,Sandy MacIver,,,,,,,,,,,True,False
Kaylie Collins,kaylie collins,SPIRIT,NWSL,0.0,5,saves,saves,SPIRIT,SPIRIT,2,top,Kaylie Collins,NWSL,elite,2,2,1,1,0.0,0.0,0.0,0.0,,,0.0,0.0,0.0,0.0,False,False,Kaylie Collins,,,,,,,,,,,True,False
Sara Wojdelko,sara wojdelko,SPIRIT,NWSL,0.0,9,saves,saves,SPIRIT,SPIRIT,3,top,Sara Wojdelko,NWSL,elite,6,6,3,2,0.0,0.0,0.0,0.0,0.0,,0.0,0.0,0.0,0.0,False,False,Sara Wojdelko,,,,,,,,,,,True,False
Emma Gaines-Ramos,emma gaines-ramos,SPIRIT,NWSL,0.0,5,shots,shots,SPIRIT,SPIRIT,1,bottom,Emma Gaines-Ramos,NWSL,elite,2,2,1,1,0.0,0.0,0.0,0.0,,,0.0,0.0,0.0,0.0,False,False,Emma Gaines-Ramos,,,,,,,,,,,True,False
Kaylie Collins,kaylie collins,SPIRIT,NWSL,0.0,5,shots,shots,SPIRIT,SPIRIT,2,bottom,Kaylie Collins,NWSL,elite,2,2,1,1,0.0,0.0,0.0,0.0,,,0.0,0.0,0.0,0.0,False,False,Kaylie Collins,,,,,,,,,,,True,False
Sandy MacIver,sandy maciver,SPIRIT,NWSL,0.0,9,shots,shots,SPIRIT,SPIRIT,3,bottom,Sandy MacIver,NWSL,elite,6,6,3,2,0.0,0.0,0.0,0.0,0.0,,0.0,0.0,0.0,0.0,False,False,Sandy MacIver,,,,,,,,,,,True,False
Trinity Rodman,trinity rodman,SPIRIT,NWSL,3.7777777777777777,9,shots,shots,SPIRIT,SPIRIT,1,top,Trinity Rodman,NWSL,elite,6,6,3,2,0.3333333333333333,-0.8283730158730158,-0.7638888888888888,-0.7142857142857142,-1.25,0.17150633571893967,0.5,0.3333333333333333,0.04960317460317465,0.04960317460317465,False,True,Trinity Rodman,,,,,,,,,,,True,False
Leicy Santos,leicy santos,SPIRIT,NWSL,1.625,8,shots,shots,SPIRIT,SPIRIT,2,top,Leicy Santos,NWSL,elite,5,5,2,2,0.0,-1.4328571428571428,-1.6,-1.8571428571428572,-0.25,0.06859073102028711,0.0,0.0,-0.2571428571428571,-0.2571428571428571,False,True,Leicy Santos,,,,,,,,,,,True,False
Sofia Cantore,sofia cantore,SPIRIT,NWSL,1.5555555555555556,9,shots,shots,SPIRIT,SPIRIT,3,top,Sofia Cantore,NWSL,elite,6,6,3,2,0.5,0.6621031746031747,0.002777777777777768,0.8571428571428572,2.25,0.5297056801716832,0.5,0.3333333333333333,0.8543650793650794,0.8543650793650794,False,False,Sofia Cantore,,,,,,,,,,,True,False
Emma Gaines-Ramos,emma gaines-ramos,SPIRIT,NWSL,0.0,5,shots_on_target,shots_on_target,SPIRIT,SPIRIT,1,bottom,Emma Gaines-Ramos,NWSL,elite,2,2,1,1,0.0,0.0,0.0,0.0,,,0.0,0.0,0.0,0.0,False,False,Emma Gaines-Ramos,,,,,,,,,,,True,False
Esme Morgan,esme morgan,SPIRIT,NWSL,0.0,9,shots_on_target,shots_on_target,SPIRIT,SPIRIT,2,bottom,Esme Morgan,NWSL,elite,6,6,3,2,0.0,0.0,0.0,0.0,0.0,,0.0,0.0,0.0,0.0,False,False,Esme Morgan,,,,,,,,,,,True,False
Kate Wiesner,kate wiesner,SPIRIT,NWSL,0.0,9,shots_on_target,shots_on_target,SPIRIT,SPIRIT,3,bottom,Kate Wiesner,NWSL,elite,6,6,3,2,0.0,0.0,0.0,0.0,0.0,,0.0,0.0,0.0,0.0,False,False,Kate Wiesner,,,,,,,,,,,True,False
Trinity Rodman,trinity rodman,SPIRIT,NWSL,1.4444444444444444,9,shots_on_target,shots_on_target,SPIRIT,SPIRIT,1,top,Trinity Rodman,NWSL,elite,6,6,3,2,0.3333333333333333,-0.1753968253968254,-0.8666666666666667,0.5238095238095237,0.5,0.7313231920179901,0.5,0.0,1.3904761904761904,1.3904761904761904,False,True,Trinity Rodman,,,,,,,,,,,True,False
Leicy Santos,leicy santos,SPIRIT,NWSL,0.875,8,shots_on_target,shots_on_target,SPIRIT,SPIRIT,2,top,Leicy Santos,NWSL,elite,5,5,2,2,0.0,-1.2133333333333334,-1.2833333333333332,-1.5,-0.5,0.043580635862169294,0.0,0.0,-0.21666666666666679,-0.21666666666666679,False,True,Leicy Santos,,,,,,,,,,,True,False
Sofia Cantore,sofia cantore,SPIRIT,NWSL,0.6666666666666666,9,shots_on_target,shots_on_target,SPIRIT,SPIRIT,3,top,Sofia Cantore,NWSL,elite,6,6,3,2,0.5,0.3325396825396825,-0.2833333333333333,0.5476190476190477,1.75,0.6201733090383817,0.5,0.3333333333333333,0.830952380952381,0.830952380952381,False,False,Sofia Cantore,,,,,,,,,,,True,False
Calvin Harris,calvin harris,SPORTING KC,MLS,0.0,5,assists,assists,SPORTING KC,SPORTING KC,1,bottom,Calvin Harris,MLS,mid,2,2,0,0,0.0,0.0,,,0.0,,,,,,False,False,Calvin Harris,,,,,,,,,,,True,False
Dejan Joveljic,dejan joveljic,SPORTING KC,MLS,0.0,5,assists,assists,SPORTING KC,SPORTING KC,2,bottom,Dejan Joveljic,MLS,mid,2,2,0,0,0.0,0.0,,,0.0,,,,,,False,False,Dejan Joveljic,,,,,,,,,,,True,False
Emir Karic,emir karic,SPORTING KC,MLS,0.0,5,assists,assists,SPORTING KC,SPORTING KC,3,bottom,Emir Karic,MLS,mid,2,2,0,0,0.0,0.0,,,0.0,,,,,,False,False,Emir Karic,,,,,,,,,,,True,False
Jacob Davis,jacob davis,SPORTING KC,MLS,0.2,5,assists,assists,SPORTING KC,SPORTING KC,1,top,Jacob Davis,MLS,mid,2,2,0,0,0.0,-0.29166666666666663,,,-0.29166666666666663,,,,,,False,False,Jacob Davis,,,,,,,,,,,True,False
Manu García,manu garcia,SPORTING KC,MLS,0.2,5,assists,assists,SPORTING KC,SPORTING KC,2,top,Manu García,MLS,mid,2,2,0,0,0.0,-0.29166666666666663,,,-0.29166666666666663,,,,,,False,False,Manu García,,,,,,,,,,,True,False
Calvin Harris,calvin harris,SPORTING KC,MLS,0.0,5,assists,assists,SPORTING KC,SPORTING KC,3,top,Calvin Harris,MLS,mid,2,2,0,0,0.0,0.0,,,0.0,,,,,,False,False,Calvin Harris,,,,,,,,,,,True,False
Calvin Harris,calvin harris,SPORTING KC,MLS,0.0,5,goals,goals,SPORTING KC,SPORTING KC,1,bottom,Calvin Harris,MLS,mid,2,2,0,0,0.0,0.0,,,0.0,,,,,,False,False,Calvin Harris,,,,,,,,,,,True,False
Emir Karic,emir karic,SPORTING KC,MLS,0.0,5,goals,goals,SPORTING KC,SPORTING KC,2,bottom,Emir Karic,MLS,mid,2,2,0,0,0.0,0.0,,,0.0,,,,,,False,False,Emir Karic,,,,,,,,,,,True,False
Ian James,ian james,SPORTING KC,MLS,0.0,5,goals,goals,SPORTING KC,SPORTING KC,3,bottom,Ian James,MLS,mid,2,2,0,0,0.0,0.0,,,0.0,,,,,,False,False,Ian James,,,,,,,,,,,True,False
Dejan Joveljic,dejan joveljic,SPORTING KC,MLS,0.4,5,goals,goals,SPORTING KC,SPORTING KC,1,top,Dejan Joveljic,MLS,mid,2,2,0,0,0.0,-0.5833333333333333,,,-0.5833333333333333,,,,,,False,False,Dejan Joveljic,,,,,,,,,,,True,False
Manu García,manu garcia,SPORTING KC,MLS,0.2,5,goals,goals,SPORTING KC,SPORTING KC,2,top,Manu García,MLS,mid,2,2,0,0,0.0,-0.29166666666666663,,,-0.29166666666666663,,,,,,False,False,Manu García,,,,,,,,,,,True,False
Calvin Harris,calvin harris,SPORTING KC,MLS,0.0,5,goals,goals,SPORTING KC,SPORTING KC,3,top,Calvin Harris,MLS,mid,2,2,0,0,0.0,0.0,,,0.0,,,,,,False,False,Calvin Harris,,,,,,,,,,,True,False
John Pulskamp,john pulskamp,SPORTING KC,MLS,0.0,5,saves,saves,SPORTING KC,SPORTING KC,1,bottom,John Pulskamp,MLS,mid,2,2,0,0,0.0,0.0,,,0.0,,,,,,False,False,John Pulskamp,,,,,,,,,,,True,False
Stefan Cleveland,stefan cleveland,SPORTING KC,MLS,2.8,5,saves,saves,SPORTING KC,SPORTING KC,2,bottom,Stefan Cleveland,MLS,mid,2,2,0,0,0.0,-2.625,,,-2.625,,,,,,False,False,Stefan Cleveland,,,,,,,,,,,True,False
Stefan Cleveland,stefan cleveland,SPORTING KC,MLS,2.8,5,saves,saves,SPORTING KC,SPORTING KC,1,top,Stefan Cleveland,MLS,mid,2,2,0,0,0.0,-2.625,,,-2.625,,,,,,False,False,Stefan Cleveland,,,,,,,,,,,True,False
John Pulskamp,john pulskamp,SPORTING KC,MLS,0.0,5,saves,saves,SPORTING KC,SPORTING KC,2,top,John Pulskamp,MLS,mid,2,2,0,0,0.0,0.0,,,0.0,,,,,,False,False,John Pulskamp,,,,,,,,,,,True,False
Ian James,ian james,SPORTING KC,MLS,0.0,5,shots,shots,SPORTING KC,SPORTING KC,1,bottom,Ian James,MLS,mid,2,2,0,0,0.0,0.0,,,0.0,,,,,,False,False,Ian James,,,,,,,,,,,True,False
Jacob Bartlett,jacob bartlett,SPORTING KC,MLS,0.0,5,shots,shots,SPORTING KC,SPORTING KC,2,bottom,Jacob Bartlett,MLS,mid,2,2,0,0,0.0,0.0,,,0.0,,,,,,False,False,Jacob Bartlett,,,,,,,,,,,True,False
Jansen Miller,jansen miller,SPORTING KC,MLS,0.0,5,shots,shots,SPORTING KC,SPORTING KC,3,bottom,Jansen Miller,MLS,mid,2,2,0,0,0.0,0.0,,,0.0,,,,,,False,False,Jansen Miller,,,,,,,,,,,True,False
Dejan Joveljic,dejan joveljic,SPORTING KC,MLS,2.2,5,shots,shots,SPORTING KC,SPORTING KC,1,top,Dejan Joveljic,MLS,mid,2,2,0,0,0.0,-1.75,,,-1.75,,,,,,False,False,Dejan Joveljic,,,,,,,,,,,True,False
Calvin Harris,calvin harris,SPORTING KC,MLS,2.0,5,shots,shots,SPORTING KC,SPORTING KC,2,top,Calvin Harris,MLS,mid,2,2,0,0,0.5,0.125,,,0.125,,,,,,False,False,Calvin Harris,,,,,,,,,,,True,False
Zorhan Bassong,zorhan bassong,SPORTING KC,MLS,0.8,5,shots,shots,SPORTING KC,SPORTING KC,3,top,Zorhan Bassong,MLS,mid,2,2,0,0,0.0,-1.1666666666666665,,,-1.1666666666666665,,,,,,False,False,Zorhan Bassong,,,,,,,,,,,True,False
Emir Karic,emir karic,SPORTING KC,MLS,0.0,5,shots_on_target,shots_on_target,SPORTING KC,SPORTING KC,1,bottom,Emir Karic,MLS,mid,2,2,0,0,0.0,0.0,,,0.0,,,,,,False,False,Emir Karic,,,,,,,,,,,True,False
Ian James,ian james,SPORTING KC,MLS,0.0,5,shots_on_target,shots_on_target,SPORTING KC,SPORTING KC,2,bottom,Ian James,MLS,mid,2,2,0,0,0.0,0.0,,,0.0,,,,,,False,False,Ian James,,,,,,,,,,,True,False
Jacob Bartlett,jacob bartlett,SPORTING KC,MLS,0.0,5,shots_on_target,shots_on_target,SPORTING KC,SPORTING KC,3,bottom,Jacob Bartlett,MLS,mid,2,2,0,0,0.0,0.0,,,0.0,,,,,,False,False,Jacob Bartlett,,,,,,,,,,,True,False
Dejan Joveljic,dejan joveljic,SPORTING KC,MLS,1.2,5,shots_on_target,shots_on_target,SPORTING KC,SPORTING KC,1,top,Dejan Joveljic,MLS,mid,2,2,0,0,0.0,-0.29166666666666663,,,-0.29166666666666663,,,,,,False,False,Dejan Joveljic,,,,,,,,,,,True,False
Calvin Harris,calvin harris,SPORTING KC,MLS,0.4,5,shots_on_target,shots_on_target,SPORTING KC,SPORTING KC,2,top,Calvin Harris,MLS,mid,2,2,0,0,0.5,0.20833333333333334,,,0.20833333333333334,,,,,,False,False,Calvin Harris,,,,,,,,,,,True,False
Manu García,manu garcia,SPORTING KC,MLS,0.4,5,shots_on_target,shots_on_target,SPORTING KC,SPORTING KC,3,top,Manu García,MLS,mid,2,2,0,0,0.0,-0.5833333333333333,,,-0.5833333333333333,,,,,,False,False,Manu García,,,,,,,,,,,True,False
Benjamin Lundt,benjamin lundt,ST. LOUIS,MLS,0.0,5,assists,assists,ST. LOUIS,ST. LOUIS,1,bottom,Benjamin Lundt,MLS,elite,2,2,1,0,0.0,0.0,0.0,,0.0,,,0.0,,,False,False,Benjamin Lundt,,,,,,,,,,,True,False
Daniel Edelman,daniel edelman,ST. LOUIS,MLS,0.0,5,assists,assists,ST. LOUIS,ST. LOUIS,2,bottom,Daniel Edelman,MLS,elite,2,2,1,0,0.0,0.0,0.0,,0.0,,,0.0,,,False,False,Daniel Edelman,,,,,,,,,,,True,False
Dante Polvara,dante polvara,ST. LOUIS,MLS,0.0,5,assists,assists,ST. LOUIS,ST. LOUIS,3,bottom,Dante Polvara,MLS,elite,2,2,1,0,0.0,0.0,0.0,,0.0,,,0.0,,,False,False,Dante Polvara,,,,,,,,,,,True,False
Tomas Totland,tomas totland,ST. LOUIS,MLS,0.6,5,assists,assists,ST. LOUIS,ST. LOUIS,1,top,Tomas Totland,MLS,elite,2,2,1,0,0.5,-0.08333333333333331,0.5,,-0.6666666666666666,,,1.0,,,False,False,Tomas Totland,,,,,,,,,,,True,False
Eduard Löwen,eduard lowen,ST. LOUIS,MLS,0.2,5,assists,assists,ST. LOUIS,ST. LOUIS,2,top,Eduard Löwen,MLS,elite,2,2,1,0,0.5,0.5,1.0,,0.0,,,1.0,,,False,False,Eduard Löwen,,,,,,,,,,,True,False
Simon Becher,simon becher,ST. LOUIS,MLS,0.2,5,assists,assists,ST. LOUIS,ST. LOUIS,3,top,Simon Becher,MLS,elite,2,2,1,0,0.0,-0.29166666666666663,-0.25,,-0.3333333333333333,,,0.0,,,False,False,Simon Becher,,,,,,,,,,,True,False
Benjamin Lundt,benjamin lundt,ST. LOUIS,MLS,0.0,5,goals,goals,ST. LOUIS,ST. LOUIS,1,bottom,Benjamin Lundt,MLS,elite,2,2,1,0,0.0,0.0,0.0,,0.0,,,0.0,,,False,False,Benjamin Lundt,,,,,,,,,,,True,False
Dante Polvara,dante polvara,ST. LOUIS,MLS,0.0,5,goals,goals,ST. LOUIS,ST. LOUIS,2,bottom,Dante Polvara,MLS,elite,2,2,1,0,0.0,0.0,0.0,,0.0,,,0.0,,,False,False,Dante Polvara,,,,,,,,,,,True,False
Fallou Fall,fallou fall,ST. LOUIS,MLS,0.0,5,goals,goals,ST. LOUIS,ST. LOUIS,3,bottom,Fallou Fall,MLS,elite,2,2,1,0,0.0,0.0,0.0,,0.0,,,0.0,,,False,False,Fallou Fall,,,,,,,,,,,True,False
Simon Becher,simon becher,ST. LOUIS,MLS,0.6,5,goals,goals,ST. LOUIS,ST. LOUIS,1,top,Simon Becher,MLS,elite,2,2,1,0,0.5,0.7083333333333334,1.75,,-0.3333333333333333,,,1.0,,,False,False,Simon Becher,,,,,,,,,,,True,False
Daniel Edelman,daniel edelman,ST. LOUIS,MLS,0.2,5,goals,goals,ST. LOUIS,ST. LOUIS,2,top,Daniel Edelman,MLS,elite,2,2,1,0,0.5,0.5,1.0,,0.0,,,1.0,,,False,False,Daniel Edelman,,,,,,,,,,,True,False
Eduard Löwen,eduard lowen,ST. LOUIS,MLS,0.2,5,goals,goals,ST. LOUIS,ST. LOUIS,3,top,Eduard Löwen,MLS,elite,2,2,1,0,0.0,-0.29166666666666663,-0.25,,-0.3333333333333333,,,0.0,,,False,False,Eduard Löwen,,,,,,,,,,,True,False
Benjamin Lundt,benjamin lundt,ST. LOUIS,MLS,0.2,5,saves,saves,ST. LOUIS,ST. LOUIS,1,bottom,Benjamin Lundt,MLS,elite,2,2,1,0,0.0,-0.29166666666666663,-0.25,,-0.3333333333333333,,,0.0,,,False,False,Benjamin Lundt,,,,,,,,,,,True,False
Benjamin Lundt,benjamin lundt,ST. LOUIS,MLS,0.2,5,saves,saves,ST. LOUIS,ST. LOUIS,1,top,Benjamin Lundt,MLS,elite,2,2,1,0,0.0,-0.29166666666666663,-0.25,,-0.3333333333333333,,,0.0,,,False,False,Benjamin Lundt,,,,,,,,,,,True,False
Benjamin Lundt,benjamin lundt,ST. LOUIS,MLS,0.0,5,shots,shots,ST. LOUIS,ST. LOUIS,1,bottom,Benjamin Lundt,MLS,elite,2,2,1,0,0.0,0.0,0.0,,0.0,,,0.0,,,False,False,Benjamin Lundt,,,,,,,,,,,True,False
Fallou Fall,fallou fall,ST. LOUIS,MLS,0.0,5,shots,shots,ST. LOUIS,ST. LOUIS,2,bottom,Fallou Fall,MLS,elite,2,2,1,0,0.0,0.0,0.0,,0.0,,,0.0,,,False,False,Fallou Fall,,,,,,,,,,,True,False
Dante Polvara,dante polvara,ST. LOUIS,MLS,0.2,5,shots,shots,ST. LOUIS,ST. LOUIS,3,bottom,Dante Polvara,MLS,elite,2,2,1,0,0.0,-0.29166666666666663,-0.25,,-0.3333333333333333,,,0.0,,,False,False,Dante Polvara,,,,,,,,,,,True,False
Simon Becher,simon becher,ST. LOUIS,MLS,4.6,5,shots,shots,ST. LOUIS,ST. LOUIS,1,top,Simon Becher,MLS,elite,2,2,1,0,0.5,0.8333333333333335,3.0,,-1.333333333333333,,,1.0,,,False,False,Simon Becher,,,,,,,,,,,True,False
Eduard Löwen,eduard lowen,ST. LOUIS,MLS,2.0,5,shots,shots,ST. LOUIS,ST. LOUIS,2,top,Eduard Löwen,MLS,elite,2,2,1,0,0.0,0.0,0.0,,0.0,,,0.0,,,False,False,Eduard Löwen,,,,,,,,,,,True,False
Jeong Sang-Bin,jeong sang-bin,ST. LOUIS,MLS,1.4,5,shots,shots,ST. LOUIS,ST. LOUIS,3,top,Jeong Sang-Bin,MLS,elite,2,2,1,0,0.0,-1.25,-0.5,,-2.0,,,0.0,,,False,False,Jeong Sang-Bin,,,,,,,,,,,True,False
Benjamin Lundt,benjamin lundt,ST. LOUIS,MLS,0.0,5,shots_on_target,shots_on_target,ST. LOUIS,ST. LOUIS,1,bottom,Benjamin Lundt,MLS,elite,2,2,1,0,0.0,0.0,0.0,,0.0,,,0.0,,,False,False,Benjamin Lundt,,,,,,,,,,,True,False
Dante Polvara,dante polvara,ST. LOUIS,MLS,0.0,5,shots_on_target,shots_on_target,ST. LOUIS,ST. LOUIS,2,bottom,Dante Polvara,MLS,elite,2,2,1,0,0.0,0.0,0.0,,0.0,,,0.0,,,False,False,Dante Polvara,,,,,,,,,,,True,False
Fallou Fall,fallou fall,ST. LOUIS,MLS,0.0,5,shots_on_target,shots_on_target,ST. LOUIS,ST. LOUIS,3,bottom,Fallou Fall,MLS,elite,2,2,1,0,0.0,0.0,0.0,,0.0,,,0.0,,,False,False,Fallou Fall,,,,,,,,,,,True,False
Simon Becher,simon becher,ST. LOUIS,MLS,1.6,5,shots_on_target,shots_on_target,ST. LOUIS,ST. LOUIS,1,top,Simon Becher,MLS,elite,2,2,1,0,0.5,0.8333333333333334,3.0,,-1.3333333333333333,,,1.0,,,False,False,Simon Becher,,,,,,,,,,,True,False
Jeong Sang-Bin,jeong sang-bin,ST. LOUIS,MLS,0.6,5,shots_on_target,shots_on_target,ST. LOUIS,ST. LOUIS,2,top,Jeong Sang-Bin,MLS,elite,2,2,1,0,0.5,-0.08333333333333331,0.5,,-0.6666666666666666,,,1.0,,,False,False,Jeong Sang-Bin,,,,,,,,,,,True,False
Daniel Edelman,daniel edelman,ST. LOUIS,MLS,0.4,5,shots_on_target,shots_on_target,ST. LOUIS,ST. LOUIS,3,top,Daniel Edelman,MLS,elite,2,2,1,0,0.5,1.0,2.0,,0.0,,,1.0,,,False,False,Daniel Edelman,,,,,,,,,,,True,False
Carolyn Calzada,carolyn calzada,THORNS,NWSL,0.0,7,assists,assists,THORNS,THORNS,1,bottom,Carolyn Calzada,NWSL,elite,4,4,2,1,0.0,0.0,0.0,0.0,0.0,,0.0,0.0,0.0,0.0,False,False,Carolyn Calzada,,,,,,,,,,,True,False
Cassandra Bogere,cassandra bogere,THORNS,NWSL,0.0,7,assists,assists,THORNS,THORNS,2,bottom,Cassandra Bogere,NWSL,elite,4,4,2,1,0.0,0.0,0.0,0.0,0.0,,0.0,0.0,0.0,0.0,False,False,Cassandra Bogere,,,,,,,,,,,True,False
Deyna Castellanos,deyna castellanos,THORNS,NWSL,0.0,7,assists,assists,THORNS,THORNS,3,bottom,Deyna Castellanos,NWSL,elite,4,4,2,1,0.0,0.0,0.0,0.0,0.0,,0.0,0.0,0.0,0.0,False,False,Deyna Castellanos,,,,,,,,,,,True,False
Pietra Tordin,pietra tordin,THORNS,NWSL,0.7142857142857143,7,assists,assists,THORNS,THORNS,1,top,Pietra Tordin,NWSL,elite,4,4,2,1,0.75,0.029166666666666674,0.2916666666666667,-0.8,0.33333333333333337,,0.0,1.0,-1.0916666666666668,-1.0916666666666668,False,False,Pietra Tordin,,,,,,,,,,,True,False
Olivia Moultrie,olivia moultrie,THORNS,NWSL,0.2,5,assists,assists,THORNS,THORNS,2,top,Olivia Moultrie,NWSL,elite,2,2,2,0,0.0,-0.29166666666666663,-0.29166666666666663,,,,,0.0,,,False,False,Olivia Moultrie,,,,,,,,,,,True,False
Renee Lyles,renee lyles,THORNS,NWSL,0.16666666666666666,6,assists,assists,THORNS,THORNS,3,top,Renee Lyles,NWSL,elite,3,3,1,1,0.0,-0.26111111111111107,-0.3333333333333333,-0.25,-0.2,,0.0,0.0,0.08333333333333331,0.08333333333333331,False,False,Renee Lyles,,,,,,,,,,,True,False
Carolyn Calzada,carolyn calzada,THORNS,NWSL,0.0,7,goals,goals,THORNS,THORNS,1,bottom,Carolyn Calzada,NWSL,elite,4,4,2,1,0.0,0.0,0.0,0.0,0.0,,0.0,0.0,0.0,0.0,False,False,Carolyn Calzada,,,,,,,,,,,True,False
Cassandra Bogere,cassandra bogere,THORNS,NWSL,0.0,7,goals,goals,THORNS,THORNS,2,bottom,Cassandra Bogere,NWSL,elite,4,4,2,1,0.0,0.0,0.0,0.0,0.0,,0.0,0.0,0.0,0.0,False,False,Cassandra Bogere,,,,,,,,,,,True,False
Isabella Obaze,isabella obaze,THORNS,NWSL,0.0,5,goals,goals,THORNS,THORNS,3,bottom,Isabella Obaze,NWSL,mid,2,2,0,1,0.0,0.0,,0.0,0.0,,0.0,,,,False,False,Isabella Obaze,,,,,,,,,,,True,False
Pietra Tordin,pietra tordin,THORNS,NWSL,0.5714285714285714,7,goals,goals,THORNS,THORNS,1,top,Pietra Tordin,NWSL,elite,4,4,2,1,0.25,0.38750000000000007,-0.29166666666666663,2.8,-0.6666666666666666,,1.0,0.0,3.0916666666666663,3.0916666666666663,False,False,Pietra Tordin,,,,,,,,,,,True,False
Sophia Wilson,sophia wilson,THORNS,NWSL,0.5714285714285714,7,goals,goals,THORNS,THORNS,2,top,Sophia Wilson,NWSL,elite,4,4,2,1,0.5,-0.10833333333333331,-0.08333333333333331,0.4,-0.6666666666666666,,1.0,0.5,0.48333333333333334,0.48333333333333334,False,False,Sophia Wilson,,,,,,,,,,,True,False
Jayden Perry,jayden perry,THORNS,NWSL,0.16666666666666666,6,goals,goals,THORNS,THORNS,3,top,Jayden Perry,NWSL,elite,3,3,1,1,0.0,-0.26111111111111107,-0.3333333333333333,-0.25,-0.2,,0.0,0.0,0.08333333333333331,0.08333333333333331,False,False,Jayden Perry,,,,,,,,,,,True,False
Morgan Messner,morgan messner,THORNS,NWSL,0.0,7,saves,saves,THORNS,THORNS,1,bottom,Morgan Messner,NWSL,elite,4,4,2,1,0.0,0.0,0.0,0.0,0.0,,0.0,0.0,0.0,0.0,False,False,Morgan Messner,,,,,,,,,,,True,False
Mackenzie Arnold,mackenzie arnold,THORNS,NWSL,3.2857142857142856,7,saves,saves,THORNS,THORNS,2,bottom,Mackenzie Arnold,NWSL,elite,4,4,2,1,0.25,-0.5625,-2.125,0.0,2.0,,0.0,0.0,2.125,2.125,False,True,Mackenzie Arnold,,,,,,,,,,,True,False
Mackenzie Arnold,mackenzie arnold,THORNS,NWSL,3.2857142857142856,7,saves,saves,THORNS,THORNS,1,top,Mackenzie Arnold,NWSL,elite,4,4,2,1,0.25,-0.5625,-2.125,0.0,2.0,,0.0,0.0,2.125,2.125,False,True,Mackenzie Arnold,,,,,,,,,,,True,False
Morgan Messner,morgan messner,THORNS,NWSL,0.0,7,saves,saves,THORNS,THORNS,2,top,Morgan Messner,NWSL,elite,4,4,2,1,0.0,0.0,0.0,0.0,0.0,,0.0,0.0,0.0,0.0,False,False,Morgan Messner,,,,,,,,,,,True,False
Carolyn Calzada,carolyn calzada,THORNS,NWSL,0.0,7,shots,shots,THORNS,THORNS,1,bottom,Carolyn Calzada,NWSL,elite,4,4,2,1,0.0,0.0,0.0,0.0,0.0,,0.0,0.0,0.0,0.0,False,False,Carolyn Calzada,,,,,,,,,,,True,False
Isabella Obaze,isabella obaze,THORNS,NWSL,0.0,5,shots,shots,THORNS,THORNS,2,bottom,Isabella Obaze,NWSL,mid,2,2,0,1,0.0,0.0,,0.0,0.0,,0.0,,,,False,False,Isabella Obaze,,,,,,,,,,,True,False
Mackenzie Arnold,mackenzie arnold,THORNS,NWSL,0.0,7,shots,shots,THORNS,THORNS,3,bottom,Mackenzie Arnold,NWSL,elite,4,4,2,1,0.0,0.0,0.0,0.0,0.0,,0.0,0.0,0.0,0.0,False,False,Mackenzie Arnold,,,,,,,,,,,True,False
Sophia Wilson,sophia wilson,THORNS,NWSL,4.428571428571429,7,shots,shots,THORNS,THORNS,1,top,Sophia Wilson,NWSL,elite,4,4,2,1,0.25,-0.625,0.6666666666666665,-1.0,-2.833333333333333,,0.0,0.5,-1.6666666666666665,-1.6666666666666665,False,False,Sophia Wilson,,,,,,,,,,,True,False
Olivia Moultrie,olivia moultrie,THORNS,NWSL,2.6,5,shots,shots,THORNS,THORNS,2,top,Olivia Moultrie,NWSL,elite,2,2,2,0,0.5,-0.20833333333333326,-0.20833333333333326,,,,,0.5,,,False,False,Olivia Moultrie,,,,,,,,,,,True,False
Pietra Tordin,pietra tordin,THORNS,NWSL,2.5714285714285716,7,shots,shots,THORNS,THORNS,3,top,Pietra Tordin,NWSL,elite,4,4,2,1,0.25,-0.49583333333333335,-1.375,2.6,-1.8333333333333335,,1.0,0.0,3.975,3.975,False,True,Pietra Tordin,,,,,,,,,,,True,False
Carolyn Calzada,carolyn calzada,THORNS,NWSL,0.0,7,shots_on_target,shots_on_target,THORNS,THORNS,1,bottom,Carolyn Calzada,NWSL,elite,4,4,2,1,0.0,0.0,0.0,0.0,0.0,,0.0,0.0,0.0,0.0,False,False,Carolyn Calzada,,,,,,,,,,,True,False
Isabella Obaze,isabella obaze,THORNS,NWSL,0.0,5,shots_on_target,shots_on_target,THORNS,THORNS,2,bottom,Isabella Obaze,NWSL,mid,2,2,0,1,0.0,0.0,,0.0,0.0,,0.0,,,,False,False,Isabella Obaze,,,,,,,,,,,True,False
Mackenzie Arnold,mackenzie arnold,THORNS,NWSL,0.0,7,shots_on_target,shots_on_target,THORNS,THORNS,3,bottom,Mackenzie Arnold,NWSL,elite,4,4,2,1,0.0,0.0,0.0,0.0,0.0,,0.0,0.0,0.0,0.0,False,False,Mackenzie Arnold,,,,,,,,,,,True,False
Sophia Wilson,sophia wilson,THORNS,NWSL,1.8571428571428572,7,shots_on_target,shots_on_target,THORNS,THORNS,1,top,Sophia Wilson,NWSL,elite,4,4,2,1,0.75,0.4125,0.04166666666666663,1.4,0.16666666666666674,,1.0,0.5,1.3583333333333334,1.3583333333333334,False,False,Sophia Wilson,,,,,,,,,,,True,False
Olivia Moultrie,olivia moultrie,THORNS,NWSL,1.2,5,shots_on_target,shots_on_target,THORNS,THORNS,2,top,Olivia Moultrie,NWSL,elite,2,2,2,0,0.5,-0.41666666666666663,-0.41666666666666663,,,,,0.5,,,False,True,Olivia Moultrie,,,,,,,,,,,True,False
Pietra Tordin,pietra tordin,THORNS,NWSL,1.0,7,shots_on_target,shots_on_target,THORNS,THORNS,3,top,Pietra Tordin,NWSL,elite,4,4,2,1,0.75,0.40416666666666673,0.2916666666666667,2.2,-1.1666666666666667,,1.0,1.0,1.9083333333333334,1.9083333333333334,False,False,Pietra Tordin,,,,,,,,,,,True,False
Alan Barrionuevo,alan barrionuevo,TIGRE,Argentina,0.0,5,assists,assists,TIGRE,TIGRE,1,bottom,Alan Barrionuevo,Argentina,elite,2,2,2,0,0.0,0.0,0.0,,,,,0.0,,,False,False,Alan Barrionuevo,,,,,,,,,,,True,False
Alfio Oviedo,alfio oviedo,TIGRE,Argentina,0.0,5,assists,assists,TIGRE,TIGRE,2,bottom,Alfio Oviedo,Argentina,elite,2,2,2,0,0.0,0.0,0.0,,,,,0.0,,,False,False,Alfio Oviedo,,,,,,,,,,,True,False
Federico Álvarez,federico alvarez,TIGRE,Argentina,0.0,5,assists,assists,TIGRE,TIGRE,3,bottom,Federico Álvarez,Argentina,elite,2,2,2,0,0.0,0.0,0.0,,,,,0.0,,,False,False,Federico Álvarez,,,,,,,,,,,True,False
Alan Barrionuevo,alan barrionuevo,TIGRE,Argentina,0.0,5,assists,assists,TIGRE,TIGRE,1,top,Alan Barrionuevo,Argentina,elite,2,2,2,0,0.0,0.0,0.0,,,,,0.0,,,False,False,Alan Barrionuevo,,,,,,,,,,,True,False
Alfio Oviedo,alfio oviedo,TIGRE,Argentina,0.0,5,assists,assists,TIGRE,TIGRE,2,top,Alfio Oviedo,Argentina,elite,2,2,2,0,0.0,0.0,0.0,,,,,0.0,,,False,False,Alfio Oviedo,,,,,,,,,,,True,False
Federico Álvarez,federico alvarez,TIGRE,Argentina,0.0,5,assists,assists,TIGRE,TIGRE,3,top,Federico Álvarez,Argentina,elite,2,2,2,0,0.0,0.0,0.0,,,,,0.0,,,False,False,Federico Álvarez,,,,,,,,,,,True,False
Alan Barrionuevo,alan barrionuevo,TIGRE,Argentina,0.0,5,goals,goals,TIGRE,TIGRE,1,bottom,Alan Barrionuevo,Argentina,elite,2,2,2,0,0.0,0.0,0.0,,,,,0.0,,,False,False,Alan Barrionuevo,,,,,,,,,,,True,False
Alfio Oviedo,alfio oviedo,TIGRE,Argentina,0.0,5,goals,goals,TIGRE,TIGRE,2,bottom,Alfio Oviedo,Argentina,elite,2,2,2,0,0.0,0.0,0.0,,,,,0.0,,,False,False,Alfio Oviedo,,,,,,,,,,,True,False
Federico Álvarez,federico alvarez,TIGRE,Argentina,0.0,5,goals,goals,TIGRE,TIGRE,3,bottom,Federico Álvarez,Argentina,elite,2,2,2,0,0.0,0.0,0.0,,,,,0.0,,,False,False,Federico Álvarez,,,,,,,,,,,True,False
Ignacio Russo,ignacio russo,TIGRE,Argentina,0.4,5,goals,goals,TIGRE,TIGRE,1,top,Ignacio Russo,Argentina,elite,2,2,2,0,0.5,0.08333333333333337,0.08333333333333337,,,,,0.5,,,False,False,Ignacio Russo,,,,,,,,,,,True,False
Hector Garay,hector garay,TIGRE,Argentina,0.2,5,goals,goals,TIGRE,TIGRE,2,top,Hector Garay,Argentina,elite,2,2,2,0,0.0,-0.29166666666666663,-0.29166666666666663,,,,,0.0,,,False,False,Hector Garay,,,,,,,,,,,True,False
Alan Barrionuevo,alan barrionuevo,TIGRE,Argentina,0.0,5,goals,goals,TIGRE,TIGRE,3,top,Alan Barrionuevo,Argentina,elite,2,2,2,0,0.0,0.0,0.0,,,,,0.0,,,False,False,Alan Barrionuevo,,,,,,,,,,,True,False
Felipe Zenobio,felipe zenobio,TIGRE,Argentina,2.4,5,saves,saves,TIGRE,TIGRE,1,bottom,Felipe Zenobio,Argentina,elite,2,2,2,0,0.0,-2.833333333333333,-2.833333333333333,,,,,0.0,,,False,True,Felipe Zenobio,,,,,,,,,,,True,False
Felipe Zenobio,felipe zenobio,TIGRE,Argentina,2.4,5,saves,saves,TIGRE,TIGRE,1,top,Felipe Zenobio,Argentina,elite,2,2,2,0,0.0,-2.833333333333333,-2.833333333333333,,,,,0.0,,,False,True,Felipe Zenobio,,,,,,,,,,,True,False
Felipe Zenobio,felipe zenobio,TIGRE,Argentina,0.0,5,shots,shots,TIGRE,TIGRE,1,bottom,Felipe Zenobio,Argentina,elite,2,2,2,0,0.0,0.0,0.0,,,,,0.0,,,False,False,Felipe Zenobio,,,,,,,,,,,True,False
Gonzalo Requena,gonzalo requena,TIGRE,Argentina,0.0,5,shots,shots,TIGRE,TIGRE,2,bottom,Gonzalo Requena,Argentina,elite,2,2,2,0,0.0,0.0,0.0,,,,,0.0,,,False,False,Gonzalo Requena,,,,,,,,,,,True,False
Joaquín Laso,joaquin laso,TIGRE,Argentina,0.0,5,shots,shots,TIGRE,TIGRE,3,bottom,Joaquín Laso,Argentina,elite,2,2,2,0,0.0,0.0,0.0,,,,,0.0,,,False,False,Joaquín Laso,,,,,,,,,,,True,False
Ignacio Russo,ignacio russo,TIGRE,Argentina,2.2,5,shots,shots,TIGRE,TIGRE,1,top,Ignacio Russo,Argentina,elite,2,2,2,0,0.5,-0.16666666666666674,-0.16666666666666674,,,,,0.5,,,False,False,Ignacio Russo,,,,,,,,,,,True,False
Santiago López,santiago lopez,TIGRE,Argentina,1.4,5,shots,shots,TIGRE,TIGRE,2,top,Santiago López,Argentina,elite,3,3,3,0,0.3333333333333333,-0.9388888888888888,-0.9388888888888888,,,,,0.3333333333333333,,,False,True,Santiago López,,,,,,,,,,,True,False
Alfio Oviedo,alfio oviedo,TIGRE,Argentina,1.0,5,shots,shots,TIGRE,TIGRE,3,top,Alfio Oviedo,Argentina,elite,2,2,2,0,0.0,-1.4583333333333335,-1.4583333333333335,,,,,0.0,,,False,True,Alfio Oviedo,,,,,,,,,,,True,False
Federico Álvarez,federico alvarez,TIGRE,Argentina,0.0,5,shots_on_target,shots_on_target,TIGRE,TIGRE,1,bottom,Federico Álvarez,Argentina,elite,2,2,2,0,0.0,0.0,0.0,,,,,0.0,,,False,False,Federico Álvarez,,,,,,,,,,,True,False
Felipe Zenobio,felipe zenobio,TIGRE,Argentina,0.0,5,shots_on_target,shots_on_target,TIGRE,TIGRE,2,bottom,Felipe Zenobio,Argentina,elite,2,2,2,0,0.0,0.0,0.0,,,,,0.0,,,False,False,Felipe Zenobio,,,,,,,,,,,True,False
Gonzalo Requena,gonzalo requena,TIGRE,Argentina,0.0,5,shots_on_target,shots_on_target,TIGRE,TIGRE,3,bottom,Gonzalo Requena,Argentina,elite,2,2,2,0,0.0,0.0,0.0,,,,,0.0,,,False,False,Gonzalo Requena,,,,,,,,,,,True,False
Ignacio Russo,ignacio russo,TIGRE,Argentina,0.6,5,shots_on_target,shots_on_target,TIGRE,TIGRE,1,top,Ignacio Russo,Argentina,elite,2,2,2,0,1.0,0.5833333333333334,0.5833333333333334,,,,,1.0,,,False,False,Ignacio Russo,,,,,,,,,,,True,False
Hector Garay,hector garay,TIGRE,Argentina,0.4,5,shots_on_target,shots_on_target,TIGRE,TIGRE,2,top,Hector Garay,Argentina,elite,2,2,2,0,0.0,-0.5833333333333333,-0.5833333333333333,,,,,0.0,,,False,True,Hector Garay,,,,,,,,,,,True,False
Alan Barrionuevo,alan barrionuevo,TIGRE,Argentina,0.2,5,shots_on_target,shots_on_target,TIGRE,TIGRE,3,top,Alan Barrionuevo,Argentina,elite,2,2,2,0,0.0,-0.29166666666666663,-0.29166666666666663,,,,,0.0,,,False,False,Alan Barrionuevo,,,,,,,,,,,True,False
Alonso Coello,alonso coello,TORONTO,MLS,0.0,5,assists,assists,TORONTO,TORONTO,1,bottom,Alonso Coello,MLS,elite,2,2,2,0,0.0,0.0,0.0,,,,,0.0,,,False,False,Alonso Coello,,,,,,,,,,,True,False
Derrick Etienne Jr.,derrick etienne jr.,TORONTO,MLS,0.0,5,assists,assists,TORONTO,TORONTO,2,bottom,Derrick Etienne Jr.,MLS,elite,2,2,2,0,0.0,0.0,0.0,,,,,0.0,,,False,False,Derrick Etienne Jr.,,,,,,,,,,,True,False
Dániel Sallói,daniel salloi,TORONTO,MLS,0.0,5,assists,assists,TORONTO,TORONTO,3,bottom,Dániel Sallói,MLS,elite,2,2,2,0,0.0,0.0,0.0,,,,,0.0,,,False,False,Dániel Sallói,,,,,,,,,,,True,False
Alonso Coello,alonso coello,TORONTO,MLS,0.0,5,assists,assists,TORONTO,TORONTO,1,top,Alonso Coello,MLS,elite,2,2,2,0,0.0,0.0,0.0,,,,,0.0,,,False,False,Alonso Coello,,,,,,,,,,,True,False
Derrick Etienne Jr.,derrick etienne jr.,TORONTO,MLS,0.0,5,assists,assists,TORONTO,TORONTO,2,top,Derrick Etienne Jr.,MLS,elite,2,2,2,0,0.0,0.0,0.0,,,,,0.0,,,False,False,Derrick Etienne Jr.,,,,,,,,,,,True,False
Dániel Sallói,daniel salloi,TORONTO,MLS,0.0,5,assists,assists,TORONTO,TORONTO,3,top,Dániel Sallói,MLS,elite,2,2,2,0,0.0,0.0,0.0,,,,,0.0,,,False,False,Dániel Sallói,,,,,,,,,,,True,False
Alonso Coello,alonso coello,TORONTO,MLS,0.0,5,goals,goals,TORONTO,TORONTO,1,bottom,Alonso Coello,MLS,elite,2,2,2,0,0.0,0.0,0.0,,,,,0.0,,,False,False,Alonso Coello,,,,,,,,,,,True,False
Derrick Etienne Jr.,derrick etienne jr.,TORONTO,MLS,0.0,5,goals,goals,TORONTO,TORONTO,2,bottom,Derrick Etienne Jr.,MLS,elite,2,2,2,0,0.0,0.0,0.0,,,,,0.0,,,False,False,Derrick Etienne Jr.,,,,,,,,,,,True,False
Dániel Sallói,daniel salloi,TORONTO,MLS,0.0,5,goals,goals,TORONTO,TORONTO,3,bottom,Dániel Sallói,MLS,elite,2,2,2,0,0.0,0.0,0.0,,,,,0.0,,,False,False,Dániel Sallói,,,,,,,,,,,True,False
Theo Corbeanu,theo corbeanu,TORONTO,MLS,0.2,5,goals,goals,TORONTO,TORONTO,1,top,Theo Corbeanu,MLS,elite,2,2,2,0,0.0,-0.29166666666666663,-0.29166666666666663,,,,,0.0,,,False,False,Theo Corbeanu,,,,,,,,,,,True,False
Alonso Coello,alonso coello,TORONTO,MLS,0.0,5,goals,goals,TORONTO,TORONTO,2,top,Alonso Coello,MLS,elite,2,2,2,0,0.0,0.0,0.0,,,,,0.0,,,False,False,Alonso Coello,,,,,,,,,,,True,False
Derrick Etienne Jr.,derrick etienne jr.,TORONTO,MLS,0.0,5,goals,goals,TORONTO,TORONTO,3,top,Derrick Etienne Jr.,MLS,elite,2,2,2,0,0.0,0.0,0.0,,,,,0.0,,,False,False,Derrick Etienne Jr.,,,,,,,,,,,True,False
William Yarbrough,william yarbrough,TORONTO,MLS,0.0,5,saves,saves,TORONTO,TORONTO,1,bottom,William Yarbrough,MLS,elite,2,2,2,0,0.0,0.0,0.0,,,,,0.0,,,False,False,William Yarbrough,,,,,,,,,,,True,False
Luka Gavran,luka gavran,TORONTO,MLS,4.2,5,saves,saves,TORONTO,TORONTO,2,bottom,Luka Gavran,MLS,elite,2,2,2,0,0.5,0.5,0.5,,,,,0.5,,,False,False,Luka Gavran,,,,,,,,,,,True,False
Luka Gavran,luka gavran,TORONTO,MLS,4.2,5,saves,saves,TORONTO,TORONTO,1,top,Luka Gavran,MLS,elite,2,2,2,0,0.5,0.5,0.5,,,,,0.5,,,False,False,Luka Gavran,,,,,,,,,,,True,False
William Yarbrough,william yarbrough,TORONTO,MLS,0.0,5,saves,saves,TORONTO,TORONTO,2,top,William Yarbrough,MLS,elite,2,2,2,0,0.0,0.0,0.0,,,,,0.0,,,False,False,William Yarbrough,,,,,,,,,,,True,False
Kobe Franklin,kobe franklin,TORONTO,MLS,0.0,5,shots,shots,TORONTO,TORONTO,1,bottom,Kobe Franklin,MLS,elite,2,2,2,0,0.0,0.0,0.0,,,,,0.0,,,False,False,Kobe Franklin,,,,,,,,,,,True,False
Luka Gavran,luka gavran,TORONTO,MLS,0.0,5,shots,shots,TORONTO,TORONTO,2,bottom,Luka Gavran,MLS,elite,2,2,2,0,0.0,0.0,0.0,,,,,0.0,,,False,False,Luka Gavran,,,,,,,,,,,True,False
Malik Henry,malik henry,TORONTO,MLS,0.0,5,shots,shots,TORONTO,TORONTO,3,bottom,Malik Henry,MLS,elite,2,2,2,0,0.0,0.0,0.0,,,,,0.0,,,False,False,Malik Henry,,,,,,,,,,,True,False
Dániel Sallói,daniel salloi,TORONTO,MLS,2.2,5,shots,shots,TORONTO,TORONTO,1,top,Dániel Sallói,MLS,elite,2,2,2,0,0.5,0.9166666666666665,0.9166666666666665,,,,,0.5,,,False,False,Dániel Sallói,,,,,,,,,,,True,False
Jackson Gilman,jackson gilman,TORONTO,MLS,1.0,5,shots,shots,TORONTO,TORONTO,2,top,Jackson Gilman,MLS,elite,2,2,2,0,0.0,-0.7916666666666666,-0.7916666666666666,,,,,0.0,,,False,True,Jackson Gilman,,,,,,,,,,,True,False
Jules-Anthony Vilsaint,jules-anthony vilsaint,TORONTO,MLS,1.0,5,shots,shots,TORONTO,TORONTO,3,top,Jules-Anthony Vilsaint,MLS,elite,2,2,2,0,0.0,-1.4583333333333335,-1.4583333333333335,,,,,0.0,,,False,True,Jules-Anthony Vilsaint,,,,,,,,,,,True,False
Alonso Coello,alonso coello,TORONTO,MLS,0.0,5,shots_on_target,shots_on_target,TORONTO,TORONTO,1,bottom,Alonso Coello,MLS,elite,2,2,2,0,0.0,0.0,0.0,,,,,0.0,,,False,False,Alonso Coello,,,,,,,,,,,True,False
Emilio Aristizábal,emilio aristizabal,TORONTO,MLS,0.0,5,shots_on_target,shots_on_target,TORONTO,TORONTO,2,bottom,Emilio Aristizábal,MLS,elite,2,2,2,0,0.0,0.0,0.0,,,,,0.0,,,False,False,Emilio Aristizábal,,,,,,,,,,,True,False
Jules-Anthony Vilsaint,jules-anthony vilsaint,TORONTO,MLS,0.0,5,shots_on_target,shots_on_target,TORONTO,TORONTO,3,bottom,Jules-Anthony Vilsaint,MLS,elite,2,2,2,0,0.0,0.0,0.0,,,,,0.0,,,False,False,Jules-Anthony Vilsaint,,,,,,,,,,,True,False
Dániel Sallói,daniel salloi,TORONTO,MLS,1.0,5,shots_on_target,shots_on_target,TORONTO,TORONTO,1,top,Dániel Sallói,MLS,elite,2,2,2,0,0.5,1.2083333333333333,1.2083333333333333,,,,,0.5,,,False,False,Dániel Sallói,,,,,,,,,,,True,False
Derrick Etienne Jr.,derrick etienne jr.,TORONTO,MLS,0.2,5,shots_on_target,shots_on_target,TORONTO,TORONTO,2,top,Derrick Etienne Jr.,MLS,elite,2,2,2,0,0.0,-0.29166666666666663,-0.29166666666666663,,,,,0.0,,,False,False,Derrick Etienne Jr.,,,,,,,,,,,True,False
Jackson Gilman,jackson gilman,TORONTO,MLS,0.2,5,shots_on_target,shots_on_target,TORONTO,TORONTO,3,top,Jackson Gilman,MLS,elite,2,2,2,0,0.0,-0.29166666666666663,-0.29166666666666663,,,,,0.0,,,False,False,Jackson Gilman,,,,,,,,,,,True,False
Braian Cuello,braian cuello,UNIÓN,Argentina,0.0,5,assists,assists,UNIÓN,UNIÓN,1,bottom,Braian Cuello,Argentina,elite,2,2,2,0,0.0,0.0,0.0,,,,,0.0,,,False,False,Braian Cuello,,,,,,,,,,,True,False
Bruno Pittón,bruno pitton,UNIÓN,Argentina,0.0,5,assists,assists,UNIÓN,UNIÓN,2,bottom,Bruno Pittón,Argentina,elite,2,2,2,0,0.0,0.0,0.0,,,,,0.0,,,False,False,Bruno Pittón,,,,,,,,,,,True,False
Emilio Giaccone,emilio giaccone,UNIÓN,Argentina,0.0,5,assists,assists,UNIÓN,UNIÓN,3,bottom,Emilio Giaccone,Argentina,elite,2,2,2,0,0.0,0.0,0.0,,,,,0.0,,,False,False,Emilio Giaccone,,,,,,,,,,,True,False
Cristian Tarragona,cristian tarragona,UNIÓN,Argentina,0.2,5,assists,assists,UNIÓN,UNIÓN,1,top,Cristian Tarragona,Argentina,elite,2,2,2,0,0.0,-0.29166666666666663,-0.29166666666666663,,,,,0.0,,,False,False,Cristian Tarragona,,,,,,,,,,,True,False
Julián Palacios,julian palacios,UNIÓN,Argentina,0.2,5,assists,assists,UNIÓN,UNIÓN,2,top,Julián Palacios,Argentina,elite,2,2,2,0,0.5,0.375,0.375,,,,,0.5,,,False,False,Julián Palacios,,,,,,,,,,,True,False
Braian Cuello,braian cuello,UNIÓN,Argentina,0.0,5,assists,assists,UNIÓN,UNIÓN,3,top,Braian Cuello,Argentina,elite,2,2,2,0,0.0,0.0,0.0,,,,,0.0,,,False,False,Braian Cuello,,,,,,,,,,,True,False
Braian Cuello,braian cuello,UNIÓN,Argentina,0.0,5,goals,goals,UNIÓN,UNIÓN,1,bottom,Braian Cuello,Argentina,elite,2,2,2,0,0.0,0.0,0.0,,,,,0.0,,,False,False,Braian Cuello,,,,,,,,,,,True,False
Bruno Pittón,bruno pitton,UNIÓN,Argentina,0.0,5,goals,goals,UNIÓN,UNIÓN,2,bottom,Bruno Pittón,Argentina,elite,2,2,2,0,0.0,0.0,0.0,,,,,0.0,,,False,False,Bruno Pittón,,,,,,,,,,,True,False
Emilio Giaccone,emilio giaccone,UNIÓN,Argentina,0.0,5,goals,goals,UNIÓN,UNIÓN,3,bottom,Emilio Giaccone,Argentina,elite,2,2,2,0,0.0,0.0,0.0,,,,,0.0,,,False,False,Emilio Giaccone,,,,,,,,,,,True,False
Lucas Menossi,lucas menossi,UNIÓN,Argentina,0.4,5,goals,goals,UNIÓN,UNIÓN,1,top,Lucas Menossi,Argentina,elite,2,2,2,0,0.5,0.08333333333333337,0.08333333333333337,,,,,0.5,,,False,False,Lucas Menossi,,,,,,,,,,,True,False
Cristian Tarragona,cristian tarragona,UNIÓN,Argentina,0.2,5,goals,goals,UNIÓN,UNIÓN,2,top,Cristian Tarragona,Argentina,elite,2,2,2,0,0.0,-0.29166666666666663,-0.29166666666666663,,,,,0.0,,,False,False,Cristian Tarragona,,,,,,,,,,,True,False
Juan Ludueña,juan luduena,UNIÓN,Argentina,0.2,5,goals,goals,UNIÓN,UNIÓN,3,top,Juan Ludueña,Argentina,elite,2,2,2,0,0.0,-0.29166666666666663,-0.29166666666666663,,,,,0.0,,,False,False,Juan Ludueña,,,,,,,,,,,True,False
Matias Mansilla,matias mansilla,UNIÓN,Argentina,3.8,5,saves,saves,UNIÓN,UNIÓN,1,bottom,Matias Mansilla,Argentina,elite,2,2,2,0,0.5,1.3333333333333333,1.3333333333333333,,,,,0.5,,,False,False,Matias Mansilla,,,,,,,,,,,True,False
Matias Mansilla,matias mansilla,UNIÓN,Argentina,3.8,5,saves,saves,UNIÓN,UNIÓN,1,top,Matias Mansilla,Argentina,elite,2,2,2,0,0.5,1.3333333333333333,1.3333333333333333,,,,,0.5,,,False,False,Matias Mansilla,,,,,,,,,,,True,False
Bruno Pittón,bruno pitton,UNIÓN,Argentina,0.0,5,shots,shots,UNIÓN,UNIÓN,1,bottom,Bruno Pittón,Argentina,elite,2,2,2,0,0.0,0.0,0.0,,,,,0.0,,,False,False,Bruno Pittón,,,,,,,,,,,True,False
Emilio Giaccone,emilio giaccone,UNIÓN,Argentina,0.0,5,shots,shots,UNIÓN,UNIÓN,2,bottom,Emilio Giaccone,Argentina,elite,2,2,2,0,0.0,0.0,0.0,,,,,0.0,,,False,False,Emilio Giaccone,,,,,,,,,,,True,False
Lucas Meuli,lucas meuli,UNIÓN,Argentina,0.0,5,shots,shots,UNIÓN,UNIÓN,3,bottom,Lucas Meuli,Argentina,elite,2,2,2,0,0.0,0.0,0.0,,,,,0.0,,,False,False,Lucas Meuli,,,,,,,,,,,True,False
Cristian Tarragona,cristian tarragona,UNIÓN,Argentina,1.8,5,shots,shots,UNIÓN,UNIÓN,1,top,Cristian Tarragona,Argentina,elite,2,2,2,0,0.5,0.04166666666666652,0.04166666666666652,,,,,0.5,,,False,False,Cristian Tarragona,,,,,,,,,,,True,False
Misael Aguirre,misael aguirre,UNIÓN,Argentina,1.6,5,shots,shots,UNIÓN,UNIÓN,2,top,Misael Aguirre,Argentina,elite,2,2,2,0,0.0,-1.6666666666666667,-1.6666666666666667,,,,,0.0,,,False,True,Misael Aguirre,,,,,,,,,,,True,False
Julián Palacios,julian palacios,UNIÓN,Argentina,1.2,5,shots,shots,UNIÓN,UNIÓN,3,top,Julián Palacios,Argentina,elite,2,2,2,0,0.5,0.25,0.25,,,,,0.5,,,False,False,Julián Palacios,,,,,,,,,,,True,False
Braian Cuello,braian cuello,UNIÓN,Argentina,0.0,5,shots_on_target,shots_on_target,UNIÓN,UNIÓN,1,bottom,Braian Cuello,Argentina,elite,2,2,2,0,0.0,0.0,0.0,,,,,0.0,,,False,False,Braian Cuello,,,,,,,,,,,True,False
Bruno Pittón,bruno pitton,UNIÓN,Argentina,0.0,5,shots_on_target,shots_on_target,UNIÓN,UNIÓN,2,bottom,Bruno Pittón,Argentina,elite,2,2,2,0,0.0,0.0,0.0,,,,,0.0,,,False,False,Bruno Pittón,,,,,,,,,,,True,False
Emilio Giaccone,emilio giaccone,UNIÓN,Argentina,0.0,5,shots_on_target,shots_on_target,UNIÓN,UNIÓN,3,bottom,Emilio Giaccone,Argentina,elite,2,2,2,0,0.0,0.0,0.0,,,,,0.0,,,False,False,Emilio Giaccone,,,,,,,,,,,True,False
Cristian Tarragona,cristian tarragona,UNIÓN,Argentina,0.6,5,shots_on_target,shots_on_target,UNIÓN,UNIÓN,1,top,Cristian Tarragona,Argentina,elite,2,2,2,0,0.0,-0.875,-0.875,,,,,0.0,,,False,True,Cristian Tarragona,,,,,,,,,,,True,False
Lucas Menossi,lucas menossi,UNIÓN,Argentina,0.6,5,shots_on_target,shots_on_target,UNIÓN,UNIÓN,2,top,Lucas Menossi,Argentina,elite,2,2,2,0,0.5,0.45833333333333337,0.45833333333333337,,,,,0.5,,,False,False,Lucas Menossi,,,,,,,,,,,True,False
Julián Palacios,julian palacios,UNIÓN,Argentina,0.4,5,shots_on_target,shots_on_target,UNIÓN,UNIÓN,3,top,Julián Palacios,Argentina,elite,2,2,2,0,0.5,0.08333333333333337,0.08333333333333337,,,,,0.5,,,False,False,Julián Palacios,,,,,,,,,,,True,False
Alexa Spaanstra,alexa spaanstra,UTAH ROYALS,NWSL,0.0,8,assists,assists,UTAH ROYALS,UTAH ROYALS,1,bottom,Alexa Spaanstra,NWSL,elite,5,5,2,1,0.0,0.0,0.0,0.0,0.0,,0.0,0.0,0.0,0.0,False,False,Alexa Spaanstra,,,,,,,,,,,True,False
Brecken Mozingo,brecken mozingo,UTAH ROYALS,NWSL,0.0,7,assists,assists,UTAH ROYALS,UTAH ROYALS,2,bottom,Brecken Mozingo,NWSL,mid,4,4,1,1,0.0,0.0,0.0,0.0,0.0,,0.0,0.0,0.0,0.0,False,False,Brecken Mozingo,,,,,,,,,,,True,False
Cece Delzer,cece delzer,UTAH ROYALS,NWSL,0.0,8,assists,assists,UTAH ROYALS,UTAH ROYALS,3,bottom,Cece Delzer,NWSL,elite,5,5,2,1,0.0,0.0,0.0,0.0,0.0,,0.0,0.0,0.0,0.0,False,False,Cece Delzer,,,,,,,,,,,True,False
Cloé Lacasse,cloe lacasse,UTAH ROYALS,NWSL,0.625,8,assists,assists,UTAH ROYALS,UTAH ROYALS,1,top,Cloé Lacasse,NWSL,elite,5,5,2,1,0.6,0.6623809523809523,1.275,1.0,-0.11904761904761901,0.0997374485381647,1.0,0.5,-0.2749999999999999,-0.2749999999999999,False,False,Cloé Lacasse,,,,,,,,,,,True,False
Kiana Palacios,kiana palacios,UTAH ROYALS,NWSL,0.2857142857142857,7,assists,assists,UTAH ROYALS,UTAH ROYALS,2,top,Kiana Palacios,NWSL,elite,4,4,2,1,0.25,-0.029166666666666632,0.275,-0.3333333333333333,-0.3333333333333333,,0.0,0.5,-0.6083333333333334,-0.6083333333333334,False,False,Kiana Palacios,,,,,,,,,,,True,False
Nuria Rábano,nuria rabano,UTAH ROYALS,NWSL,0.25,8,assists,assists,UTAH ROYALS,UTAH ROYALS,3,top,Nuria Rábano,NWSL,elite,5,5,2,1,0.2,0.09619047619047623,-0.45,2.0,-0.30952380952380953,0.77565869449893,1.0,0.0,2.45,2.45,False,True,Nuria Rábano,,,,,,,,,,,True,False
Alexa Spaanstra,alexa spaanstra,UTAH ROYALS,NWSL,0.0,8,goals,goals,UTAH ROYALS,UTAH ROYALS,1,bottom,Alexa Spaanstra,NWSL,elite,5,5,2,1,0.0,0.0,0.0,0.0,0.0,,0.0,0.0,0.0,0.0,False,False,Alexa Spaanstra,,,,,,,,,,,True,False
Ana Tejada,ana tejada,UTAH ROYALS,NWSL,0.0,7,goals,goals,UTAH ROYALS,UTAH ROYALS,2,bottom,Ana Tejada,NWSL,elite,4,4,2,0,0.0,0.0,0.0,,0.0,,,0.0,,,False,False,Ana Tejada,,,,,,,,,,,True,False
Courtney Brown,courtney brown,UTAH ROYALS,NWSL,0.0,8,goals,goals,UTAH ROYALS,UTAH ROYALS,3,bottom,Courtney Brown,NWSL,elite,5,5,2,1,0.0,0.0,0.0,0.0,0.0,,0.0,0.0,0.0,0.0,False,False,Courtney Brown,,,,,,,,,,,True,False
Cece Delzer,cece delzer,UTAH ROYALS,NWSL,0.5,8,goals,goals,UTAH ROYALS,UTAH ROYALS,1,top,Cece Delzer,NWSL,elite,5,5,2,1,0.2,-0.1609523809523809,0.55,-0.6666666666666666,-0.6190476190476191,-0.2711082514699585,0.0,0.5,-1.2166666666666668,-1.2166666666666668,False,False,Cece Delzer,,,,,,,,,,,True,False
Mina Tanaka,mina tanaka,UTAH ROYALS,NWSL,0.2857142857142857,7,goals,goals,UTAH ROYALS,UTAH ROYALS,2,top,Mina Tanaka,NWSL,elite,4,4,2,0,0.25,0.012500000000000039,-0.29166666666666663,,0.31666666666666665,,,0.0,,,False,False,Mina Tanaka,,,,,,,,,,,True,False
Cloé Lacasse,cloe lacasse,UTAH ROYALS,NWSL,0.25,8,goals,goals,UTAH ROYALS,UTAH ROYALS,3,top,Cloé Lacasse,NWSL,elite,5,5,2,1,0.2,-0.17047619047619048,-0.45,0.6666666666666667,-0.30952380952380953,0.8299477673496617,1.0,0.0,1.1166666666666667,1.1166666666666667,False,True,Cloé Lacasse,,,,,,,,,,,True,False
Mia Justus,mia justus,UTAH ROYALS,NWSL,0.0,8,saves,saves,UTAH ROYALS,UTAH ROYALS,1,bottom,Mia Justus,NWSL,elite,5,5,2,1,0.0,0.0,0.0,0.0,0.0,,0.0,0.0,0.0,0.0,False,False,Mia Justus,,,,,,,,,,,True,False
Mandy McGlynn,mandy mcglynn,UTAH ROYALS,NWSL,2.625,8,saves,saves,UTAH ROYALS,UTAH ROYALS,2,bottom,Mandy McGlynn,NWSL,elite,5,5,2,1,0.6,0.5671428571428571,-0.4750000000000001,3.0,0.3928571428571428,0.8024582543750417,1.0,0.5,3.475,3.475,False,True,Mandy McGlynn,,,,,,,,,,,True,False
Mandy McGlynn,mandy mcglynn,UTAH ROYALS,NWSL,2.625,8,saves,saves,UTAH ROYALS,UTAH ROYALS,1,top,Mandy McGlynn,NWSL,elite,5,5,2,1,0.6,0.5671428571428571,-0.4750000000000001,3.0,0.3928571428571428,0.8024582543750417,1.0,0.5,3.475,3.475,False,True,Mandy McGlynn,,,,,,,,,,,True,False
Mia Justus,mia justus,UTAH ROYALS,NWSL,0.0,8,saves,saves,UTAH ROYALS,UTAH ROYALS,2,top,Mia Justus,NWSL,elite,5,5,2,1,0.0,0.0,0.0,0.0,0.0,,0.0,0.0,0.0,0.0,False,False,Mia Justus,,,,,,,,,,,True,False
Alexa Spaanstra,alexa spaanstra,UTAH ROYALS,NWSL,0.0,8,shots,shots,UTAH ROYALS,UTAH ROYALS,1,bottom,Alexa Spaanstra,NWSL,elite,5,5,2,1,0.0,0.0,0.0,0.0,0.0,,0.0,0.0,0.0,0.0,False,False,Alexa Spaanstra,,,,,,,,,,,True,False
Mandy McGlynn,mandy mcglynn,UTAH ROYALS,NWSL,0.0,8,shots,shots,UTAH ROYALS,UTAH ROYALS,2,bottom,Mandy McGlynn,NWSL,elite,5,5,2,1,0.0,0.0,0.0,0.0,0.0,,0.0,0.0,0.0,0.0,False,False,Mandy McGlynn,,,,,,,,,,,True,False
Mia Justus,mia justus,UTAH ROYALS,NWSL,0.0,8,shots,shots,UTAH ROYALS,UTAH ROYALS,3,bottom,Mia Justus,NWSL,elite,5,5,2,1,0.0,0.0,0.0,0.0,0.0,,0.0,0.0,0.0,0.0,False,False,Mia Justus,,,,,,,,,,,True,False
Mina Tanaka,mina tanaka,UTAH ROYALS,NWSL,2.7142857142857144,7,shots,shots,UTAH ROYALS,UTAH ROYALS,1,top,Mina Tanaka,NWSL,elite,4,4,2,0,0.5,-0.07499999999999996,0.16666666666666674,,-0.31666666666666665,,,0.5,,,False,False,Mina Tanaka,,,,,,,,,,,True,False
Cece Delzer,cece delzer,UTAH ROYALS,NWSL,2.5,8,shots,shots,UTAH ROYALS,UTAH ROYALS,2,top,Cece Delzer,NWSL,elite,5,5,2,1,0.6,0.5957142857142856,2.025,-1.0,-0.03571428571428581,-0.915148588743492,0.0,1.0,-3.025,-3.025,False,False,Cece Delzer,,,,,,,,,,,True,False
Cloé Lacasse,cloe lacasse,UTAH ROYALS,NWSL,2.0,8,shots,shots,UTAH ROYALS,UTAH ROYALS,3,top,Cloé Lacasse,NWSL,elite,5,5,2,1,0.2,-0.23333333333333334,-0.5,-1.3333333333333335,0.5833333333333334,-0.270402711171545,0.0,0.0,-0.8333333333333335,-0.8333333333333335,False,True,Cloé Lacasse,,,,,,,,,,,True,False
Alexa Spaanstra,alexa spaanstra,UTAH ROYALS,NWSL,0.0,8,shots_on_target,shots_on_target,UTAH ROYALS,UTAH ROYALS,1,bottom,Alexa Spaanstra,NWSL,elite,5,5,2,1,0.0,0.0,0.0,0.0,0.0,,0.0,0.0,0.0,0.0,False,False,Alexa Spaanstra,,,,,,,,,,,True,False
Courtney Brown,courtney brown,UTAH ROYALS,NWSL,0.0,8,shots_on_target,shots_on_target,UTAH ROYALS,UTAH ROYALS,2,bottom,Courtney Brown,NWSL,elite,5,5,2,1,0.0,0.0,0.0,0.0,0.0,,0.0,0.0,0.0,0.0,False,False,Courtney Brown,,,,,,,,,,,True,False
Dayana Pierre-Louis,dayana pierre-louis,UTAH ROYALS,NWSL,0.0,5,shots_on_target,shots_on_target,UTAH ROYALS,UTAH ROYALS,3,bottom,Dayana Pierre-Louis,NWSL,mid,2,2,0,0,0.0,0.0,,,0.0,,,,,,False,False,Dayana Pierre-Louis,,,,,,,,,,,True,False
Mina Tanaka,mina tanaka,UTAH ROYALS,NWSL,1.2857142857142858,7,shots_on_target,shots_on_target,UTAH ROYALS,UTAH ROYALS,1,top,Mina Tanaka,NWSL,elite,4,4,2,0,0.25,-0.8291666666666668,-1.375,,-0.2833333333333333,,,0.0,,,False,True,Mina Tanaka,,,,,,,,,,,True,False
Cece Delzer,cece delzer,UTAH ROYALS,NWSL,0.75,8,shots_on_target,shots_on_target,UTAH ROYALS,UTAH ROYALS,2,top,Cece Delzer,NWSL,elite,5,5,2,1,0.4,-0.2814285714285714,0.725,-1.0,-0.9285714285714286,-0.6580000654403196,0.0,1.0,-1.725,-1.725,False,False,Cece Delzer,,,,,,,,,,,True,False
Cloé Lacasse,cloe lacasse,UTAH ROYALS,NWSL,0.75,8,shots_on_target,shots_on_target,UTAH ROYALS,UTAH ROYALS,3,top,Cloé Lacasse,NWSL,elite,5,5,2,1,0.2,-0.6547619047619048,-1.125,-0.33333333333333326,-0.34523809523809523,0.6835181343290901,0.0,0.0,0.7916666666666667,0.7916666666666667,False,True,Cloé Lacasse,,,,,,,,,,,True,False
Cacá,caca,VITÓRIA,Brazil,0.0,5,assists,assists,VITÓRIA,VITÓRIA,1,bottom,Cacá,Brazil,elite,2,2,1,1,0.0,0.0,0.0,0.0,,,0.0,0.0,0.0,0.0,False,False,Cacá,,,,,,,,,,,True,False
Edenilson,edenilson,VITÓRIA,Brazil,0.0,5,assists,assists,VITÓRIA,VITÓRIA,2,bottom,Edenilson,Brazil,weak,4,4,1,3,0.0,0.0,0.0,0.0,,,0.0,0.0,0.0,0.0,False,False,Edenilson,,,,,,,,,,,True,False
Emanuel Britez,emanuel britez,VITÓRIA,Brazil,0.0,6,assists,assists,VITÓRIA,VITÓRIA,3,bottom,Emanuel Britez,Brazil,elite,3,3,2,1,0.0,0.0,0.0,0.0,,,0.0,0.0,0.0,0.0,False,False,Emanuel Britez,,,,,,,,,,,True,False
Diego Tarzia,diego tarzia,VITÓRIA,Brazil,0.16666666666666666,6,assists,assists,VITÓRIA,VITÓRIA,1,top,Diego Tarzia,Brazil,elite,3,3,2,1,0.0,-0.26111111111111107,-0.29166666666666663,-0.2,,,0.0,0.0,0.09166666666666662,0.09166666666666662,False,False,Diego Tarzia,,,,,,,,,,,True,False
Cacá,caca,VITÓRIA,Brazil,0.0,5,assists,assists,VITÓRIA,VITÓRIA,2,top,Cacá,Brazil,elite,2,2,1,1,0.0,0.0,0.0,0.0,,,0.0,0.0,0.0,0.0,False,False,Cacá,,,,,,,,,,,True,False
Edenilson,edenilson,VITÓRIA,Brazil,0.0,5,assists,assists,VITÓRIA,VITÓRIA,3,top,Edenilson,Brazil,weak,4,4,1,3,0.0,0.0,0.0,0.0,,,0.0,0.0,0.0,0.0,False,False,Edenilson,,,,,,,,,,,True,False
Cacá,caca,VITÓRIA,Brazil,0.0,5,goals,goals,VITÓRIA,VITÓRIA,1,bottom,Cacá,Brazil,elite,2,2,1,1,0.0,0.0,0.0,0.0,,,0.0,0.0,0.0,0.0,False,False,Cacá,,,,,,,,,,,True,False
Diego Tarzia,diego tarzia,VITÓRIA,Brazil,0.0,6,goals,goals,VITÓRIA,VITÓRIA,2,bottom,Diego Tarzia,Brazil,elite,3,3,2,1,0.0,0.0,0.0,0.0,,,0.0,0.0,0.0,0.0,False,False,Diego Tarzia,,,,,,,,,,,True,False
Edenilson,edenilson,VITÓRIA,Brazil,0.0,5,goals,goals,VITÓRIA,VITÓRIA,3,bottom,Edenilson,Brazil,weak,4,4,1,3,0.0,0.0,0.0,0.0,,,0.0,0.0,0.0,0.0,False,False,Edenilson,,,,,,,,,,,True,False
Matheus,matheus,VITÓRIA,Brazil,0.16666666666666666,6,goals,goals,VITÓRIA,VITÓRIA,1,top,Matheus,Brazil,weak,5,5,2,3,0.2,0.2,0.0,0.3333333333333333,,0.40789473684210525,0.3333333333333333,0.0,0.3333333333333333,0.3333333333333333,False,False,Matheus,,,,,,,,,,,True,False
Renato Kayzer,renato kayzer,VITÓRIA,Brazil,0.16666666666666666,6,goals,goals,VITÓRIA,VITÓRIA,2,top,Renato Kayzer,Brazil,elite,3,3,2,1,0.0,-0.26111111111111107,-0.29166666666666663,-0.2,,,0.0,0.0,0.09166666666666662,0.09166666666666662,False,False,Renato Kayzer,,,,,,,,,,,True,False
Cacá,caca,VITÓRIA,Brazil,0.0,5,goals,goals,VITÓRIA,VITÓRIA,3,top,Cacá,Brazil,elite,2,2,1,1,0.0,0.0,0.0,0.0,,,0.0,0.0,0.0,0.0,False,False,Cacá,,,,,,,,,,,True,False
Yuri Sena,yuri sena,VITÓRIA,Brazil,0.0,6,saves,saves,VITÓRIA,VITÓRIA,1,bottom,Yuri Sena,Brazil,elite,3,3,2,1,0.0,0.0,0.0,0.0,,,0.0,0.0,0.0,0.0,False,False,Yuri Sena,,,,,,,,,,,True,False
Lucas Arcanjo,lucas arcanjo,VITÓRIA,Brazil,4.166666666666667,6,saves,saves,VITÓRIA,VITÓRIA,2,bottom,Lucas Arcanjo,Brazil,elite,3,3,2,1,0.0,-1.7444444444444445,-1.9166666666666665,-1.4000000000000004,,,0.0,0.0,0.5166666666666662,0.5166666666666662,False,True,Lucas Arcanjo,,,,,,,,,,,True,False
Lucas Arcanjo,lucas arcanjo,VITÓRIA,Brazil,4.166666666666667,6,saves,saves,VITÓRIA,VITÓRIA,1,top,Lucas Arcanjo,Brazil,elite,3,3,2,1,0.0,-1.7444444444444445,-1.9166666666666665,-1.4000000000000004,,,0.0,0.0,0.5166666666666662,0.5166666666666662,False,True,Lucas Arcanjo,,,,,,,,,,,True,False
Yuri Sena,yuri sena,VITÓRIA,Brazil,0.0,6,saves,saves,VITÓRIA,VITÓRIA,2,top,Yuri Sena,Brazil,elite,3,3,2,1,0.0,0.0,0.0,0.0,,,0.0,0.0,0.0,0.0,False,False,Yuri Sena,,,,,,,,,,,True,False
Edenilson,edenilson,VITÓRIA,Brazil,0.0,5,shots,shots,VITÓRIA,VITÓRIA,1,bottom,Edenilson,Brazil,weak,4,4,1,3,0.0,0.0,0.0,0.0,,,0.0,0.0,0.0,0.0,False,False,Edenilson,,,,,,,,,,,True,False
Lucas Arcanjo,lucas arcanjo,VITÓRIA,Brazil,0.0,6,shots,shots,VITÓRIA,VITÓRIA,2,bottom,Lucas Arcanjo,Brazil,elite,3,3,2,1,0.0,0.0,0.0,0.0,,,0.0,0.0,0.0,0.0,False,False,Lucas Arcanjo,,,,,,,,,,,True,False
Matheusinho,matheusinho,VITÓRIA,Brazil,0.0,6,shots,shots,VITÓRIA,VITÓRIA,3,bottom,Matheusinho,Brazil,elite,3,3,2,1,0.0,0.0,0.0,0.0,,,0.0,0.0,0.0,0.0,False,False,Matheusinho,,,,,,,,,,,True,False
Renê,rene,VITÓRIA,Brazil,2.1666666666666665,6,shots,shots,VITÓRIA,VITÓRIA,1,top,Renê,Brazil,elite,4,4,2,2,0.5,0.975,-0.375,2.325,,,1.0,0.0,2.7,2.7,True,True,Renê,,,,,,,,,,,True,False
Diego Tarzia,diego tarzia,VITÓRIA,Brazil,1.5,6,shots,shots,VITÓRIA,VITÓRIA,2,top,Diego Tarzia,Brazil,elite,3,3,2,1,0.3333333333333333,-0.18888888888888888,-0.5833333333333334,0.6000000000000001,,,1.0,0.0,1.1833333333333336,1.1833333333333336,False,True,Diego Tarzia,,,,,,,,,,,True,False
Erick,erick,VITÓRIA,Brazil,1.3333333333333333,6,shots,shots,VITÓRIA,VITÓRIA,3,top,Erick,Brazil,weak,5,5,2,3,0.2,-0.8123809523809525,-1.15,-0.5873015873015873,,0.3603819269222084,0.3333333333333333,0.0,0.5626984126984126,0.5626984126984126,False,True,Erick,,,,,,,,,,,True,False
Cacá,caca,VITÓRIA,Brazil,0.0,5,shots_on_target,shots_on_target,VITÓRIA,VITÓRIA,1,bottom,Cacá,Brazil,elite,2,2,1,1,0.0,0.0,0.0,0.0,,,0.0,0.0,0.0,0.0,False,False,Cacá,,,,,,,,,,,True,False
Edenilson,edenilson,VITÓRIA,Brazil,0.0,5,shots_on_target,shots_on_target,VITÓRIA,VITÓRIA,2,bottom,Edenilson,Brazil,weak,4,4,1,3,0.0,0.0,0.0,0.0,,,0.0,0.0,0.0,0.0,False,False,Edenilson,,,,,,,,,,,True,False
Emanuel Britez,emanuel britez,VITÓRIA,Brazil,0.0,6,shots_on_target,shots_on_target,VITÓRIA,VITÓRIA,3,bottom,Emanuel Britez,Brazil,elite,3,3,2,1,0.0,0.0,0.0,0.0,,,0.0,0.0,0.0,0.0,False,False,Emanuel Britez,,,,,,,,,,,True,False
Renê,rene,VITÓRIA,Brazil,0.8333333333333334,6,shots_on_target,shots_on_target,VITÓRIA,VITÓRIA,1,top,Renê,Brazil,elite,4,4,2,2,0.5,0.64375,-0.4375,1.725,,,1.0,0.0,2.1625,2.1625,True,True,Renê,,,,,,,,,,,True,False
Diego Tarzia,diego tarzia,VITÓRIA,Brazil,0.5,6,shots_on_target,shots_on_target,VITÓRIA,VITÓRIA,2,top,Diego Tarzia,Brazil,elite,3,3,2,1,0.0,-0.7833333333333333,-0.875,-0.6,,,0.0,0.0,0.275,0.275,False,True,Diego Tarzia,,,,,,,,,,,True,False
Matheus,matheus,VITÓRIA,Brazil,0.5,6,shots_on_target,shots_on_target,VITÓRIA,VITÓRIA,3,top,Matheus,Brazil,weak,5,5,2,3,0.4,0.5055555555555555,0.875,0.25925925925925924,,-0.402010233345938,0.3333333333333333,0.5,-0.6157407407407407,-0.6157407407407407,False,False,Matheus,,,,,,,,,,,True,False
