PLAYER_NAME,PLAYER_NORM,team_pp,def_league,season_avg,games,category,prop_norm,team_slate,TEAM,rank_on_team,leader_side,PLAYER_NAME_split,league,def_bucket,n_games,n,n_elite,n_weak,over_rate,avg_delta_all,avg_delta_vs_elite,avg_delta_vs_weak,avg_delta_vs_mid,def_rank_corr,weak_over_rate,elite_over_rate,def_boost,def_boost_hist,overperform_vs_weak,fades_vs_elite,player
Alan Sosa,alan sosa,ALDOSIVI,Argentina,0.0,5,assists,assists,ALDOSIVI,ALDOSIVI,1,bottom,Alan Sosa,Argentina,elite,2,2,2,0,0.0,0.0,0.0,,,,,0.0,,,False,False,Alan Sosa
Andrés Chávez,andres chavez,ALDOSIVI,Argentina,0.0,5,assists,assists,ALDOSIVI,ALDOSIVI,2,bottom,Andrés Chávez,Argentina,elite,2,2,2,0,0.0,0.0,0.0,,,,,0.0,,,False,False,Andrés Chávez
Bautista Dadín,bautista dadin,ALDOSIVI,Argentina,0.0,5,assists,assists,ALDOSIVI,ALDOSIVI,3,bottom,Bautista Dadín,Argentina,elite,2,2,2,0,0.0,0.0,0.0,,,,,0.0,,,False,False,Bautista Dadín
Alan Sosa,alan sosa,ALDOSIVI,Argentina,0.0,5,assists,assists,ALDOSIVI,ALDOSIVI,1,top,Alan Sosa,Argentina,elite,2,2,2,0,0.0,0.0,0.0,,,,,0.0,,,False,False,Alan Sosa
Andrés Chávez,andres chavez,ALDOSIVI,Argentina,0.0,5,assists,assists,ALDOSIVI,ALDOSIVI,2,top,Andrés Chávez,Argentina,elite,2,2,2,0,0.0,0.0,0.0,,,,,0.0,,,False,False,Andrés Chávez
Bautista Dadín,bautista dadin,ALDOSIVI,Argentina,0.0,5,assists,assists,ALDOSIVI,ALDOSIVI,3,top,Bautista Dadín,Argentina,elite,2,2,2,0,0.0,0.0,0.0,,,,,0.0,,,False,False,Bautista Dadín
Andrés Chávez,andres chavez,ALDOSIVI,Argentina,0.0,5,goals,goals,ALDOSIVI,ALDOSIVI,1,bottom,Andrés Chávez,Argentina,elite,2,2,2,0,0.0,0.0,0.0,,,,,0.0,,,False,False,Andrés Chávez
Bautista Dadín,bautista dadin,ALDOSIVI,Argentina,0.0,5,goals,goals,ALDOSIVI,ALDOSIVI,2,bottom,Bautista Dadín,Argentina,elite,2,2,2,0,0.0,0.0,0.0,,,,,0.0,,,False,False,Bautista Dadín
Elías López,elias lopez,ALDOSIVI,Argentina,0.0,5,goals,goals,ALDOSIVI,ALDOSIVI,3,bottom,Elías López,Argentina,elite,2,2,2,0,0.0,0.0,0.0,,,,,0.0,,,False,False,Elías López
Alan Sosa,alan sosa,ALDOSIVI,Argentina,0.2,5,goals,goals,ALDOSIVI,ALDOSIVI,1,top,Alan Sosa,Argentina,elite,2,2,2,0,0.5,0.375,0.375,,,,,0.5,,,False,False,Alan Sosa
Nicolás Cordero,nicolas cordero,ALDOSIVI,Argentina,0.2,5,goals,goals,ALDOSIVI,ALDOSIVI,2,top,Nicolás Cordero,Argentina,elite,2,2,2,0,0.0,-0.29166666666666663,-0.29166666666666663,,,,,0.0,,,False,False,Nicolás Cordero
Andrés Chávez,andres chavez,ALDOSIVI,Argentina,0.0,5,goals,goals,ALDOSIVI,ALDOSIVI,3,top,Andrés Chávez,Argentina,elite,2,2,2,0,0.0,0.0,0.0,,,,,0.0,,,False,False,Andrés Chávez
Lucas Acosta,lucas acosta,ALDOSIVI,Argentina,1.0,5,saves,saves,ALDOSIVI,ALDOSIVI,1,bottom,Lucas Acosta,Argentina,elite,2,2,2,0,1.0,2.125,2.125,,,,,1.0,,,False,False,Lucas Acosta
Ignacio Chicco,ignacio chicco,ALDOSIVI,Argentina,1.8,5,saves,saves,ALDOSIVI,ALDOSIVI,2,bottom,Ignacio Chicco,Argentina,elite,2,2,2,0,0.0,-2.625,-2.625,,,,,0.0,,,False,True,Ignacio Chicco
Ignacio Chicco,ignacio chicco,ALDOSIVI,Argentina,1.8,5,saves,saves,ALDOSIVI,ALDOSIVI,1,top,Ignacio Chicco,Argentina,elite,2,2,2,0,0.0,-2.625,-2.625,,,,,0.0,,,False,True,Ignacio Chicco
Lucas Acosta,lucas acosta,ALDOSIVI,Argentina,1.0,5,saves,saves,ALDOSIVI,ALDOSIVI,2,top,Lucas Acosta,Argentina,elite,2,2,2,0,1.0,2.125,2.125,,,,,1.0,,,False,False,Lucas Acosta
Bautista Dadín,bautista dadin,ALDOSIVI,Argentina,0.0,5,shots,shots,ALDOSIVI,ALDOSIVI,1,bottom,Bautista Dadín,Argentina,elite,2,2,2,0,0.0,0.0,0.0,,,,,0.0,,,False,False,Bautista Dadín
Ignacio Chicco,ignacio chicco,ALDOSIVI,Argentina,0.0,5,shots,shots,ALDOSIVI,ALDOSIVI,2,bottom,Ignacio Chicco,Argentina,elite,2,2,2,0,0.0,0.0,0.0,,,,,0.0,,,False,False,Ignacio Chicco
Leonardo Sigali,leonardo sigali,ALDOSIVI,Argentina,0.0,5,shots,shots,ALDOSIVI,ALDOSIVI,3,bottom,Leonardo Sigali,Argentina,elite,2,2,2,0,0.0,0.0,0.0,,,,,0.0,,,False,False,Leonardo Sigali
Alan Sosa,alan sosa,ALDOSIVI,Argentina,2.6,5,shots,shots,ALDOSIVI,ALDOSIVI,1,top,Alan Sosa,Argentina,elite,2,2,2,0,1.0,2.2916666666666665,2.2916666666666665,,,,,1.0,,,False,False,Alan Sosa
Nicolás Cordero,nicolas cordero,ALDOSIVI,Argentina,2.0,5,shots,shots,ALDOSIVI,ALDOSIVI,2,top,Nicolás Cordero,Argentina,elite,2,2,2,0,0.0,0.0,0.0,,,,,0.0,,,False,False,Nicolás Cordero
Martín García,martin garcia,ALDOSIVI,Argentina,1.8,5,shots,shots,ALDOSIVI,ALDOSIVI,3,top,Martín García,Argentina,elite,2,2,2,0,0.0,-0.5,-0.5,,,,,0.0,,,False,True,Martín García
Bautista Dadín,bautista dadin,ALDOSIVI,Argentina,0.0,5,shots_on_target,shots_on_target,ALDOSIVI,ALDOSIVI,1,bottom,Bautista Dadín,Argentina,elite,2,2,2,0,0.0,0.0,0.0,,,,,0.0,,,False,False,Bautista Dadín
Elías López,elias lopez,ALDOSIVI,Argentina,0.0,5,shots_on_target,shots_on_target,ALDOSIVI,ALDOSIVI,2,bottom,Elías López,Argentina,elite,2,2,2,0,0.0,0.0,0.0,,,,,0.0,,,False,False,Elías López
Federico Laurelli,federico laurelli,ALDOSIVI,Argentina,0.0,5,shots_on_target,shots_on_target,ALDOSIVI,ALDOSIVI,3,bottom,Federico Laurelli,Argentina,elite,2,2,2,0,0.0,0.0,0.0,,,,,0.0,,,False,False,Federico Laurelli
Nicolás Cordero,nicolas cordero,ALDOSIVI,Argentina,0.8,5,shots_on_target,shots_on_target,ALDOSIVI,ALDOSIVI,1,top,Nicolás Cordero,Argentina,elite,2,2,2,0,1.0,0.9583333333333334,0.9583333333333334,,,,,1.0,,,False,False,Nicolás Cordero
Alan Sosa,alan sosa,ALDOSIVI,Argentina,0.6,5,shots_on_target,shots_on_target,ALDOSIVI,ALDOSIVI,2,top,Alan Sosa,Argentina,elite,2,2,2,0,0.5,0.45833333333333337,0.45833333333333337,,,,,0.5,,,False,False,Alan Sosa
Lucas Castro,lucas castro,ALDOSIVI,Argentina,0.4,5,shots_on_target,shots_on_target,ALDOSIVI,ALDOSIVI,3,top,Lucas Castro,Argentina,elite,2,2,2,0,0.5,0.20833333333333334,0.20833333333333334,,,,,0.5,,,False,False,Lucas Castro
Ally Sentnor,ally sentnor,ANGEL CITY,NWSL,0.0,6,assists,assists,ANGEL CITY,ANGEL CITY,1,bottom,Ally Sentnor,NWSL,weak,3,3,0,2,0.0,0.0,,0.0,0.0,,0.0,,,,False,False,Ally Sentnor
Angelina Anderson,angelina anderson,ANGEL CITY,NWSL,0.0,6,assists,assists,ANGEL CITY,ANGEL CITY,2,bottom,Angelina Anderson,NWSL,weak,3,3,0,2,0.0,0.0,,0.0,0.0,,0.0,,,,False,False,Angelina Anderson
Casey Phair,casey phair,ANGEL CITY,NWSL,0.0,6,assists,assists,ANGEL CITY,ANGEL CITY,3,bottom,Casey Phair,NWSL,weak,3,3,0,2,0.0,0.0,,0.0,0.0,,0.0,,,,False,False,Casey Phair
Ary Borges,ary borges,ANGEL CITY,NWSL,0.16666666666666666,6,assists,assists,ANGEL CITY,ANGEL CITY,1,top,Ary Borges,NWSL,weak,3,3,0,2,0.3333333333333333,0.3333333333333333,,0.0,1.0,,0.0,,,,False,False,Ary Borges
Carina Lageyre,carina lageyre,ANGEL CITY,NWSL,0.16666666666666666,6,assists,assists,ANGEL CITY,ANGEL CITY,2,top,Carina Lageyre,NWSL,weak,3,3,0,2,0.3333333333333333,0.26666666666666666,,0.5,-0.2,,0.5,,,,False,False,Carina Lageyre
Sophia Mattice,sophia mattice,ANGEL CITY,NWSL,0.16666666666666666,6,assists,assists,ANGEL CITY,ANGEL CITY,3,top,Sophia Mattice,NWSL,weak,3,3,0,2,0.3333333333333333,0.18333333333333335,,0.375,-0.2,,0.5,,,,False,False,Sophia Mattice
Ally Sentnor,ally sentnor,ANGEL CITY,NWSL,0.0,6,goals,goals,ANGEL CITY,ANGEL CITY,1,bottom,Ally Sentnor,NWSL,weak,3,3,0,2,0.0,0.0,,0.0,0.0,,0.0,,,,False,False,Ally Sentnor
Angelina Anderson,angelina anderson,ANGEL CITY,NWSL,0.0,6,goals,goals,ANGEL CITY,ANGEL CITY,2,bottom,Angelina Anderson,NWSL,weak,3,3,0,2,0.0,0.0,,0.0,0.0,,0.0,,,,False,False,Angelina Anderson
Carina Lageyre,carina lageyre,ANGEL CITY,NWSL,0.0,6,goals,goals,ANGEL CITY,ANGEL CITY,3,bottom,Carina Lageyre,NWSL,weak,3,3,0,2,0.0,0.0,,0.0,0.0,,0.0,,,,False,False,Carina Lageyre
Maiara Niehues,maiara niehues,ANGEL CITY,NWSL,0.6,5,goals,goals,ANGEL CITY,ANGEL CITY,1,top,Maiara Niehues,NWSL,weak,2,2,0,2,0.0,-0.875,,-0.875,,,0.0,,,,False,False,Maiara Niehues
Sveindís Jónsdóttir,sveindis jonsdottir,ANGEL CITY,NWSL,0.6,5,goals,goals,ANGEL CITY,ANGEL CITY,2,top,Sveindís Jónsdóttir,NWSL,weak,2,2,0,2,0.5,-0.20833333333333331,,-0.20833333333333331,,,0.5,,,,False,False,Sveindís Jónsdóttir
Ary Borges,ary borges,ANGEL CITY,NWSL,0.16666666666666666,6,goals,goals,ANGEL CITY,ANGEL CITY,3,top,Ary Borges,NWSL,weak,3,3,0,2,0.0,-0.26111111111111107,,-0.29166666666666663,-0.2,,0.0,,,,False,False,Ary Borges
Faith Nguyen,faith nguyen,ANGEL CITY,NWSL,0.0,5,saves,saves,ANGEL CITY,ANGEL CITY,1,bottom,Faith Nguyen,NWSL,mid,2,2,0,1,0.0,0.0,,0.0,0.0,,0.0,,,,False,False,Faith Nguyen
Angelina Anderson,angelina anderson,ANGEL CITY,NWSL,4.333333333333333,6,saves,saves,ANGEL CITY,ANGEL CITY,2,bottom,Angelina Anderson,NWSL,weak,3,3,0,2,0.6666666666666666,1.4222222222222218,,2.333333333333333,-0.40000000000000036,,1.0,,,,False,False,Angelina Anderson
Angelina Anderson,angelina anderson,ANGEL CITY,NWSL,4.333333333333333,6,saves,saves,ANGEL CITY,ANGEL CITY,1,top,Angelina Anderson,NWSL,weak,3,3,0,2,0.6666666666666666,1.4222222222222218,,2.333333333333333,-0.40000000000000036,,1.0,,,,False,False,Angelina Anderson
Faith Nguyen,faith nguyen,ANGEL CITY,NWSL,0.0,5,saves,saves,ANGEL CITY,ANGEL CITY,2,top,Faith Nguyen,NWSL,mid,2,2,0,1,0.0,0.0,,0.0,0.0,,0.0,,,,False,False,Faith Nguyen
Angelina Anderson,angelina anderson,ANGEL CITY,NWSL,0.0,6,shots,shots,ANGEL CITY,ANGEL CITY,1,bottom,Angelina Anderson,NWSL,weak,3,3,0,2,0.0,0.0,,0.0,0.0,,0.0,,,,False,False,Angelina Anderson
Faith Nguyen,faith nguyen,ANGEL CITY,NWSL,0.0,5,shots,shots,ANGEL CITY,ANGEL CITY,2,bottom,Faith Nguyen,NWSL,mid,2,2,0,1,0.0,0.0,,0.0,0.0,,0.0,,,,False,False,Faith Nguyen
Karsyn Cherry,karsyn cherry,ANGEL CITY,NWSL,0.0,6,shots,shots,ANGEL CITY,ANGEL CITY,3,bottom,Karsyn Cherry,NWSL,weak,3,3,0,2,0.0,0.0,,0.0,0.0,,0.0,,,,False,False,Karsyn Cherry
Ally Sentnor,ally sentnor,ANGEL CITY,NWSL,4.166666666666667,6,shots,shots,ANGEL CITY,ANGEL CITY,1,top,Ally Sentnor,NWSL,weak,3,3,0,2,0.3333333333333333,-0.7444444444444445,,-0.4166666666666665,-1.4000000000000004,,0.5,,,,False,False,Ally Sentnor
Maiara Niehues,maiara niehues,ANGEL CITY,NWSL,2.4,5,shots,shots,ANGEL CITY,ANGEL CITY,2,top,Maiara Niehues,NWSL,weak,2,2,0,2,0.0,-2.166666666666667,,-2.166666666666667,,,0.0,,,,False,False,Maiara Niehues
Sveindís Jónsdóttir,sveindis jonsdottir,ANGEL CITY,NWSL,2.2,5,shots,shots,ANGEL CITY,ANGEL CITY,3,top,Sveindís Jónsdóttir,NWSL,weak,2,2,0,2,0.5,1.0416666666666665,,1.0416666666666665,,,0.5,,,,False,False,Sveindís Jónsdóttir
Angelina Anderson,angelina anderson,ANGEL CITY,NWSL,0.0,6,shots_on_target,shots_on_target,ANGEL CITY,ANGEL CITY,1,bottom,Angelina Anderson,NWSL,weak,3,3,0,2,0.0,0.0,,0.0,0.0,,0.0,,,,False,False,Angelina Anderson
Casey Phair,casey phair,ANGEL CITY,NWSL,0.0,6,shots_on_target,shots_on_target,ANGEL CITY,ANGEL CITY,2,bottom,Casey Phair,NWSL,weak,3,3,0,2,0.0,0.0,,0.0,0.0,,0.0,,,,False,False,Casey Phair
Faith Nguyen,faith nguyen,ANGEL CITY,NWSL,0.0,5,shots_on_target,shots_on_target,ANGEL CITY,ANGEL CITY,3,bottom,Faith Nguyen,NWSL,mid,2,2,0,1,0.0,0.0,,0.0,0.0,,0.0,,,,False,False,Faith Nguyen
Ally Sentnor,ally sentnor,ANGEL CITY,NWSL,0.8333333333333334,6,shots_on_target,shots_on_target,ANGEL CITY,ANGEL CITY,1,top,Ally Sentnor,NWSL,weak,3,3,0,2,0.6666666666666666,0.1777777777777778,,0.16666666666666674,0.19999999999999996,,0.5,,,,False,False,Ally Sentnor
Maiara Niehues,maiara niehues,ANGEL CITY,NWSL,0.8,5,shots_on_target,shots_on_target,ANGEL CITY,ANGEL CITY,2,top,Maiara Niehues,NWSL,weak,2,2,0,2,0.0,-1.1666666666666665,,-1.1666666666666665,,,0.0,,,,False,False,Maiara Niehues
Sveindís Jónsdóttir,sveindis jonsdottir,ANGEL CITY,NWSL,0.8,5,shots_on_target,shots_on_target,ANGEL CITY,ANGEL CITY,3,top,Sveindís Jónsdóttir,NWSL,weak,2,2,0,2,0.0,-0.5,,-0.5,,,0.0,,,,False,False,Sveindís Jónsdóttir
Cristian Romero,cristian romero,ARG,fifa.world,0.0,5,assists,assists,ARG,ARG,1,bottom,Cristian Romero,fifa.world,unknown,2,2,0,0,0.0,0.0,,,,,,,,,False,False,Cristian Romero
Emiliano Martínez,emiliano martinez,ARG,fifa.world,0.0,5,assists,assists,ARG,ARG,2,bottom,Emiliano Martínez,fifa.world,unknown,2,2,0,0,0.0,0.0,,,,,,,,,False,False,Emiliano Martínez
Enzo Fernández,enzo fernandez,ARG,fifa.world,0.0,5,assists,assists,ARG,ARG,3,bottom,Enzo Fernández,fifa.world,unknown,2,2,0,0,0.0,0.0,,,,,,,,,False,False,Enzo Fernández
Lionel Messi,lionel messi,ARG,fifa.world,0.8,5,assists,assists,ARG,ARG,1,top,Lionel Messi,fifa.world,unknown,2,2,0,0,0.5,0.16666666666666674,,,,,,,,,False,False,Lionel Messi
Alexis Mac Allister,alexis mac allister,ARG,fifa.world,0.2,5,assists,assists,ARG,ARG,2,top,Alexis Mac Allister,fifa.world,unknown,2,2,0,0,0.0,-0.29166666666666663,,,,,,,,,False,False,Alexis Mac Allister
Gonzalo Montiel,gonzalo montiel,ARG,fifa.world,0.2,5,assists,assists,ARG,ARG,3,top,Gonzalo Montiel,fifa.world,unknown,2,2,0,0,0.0,-0.29166666666666663,,,,,,,,,False,False,Gonzalo Montiel
Emiliano Martínez,emiliano martinez,ARG,fifa.world,0.0,5,goals,goals,ARG,ARG,1,bottom,Emiliano Martínez,fifa.world,unknown,2,2,0,0,0.0,0.0,,,,,,,,,False,False,Emiliano Martínez
Exequiel Palacios,exequiel palacios,ARG,fifa.world,0.0,5,goals,goals,ARG,ARG,2,bottom,Exequiel Palacios,fifa.world,unknown,2,2,0,0,0.0,0.0,,,,,,,,,False,False,Exequiel Palacios
Facundo Medina,facundo medina,ARG,fifa.world,0.0,5,goals,goals,ARG,ARG,3,bottom,Facundo Medina,fifa.world,unknown,2,2,0,0,0.0,0.0,,,,,,,,,False,False,Facundo Medina
Enzo Fernández,enzo fernandez,ARG,fifa.world,0.4,5,goals,goals,ARG,ARG,1,top,Enzo Fernández,fifa.world,unknown,2,2,0,0,0.5,0.08333333333333337,,,,,,,,,False,False,Enzo Fernández
Lautaro Martínez,lautaro martinez,ARG,fifa.world,0.4,5,goals,goals,ARG,ARG,2,top,Lautaro Martínez,fifa.world,unknown,2,2,0,0,0.5,0.08333333333333337,,,,,,,,,False,False,Lautaro Martínez
Lionel Messi,lionel messi,ARG,fifa.world,0.4,5,goals,goals,ARG,ARG,3,top,Lionel Messi,fifa.world,unknown,2,2,0,0,0.0,-0.5833333333333333,,,,,,,,,False,False,Lionel Messi
Emiliano Martínez,emiliano martinez,ARG,fifa.world,3.8,5,saves,saves,ARG,ARG,1,bottom,Emiliano Martínez,fifa.world,unknown,2,2,0,0,0.5,3.833333333333333,,,,,,,,,False,False,Emiliano Martínez
Emiliano Martínez,emiliano martinez,ARG,fifa.world,3.8,5,saves,saves,ARG,ARG,1,top,Emiliano Martínez,fifa.world,unknown,2,2,0,0,0.5,3.833333333333333,,,,,,,,,False,False,Emiliano Martínez
Emiliano Martínez,emiliano martinez,ARG,fifa.world,0.0,5,shots,shots,ARG,ARG,1,bottom,Emiliano Martínez,fifa.world,unknown,2,2,0,0,0.0,0.0,,,,,,,,,False,False,Emiliano Martínez
Exequiel Palacios,exequiel palacios,ARG,fifa.world,0.0,5,shots,shots,ARG,ARG,2,bottom,Exequiel Palacios,fifa.world,unknown,2,2,0,0,0.0,0.0,,,,,,,,,False,False,Exequiel Palacios
Facundo Medina,facundo medina,ARG,fifa.world,0.0,5,shots,shots,ARG,ARG,3,bottom,Facundo Medina,fifa.world,unknown,2,2,0,0,0.0,0.0,,,,,,,,,False,False,Facundo Medina
Lionel Messi,lionel messi,ARG,fifa.world,4.0,5,shots,shots,ARG,ARG,1,top,Lionel Messi,fifa.world,unknown,2,2,0,0,0.0,-4.375,,,,,,,,,False,False,Lionel Messi
Alexis Mac Allister,alexis mac allister,ARG,fifa.world,2.2,5,shots,shots,ARG,ARG,2,top,Alexis Mac Allister,fifa.world,unknown,2,2,0,0,0.5,-1.2083333333333333,,,,,,,,,False,False,Alexis Mac Allister
Enzo Fernández,enzo fernandez,ARG,fifa.world,2.0,5,shots,shots,ARG,ARG,3,top,Enzo Fernández,fifa.world,unknown,2,2,0,0,0.5,-0.25,,,,,,,,,False,False,Enzo Fernández
Emiliano Martínez,emiliano martinez,ARG,fifa.world,0.0,5,shots_on_target,shots_on_target,ARG,ARG,1,bottom,Emiliano Martínez,fifa.world,unknown,2,2,0,0,0.0,0.0,,,,,,,,,False,False,Emiliano Martínez
Exequiel Palacios,exequiel palacios,ARG,fifa.world,0.0,5,shots_on_target,shots_on_target,ARG,ARG,2,bottom,Exequiel Palacios,fifa.world,unknown,2,2,0,0,0.0,0.0,,,,,,,,,False,False,Exequiel Palacios
Facundo Medina,facundo medina,ARG,fifa.world,0.0,5,shots_on_target,shots_on_target,ARG,ARG,3,bottom,Facundo Medina,fifa.world,unknown,2,2,0,0,0.0,0.0,,,,,,,,,False,False,Facundo Medina
Lionel Messi,lionel messi,ARG,fifa.world,1.8,5,shots_on_target,shots_on_target,ARG,ARG,1,top,Lionel Messi,fifa.world,unknown,2,2,0,0,0.0,-2.625,,,,,,,,,False,False,Lionel Messi
Enzo Fernández,enzo fernandez,ARG,fifa.world,0.8,5,shots_on_target,shots_on_target,ARG,ARG,2,top,Enzo Fernández,fifa.world,unknown,2,2,0,0,0.0,-0.5,,,,,,,,,False,False,Enzo Fernández
Alexis Mac Allister,alexis mac allister,ARG,fifa.world,0.6,5,shots_on_target,shots_on_target,ARG,ARG,3,top,Alexis Mac Allister,fifa.world,unknown,2,2,0,0,0.5,-0.20833333333333331,,,,,,,,,False,False,Alexis Mac Allister
Adrian Gill,adrian gill,ATLANTA UNITED,MLS,0.0,5,assists,assists,ATLANTA UNITED,ATLANTA UNITED,1,bottom,Adrian Gill,MLS,weak,2,2,0,2,0.0,0.0,,0.0,,,0.0,,,,False,False,Adrian Gill
Cayman Togashi,cayman togashi,ATLANTA UNITED,MLS,0.0,5,assists,assists,ATLANTA UNITED,ATLANTA UNITED,2,bottom,Cayman Togashi,MLS,weak,2,2,0,2,0.0,0.0,,0.0,,,0.0,,,,False,False,Cayman Togashi
Elías Baez,elias baez,ATLANTA UNITED,MLS,0.0,5,assists,assists,ATLANTA UNITED,ATLANTA UNITED,3,bottom,Elías Baez,MLS,weak,2,2,0,2,0.0,0.0,,0.0,,,0.0,,,,False,False,Elías Baez
Alexey Miranchuk,alexey miranchuk,ATLANTA UNITED,MLS,0.6,5,assists,assists,ATLANTA UNITED,ATLANTA UNITED,1,top,Alexey Miranchuk,MLS,weak,2,2,0,2,1.0,0.5833333333333334,,0.5833333333333334,,,1.0,,,,False,False,Alexey Miranchuk
Miguel Almirón,miguel almiron,ATLANTA UNITED,MLS,0.2,5,assists,assists,ATLANTA UNITED,ATLANTA UNITED,2,top,Miguel Almirón,MLS,weak,3,3,1,2,0.3333333333333333,0.3333333333333333,0.0,0.5,,,0.5,0.0,0.5,0.5,False,False,Miguel Almirón
Adrian Gill,adrian gill,ATLANTA UNITED,MLS,0.0,5,assists,assists,ATLANTA UNITED,ATLANTA UNITED,3,top,Adrian Gill,MLS,weak,2,2,0,2,0.0,0.0,,0.0,,,0.0,,,,False,False,Adrian Gill
Adrian Gill,adrian gill,ATLANTA UNITED,MLS,0.0,5,goals,goals,ATLANTA UNITED,ATLANTA UNITED,1,bottom,Adrian Gill,MLS,weak,2,2,0,2,0.0,0.0,,0.0,,,0.0,,,,False,False,Adrian Gill
Alexey Miranchuk,alexey miranchuk,ATLANTA UNITED,MLS,0.0,5,goals,goals,ATLANTA UNITED,ATLANTA UNITED,2,bottom,Alexey Miranchuk,MLS,weak,2,2,0,2,0.0,0.0,,0.0,,,0.0,,,,False,False,Alexey Miranchuk
Cayman Togashi,cayman togashi,ATLANTA UNITED,MLS,0.0,5,goals,goals,ATLANTA UNITED,ATLANTA UNITED,3,bottom,Cayman Togashi,MLS,weak,2,2,0,2,0.0,0.0,,0.0,,,0.0,,,,False,False,Cayman Togashi
Miguel Almirón,miguel almiron,ATLANTA UNITED,MLS,0.6,5,goals,goals,ATLANTA UNITED,ATLANTA UNITED,1,top,Miguel Almirón,MLS,weak,3,3,1,2,0.6666666666666666,0.1888888888888889,0.6666666666666667,-0.04999999999999999,,,0.5,1.0,-0.7166666666666668,-0.7166666666666668,False,False,Miguel Almirón
Tristan Muyumba,tristan muyumba,ATLANTA UNITED,MLS,0.4,5,goals,goals,ATLANTA UNITED,ATLANTA UNITED,2,top,Tristan Muyumba,MLS,weak,2,2,0,2,1.0,0.875,,0.875,,,1.0,,,,False,False,Tristan Muyumba
Elías Baez,elias baez,ATLANTA UNITED,MLS,0.2,5,goals,goals,ATLANTA UNITED,ATLANTA UNITED,3,top,Elías Baez,MLS,weak,2,2,0,2,0.0,-0.29166666666666663,,-0.29166666666666663,,,0.0,,,,False,False,Elías Baez
Jayden Hibbert,jayden hibbert,ATLANTA UNITED,MLS,0.0,5,saves,saves,ATLANTA UNITED,ATLANTA UNITED,1,bottom,Jayden Hibbert,MLS,weak,2,2,0,2,0.0,0.0,,0.0,,,0.0,,,,False,False,Jayden Hibbert
Lucas Hoyos,lucas hoyos,ATLANTA UNITED,MLS,3.6,5,saves,saves,ATLANTA UNITED,ATLANTA UNITED,2,bottom,Lucas Hoyos,MLS,weak,2,2,0,2,0.0,-1.0,,-1.0,,,0.0,,,,False,False,Lucas Hoyos
Lucas Hoyos,lucas hoyos,ATLANTA UNITED,MLS,3.6,5,saves,saves,ATLANTA UNITED,ATLANTA UNITED,1,top,Lucas Hoyos,MLS,weak,2,2,0,2,0.0,-1.0,,-1.0,,,0.0,,,,False,False,Lucas Hoyos
Jayden Hibbert,jayden hibbert,ATLANTA UNITED,MLS,0.0,5,saves,saves,ATLANTA UNITED,ATLANTA UNITED,2,top,Jayden Hibbert,MLS,weak,2,2,0,2,0.0,0.0,,0.0,,,0.0,,,,False,False,Jayden Hibbert
Adrian Gill,adrian gill,ATLANTA UNITED,MLS,0.0,5,shots,shots,ATLANTA UNITED,ATLANTA UNITED,1,bottom,Adrian Gill,MLS,weak,2,2,0,2,0.0,0.0,,0.0,,,0.0,,,,False,False,Adrian Gill
Cayman Togashi,cayman togashi,ATLANTA UNITED,MLS,0.0,5,shots,shots,ATLANTA UNITED,ATLANTA UNITED,2,bottom,Cayman Togashi,MLS,weak,2,2,0,2,0.0,0.0,,0.0,,,0.0,,,,False,False,Cayman Togashi
Jayden Hibbert,jayden hibbert,ATLANTA UNITED,MLS,0.0,5,shots,shots,ATLANTA UNITED,ATLANTA UNITED,3,bottom,Jayden Hibbert,MLS,weak,2,2,0,2,0.0,0.0,,0.0,,,0.0,,,,False,False,Jayden Hibbert
Miguel Almirón,miguel almiron,ATLANTA UNITED,MLS,3.4,5,shots,shots,ATLANTA UNITED,ATLANTA UNITED,1,top,Miguel Almirón,MLS,weak,3,3,1,2,0.3333333333333333,0.1277777777777779,4.333333333333334,-1.975,,,0.0,1.0,-6.308333333333334,-6.308333333333334,False,False,Miguel Almirón
Alexey Miranchuk,alexey miranchuk,ATLANTA UNITED,MLS,1.4,5,shots,shots,ATLANTA UNITED,ATLANTA UNITED,2,top,Alexey Miranchuk,MLS,weak,2,2,0,2,0.5,0.33333333333333337,,0.33333333333333337,,,0.5,,,,False,False,Alexey Miranchuk
Tristan Muyumba,tristan muyumba,ATLANTA UNITED,MLS,1.4,5,shots,shots,ATLANTA UNITED,ATLANTA UNITED,3,top,Tristan Muyumba,MLS,weak,2,2,0,2,0.5,0.20833333333333337,,0.20833333333333337,,,0.5,,,,False,False,Tristan Muyumba
Adrian Gill,adrian gill,ATLANTA UNITED,MLS,0.0,5,shots_on_target,shots_on_target,ATLANTA UNITED,ATLANTA UNITED,1,bottom,Adrian Gill,MLS,weak,2,2,0,2,0.0,0.0,,0.0,,,0.0,,,,False,False,Adrian Gill
Cayman Togashi,cayman togashi,ATLANTA UNITED,MLS,0.0,5,shots_on_target,shots_on_target,ATLANTA UNITED,ATLANTA UNITED,2,bottom,Cayman Togashi,MLS,weak,2,2,0,2,0.0,0.0,,0.0,,,0.0,,,,False,False,Cayman Togashi
Jayden Hibbert,jayden hibbert,ATLANTA UNITED,MLS,0.0,5,shots_on_target,shots_on_target,ATLANTA UNITED,ATLANTA UNITED,3,bottom,Jayden Hibbert,MLS,weak,2,2,0,2,0.0,0.0,,0.0,,,0.0,,,,False,False,Jayden Hibbert
Miguel Almirón,miguel almiron,ATLANTA UNITED,MLS,1.6,5,shots_on_target,shots_on_target,ATLANTA UNITED,ATLANTA UNITED,1,top,Miguel Almirón,MLS,weak,3,3,1,2,0.3333333333333333,0.21666666666666665,3.0,-1.175,,,0.0,1.0,-4.175,-4.175,False,False,Miguel Almirón
Alexey Miranchuk,alexey miranchuk,ATLANTA UNITED,MLS,0.8,5,shots_on_target,shots_on_target,ATLANTA UNITED,ATLANTA UNITED,2,top,Alexey Miranchuk,MLS,weak,2,2,0,2,0.5,-0.375,,-0.375,,,0.5,,,,False,False,Alexey Miranchuk
Elías Baez,elias baez,ATLANTA UNITED,MLS,0.6,5,shots_on_target,shots_on_target,ATLANTA UNITED,ATLANTA UNITED,3,top,Elías Baez,MLS,weak,2,2,0,2,0.0,-0.875,,-0.875,,,0.0,,,,False,False,Elías Baez
Ademir,ademir,BAHIA,Brazil,0.0,5,assists,assists,BAHIA,BAHIA,1,bottom,Ademir,Brazil,elite,2,2,1,1,0.0,0.0,0.0,0.0,,,0.0,0.0,0.0,0.0,False,False,Ademir
Jean Lucas,jean lucas,BAHIA,Brazil,0.0,5,assists,assists,BAHIA,BAHIA,2,bottom,Jean Lucas,Brazil,elite,2,2,1,1,0.0,0.0,0.0,0.0,,,0.0,0.0,0.0,0.0,False,False,Jean Lucas
Kanu,kanu,BAHIA,Brazil,0.0,5,assists,assists,BAHIA,BAHIA,3,bottom,Kanu,Brazil,elite,2,2,1,1,0.0,0.0,0.0,0.0,,,0.0,0.0,0.0,0.0,False,False,Kanu
Rodrigo Nestor,rodrigo nestor,BAHIA,Brazil,0.4,5,assists,assists,BAHIA,BAHIA,1,top,Rodrigo Nestor,Brazil,elite,2,2,1,1,0.0,-0.5833333333333333,-0.6666666666666666,-0.5,,,0.0,0.0,0.16666666666666663,0.16666666666666663,False,False,Rodrigo Nestor
Ademir,ademir,BAHIA,Brazil,0.0,5,assists,assists,BAHIA,BAHIA,2,top,Ademir,Brazil,elite,2,2,1,1,0.0,0.0,0.0,0.0,,,0.0,0.0,0.0,0.0,False,False,Ademir
Jean Lucas,jean lucas,BAHIA,Brazil,0.0,5,assists,assists,BAHIA,BAHIA,3,top,Jean Lucas,Brazil,elite,2,2,1,1,0.0,0.0,0.0,0.0,,,0.0,0.0,0.0,0.0,False,False,Jean Lucas
Jean Lucas,jean lucas,BAHIA,Brazil,0.0,5,goals,goals,BAHIA,BAHIA,1,bottom,Jean Lucas,Brazil,elite,2,2,1,1,0.0,0.0,0.0,0.0,,,0.0,0.0,0.0,0.0,False,False,Jean Lucas
Kanu,kanu,BAHIA,Brazil,0.0,5,goals,goals,BAHIA,BAHIA,2,bottom,Kanu,Brazil,elite,2,2,1,1,0.0,0.0,0.0,0.0,,,0.0,0.0,0.0,0.0,False,False,Kanu
Kaue Furquim,kaue furquim,BAHIA,Brazil,0.0,5,goals,goals,BAHIA,BAHIA,3,bottom,Kaue Furquim,Brazil,elite,2,2,1,1,0.0,0.0,0.0,0.0,,,0.0,0.0,0.0,0.0,False,False,Kaue Furquim
Ademir,ademir,BAHIA,Brazil,0.2,5,goals,goals,BAHIA,BAHIA,1,top,Ademir,Brazil,elite,2,2,1,1,0.0,-0.29166666666666663,-0.3333333333333333,-0.25,,,0.0,0.0,0.08333333333333331,0.08333333333333331,False,False,Ademir
Rodrigo Nestor,rodrigo nestor,BAHIA,Brazil,0.2,5,goals,goals,BAHIA,BAHIA,2,top,Rodrigo Nestor,Brazil,elite,2,2,1,1,0.0,-0.29166666666666663,-0.3333333333333333,-0.25,,,0.0,0.0,0.08333333333333331,0.08333333333333331,False,False,Rodrigo Nestor
Román Gómez,roman gomez,BAHIA,Brazil,0.2,5,goals,goals,BAHIA,BAHIA,3,top,Román Gómez,Brazil,elite,2,2,1,1,0.0,-0.29166666666666663,-0.3333333333333333,-0.25,,,0.0,0.0,0.08333333333333331,0.08333333333333331,False,False,Román Gómez
Ronaldo,ronaldo,BAHIA,Brazil,3.8,5,saves,saves,BAHIA,BAHIA,1,bottom,Ronaldo,Brazil,elite,2,2,1,1,0.5,3.5,8.0,-1.0,,,0.0,1.0,-9.0,-9.0,False,False,Ronaldo
Ronaldo,ronaldo,BAHIA,Brazil,3.8,5,saves,saves,BAHIA,BAHIA,1,top,Ronaldo,Brazil,elite,2,2,1,1,0.5,3.5,8.0,-1.0,,,0.0,1.0,-9.0,-9.0,False,False,Ronaldo
Kanu,kanu,BAHIA,Brazil,0.0,5,shots,shots,BAHIA,BAHIA,1,bottom,Kanu,Brazil,elite,2,2,1,1,0.0,0.0,0.0,0.0,,,0.0,0.0,0.0,0.0,False,False,Kanu
Marcos Victor,marcos victor,BAHIA,Brazil,0.0,5,shots,shots,BAHIA,BAHIA,2,bottom,Marcos Victor,Brazil,elite,2,2,1,1,0.0,0.0,0.0,0.0,,,0.0,0.0,0.0,0.0,False,False,Marcos Victor
Ronaldo,ronaldo,BAHIA,Brazil,0.0,5,shots,shots,BAHIA,BAHIA,3,bottom,Ronaldo,Brazil,elite,2,2,1,1,0.0,0.0,0.0,0.0,,,0.0,0.0,0.0,0.0,False,False,Ronaldo
Rodrigo Nestor,rodrigo nestor,BAHIA,Brazil,2.6,5,shots,shots,BAHIA,BAHIA,1,top,Rodrigo Nestor,Brazil,elite,2,2,1,1,0.0,-1.6666666666666667,-1.3333333333333335,-2.0,,,0.0,0.0,-0.6666666666666665,-0.6666666666666665,False,False,Rodrigo Nestor
Ademir,ademir,BAHIA,Brazil,2.0,5,shots,shots,BAHIA,BAHIA,2,top,Ademir,Brazil,elite,2,2,1,1,0.0,-0.6666666666666667,-1.3333333333333335,0.0,,,0.0,0.0,1.3333333333333335,1.3333333333333335,False,False,Ademir
Román Gómez,roman gomez,BAHIA,Brazil,1.8,5,shots,shots,BAHIA,BAHIA,3,top,Román Gómez,Brazil,elite,2,2,1,1,0.5,-1.0416666666666667,-2.3333333333333335,0.25,,,1.0,0.0,2.5833333333333335,2.5833333333333335,False,False,Román Gómez
Jean Lucas,jean lucas,BAHIA,Brazil,0.0,5,shots_on_target,shots_on_target,BAHIA,BAHIA,1,bottom,Jean Lucas,Brazil,elite,2,2,1,1,0.0,0.0,0.0,0.0,,,0.0,0.0,0.0,0.0,False,False,Jean Lucas
Kanu,kanu,BAHIA,Brazil,0.0,5,shots_on_target,shots_on_target,BAHIA,BAHIA,2,bottom,Kanu,Brazil,elite,2,2,1,1,0.0,0.0,0.0,0.0,,,0.0,0.0,0.0,0.0,False,False,Kanu
Marcos Victor,marcos victor,BAHIA,Brazil,0.0,5,shots_on_target,shots_on_target,BAHIA,BAHIA,3,bottom,Marcos Victor,Brazil,elite,2,2,1,1,0.0,0.0,0.0,0.0,,,0.0,0.0,0.0,0.0,False,False,Marcos Victor
Rodrigo Nestor,rodrigo nestor,BAHIA,Brazil,0.8,5,shots_on_target,shots_on_target,BAHIA,BAHIA,1,top,Rodrigo Nestor,Brazil,elite,2,2,1,1,0.5,-0.375,-1.0,0.25,,,1.0,0.0,1.25,1.25,False,False,Rodrigo Nestor
Ademir,ademir,BAHIA,Brazil,0.6,5,shots_on_target,shots_on_target,BAHIA,BAHIA,2,top,Ademir,Brazil,elite,2,2,1,1,0.5,-0.08333333333333331,-0.6666666666666666,0.5,,,1.0,0.0,1.1666666666666665,1.1666666666666665,False,False,Ademir
Kaue Furquim,kaue furquim,BAHIA,Brazil,0.2,5,shots_on_target,shots_on_target,BAHIA,BAHIA,3,top,Kaue Furquim,Brazil,elite,2,2,1,1,0.0,-0.29166666666666663,-0.3333333333333333,-0.25,,,0.0,0.0,0.08333333333333331,0.08333333333333331,False,False,Kaue Furquim
Brandon Oviedo,brandon oviedo,BANFIELD,Argentina,0.0,5,assists,assists,BANFIELD,BANFIELD,1,bottom,Brandon Oviedo,Argentina,elite,2,2,2,0,0.0,0.0,0.0,,,,,0.0,,,False,False,Brandon Oviedo
Bruno Sepúlveda,bruno sepulveda,BANFIELD,Argentina,0.0,5,assists,assists,BANFIELD,BANFIELD,2,bottom,Bruno Sepúlveda,Argentina,elite,2,2,2,0,0.0,0.0,0.0,,,,,0.0,,,False,False,Bruno Sepúlveda
Facundo Sanguinetti,facundo sanguinetti,BANFIELD,Argentina,0.0,5,assists,assists,BANFIELD,BANFIELD,3,bottom,Facundo Sanguinetti,Argentina,elite,2,2,2,0,0.0,0.0,0.0,,,,,0.0,,,False,False,Facundo Sanguinetti
David Salazar,david salazar,BANFIELD,Argentina,0.2,5,assists,assists,BANFIELD,BANFIELD,1,top,David Salazar,Argentina,elite,2,2,2,0,0.0,-0.29166666666666663,-0.29166666666666663,,,,,0.0,,,False,False,David Salazar
Brandon Oviedo,brandon oviedo,BANFIELD,Argentina,0.0,5,assists,assists,BANFIELD,BANFIELD,2,top,Brandon Oviedo,Argentina,elite,2,2,2,0,0.0,0.0,0.0,,,,,0.0,,,False,False,Brandon Oviedo
Bruno Sepúlveda,bruno sepulveda,BANFIELD,Argentina,0.0,5,assists,assists,BANFIELD,BANFIELD,3,top,Bruno Sepúlveda,Argentina,elite,2,2,2,0,0.0,0.0,0.0,,,,,0.0,,,False,False,Bruno Sepúlveda
Brandon Oviedo,brandon oviedo,BANFIELD,Argentina,0.0,5,goals,goals,BANFIELD,BANFIELD,1,bottom,Brandon Oviedo,Argentina,elite,2,2,2,0,0.0,0.0,0.0,,,,,0.0,,,False,False,Brandon Oviedo
David Salazar,david salazar,BANFIELD,Argentina,0.0,5,goals,goals,BANFIELD,BANFIELD,2,bottom,David Salazar,Argentina,elite,2,2,2,0,0.0,0.0,0.0,,,,,0.0,,,False,False,David Salazar
Facundo Sanguinetti,facundo sanguinetti,BANFIELD,Argentina,0.0,5,goals,goals,BANFIELD,BANFIELD,3,bottom,Facundo Sanguinetti,Argentina,elite,2,2,2,0,0.0,0.0,0.0,,,,,0.0,,,False,False,Facundo Sanguinetti
Bruno Sepúlveda,bruno sepulveda,BANFIELD,Argentina,0.2,5,goals,goals,BANFIELD,BANFIELD,1,top,Bruno Sepúlveda,Argentina,elite,2,2,2,0,0.0,-0.29166666666666663,-0.29166666666666663,,,,,0.0,,,False,False,Bruno Sepúlveda
Brandon Oviedo,brandon oviedo,BANFIELD,Argentina,0.0,5,goals,goals,BANFIELD,BANFIELD,2,top,Brandon Oviedo,Argentina,elite,2,2,2,0,0.0,0.0,0.0,,,,,0.0,,,False,False,Brandon Oviedo
David Salazar,david salazar,BANFIELD,Argentina,0.0,5,goals,goals,BANFIELD,BANFIELD,3,top,David Salazar,Argentina,elite,2,2,2,0,0.0,0.0,0.0,,,,,0.0,,,False,False,David Salazar
Gino Santilli,gino santilli,BANFIELD,Argentina,0.4,5,saves,saves,BANFIELD,BANFIELD,1,bottom,Gino Santilli,Argentina,elite,2,2,2,0,0.5,1.0,1.0,,,,,0.5,,,False,False,Gino Santilli
Facundo Sanguinetti,facundo sanguinetti,BANFIELD,Argentina,3.0,5,saves,saves,BANFIELD,BANFIELD,2,bottom,Facundo Sanguinetti,Argentina,elite,2,2,2,0,0.0,-2.375,-2.375,,,,,0.0,,,False,True,Facundo Sanguinetti
Facundo Sanguinetti,facundo sanguinetti,BANFIELD,Argentina,3.0,5,saves,saves,BANFIELD,BANFIELD,1,top,Facundo Sanguinetti,Argentina,elite,2,2,2,0,0.0,-2.375,-2.375,,,,,0.0,,,False,True,Facundo Sanguinetti
Gino Santilli,gino santilli,BANFIELD,Argentina,0.4,5,saves,saves,BANFIELD,BANFIELD,2,top,Gino Santilli,Argentina,elite,2,2,2,0,0.5,1.0,1.0,,,,,0.5,,,False,False,Gino Santilli
Brandon Oviedo,brandon oviedo,BANFIELD,Argentina,0.0,5,shots,shots,BANFIELD,BANFIELD,1,bottom,Brandon Oviedo,Argentina,elite,2,2,2,0,0.0,0.0,0.0,,,,,0.0,,,False,False,Brandon Oviedo
Facundo Sanguinetti,facundo sanguinetti,BANFIELD,Argentina,0.0,5,shots,shots,BANFIELD,BANFIELD,2,bottom,Facundo Sanguinetti,Argentina,elite,2,2,2,0,0.0,0.0,0.0,,,,,0.0,,,False,False,Facundo Sanguinetti
Gino Santilli,gino santilli,BANFIELD,Argentina,0.0,5,shots,shots,BANFIELD,BANFIELD,3,bottom,Gino Santilli,Argentina,elite,2,2,2,0,0.0,0.0,0.0,,,,,0.0,,,False,False,Gino Santilli
Bruno Sepúlveda,bruno sepulveda,BANFIELD,Argentina,1.2,5,shots,shots,BANFIELD,BANFIELD,1,top,Bruno Sepúlveda,Argentina,elite,2,2,2,0,0.0,-1.0833333333333335,-1.0833333333333335,,,,,0.0,,,False,True,Bruno Sepúlveda
David Salazar,david salazar,BANFIELD,Argentina,1.0,5,shots,shots,BANFIELD,BANFIELD,2,top,David Salazar,Argentina,elite,2,2,2,0,0.0,-0.7916666666666666,-0.7916666666666666,,,,,0.0,,,False,True,David Salazar
Federico Anselmo,federico anselmo,BANFIELD,Argentina,0.8,5,shots,shots,BANFIELD,BANFIELD,3,top,Federico Anselmo,Argentina,elite,2,2,2,0,0.5,0.8333333333333333,0.8333333333333333,,,,,0.5,,,False,False,Federico Anselmo
Brandon Oviedo,brandon oviedo,BANFIELD,Argentina,0.0,5,shots_on_target,shots_on_target,BANFIELD,BANFIELD,1,bottom,Brandon Oviedo,Argentina,elite,2,2,2,0,0.0,0.0,0.0,,,,,0.0,,,False,False,Brandon Oviedo
Facundo Sanguinetti,facundo sanguinetti,BANFIELD,Argentina,0.0,5,shots_on_target,shots_on_target,BANFIELD,BANFIELD,2,bottom,Facundo Sanguinetti,Argentina,elite,2,2,2,0,0.0,0.0,0.0,,,,,0.0,,,False,False,Facundo Sanguinetti
Favio Álvarez,favio alvarez,BANFIELD,Argentina,0.0,5,shots_on_target,shots_on_target,BANFIELD,BANFIELD,3,bottom,Favio Álvarez,Argentina,elite,2,2,2,0,0.0,0.0,0.0,,,,,0.0,,,False,False,Favio Álvarez
Bruno Sepúlveda,bruno sepulveda,BANFIELD,Argentina,0.6,5,shots_on_target,shots_on_target,BANFIELD,BANFIELD,1,top,Bruno Sepúlveda,Argentina,elite,2,2,2,0,0.5,-0.20833333333333331,-0.20833333333333331,,,,,0.5,,,False,False,Bruno Sepúlveda
Lautaro Gómez,lautaro gomez,BANFIELD,Argentina,0.4,5,shots_on_target,shots_on_target,BANFIELD,BANFIELD,2,top,Lautaro Gómez,Argentina,elite,2,2,2,0,0.0,-0.5833333333333333,-0.5833333333333333,,,,,0.0,,,False,True,Lautaro Gómez
Luis Abraham,luis abraham,BANFIELD,Argentina,0.4,5,shots_on_target,shots_on_target,BANFIELD,BANFIELD,3,top,Luis Abraham,Argentina,elite,2,2,2,0,0.5,0.75,0.75,,,,,0.5,,,False,False,Luis Abraham
Camryn Miller,camryn miller,BAY FC,NWSL,0.0,5,assists,assists,BAY FC,BAY FC,1,bottom,Camryn Miller,NWSL,mid,2,2,0,1,0.0,0.0,,0.0,0.0,,0.0,,,,False,False,Camryn Miller
Caroline Conti,caroline conti,BAY FC,NWSL,0.0,8,assists,assists,BAY FC,BAY FC,2,bottom,Caroline Conti,NWSL,elite,5,5,2,2,0.0,0.0,0.0,0.0,0.0,,0.0,0.0,0.0,0.0,False,False,Caroline Conti
Cristiana Girelli,cristiana girelli,BAY FC,NWSL,0.0,8,assists,assists,BAY FC,BAY FC,3,bottom,Cristiana Girelli,NWSL,elite,5,5,2,2,0.0,0.0,0.0,0.0,0.0,,0.0,0.0,0.0,0.0,False,False,Cristiana Girelli
Hannah Bebar,hannah bebar,BAY FC,NWSL,0.25,8,assists,assists,BAY FC,BAY FC,1,top,Hannah Bebar,NWSL,elite,5,5,2,2,0.4,0.3380952380952381,0.4285714285714286,-0.08333333333333333,1.0,-0.4278265679784807,0.0,0.5,-0.511904761904762,-0.511904761904762,False,False,Hannah Bebar
Aldana Cometti,aldana cometti,BAY FC,NWSL,0.125,8,assists,assists,BAY FC,BAY FC,2,top,Aldana Cometti,NWSL,elite,5,5,2,2,0.2,0.1380952380952381,-0.07142857142857142,-0.08333333333333333,1.0,-0.06079136569053357,0.0,0.0,-0.011904761904761904,-0.011904761904761904,False,False,Aldana Cometti
Alex Pfeiffer,alex pfeiffer,BAY FC,NWSL,0.125,8,assists,assists,BAY FC,BAY FC,3,top,Alex Pfeiffer,NWSL,elite,5,5,2,2,0.0,-0.21857142857142856,-0.19642857142857142,-0.25,-0.2,-0.16414531754036032,0.0,0.0,-0.053571428571428575,-0.053571428571428575,False,False,Alex Pfeiffer
Aldana Cometti,aldana cometti,BAY FC,NWSL,0.0,8,goals,goals,BAY FC,BAY FC,1,bottom,Aldana Cometti,NWSL,elite,5,5,2,2,0.0,0.0,0.0,0.0,0.0,,0.0,0.0,0.0,0.0,False,False,Aldana Cometti
Alex Pfeiffer,alex pfeiffer,BAY FC,NWSL,0.0,8,goals,goals,BAY FC,BAY FC,2,bottom,Alex Pfeiffer,NWSL,elite,5,5,2,2,0.0,0.0,0.0,0.0,0.0,,0.0,0.0,0.0,0.0,False,False,Alex Pfeiffer
Camryn Miller,camryn miller,BAY FC,NWSL,0.0,5,goals,goals,BAY FC,BAY FC,3,bottom,Camryn Miller,NWSL,mid,2,2,0,1,0.0,0.0,,0.0,0.0,,0.0,,,,False,False,Camryn Miller
Karlie Lema,karlie lema,BAY FC,NWSL,0.625,8,goals,goals,BAY FC,BAY FC,1,top,Karlie Lema,NWSL,elite,5,5,2,2,0.2,-0.6742857142857142,-0.2857142857142857,-1.0,-0.8,-0.3807825897310281,0.0,0.5,-0.7142857142857143,-0.7142857142857143,False,False,Karlie Lema
Heather Gilchrist,heather gilchrist,BAY FC,NWSL,0.2,5,goals,goals,BAY FC,BAY FC,2,top,Heather Gilchrist,NWSL,elite,2,2,1,1,0.5,0.5,1.0,0.0,,,0.0,1.0,-1.0,-1.0,False,False,Heather Gilchrist
Claire Hutton,claire hutton,BAY FC,NWSL,0.125,8,goals,goals,BAY FC,BAY FC,3,top,Claire Hutton,NWSL,elite,5,5,2,2,0.0,-0.21857142857142856,-0.19642857142857142,-0.25,-0.2,-0.16414531754036032,0.0,0.0,-0.053571428571428575,-0.053571428571428575,False,False,Claire Hutton
Camryn Miller,camryn miller,BAY FC,NWSL,0.0,5,saves,saves,BAY FC,BAY FC,1,bottom,Camryn Miller,NWSL,mid,2,2,0,1,0.0,0.0,,0.0,0.0,,0.0,,,,False,False,Camryn Miller
Emmie Allen,emmie allen,BAY FC,NWSL,0.0,8,saves,saves,BAY FC,BAY FC,2,bottom,Emmie Allen,NWSL,elite,5,5,2,2,0.0,0.0,0.0,0.0,0.0,,0.0,0.0,0.0,0.0,False,False,Emmie Allen
Jordan Silkowitz,jordan silkowitz,BAY FC,NWSL,4.625,8,saves,saves,BAY FC,BAY FC,3,bottom,Jordan Silkowitz,NWSL,elite,5,5,2,2,0.4,0.05857142857142872,1.1964285714285716,-0.75,-0.5999999999999996,-0.4552303349727887,0.5,0.5,-1.9464285714285716,-1.9464285714285716,False,False,Jordan Silkowitz
Jordan Silkowitz,jordan silkowitz,BAY FC,NWSL,4.625,8,saves,saves,BAY FC,BAY FC,1,top,Jordan Silkowitz,NWSL,elite,5,5,2,2,0.4,0.05857142857142872,1.1964285714285716,-0.75,-0.5999999999999996,-0.4552303349727887,0.5,0.5,-1.9464285714285716,-1.9464285714285716,False,False,Jordan Silkowitz
Camryn Miller,camryn miller,BAY FC,NWSL,0.0,5,saves,saves,BAY FC,BAY FC,2,top,Camryn Miller,NWSL,mid,2,2,0,1,0.0,0.0,,0.0,0.0,,0.0,,,,False,False,Camryn Miller
Emmie Allen,emmie allen,BAY FC,NWSL,0.0,8,saves,saves,BAY FC,BAY FC,3,top,Emmie Allen,NWSL,elite,5,5,2,2,0.0,0.0,0.0,0.0,0.0,,0.0,0.0,0.0,0.0,False,False,Emmie Allen
Camryn Miller,camryn miller,BAY FC,NWSL,0.0,5,shots,shots,BAY FC,BAY FC,1,bottom,Camryn Miller,NWSL,mid,2,2,0,1,0.0,0.0,,0.0,0.0,,0.0,,,,False,False,Camryn Miller
Emmie Allen,emmie allen,BAY FC,NWSL,0.0,8,shots,shots,BAY FC,BAY FC,2,bottom,Emmie Allen,NWSL,elite,5,5,2,2,0.0,0.0,0.0,0.0,0.0,,0.0,0.0,0.0,0.0,False,False,Emmie Allen
Jordan Silkowitz,jordan silkowitz,BAY FC,NWSL,0.0,8,shots,shots,BAY FC,BAY FC,3,bottom,Jordan Silkowitz,NWSL,elite,5,5,2,2,0.0,0.0,0.0,0.0,0.0,,0.0,0.0,0.0,0.0,False,False,Jordan Silkowitz
Alex Pfeiffer,alex pfeiffer,BAY FC,NWSL,2.75,8,shots,shots,BAY FC,BAY FC,1,top,Alex Pfeiffer,NWSL,elite,5,5,2,2,0.6,0.17857142857142855,0.1964285714285714,-0.25,1.0,-0.3282622208885599,0.5,0.5,-0.4464285714285714,-0.4464285714285714,False,False,Alex Pfeiffer
Karlie Lema,karlie lema,BAY FC,NWSL,2.125,8,shots,shots,BAY FC,BAY FC,2,top,Karlie Lema,NWSL,elite,5,5,2,2,0.2,-0.4119047619047619,-0.6964285714285714,-0.33333333333333326,0.0,0.352086549811648,0.5,0.0,0.36309523809523814,0.36309523809523814,False,True,Karlie Lema
Kennedy Fuller,kennedy fuller,BAY FC,NWSL,1.5,8,shots,shots,BAY FC,BAY FC,3,top,Kennedy Fuller,NWSL,elite,5,5,2,2,0.6,-0.31952380952380954,-0.7321428571428571,0.33333333333333326,-0.8,0.4911117909805179,1.0,0.5,1.0654761904761902,1.0654761904761902,True,True,Kennedy Fuller
Aldana Cometti,aldana cometti,BAY FC,NWSL,0.0,8,shots_on_target,shots_on_target,BAY FC,BAY FC,1,bottom,Aldana Cometti,NWSL,elite,5,5,2,2,0.0,0.0,0.0,0.0,0.0,,0.0,0.0,0.0,0.0,False,False,Aldana Cometti
Camryn Miller,camryn miller,BAY FC,NWSL,0.0,5,shots_on_target,shots_on_target,BAY FC,BAY FC,2,bottom,Camryn Miller,NWSL,mid,2,2,0,1,0.0,0.0,,0.0,0.0,,0.0,,,,False,False,Camryn Miller
Dorian Bailey,dorian bailey,BAY FC,NWSL,0.0,8,shots_on_target,shots_on_target,BAY FC,BAY FC,3,bottom,Dorian Bailey,NWSL,elite,5,5,2,2,0.0,0.0,0.0,0.0,0.0,,0.0,0.0,0.0,0.0,False,False,Dorian Bailey
Alex Pfeiffer,alex pfeiffer,BAY FC,NWSL,1.125,8,shots_on_target,shots_on_target,BAY FC,BAY FC,1,top,Alex Pfeiffer,NWSL,elite,5,5,2,2,0.4,-0.41047619047619044,-0.3928571428571429,0.16666666666666674,-1.6,0.15362575652289623,0.5,0.5,0.5595238095238096,0.5595238095238096,False,True,Alex Pfeiffer
Karlie Lema,karlie lema,BAY FC,NWSL,1.125,8,shots_on_target,shots_on_target,BAY FC,BAY FC,2,top,Karlie Lema,NWSL,elite,5,5,2,2,0.2,-0.7685714285714286,-0.8214285714285714,-0.5,-1.2,0.3260869285990637,0.5,0.0,0.3214285714285714,0.3214285714285714,False,True,Karlie Lema
Claire Hutton,claire hutton,BAY FC,NWSL,0.625,8,shots_on_target,shots_on_target,BAY FC,BAY FC,3,top,Claire Hutton,NWSL,elite,5,5,2,2,0.4,-0.20285714285714285,-0.8571428571428572,0.25000000000000006,0.19999999999999996,0.43223398786314754,0.5,0.0,1.1071428571428572,1.1071428571428572,False,True,Claire Hutton
Adrián Sporle,adrian sporle,BELGRANO,Argentina,0.0,5,assists,assists,BELGRANO,BELGRANO,1,bottom,Adrián Sporle,Argentina,elite,2,2,2,0,0.0,0.0,0.0,,,,,0.0,,,False,False,Adrián Sporle
Agustín Griguol,agustin griguol,BELGRANO,Argentina,0.0,5,assists,assists,BELGRANO,BELGRANO,2,bottom,Agustín Griguol,Argentina,elite,2,2,2,0,0.0,0.0,0.0,,,,,0.0,,,False,False,Agustín Griguol
Alexis Maldonado,alexis maldonado,BELGRANO,Argentina,0.0,5,assists,assists,BELGRANO,BELGRANO,3,bottom,Alexis Maldonado,Argentina,elite,2,2,2,0,0.0,0.0,0.0,,,,,0.0,,,False,False,Alexis Maldonado
Lucas Zelarayán,lucas zelarayan,BELGRANO,Argentina,0.2,5,assists,assists,BELGRANO,BELGRANO,1,top,Lucas Zelarayán,Argentina,elite,2,2,2,0,0.5,0.375,0.375,,,,,0.5,,,False,False,Lucas Zelarayán
Ramiro Hernandes,ramiro hernandes,BELGRANO,Argentina,0.2,5,assists,assists,BELGRANO,BELGRANO,2,top,Ramiro Hernandes,Argentina,elite,2,2,2,0,0.0,-0.29166666666666663,-0.29166666666666663,,,,,0.0,,,False,False,Ramiro Hernandes
Adrián Sporle,adrian sporle,BELGRANO,Argentina,0.0,5,assists,assists,BELGRANO,BELGRANO,3,top,Adrián Sporle,Argentina,elite,2,2,2,0,0.0,0.0,0.0,,,,,0.0,,,False,False,Adrián Sporle
Adrián Sporle,adrian sporle,BELGRANO,Argentina,0.0,5,goals,goals,BELGRANO,BELGRANO,1,bottom,Adrián Sporle,Argentina,elite,2,2,2,0,0.0,0.0,0.0,,,,,0.0,,,False,False,Adrián Sporle
Agustín Griguol,agustin griguol,BELGRANO,Argentina,0.0,5,goals,goals,BELGRANO,BELGRANO,2,bottom,Agustín Griguol,Argentina,elite,2,2,2,0,0.0,0.0,0.0,,,,,0.0,,,False,False,Agustín Griguol
Alexis Maldonado,alexis maldonado,BELGRANO,Argentina,0.0,5,goals,goals,BELGRANO,BELGRANO,3,bottom,Alexis Maldonado,Argentina,elite,2,2,2,0,0.0,0.0,0.0,,,,,0.0,,,False,False,Alexis Maldonado
Emiliano Rigoni,emiliano rigoni,BELGRANO,Argentina,0.2,5,goals,goals,BELGRANO,BELGRANO,1,top,Emiliano Rigoni,Argentina,elite,2,2,2,0,0.5,0.5,0.5,,,,,0.5,,,False,False,Emiliano Rigoni
Lisandro López,lisandro lopez,BELGRANO,Argentina,0.2,5,goals,goals,BELGRANO,BELGRANO,2,top,Lisandro López,Argentina,elite,2,2,2,0,0.5,0.375,0.375,,,,,0.5,,,False,False,Lisandro López
Lucas Passerini,lucas passerini,BELGRANO,Argentina,0.2,5,goals,goals,BELGRANO,BELGRANO,3,top,Lucas Passerini,Argentina,elite,2,2,2,0,0.5,0.375,0.375,,,,,0.5,,,False,False,Lucas Passerini
Manuel Vincentini,manuel vincentini,BELGRANO,Argentina,0.4,5,saves,saves,BELGRANO,BELGRANO,1,bottom,Manuel Vincentini,Argentina,elite,2,2,2,0,0.0,-0.5833333333333333,-0.5833333333333333,,,,,0.0,,,False,True,Manuel Vincentini
Manuel Vincentini,manuel vincentini,BELGRANO,Argentina,0.4,5,saves,saves,BELGRANO,BELGRANO,1,top,Manuel Vincentini,Argentina,elite,2,2,2,0,0.0,-0.5833333333333333,-0.5833333333333333,,,,,0.0,,,False,True,Manuel Vincentini
Agustín Griguol,agustin griguol,BELGRANO,Argentina,0.0,5,shots,shots,BELGRANO,BELGRANO,1,bottom,Agustín Griguol,Argentina,elite,2,2,2,0,0.0,0.0,0.0,,,,,0.0,,,False,False,Agustín Griguol
Alexis Maldonado,alexis maldonado,BELGRANO,Argentina,0.0,5,shots,shots,BELGRANO,BELGRANO,2,bottom,Alexis Maldonado,Argentina,elite,2,2,2,0,0.0,0.0,0.0,,,,,0.0,,,False,False,Alexis Maldonado
Gonzalo Zelarayán,gonzalo zelarayan,BELGRANO,Argentina,0.0,5,shots,shots,BELGRANO,BELGRANO,3,bottom,Gonzalo Zelarayán,Argentina,elite,2,2,2,0,0.0,0.0,0.0,,,,,0.0,,,False,False,Gonzalo Zelarayán
Lucas Passerini,lucas passerini,BELGRANO,Argentina,2.4,5,shots,shots,BELGRANO,BELGRANO,1,top,Lucas Passerini,Argentina,elite,2,2,2,0,1.0,2.2083333333333335,2.2083333333333335,,,,,1.0,,,False,False,Lucas Passerini
Emiliano Rigoni,emiliano rigoni,BELGRANO,Argentina,1.6,5,shots,shots,BELGRANO,BELGRANO,2,top,Emiliano Rigoni,Argentina,elite,2,2,2,0,0.5,0.7083333333333334,0.7083333333333334,,,,,0.5,,,False,False,Emiliano Rigoni
Lucas Zelarayán,lucas zelarayan,BELGRANO,Argentina,1.6,5,shots,shots,BELGRANO,BELGRANO,3,top,Lucas Zelarayán,Argentina,elite,2,2,2,0,0.0,-1.6666666666666667,-1.6666666666666667,,,,,0.0,,,False,True,Lucas Zelarayán
Agustín Griguol,agustin griguol,BELGRANO,Argentina,0.0,5,shots_on_target,shots_on_target,BELGRANO,BELGRANO,1,bottom,Agustín Griguol,Argentina,elite,2,2,2,0,0.0,0.0,0.0,,,,,0.0,,,False,False,Agustín Griguol
Alexis Maldonado,alexis maldonado,BELGRANO,Argentina,0.0,5,shots_on_target,shots_on_target,BELGRANO,BELGRANO,2,bottom,Alexis Maldonado,Argentina,elite,2,2,2,0,0.0,0.0,0.0,,,,,0.0,,,False,False,Alexis Maldonado
Gonzalo Zelarayán,gonzalo zelarayan,BELGRANO,Argentina,0.0,5,shots_on_target,shots_on_target,BELGRANO,BELGRANO,3,bottom,Gonzalo Zelarayán,Argentina,elite,2,2,2,0,0.0,0.0,0.0,,,,,0.0,,,False,False,Gonzalo Zelarayán
Lucas Passerini,lucas passerini,BELGRANO,Argentina,0.8,5,shots_on_target,shots_on_target,BELGRANO,BELGRANO,1,top,Lucas Passerini,Argentina,elite,2,2,2,0,1.0,1.0833333333333335,1.0833333333333335,,,,,1.0,,,False,False,Lucas Passerini
Emiliano Rigoni,emiliano rigoni,BELGRANO,Argentina,0.6,5,shots_on_target,shots_on_target,BELGRANO,BELGRANO,2,top,Emiliano Rigoni,Argentina,elite,2,2,2,0,1.0,0.5833333333333334,0.5833333333333334,,,,,1.0,,,False,False,Emiliano Rigoni
Adrián Sporle,adrian sporle,BELGRANO,Argentina,0.4,5,shots_on_target,shots_on_target,BELGRANO,BELGRANO,3,top,Adrián Sporle,Argentina,elite,2,2,2,0,0.5,0.08333333333333337,0.08333333333333337,,,,,0.5,,,False,False,Adrián Sporle
Alan Velasco,alan velasco,BOCA JUNIORS,Argentina,0.0,5,assists,assists,BOCA JUNIORS,BOCA JUNIORS,1,bottom,Alan Velasco,Argentina,elite,2,2,2,0,0.0,0.0,0.0,,,,,0.0,,,False,False,Alan Velasco
Ayrton Costa,ayrton costa,BOCA JUNIORS,Argentina,0.0,5,assists,assists,BOCA JUNIORS,BOCA JUNIORS,2,bottom,Ayrton Costa,Argentina,elite,2,2,2,0,0.0,0.0,0.0,,,,,0.0,,,False,False,Ayrton Costa
Camilo Rey,camilo rey,BOCA JUNIORS,Argentina,0.0,5,assists,assists,BOCA JUNIORS,BOCA JUNIORS,3,bottom,Camilo Rey,Argentina,elite,2,2,2,0,0.0,0.0,0.0,,,,,0.0,,,False,False,Camilo Rey
Lautaro Blanco,lautaro blanco,BOCA JUNIORS,Argentina,0.2,5,assists,assists,BOCA JUNIORS,BOCA JUNIORS,1,top,Lautaro Blanco,Argentina,elite,2,2,2,0,0.0,-0.29166666666666663,-0.29166666666666663,,,,,0.0,,,False,False,Lautaro Blanco
Santiago Ascacibar,santiago ascacibar,BOCA JUNIORS,Argentina,0.2,5,assists,assists,BOCA JUNIORS,BOCA JUNIORS,2,top,Santiago Ascacibar,Argentina,elite,2,2,2,0,0.5,0.5,0.5,,,,,0.5,,,False,False,Santiago Ascacibar
Sebastián Villa,sebastian villa,BOCA JUNIORS,Argentina,0.2,5,assists,assists,BOCA JUNIORS,BOCA JUNIORS,3,top,Sebastián Villa,Argentina,elite,2,2,2,0,0.0,-0.29166666666666663,-0.29166666666666663,,,,,0.0,,,False,False,Sebastián Villa
Ayrton Costa,ayrton costa,BOCA JUNIORS,Argentina,0.0,5,goals,goals,BOCA JUNIORS,BOCA JUNIORS,1,bottom,Ayrton Costa,Argentina,elite,2,2,2,0,0.0,0.0,0.0,,,,,0.0,,,False,False,Ayrton Costa
Camilo Rey,camilo rey,BOCA JUNIORS,Argentina,0.0,5,goals,goals,BOCA JUNIORS,BOCA JUNIORS,2,bottom,Camilo Rey,Argentina,elite,2,2,2,0,0.0,0.0,0.0,,,,,0.0,,,False,False,Camilo Rey
Dylan Gorosito,dylan gorosito,BOCA JUNIORS,Argentina,0.0,5,goals,goals,BOCA JUNIORS,BOCA JUNIORS,3,bottom,Dylan Gorosito,Argentina,elite,2,2,2,0,0.0,0.0,0.0,,,,,0.0,,,False,False,Dylan Gorosito
Santiago Ascacibar,santiago ascacibar,BOCA JUNIORS,Argentina,0.6,5,goals,goals,BOCA JUNIORS,BOCA JUNIORS,1,top,Santiago Ascacibar,Argentina,elite,2,2,2,0,0.5,-0.20833333333333331,-0.20833333333333331,,,,,0.5,,,False,False,Santiago Ascacibar
Alan Velasco,alan velasco,BOCA JUNIORS,Argentina,0.2,5,goals,goals,BOCA JUNIORS,BOCA JUNIORS,2,top,Alan Velasco,Argentina,elite,2,2,2,0,0.0,-0.29166666666666663,-0.29166666666666663,,,,,0.0,,,False,False,Alan Velasco
Miguel Merentiel,miguel merentiel,BOCA JUNIORS,Argentina,0.2,5,goals,goals,BOCA JUNIORS,BOCA JUNIORS,3,top,Miguel Merentiel,Argentina,elite,2,2,2,0,0.5,0.5,0.5,,,,,0.5,,,False,False,Miguel Merentiel
Leandro Brey,leandro brey,BOCA JUNIORS,Argentina,0.0,5,saves,saves,BOCA JUNIORS,BOCA JUNIORS,1,bottom,Leandro Brey,Argentina,elite,2,2,2,0,0.0,0.0,0.0,,,,,0.0,,,False,False,Leandro Brey
Álvaro Montero,alvaro montero,BOCA JUNIORS,Argentina,2.8,5,saves,saves,BOCA JUNIORS,BOCA JUNIORS,2,bottom,Álvaro Montero,Argentina,elite,4,4,4,0,0.75,2.5625,2.5625,,,,,0.75,,,False,False,Álvaro Montero
Álvaro Montero,alvaro montero,BOCA JUNIORS,Argentina,2.8,5,saves,saves,BOCA JUNIORS,BOCA JUNIORS,1,top,Álvaro Montero,Argentina,elite,4,4,4,0,0.75,2.5625,2.5625,,,,,0.75,,,False,False,Álvaro Montero
Leandro Brey,leandro brey,BOCA JUNIORS,Argentina,0.0,5,saves,saves,BOCA JUNIORS,BOCA JUNIORS,2,top,Leandro Brey,Argentina,elite,2,2,2,0,0.0,0.0,0.0,,,,,0.0,,,False,False,Leandro Brey
Camilo Rey,camilo rey,BOCA JUNIORS,Argentina,0.0,5,shots,shots,BOCA JUNIORS,BOCA JUNIORS,1,bottom,Camilo Rey,Argentina,elite,2,2,2,0,0.0,0.0,0.0,,,,,0.0,,,False,False,Camilo Rey
Jorge Figal,jorge figal,BOCA JUNIORS,Argentina,0.0,5,shots,shots,BOCA JUNIORS,BOCA JUNIORS,2,bottom,Jorge Figal,Argentina,elite,2,2,2,0,0.0,0.0,0.0,,,,,0.0,,,False,False,Jorge Figal
Leandro Brey,leandro brey,BOCA JUNIORS,Argentina,0.0,5,shots,shots,BOCA JUNIORS,BOCA JUNIORS,3,bottom,Leandro Brey,Argentina,elite,2,2,2,0,0.0,0.0,0.0,,,,,0.0,,,False,False,Leandro Brey
Leonel Flores,leonel flores,BOCA JUNIORS,Argentina,2.4,5,shots,shots,BOCA JUNIORS,BOCA JUNIORS,1,top,Leonel Flores,Argentina,elite,2,2,2,0,0.0,-1.5,-1.5,,,,,0.0,,,False,True,Leonel Flores
Tomás Aranda,tomas aranda,BOCA JUNIORS,Argentina,2.4,5,shots,shots,BOCA JUNIORS,BOCA JUNIORS,2,top,Tomás Aranda,Argentina,elite,2,2,2,0,0.5,1.0,1.0,,,,,0.5,,,False,False,Tomás Aranda
Santiago Ascacibar,santiago ascacibar,BOCA JUNIORS,Argentina,2.2,5,shots,shots,BOCA JUNIORS,BOCA JUNIORS,3,top,Santiago Ascacibar,Argentina,elite,2,2,2,0,0.5,1.4583333333333335,1.4583333333333335,,,,,0.5,,,False,False,Santiago Ascacibar
Ayrton Costa,ayrton costa,BOCA JUNIORS,Argentina,0.0,5,shots_on_target,shots_on_target,BOCA JUNIORS,BOCA JUNIORS,1,bottom,Ayrton Costa,Argentina,elite,2,2,2,0,0.0,0.0,0.0,,,,,0.0,,,False,False,Ayrton Costa
Camilo Rey,camilo rey,BOCA JUNIORS,Argentina,0.0,5,shots_on_target,shots_on_target,BOCA JUNIORS,BOCA JUNIORS,2,bottom,Camilo Rey,Argentina,elite,2,2,2,0,0.0,0.0,0.0,,,,,0.0,,,False,False,Camilo Rey
Dylan Gorosito,dylan gorosito,BOCA JUNIORS,Argentina,0.0,5,shots_on_target,shots_on_target,BOCA JUNIORS,BOCA JUNIORS,3,bottom,Dylan Gorosito,Argentina,elite,2,2,2,0,0.0,0.0,0.0,,,,,0.0,,,False,False,Dylan Gorosito
Santiago Ascacibar,santiago ascacibar,BOCA JUNIORS,Argentina,1.0,5,shots_on_target,shots_on_target,BOCA JUNIORS,BOCA JUNIORS,1,top,Santiago Ascacibar,Argentina,elite,2,2,2,0,0.5,0.5416666666666667,0.5416666666666667,,,,,0.5,,,False,False,Santiago Ascacibar
Miguel Merentiel,miguel merentiel,BOCA JUNIORS,Argentina,0.8,5,shots_on_target,shots_on_target,BOCA JUNIORS,BOCA JUNIORS,2,top,Miguel Merentiel,Argentina,elite,2,2,2,0,1.0,1.0833333333333335,1.0833333333333335,,,,,1.0,,,False,False,Miguel Merentiel
Kevin Zenón,kevin zenon,BOCA JUNIORS,Argentina,0.6,5,shots_on_target,shots_on_target,BOCA JUNIORS,BOCA JUNIORS,3,top,Kevin Zenón,Argentina,elite,2,2,2,0,0.0,-0.875,-0.875,,,,,0.0,,,False,True,Kevin Zenón
Alba Caño,alba cano,BOSTON LEGACY,NWSL,0.0,8,assists,assists,BOSTON LEGACY,BOSTON LEGACY,1,bottom,Alba Caño,NWSL,elite,5,5,2,2,0.0,0.0,0.0,0.0,0.0,,0.0,0.0,0.0,0.0,False,False,Alba Caño
Amanda Allen,amanda allen,BOSTON LEGACY,NWSL,0.0,8,assists,assists,BOSTON LEGACY,BOSTON LEGACY,2,bottom,Amanda Allen,NWSL,elite,5,5,2,2,0.0,0.0,0.0,0.0,0.0,,0.0,0.0,0.0,0.0,False,False,Amanda Allen
Amanda Gutierres,amanda gutierres,BOSTON LEGACY,NWSL,0.0,7,assists,assists,BOSTON LEGACY,BOSTON LEGACY,3,bottom,Amanda Gutierres,NWSL,elite,4,4,2,1,0.0,0.0,0.0,0.0,0.0,,0.0,0.0,0.0,0.0,False,False,Amanda Gutierres
Ella Stevens,ella stevens,BOSTON LEGACY,NWSL,0.16666666666666666,6,assists,assists,BOSTON LEGACY,BOSTON LEGACY,1,top,Ella Stevens,NWSL,weak,3,3,1,2,0.0,-0.26111111111111107,-0.3333333333333333,-0.225,,,0.0,0.0,0.10833333333333331,0.10833333333333331,False,False,Ella Stevens
Bianca St-Georges,bianca st-georges,BOSTON LEGACY,NWSL,0.14285714285714285,7,assists,assists,BOSTON LEGACY,BOSTON LEGACY,2,top,Bianca St-Georges,NWSL,weak,4,4,1,2,0.25,0.25,0.0,0.5,0.0,,0.5,0.0,0.5,0.5,False,False,Bianca St-Georges
Aleigh Gambone,aleigh gambone,BOSTON LEGACY,NWSL,0.125,8,assists,assists,BOSTON LEGACY,BOSTON LEGACY,3,top,Aleigh Gambone,NWSL,elite,5,5,2,2,0.2,0.17142857142857143,0.5,-0.07142857142857142,0.0,-0.34733569465573877,0.0,0.5,-0.5714285714285714,-0.5714285714285714,False,False,Aleigh Gambone
Aleigh Gambone,aleigh gambone,BOSTON LEGACY,NWSL,0.0,8,goals,goals,BOSTON LEGACY,BOSTON LEGACY,1,bottom,Aleigh Gambone,NWSL,elite,5,5,2,2,0.0,0.0,0.0,0.0,0.0,,0.0,0.0,0.0,0.0,False,False,Aleigh Gambone
Amanda Allen,amanda allen,BOSTON LEGACY,NWSL,0.0,8,goals,goals,BOSTON LEGACY,BOSTON LEGACY,2,bottom,Amanda Allen,NWSL,elite,5,5,2,2,0.0,0.0,0.0,0.0,0.0,,0.0,0.0,0.0,0.0,False,False,Amanda Allen
Annie Karich,annie karich,BOSTON LEGACY,NWSL,0.0,8,goals,goals,BOSTON LEGACY,BOSTON LEGACY,3,bottom,Annie Karich,NWSL,elite,5,5,2,2,0.0,0.0,0.0,0.0,0.0,,0.0,0.0,0.0,0.0,False,False,Annie Karich
Amanda Gutierres,amanda gutierres,BOSTON LEGACY,NWSL,0.42857142857142855,7,goals,goals,BOSTON LEGACY,BOSTON LEGACY,1,top,Amanda Gutierres,NWSL,elite,4,4,2,1,0.25,-0.2666666666666666,-0.033333333333333326,-0.5,-0.5,,0.0,0.5,-0.4666666666666667,-0.4666666666666667,False,False,Amanda Gutierres
Sammy Smith,sammy smith,BOSTON LEGACY,NWSL,0.375,8,goals,goals,BOSTON LEGACY,BOSTON LEGACY,2,top,Sammy Smith,NWSL,elite,5,5,2,2,0.6,0.38619047619047625,0.33333333333333337,0.23214285714285715,0.8,-0.19793776227422694,0.5,0.5,-0.10119047619047622,-0.10119047619047622,False,False,Sammy Smith
Aïssata Traoré,aissata traore,BOSTON LEGACY,NWSL,0.2857142857142857,7,goals,goals,BOSTON LEGACY,BOSTON LEGACY,3,top,Aïssata Traoré,NWSL,elite,4,4,2,2,0.25,-0.07916666666666666,-0.3666666666666667,0.20833333333333334,,,0.5,0.0,0.5750000000000001,0.5750000000000001,False,True,Aïssata Traoré
Hannah Stambaugh,hannah stambaugh,BOSTON LEGACY,NWSL,0.0,6,saves,saves,BOSTON LEGACY,BOSTON LEGACY,1,bottom,Hannah Stambaugh,NWSL,elite,3,3,1,1,0.0,0.0,0.0,0.0,0.0,,0.0,0.0,0.0,0.0,False,False,Hannah Stambaugh
Laurel Ivory,laurel ivory,BOSTON LEGACY,NWSL,0.0,7,saves,saves,BOSTON LEGACY,BOSTON LEGACY,2,bottom,Laurel Ivory,NWSL,weak,4,4,1,2,0.0,0.0,0.0,0.0,0.0,,0.0,0.0,0.0,0.0,False,False,Laurel Ivory
Casey Murphy,casey murphy,BOSTON LEGACY,NWSL,3.25,8,saves,saves,BOSTON LEGACY,BOSTON LEGACY,3,bottom,Casey Murphy,NWSL,elite,5,5,2,2,0.4,-0.8395238095238096,-1.9166666666666667,-1.4821428571428572,2.6,0.0846149370456769,0.5,0.0,0.43452380952380953,0.43452380952380953,False,True,Casey Murphy
Casey Murphy,casey murphy,BOSTON LEGACY,NWSL,3.25,8,saves,saves,BOSTON LEGACY,BOSTON LEGACY,1,top,Casey Murphy,NWSL,elite,5,5,2,2,0.4,-0.8395238095238096,-1.9166666666666667,-1.4821428571428572,2.6,0.0846149370456769,0.5,0.0,0.43452380952380953,0.43452380952380953,False,True,Casey Murphy
Hannah Stambaugh,hannah stambaugh,BOSTON LEGACY,NWSL,0.0,6,saves,saves,BOSTON LEGACY,BOSTON LEGACY,2,top,Hannah Stambaugh,NWSL,elite,3,3,1,1,0.0,0.0,0.0,0.0,0.0,,0.0,0.0,0.0,0.0,False,False,Hannah Stambaugh
Laurel Ivory,laurel ivory,BOSTON LEGACY,NWSL,0.0,7,saves,saves,BOSTON LEGACY,BOSTON LEGACY,3,top,Laurel Ivory,NWSL,weak,4,4,1,2,0.0,0.0,0.0,0.0,0.0,,0.0,0.0,0.0,0.0,False,False,Laurel Ivory
Casey Murphy,casey murphy,BOSTON LEGACY,NWSL,0.0,8,shots,shots,BOSTON LEGACY,BOSTON LEGACY,1,bottom,Casey Murphy,NWSL,elite,5,5,2,2,0.0,0.0,0.0,0.0,0.0,,0.0,0.0,0.0,0.0,False,False,Casey Murphy
Deja Davis,deja davis,BOSTON LEGACY,NWSL,0.0,6,shots,shots,BOSTON LEGACY,BOSTON LEGACY,2,bottom,Deja Davis,NWSL,elite,3,3,1,1,0.0,0.0,0.0,0.0,0.0,,0.0,0.0,0.0,0.0,False,False,Deja Davis
Ella Stevens,ella stevens,BOSTON LEGACY,NWSL,0.0,6,shots,shots,BOSTON LEGACY,BOSTON LEGACY,3,bottom,Ella Stevens,NWSL,weak,3,3,1,2,0.0,0.0,0.0,0.0,,,0.0,0.0,0.0,0.0,False,False,Ella Stevens
Aïssata Traoré,aissata traore,BOSTON LEGACY,NWSL,3.0,7,shots,shots,BOSTON LEGACY,BOSTON LEGACY,1,top,Aïssata Traoré,NWSL,elite,4,4,2,2,0.25,-1.0875,-0.6333333333333333,-1.5416666666666667,,,0.0,0.5,-0.9083333333333334,-0.9083333333333334,False,True,Aïssata Traoré
Alba Caño,alba cano,BOSTON LEGACY,NWSL,2.125,8,shots,shots,BOSTON LEGACY,BOSTON LEGACY,2,top,Alba Caño,NWSL,elite,5,5,2,2,0.4,-0.49190476190476184,-0.33333333333333326,0.3035714285714286,-2.4,0.33241266002667447,0.5,0.5,0.6369047619047619,0.6369047619047619,False,True,Alba Caño
Sammy Smith,sammy smith,BOSTON LEGACY,NWSL,1.5,8,shots,shots,BOSTON LEGACY,BOSTON LEGACY,3,top,Sammy Smith,NWSL,elite,5,5,2,2,0.6,0.5861904761904763,0.33333333333333337,0.7321428571428571,0.8,0.19663395449104043,0.5,0.5,0.3988095238095237,0.3988095238095237,False,False,Sammy Smith
Casey Murphy,casey murphy,BOSTON LEGACY,NWSL,0.0,8,shots_on_target,shots_on_target,BOSTON LEGACY,BOSTON LEGACY,1,bottom,Casey Murphy,NWSL,elite,5,5,2,2,0.0,0.0,0.0,0.0,0.0,,0.0,0.0,0.0,0.0,False,False,Casey Murphy
Deja Davis,deja davis,BOSTON LEGACY,NWSL,0.0,6,shots_on_target,shots_on_target,BOSTON LEGACY,BOSTON LEGACY,2,bottom,Deja Davis,NWSL,elite,3,3,1,1,0.0,0.0,0.0,0.0,0.0,,0.0,0.0,0.0,0.0,False,False,Deja Davis
Ella Stevens,ella stevens,BOSTON LEGACY,NWSL,0.0,6,shots_on_target,shots_on_target,BOSTON LEGACY,BOSTON LEGACY,3,bottom,Ella Stevens,NWSL,weak,3,3,1,2,0.0,0.0,0.0,0.0,,,0.0,0.0,0.0,0.0,False,False,Ella Stevens
Aïssata Traoré,aissata traore,BOSTON LEGACY,NWSL,1.1428571428571428,7,shots_on_target,shots_on_target,BOSTON LEGACY,BOSTON LEGACY,1,top,Aïssata Traoré,NWSL,elite,4,4,2,2,0.0,-0.725,-0.5333333333333333,-0.9166666666666666,,,0.0,0.0,-0.3833333333333333,-0.3833333333333333,False,True,Aïssata Traoré
Sammy Smith,sammy smith,BOSTON LEGACY,NWSL,0.875,8,shots_on_target,shots_on_target,BOSTON LEGACY,BOSTON LEGACY,2,top,Sammy Smith,NWSL,elite,5,5,2,2,0.6,0.19714285714285712,0.25000000000000006,0.1428571428571428,0.19999999999999996,-0.1266972536816428,0.5,0.5,-0.10714285714285726,-0.10714285714285726,False,False,Sammy Smith
Amanda Gutierres,amanda gutierres,BOSTON LEGACY,NWSL,0.5714285714285714,7,shots_on_target,shots_on_target,BOSTON LEGACY,BOSTON LEGACY,3,top,Amanda Gutierres,NWSL,elite,4,4,2,1,0.25,-0.5041666666666667,-0.3,-0.6666666666666666,-0.75,,0.0,0.5,-0.36666666666666664,-0.36666666666666664,False,False,Amanda Gutierres
Eduardo,eduardo,CAP,Brazil,0.0,5,assists,assists,CAP,CAP,1,bottom,Eduardo,Brazil,elite,2,2,1,1,0.0,0.0,0.0,0.0,,,0.0,0.0,0.0,0.0,False,False,Eduardo
Gilberto,gilberto,CAP,Brazil,0.0,5,assists,assists,CAP,CAP,2,bottom,Gilberto,Brazil,elite,2,2,1,1,0.0,0.0,0.0,0.0,,,0.0,0.0,0.0,0.0,False,False,Gilberto
Gilberto Junior,gilberto junior,CAP,Brazil,0.0,5,assists,assists,CAP,CAP,3,bottom,Gilberto Junior,Brazil,elite,2,2,1,1,0.0,0.0,0.0,0.0,,,0.0,0.0,0.0,0.0,False,False,Gilberto Junior
Kevin Viveros,kevin viveros,CAP,Brazil,0.4,5,assists,assists,CAP,CAP,1,top,Kevin Viveros,Brazil,elite,2,2,1,1,0.5,0.20833333333333334,0.75,-0.3333333333333333,,,0.0,1.0,-1.0833333333333333,-1.0833333333333333,False,False,Kevin Viveros
João Cruz,joao cruz,CAP,Brazil,0.2,5,assists,assists,CAP,CAP,2,top,João Cruz,Brazil,elite,2,2,1,1,0.5,0.375,-0.25,1.0,,,1.0,0.0,1.25,1.25,False,False,João Cruz
Eduardo,eduardo,CAP,Brazil,0.0,5,assists,assists,CAP,CAP,3,top,Eduardo,Brazil,elite,2,2,1,1,0.0,0.0,0.0,0.0,,,0.0,0.0,0.0,0.0,False,False,Eduardo
Eduardo,eduardo,CAP,Brazil,0.0,5,goals,goals,CAP,CAP,1,bottom,Eduardo,Brazil,elite,2,2,1,1,0.0,0.0,0.0,0.0,,,0.0,0.0,0.0,0.0,False,False,Eduardo
Gilberto,gilberto,CAP,Brazil,0.0,5,goals,goals,CAP,CAP,2,bottom,Gilberto,Brazil,elite,2,2,1,1,0.0,0.0,0.0,0.0,,,0.0,0.0,0.0,0.0,False,False,Gilberto
Gilberto Junior,gilberto junior,CAP,Brazil,0.0,5,goals,goals,CAP,CAP,3,bottom,Gilberto Junior,Brazil,elite,2,2,1,1,0.0,0.0,0.0,0.0,,,0.0,0.0,0.0,0.0,False,False,Gilberto Junior
Kevin Viveros,kevin viveros,CAP,Brazil,0.6,5,goals,goals,CAP,CAP,1,top,Kevin Viveros,Brazil,elite,2,2,1,1,0.5,0.45833333333333337,-0.75,1.6666666666666667,,,1.0,0.0,2.416666666666667,2.416666666666667,False,False,Kevin Viveros
Leozinho,leozinho,CAP,Brazil,0.6,5,goals,goals,CAP,CAP,2,top,Leozinho,Brazil,elite,2,2,1,1,0.0,-0.875,-0.75,-1.0,,,0.0,0.0,-0.25,-0.25,False,False,Leozinho
Eduardo,eduardo,CAP,Brazil,0.0,5,goals,goals,CAP,CAP,3,top,Eduardo,Brazil,elite,2,2,1,1,0.0,0.0,0.0,0.0,,,0.0,0.0,0.0,0.0,False,False,Eduardo
Gilberto Junior,gilberto junior,CAP,Brazil,0.0,5,shots,shots,CAP,CAP,1,bottom,Gilberto Junior,Brazil,elite,2,2,1,1,0.0,0.0,0.0,0.0,,,0.0,0.0,0.0,0.0,False,False,Gilberto Junior
Jorge Rivaldo,jorge rivaldo,CAP,Brazil,0.0,5,shots,shots,CAP,CAP,2,bottom,Jorge Rivaldo,Brazil,elite,2,2,1,1,0.0,0.0,0.0,0.0,,,0.0,0.0,0.0,0.0,False,False,Jorge Rivaldo
Juan Felipe Aguirre,juan felipe aguirre,CAP,Brazil,0.0,5,shots,shots,CAP,CAP,3,bottom,Juan Felipe Aguirre,Brazil,elite,2,2,1,1,0.0,0.0,0.0,0.0,,,0.0,0.0,0.0,0.0,False,False,Juan Felipe Aguirre
Kevin Viveros,kevin viveros,CAP,Brazil,3.0,5,shots,shots,CAP,CAP,1,top,Kevin Viveros,Brazil,elite,2,2,1,1,0.5,0.6666666666666667,0.0,1.3333333333333335,,,1.0,0.0,1.3333333333333335,1.3333333333333335,False,False,Kevin Viveros
Leozinho,leozinho,CAP,Brazil,3.0,5,shots,shots,CAP,CAP,2,top,Leozinho,Brazil,elite,2,2,1,1,0.5,0.125,1.25,-1.0,,,0.0,1.0,-2.25,-2.25,False,False,Leozinho
João Cruz,joao cruz,CAP,Brazil,1.0,5,shots,shots,CAP,CAP,3,top,João Cruz,Brazil,elite,2,2,1,1,1.0,1.5833333333333335,2.5,0.6666666666666667,,,1.0,1.0,-1.8333333333333333,-1.8333333333333333,False,False,João Cruz
Eduardo,eduardo,CAP,Brazil,0.0,5,shots_on_target,shots_on_target,CAP,CAP,1,bottom,Eduardo,Brazil,elite,2,2,1,1,0.0,0.0,0.0,0.0,,,0.0,0.0,0.0,0.0,False,False,Eduardo
Gilberto Junior,gilberto junior,CAP,Brazil,0.0,5,shots_on_target,shots_on_target,CAP,CAP,2,bottom,Gilberto Junior,Brazil,elite,2,2,1,1,0.0,0.0,0.0,0.0,,,0.0,0.0,0.0,0.0,False,False,Gilberto Junior
Jorge Rivaldo,jorge rivaldo,CAP,Brazil,0.0,5,shots_on_target,shots_on_target,CAP,CAP,3,bottom,Jorge Rivaldo,Brazil,elite,2,2,1,1,0.0,0.0,0.0,0.0,,,0.0,0.0,0.0,0.0,False,False,Jorge Rivaldo
Kevin Viveros,kevin viveros,CAP,Brazil,1.4,5,shots_on_target,shots_on_target,CAP,CAP,1,top,Kevin Viveros,Brazil,elite,2,2,1,1,0.5,1.4166666666666667,-0.5,3.3333333333333335,,,1.0,0.0,3.8333333333333335,3.8333333333333335,False,False,Kevin Viveros
Leozinho,leozinho,CAP,Brazil,0.6,5,shots_on_target,shots_on_target,CAP,CAP,2,top,Leozinho,Brazil,elite,2,2,1,1,0.0,-0.875,-0.75,-1.0,,,0.0,0.0,-0.25,-0.25,False,False,Leozinho
Gilberto,gilberto,CAP,Brazil,0.4,5,shots_on_target,shots_on_target,CAP,CAP,3,top,Gilberto,Brazil,elite,2,2,1,1,0.5,1.0,2.0,0.0,,,0.0,1.0,-2.0,-2.0,False,False,Gilberto
Aaliyah Farmer,aaliyah farmer,CHICAGO STARS,NWSL,0.0,6,assists,assists,CHICAGO STARS,CHICAGO STARS,1,bottom,Aaliyah Farmer,NWSL,mid,3,3,0,1,0.0,0.0,,0.0,0.0,,0.0,,,,False,False,Aaliyah Farmer
Alyssa Naeher,alyssa naeher,CHICAGO STARS,NWSL,0.0,7,assists,assists,CHICAGO STARS,CHICAGO STARS,2,bottom,Alyssa Naeher,NWSL,mid,4,4,0,1,0.0,0.0,,0.0,0.0,,0.0,,,,False,False,Alyssa Naeher
Bea Franklin,bea franklin,CHICAGO STARS,NWSL,0.0,6,assists,assists,CHICAGO STARS,CHICAGO STARS,3,bottom,Bea Franklin,NWSL,mid,3,3,0,1,0.0,0.0,,0.0,0.0,,0.0,,,,False,False,Bea Franklin
Brianna Pinto,brianna pinto,CHICAGO STARS,NWSL,0.14285714285714285,7,assists,assists,CHICAGO STARS,CHICAGO STARS,1,top,Brianna Pinto,NWSL,mid,4,4,0,1,0.0,-0.23749999999999996,,-0.25,-0.2333333333333333,,0.0,,,,False,False,Brianna Pinto
Aaliyah Farmer,aaliyah farmer,CHICAGO STARS,NWSL,0.0,6,assists,assists,CHICAGO STARS,CHICAGO STARS,2,top,Aaliyah Farmer,NWSL,mid,3,3,0,1,0.0,0.0,,0.0,0.0,,0.0,,,,False,False,Aaliyah Farmer
Alyssa Naeher,alyssa naeher,CHICAGO STARS,NWSL,0.0,7,assists,assists,CHICAGO STARS,CHICAGO STARS,3,top,Alyssa Naeher,NWSL,mid,4,4,0,1,0.0,0.0,,0.0,0.0,,0.0,,,,False,False,Alyssa Naeher
Aaliyah Farmer,aaliyah farmer,CHICAGO STARS,NWSL,0.0,6,goals,goals,CHICAGO STARS,CHICAGO STARS,1,bottom,Aaliyah Farmer,NWSL,mid,3,3,0,1,0.0,0.0,,0.0,0.0,,0.0,,,,False,False,Aaliyah Farmer
Alyssa Naeher,alyssa naeher,CHICAGO STARS,NWSL,0.0,7,goals,goals,CHICAGO STARS,CHICAGO STARS,2,bottom,Alyssa Naeher,NWSL,mid,4,4,0,1,0.0,0.0,,0.0,0.0,,0.0,,,,False,False,Alyssa Naeher
Bea Franklin,bea franklin,CHICAGO STARS,NWSL,0.0,6,goals,goals,CHICAGO STARS,CHICAGO STARS,3,bottom,Bea Franklin,NWSL,mid,3,3,0,1,0.0,0.0,,0.0,0.0,,0.0,,,,False,False,Bea Franklin
Nádia Gomes,nadia gomes,CHICAGO STARS,NWSL,0.14285714285714285,7,goals,goals,CHICAGO STARS,CHICAGO STARS,1,top,Nádia Gomes,NWSL,mid,4,4,0,1,0.25,0.15833333333333335,,1.0,-0.12222222222222223,,1.0,,,,False,False,Nádia Gomes
Sam Staab,sam staab,CHICAGO STARS,NWSL,0.14285714285714285,7,goals,goals,CHICAGO STARS,CHICAGO STARS,2,top,Sam Staab,NWSL,mid,4,4,0,1,0.0,-0.23749999999999996,,-0.25,-0.2333333333333333,,0.0,,,,False,False,Sam Staab
Aaliyah Farmer,aaliyah farmer,CHICAGO STARS,NWSL,0.0,6,goals,goals,CHICAGO STARS,CHICAGO STARS,3,top,Aaliyah Farmer,NWSL,mid,3,3,0,1,0.0,0.0,,0.0,0.0,,0.0,,,,False,False,Aaliyah Farmer
Alyssa Naeher,alyssa naeher,CHICAGO STARS,NWSL,0.0,7,saves,saves,CHICAGO STARS,CHICAGO STARS,1,bottom,Alyssa Naeher,NWSL,mid,4,4,0,1,0.0,0.0,,0.0,0.0,,0.0,,,,False,False,Alyssa Naeher
Katie Atkinson,katie atkinson,CHICAGO STARS,NWSL,4.285714285714286,7,saves,saves,CHICAGO STARS,CHICAGO STARS,2,bottom,Katie Atkinson,NWSL,mid,4,4,0,1,0.75,1.2708333333333333,,-3.75,2.944444444444444,,0.0,,,,False,False,Katie Atkinson
Katie Atkinson,katie atkinson,CHICAGO STARS,NWSL,4.285714285714286,7,saves,saves,CHICAGO STARS,CHICAGO STARS,1,top,Katie Atkinson,NWSL,mid,4,4,0,1,0.75,1.2708333333333333,,-3.75,2.944444444444444,,0.0,,,,False,False,Katie Atkinson
Alyssa Naeher,alyssa naeher,CHICAGO STARS,NWSL,0.0,7,saves,saves,CHICAGO STARS,CHICAGO STARS,2,top,Alyssa Naeher,NWSL,mid,4,4,0,1,0.0,0.0,,0.0,0.0,,0.0,,,,False,False,Alyssa Naeher
Alyssa Naeher,alyssa naeher,CHICAGO STARS,NWSL,0.0,7,shots,shots,CHICAGO STARS,CHICAGO STARS,1,bottom,Alyssa Naeher,NWSL,mid,4,4,0,1,0.0,0.0,,0.0,0.0,,0.0,,,,False,False,Alyssa Naeher
Elise Evans,elise evans,CHICAGO STARS,NWSL,0.0,7,shots,shots,CHICAGO STARS,CHICAGO STARS,2,bottom,Elise Evans,NWSL,mid,4,4,0,1,0.0,0.0,,0.0,0.0,,0.0,,,,False,False,Elise Evans
Kathrin Hendrich,kathrin hendrich,CHICAGO STARS,NWSL,0.0,5,shots,shots,CHICAGO STARS,CHICAGO STARS,3,bottom,Kathrin Hendrich,NWSL,mid,2,2,0,1,0.0,0.0,,0.0,0.0,,0.0,,,,False,False,Kathrin Hendrich
Jameese Joseph,jameese joseph,CHICAGO STARS,NWSL,1.8571428571428572,7,shots,shots,CHICAGO STARS,CHICAGO STARS,1,top,Jameese Joseph,NWSL,mid,4,4,0,1,0.25,-0.6875,,-1.25,-0.5,,0.0,,,,False,False,Jameese Joseph
Mallory Swanson,mallory swanson,CHICAGO STARS,NWSL,1.3333333333333333,6,shots,shots,CHICAGO STARS,CHICAGO STARS,2,top,Mallory Swanson,NWSL,mid,3,3,0,1,0.3333333333333333,-0.30555555555555564,,-1.6666666666666667,0.375,,0.0,,,,False,False,Mallory Swanson
Brianna Pinto,brianna pinto,CHICAGO STARS,NWSL,0.8571428571428571,7,shots,shots,CHICAGO STARS,CHICAGO STARS,3,top,Brianna Pinto,NWSL,mid,4,4,0,1,0.75,0.5916666666666668,,1.5,0.2888888888888889,,1.0,,,,False,False,Brianna Pinto
Alyssa Naeher,alyssa naeher,CHICAGO STARS,NWSL,0.0,7,shots_on_target,shots_on_target,CHICAGO STARS,CHICAGO STARS,1,bottom,Alyssa Naeher,NWSL,mid,4,4,0,1,0.0,0.0,,0.0,0.0,,0.0,,,,False,False,Alyssa Naeher
Elise Evans,elise evans,CHICAGO STARS,NWSL,0.0,7,shots_on_target,shots_on_target,CHICAGO STARS,CHICAGO STARS,2,bottom,Elise Evans,NWSL,mid,4,4,0,1,0.0,0.0,,0.0,0.0,,0.0,,,,False,False,Elise Evans
Kathrin Hendrich,kathrin hendrich,CHICAGO STARS,NWSL,0.0,5,shots_on_target,shots_on_target,CHICAGO STARS,CHICAGO STARS,3,bottom,Kathrin Hendrich,NWSL,mid,2,2,0,1,0.0,0.0,,0.0,0.0,,0.0,,,,False,False,Kathrin Hendrich
Jameese Joseph,jameese joseph,CHICAGO STARS,NWSL,0.7142857142857143,7,shots_on_target,shots_on_target,CHICAGO STARS,CHICAGO STARS,1,top,Jameese Joseph,NWSL,mid,4,4,0,1,0.25,-0.7416666666666666,,-1.0,-0.6555555555555556,,0.0,,,,False,False,Jameese Joseph
Mallory Swanson,mallory swanson,CHICAGO STARS,NWSL,0.6666666666666666,6,shots_on_target,shots_on_target,CHICAGO STARS,CHICAGO STARS,2,top,Mallory Swanson,NWSL,mid,3,3,0,1,0.3333333333333333,0.14444444444444451,,-0.6666666666666666,0.55,,0.0,,,,False,False,Mallory Swanson
Aaliyah Farmer,aaliyah farmer,CHICAGO STARS,NWSL,0.5,6,shots_on_target,shots_on_target,CHICAGO STARS,CHICAGO STARS,3,top,Aaliyah Farmer,NWSL,mid,3,3,0,1,0.3333333333333333,-0.33888888888888885,,-0.75,-0.1333333333333333,,0.0,,,,False,False,Aaliyah Farmer
Bruno Melo,bruno melo,CORITIBA,Brazil,0.0,5,assists,assists,CORITIBA,CORITIBA,1,bottom,Bruno Melo,Brazil,elite,2,2,1,1,0.0,0.0,0.0,0.0,,,0.0,0.0,0.0,0.0,False,False,Bruno Melo
Felipe Jonatan,felipe jonatan,CORITIBA,Brazil,0.0,5,assists,assists,CORITIBA,CORITIBA,2,bottom,Felipe Jonatan,Brazil,elite,2,2,1,1,0.0,0.0,0.0,0.0,,,0.0,0.0,0.0,0.0,False,False,Felipe Jonatan
Jacy Maranhão,jacy maranhao,CORITIBA,Brazil,0.0,5,assists,assists,CORITIBA,CORITIBA,3,bottom,Jacy Maranhão,Brazil,elite,2,2,1,1,0.0,0.0,0.0,0.0,,,0.0,0.0,0.0,0.0,False,False,Jacy Maranhão
Breno,breno,CORITIBA,Brazil,0.2,5,assists,assists,CORITIBA,CORITIBA,1,top,Breno,Brazil,elite,2,2,1,1,0.5,0.5,1.0,0.0,,,0.0,1.0,-1.0,-1.0,False,False,Breno
Joaquín Lavega,joaquin lavega,CORITIBA,Brazil,0.2,5,assists,assists,CORITIBA,CORITIBA,2,top,Joaquín Lavega,Brazil,elite,2,2,1,1,0.5,0.375,-0.25,1.0,,,1.0,0.0,1.25,1.25,False,False,Joaquín Lavega
Bruno Melo,bruno melo,CORITIBA,Brazil,0.0,5,assists,assists,CORITIBA,CORITIBA,3,top,Bruno Melo,Brazil,elite,2,2,1,1,0.0,0.0,0.0,0.0,,,0.0,0.0,0.0,0.0,False,False,Bruno Melo
Breno,breno,CORITIBA,Brazil,0.0,5,goals,goals,CORITIBA,CORITIBA,1,bottom,Breno,Brazil,elite,2,2,1,1,0.0,0.0,0.0,0.0,,,0.0,0.0,0.0,0.0,False,False,Breno
Bruno Melo,bruno melo,CORITIBA,Brazil,0.0,5,goals,goals,CORITIBA,CORITIBA,2,bottom,Bruno Melo,Brazil,elite,2,2,1,1,0.0,0.0,0.0,0.0,,,0.0,0.0,0.0,0.0,False,False,Bruno Melo
Felipe Jonatan,felipe jonatan,CORITIBA,Brazil,0.0,5,goals,goals,CORITIBA,CORITIBA,3,bottom,Felipe Jonatan,Brazil,elite,2,2,1,1,0.0,0.0,0.0,0.0,,,0.0,0.0,0.0,0.0,False,False,Felipe Jonatan
Tiago,tiago,CORITIBA,Brazil,0.4,5,goals,goals,CORITIBA,CORITIBA,1,top,Tiago,Brazil,elite,4,4,2,2,0.5,0.46875,0.4375,0.5,,,0.5,0.5,0.0625,0.0625,False,False,Tiago
Paulo Roberto,paulo roberto,CORITIBA,Brazil,0.2,5,goals,goals,CORITIBA,CORITIBA,2,top,Paulo Roberto,Brazil,elite,2,2,1,1,0.0,-0.29166666666666663,-0.25,-0.3333333333333333,,,0.0,0.0,-0.08333333333333331,-0.08333333333333331,False,False,Paulo Roberto
Breno,breno,CORITIBA,Brazil,0.0,5,goals,goals,CORITIBA,CORITIBA,3,top,Breno,Brazil,elite,2,2,1,1,0.0,0.0,0.0,0.0,,,0.0,0.0,0.0,0.0,False,False,Breno
Pedro Luccas,pedro luccas,CORITIBA,Brazil,2.0,5,saves,saves,CORITIBA,CORITIBA,1,bottom,Pedro Luccas,Brazil,elite,2,2,1,1,1.0,2.375,3.75,1.0,,,1.0,1.0,-2.75,-2.75,False,False,Pedro Luccas
Pedro Luccas,pedro luccas,CORITIBA,Brazil,2.0,5,saves,saves,CORITIBA,CORITIBA,1,top,Pedro Luccas,Brazil,elite,2,2,1,1,1.0,2.375,3.75,1.0,,,1.0,1.0,-2.75,-2.75,False,False,Pedro Luccas
João Pedro Chermont,joao pedro chermont,CORITIBA,Brazil,0.0,5,shots,shots,CORITIBA,CORITIBA,1,bottom,João Pedro Chermont,Brazil,elite,2,2,1,1,0.0,0.0,0.0,0.0,,,0.0,0.0,0.0,0.0,False,False,João Pedro Chermont
Maicon,maicon,CORITIBA,Brazil,0.0,5,shots,shots,CORITIBA,CORITIBA,2,bottom,Maicon,Brazil,elite,2,2,1,1,0.0,0.0,0.0,0.0,,,0.0,0.0,0.0,0.0,False,False,Maicon
Pedro Luccas,pedro luccas,CORITIBA,Brazil,0.0,5,shots,shots,CORITIBA,CORITIBA,3,bottom,Pedro Luccas,Brazil,elite,2,2,1,1,0.0,0.0,0.0,0.0,,,0.0,0.0,0.0,0.0,False,False,Pedro Luccas
Joaquín Lavega,joaquin lavega,CORITIBA,Brazil,1.2,5,shots,shots,CORITIBA,CORITIBA,1,top,Joaquín Lavega,Brazil,elite,2,2,1,1,0.5,1.5833333333333335,-1.5,4.666666666666667,,,1.0,0.0,6.166666666666667,6.166666666666667,False,False,Joaquín Lavega
Bruno Melo,bruno melo,CORITIBA,Brazil,1.0,5,shots,shots,CORITIBA,CORITIBA,2,top,Bruno Melo,Brazil,elite,2,2,1,1,0.0,-0.6666666666666666,0.0,-1.3333333333333333,,,0.0,0.0,-1.3333333333333333,-1.3333333333333333,False,False,Bruno Melo
Jacy Maranhão,jacy maranhao,CORITIBA,Brazil,1.0,5,shots,shots,CORITIBA,CORITIBA,3,top,Jacy Maranhão,Brazil,elite,2,2,1,1,0.5,0.125,1.25,-1.0,,,0.0,1.0,-2.25,-2.25,False,False,Jacy Maranhão
Bruno Melo,bruno melo,CORITIBA,Brazil,0.0,5,shots_on_target,shots_on_target,CORITIBA,CORITIBA,1,bottom,Bruno Melo,Brazil,elite,2,2,1,1,0.0,0.0,0.0,0.0,,,0.0,0.0,0.0,0.0,False,False,Bruno Melo
Felipe Jonatan,felipe jonatan,CORITIBA,Brazil,0.0,5,shots_on_target,shots_on_target,CORITIBA,CORITIBA,2,bottom,Felipe Jonatan,Brazil,elite,2,2,1,1,0.0,0.0,0.0,0.0,,,0.0,0.0,0.0,0.0,False,False,Felipe Jonatan
Jacy Maranhão,jacy maranhao,CORITIBA,Brazil,0.0,5,shots_on_target,shots_on_target,CORITIBA,CORITIBA,3,bottom,Jacy Maranhão,Brazil,elite,2,2,1,1,0.0,0.0,0.0,0.0,,,0.0,0.0,0.0,0.0,False,False,Jacy Maranhão
Tiago,tiago,CORITIBA,Brazil,0.6,5,shots_on_target,shots_on_target,CORITIBA,CORITIBA,1,top,Tiago,Brazil,elite,4,4,2,2,0.75,0.5833333333333334,0.875,0.2916666666666667,,,0.5,1.0,-0.5833333333333333,-0.5833333333333333,False,False,Tiago
Breno,breno,CORITIBA,Brazil,0.2,5,shots_on_target,shots_on_target,CORITIBA,CORITIBA,2,top,Breno,Brazil,elite,2,2,1,1,0.5,0.375,-0.25,1.0,,,1.0,0.0,1.25,1.25,False,False,Breno
Joaquín Lavega,joaquin lavega,CORITIBA,Brazil,0.2,5,shots_on_target,shots_on_target,CORITIBA,CORITIBA,3,top,Joaquín Lavega,Brazil,elite,2,2,1,1,0.5,0.375,-0.25,1.0,,,1.0,0.0,1.25,1.25,False,False,Joaquín Lavega
Abby Smith,abby smith,DENVER SUMMIT,NWSL,0.0,8,assists,assists,DENVER SUMMIT,DENVER SUMMIT,1,bottom,Abby Smith,NWSL,elite,5,5,3,2,0.0,0.0,0.0,0.0,,,0.0,0.0,0.0,0.0,False,False,Abby Smith
Ally Brazier,ally brazier,DENVER SUMMIT,NWSL,0.0,8,assists,assists,DENVER SUMMIT,DENVER SUMMIT,2,bottom,Ally Brazier,NWSL,elite,5,5,3,2,0.0,0.0,0.0,0.0,,,0.0,0.0,0.0,0.0,False,False,Ally Brazier
Ayo Oke,ayo oke,DENVER SUMMIT,NWSL,0.0,8,assists,assists,DENVER SUMMIT,DENVER SUMMIT,3,bottom,Ayo Oke,NWSL,elite,5,5,3,2,0.0,0.0,0.0,0.0,,,0.0,0.0,0.0,0.0,False,False,Ayo Oke
Janine Sonis,janine sonis,DENVER SUMMIT,NWSL,0.375,8,assists,assists,DENVER SUMMIT,DENVER SUMMIT,1,top,Janine Sonis,NWSL,elite,5,5,3,2,0.4,0.15285714285714289,0.4047619047619048,-0.225,,-0.39949446639411906,0.0,0.6666666666666666,-0.6297619047619049,-0.6297619047619049,False,False,Janine Sonis
Abby Smith,abby smith,DENVER SUMMIT,NWSL,0.0,8,assists,assists,DENVER SUMMIT,DENVER SUMMIT,2,top,Abby Smith,NWSL,elite,5,5,3,2,0.0,0.0,0.0,0.0,,,0.0,0.0,0.0,0.0,False,False,Abby Smith
Ally Brazier,ally brazier,DENVER SUMMIT,NWSL,0.0,8,assists,assists,DENVER SUMMIT,DENVER SUMMIT,3,top,Ally Brazier,NWSL,elite,5,5,3,2,0.0,0.0,0.0,0.0,,,0.0,0.0,0.0,0.0,False,False,Ally Brazier
Abby Smith,abby smith,DENVER SUMMIT,NWSL,0.0,8,goals,goals,DENVER SUMMIT,DENVER SUMMIT,1,bottom,Abby Smith,NWSL,elite,5,5,3,2,0.0,0.0,0.0,0.0,,,0.0,0.0,0.0,0.0,False,False,Abby Smith
Ally Brazier,ally brazier,DENVER SUMMIT,NWSL,0.0,8,goals,goals,DENVER SUMMIT,DENVER SUMMIT,2,bottom,Ally Brazier,NWSL,elite,5,5,3,2,0.0,0.0,0.0,0.0,,,0.0,0.0,0.0,0.0,False,False,Ally Brazier
Ayo Oke,ayo oke,DENVER SUMMIT,NWSL,0.0,8,goals,goals,DENVER SUMMIT,DENVER SUMMIT,3,bottom,Ayo Oke,NWSL,elite,5,5,3,2,0.0,0.0,0.0,0.0,,,0.0,0.0,0.0,0.0,False,False,Ayo Oke
Janine Sonis,janine sonis,DENVER SUMMIT,NWSL,0.5,8,goals,goals,DENVER SUMMIT,DENVER SUMMIT,1,top,Janine Sonis,NWSL,elite,5,5,3,2,0.4,-0.1676190476190476,-0.24603174603174602,-0.04999999999999999,,0.057774537082365456,0.5,0.3333333333333333,0.19603174603174603,0.19603174603174603,False,False,Janine Sonis
Yazmeen Ryan,yazmeen ryan,DENVER SUMMIT,NWSL,0.375,8,goals,goals,DENVER SUMMIT,DENVER SUMMIT,2,top,Yazmeen Ryan,NWSL,elite,5,5,3,2,0.4,0.15285714285714289,0.4047619047619048,-0.225,,-0.39949446639411906,0.0,0.6666666666666666,-0.6297619047619049,-0.6297619047619049,False,False,Yazmeen Ryan
Natalie Means,natalie means,DENVER SUMMIT,NWSL,0.125,8,goals,goals,DENVER SUMMIT,DENVER SUMMIT,3,top,Natalie Means,NWSL,elite,5,5,3,2,0.0,-0.21857142857142856,-0.21428571428571427,-0.225,,0.20057002117579487,0.0,0.0,-0.010714285714285732,-0.010714285714285732,False,False,Natalie Means
Jordan Nytes,jordan nytes,DENVER SUMMIT,NWSL,0.0,5,saves,saves,DENVER SUMMIT,DENVER SUMMIT,1,bottom,Jordan Nytes,NWSL,elite,2,2,1,1,0.0,0.0,0.0,0.0,,,0.0,0.0,0.0,0.0,False,False,Jordan Nytes
Abby Smith,abby smith,DENVER SUMMIT,NWSL,3.5,8,saves,saves,DENVER SUMMIT,DENVER SUMMIT,2,bottom,Abby Smith,NWSL,elite,5,5,3,2,0.6,0.480952380952381,0.3015873015873017,0.75,,0.2056899114636483,0.5,0.6666666666666666,0.4484126984126983,0.4484126984126983,False,False,Abby Smith
Abby Smith,abby smith,DENVER SUMMIT,NWSL,3.5,8,saves,saves,DENVER SUMMIT,DENVER SUMMIT,1,top,Abby Smith,NWSL,elite,5,5,3,2,0.6,0.480952380952381,0.3015873015873017,0.75,,0.2056899114636483,0.5,0.6666666666666666,0.4484126984126983,0.4484126984126983,False,False,Abby Smith
Jordan Nytes,jordan nytes,DENVER SUMMIT,NWSL,0.0,5,saves,saves,DENVER SUMMIT,DENVER SUMMIT,2,top,Jordan Nytes,NWSL,elite,2,2,1,1,0.0,0.0,0.0,0.0,,,0.0,0.0,0.0,0.0,False,False,Jordan Nytes
Abby Smith,abby smith,DENVER SUMMIT,NWSL,0.0,8,shots,shots,DENVER SUMMIT,DENVER SUMMIT,1,bottom,Abby Smith,NWSL,elite,5,5,3,2,0.0,0.0,0.0,0.0,,,0.0,0.0,0.0,0.0,False,False,Abby Smith
Carson Pickett,carson pickett,DENVER SUMMIT,NWSL,0.0,8,shots,shots,DENVER SUMMIT,DENVER SUMMIT,2,bottom,Carson Pickett,NWSL,elite,5,5,3,2,0.0,0.0,0.0,0.0,,,0.0,0.0,0.0,0.0,False,False,Carson Pickett
Jordan Nytes,jordan nytes,DENVER SUMMIT,NWSL,0.0,5,shots,shots,DENVER SUMMIT,DENVER SUMMIT,3,bottom,Jordan Nytes,NWSL,elite,2,2,1,1,0.0,0.0,0.0,0.0,,,0.0,0.0,0.0,0.0,False,False,Jordan Nytes
Natasha Flint,natasha flint,DENVER SUMMIT,NWSL,2.7142857142857144,7,shots,shots,DENVER SUMMIT,DENVER SUMMIT,1,top,Natasha Flint,NWSL,elite,4,4,2,2,0.5,0.9458333333333334,-0.23333333333333317,2.125,,,0.5,0.5,2.3583333333333334,2.3583333333333334,False,False,Natasha Flint
Yazmeen Ryan,yazmeen ryan,DENVER SUMMIT,NWSL,2.625,8,shots,shots,DENVER SUMMIT,DENVER SUMMIT,2,top,Yazmeen Ryan,NWSL,elite,5,5,3,2,0.2,-0.25571428571428567,0.023809523809523874,-0.675,,-0.11381876604913088,0.0,0.3333333333333333,-0.6988095238095239,-0.6988095238095239,False,False,Yazmeen Ryan
Ally Brazier,ally brazier,DENVER SUMMIT,NWSL,1.375,8,shots,shots,DENVER SUMMIT,DENVER SUMMIT,3,top,Ally Brazier,NWSL,elite,5,5,3,2,0.4,-0.3157142857142857,0.19047619047619047,-1.075,,-0.6808020872522774,0.0,0.6666666666666666,-1.2654761904761904,-1.2654761904761904,False,False,Ally Brazier
Abby Smith,abby smith,DENVER SUMMIT,NWSL,0.0,8,shots_on_target,shots_on_target,DENVER SUMMIT,DENVER SUMMIT,1,bottom,Abby Smith,NWSL,elite,5,5,3,2,0.0,0.0,0.0,0.0,,,0.0,0.0,0.0,0.0,False,False,Abby Smith
Carson Pickett,carson pickett,DENVER SUMMIT,NWSL,0.0,8,shots_on_target,shots_on_target,DENVER SUMMIT,DENVER SUMMIT,2,bottom,Carson Pickett,NWSL,elite,5,5,3,2,0.0,0.0,0.0,0.0,,,0.0,0.0,0.0,0.0,False,False,Carson Pickett
Devin Lynch,devin lynch,DENVER SUMMIT,NWSL,0.0,8,shots_on_target,shots_on_target,DENVER SUMMIT,DENVER SUMMIT,3,bottom,Devin Lynch,NWSL,elite,5,5,3,2,0.0,0.0,0.0,0.0,,,0.0,0.0,0.0,0.0,False,False,Devin Lynch
Yazmeen Ryan,yazmeen ryan,DENVER SUMMIT,NWSL,1.0,8,shots_on_target,shots_on_target,DENVER SUMMIT,DENVER SUMMIT,1,top,Yazmeen Ryan,NWSL,elite,5,5,3,2,0.6,0.1233333333333333,0.055555555555555504,0.22499999999999998,,0.22709203084550783,1.0,0.3333333333333333,0.16944444444444448,0.16944444444444448,False,False,Yazmeen Ryan
Natasha Flint,natasha flint,DENVER SUMMIT,NWSL,0.8571428571428571,7,shots_on_target,shots_on_target,DENVER SUMMIT,DENVER SUMMIT,2,top,Natasha Flint,NWSL,elite,4,4,2,2,0.5,0.09583333333333338,-1.1,1.2916666666666667,,,1.0,0.0,2.3916666666666666,2.3916666666666666,True,True,Natasha Flint
Janine Sonis,janine sonis,DENVER SUMMIT,NWSL,0.75,8,shots_on_target,shots_on_target,DENVER SUMMIT,DENVER SUMMIT,3,top,Janine Sonis,NWSL,elite,5,5,3,2,0.4,-0.28809523809523807,-0.5634920634920635,0.125,,0.21899939607737595,0.5,0.3333333333333333,0.6884920634920635,0.6884920634920635,False,True,Janine Sonis
Dan Burn,dan burn,ENG,fifa.world,0.0,5,assists,assists,ENG,ENG,1,bottom,Dan Burn,fifa.world,unknown,2,2,0,0,0.0,0.0,,,,,,,,,False,False,Dan Burn
Dean Henderson,dean henderson,ENG,fifa.world,0.0,5,assists,assists,ENG,ENG,2,bottom,Dean Henderson,fifa.world,unknown,2,2,0,0,0.0,0.0,,,,,,,,,False,False,Dean Henderson
Djed Spence,djed spence,ENG,fifa.world,0.0,5,assists,assists,ENG,ENG,3,bottom,Djed Spence,fifa.world,unknown,2,2,0,0,0.0,0.0,,,,,,,,,False,False,Djed Spence
Anthony Gordon,anthony gordon,ENG,fifa.world,0.6,5,assists,assists,ENG,ENG,1,top,Anthony Gordon,fifa.world,unknown,2,2,0,0,0.0,-0.875,,,,,,,,,False,False,Anthony Gordon
Bukayo Saka,bukayo saka,ENG,fifa.world,0.2,5,assists,assists,ENG,ENG,2,top,Bukayo Saka,fifa.world,unknown,2,2,0,0,0.0,-0.29166666666666663,,,,,,,,,False,False,Bukayo Saka
Declan Rice,declan rice,ENG,fifa.world,0.2,5,assists,assists,ENG,ENG,3,top,Declan Rice,fifa.world,unknown,2,2,0,0,0.5,0.5,,,,,,,,,False,False,Declan Rice
Dan Burn,dan burn,ENG,fifa.world,0.0,5,goals,goals,ENG,ENG,1,bottom,Dan Burn,fifa.world,unknown,2,2,0,0,0.0,0.0,,,,,,,,,False,False,Dan Burn
Dean Henderson,dean henderson,ENG,fifa.world,0.0,5,goals,goals,ENG,ENG,2,bottom,Dean Henderson,fifa.world,unknown,2,2,0,0,0.0,0.0,,,,,,,,,False,False,Dean Henderson
Djed Spence,djed spence,ENG,fifa.world,0.0,5,goals,goals,ENG,ENG,3,bottom,Djed Spence,fifa.world,unknown,2,2,0,0,0.0,0.0,,,,,,,,,False,False,Djed Spence
Jude Bellingham,jude bellingham,ENG,fifa.world,1.0,5,goals,goals,ENG,ENG,1,top,Jude Bellingham,fifa.world,unknown,2,2,0,0,0.0,-0.6666666666666666,,,,,,,,,False,False,Jude Bellingham
Bukayo Saka,bukayo saka,ENG,fifa.world,0.6,5,goals,goals,ENG,ENG,2,top,Bukayo Saka,fifa.world,unknown,2,2,0,0,0.5,1.5,,,,,,,,,False,False,Bukayo Saka
Harry Kane,harry kane,ENG,fifa.world,0.6,5,goals,goals,ENG,ENG,3,top,Harry Kane,fifa.world,unknown,2,2,0,0,0.0,-0.875,,,,,,,,,False,False,Harry Kane
James Trafford,james trafford,ENG,fifa.world,0.0,5,saves,saves,ENG,ENG,1,bottom,James Trafford,fifa.world,unknown,2,2,0,0,0.0,0.0,,,,,,,,,False,False,James Trafford
Dean Henderson,dean henderson,ENG,fifa.world,1.0,5,saves,saves,ENG,ENG,2,bottom,Dean Henderson,fifa.world,unknown,2,2,0,0,0.5,2.5,,,,,,,,,False,False,Dean Henderson
Jordan Pickford,jordan pickford,ENG,fifa.world,2.0,5,saves,saves,ENG,ENG,3,bottom,Jordan Pickford,fifa.world,unknown,2,2,0,0,0.5,-0.9166666666666667,,,,,,,,,False,False,Jordan Pickford
Jordan Pickford,jordan pickford,ENG,fifa.world,2.0,5,saves,saves,ENG,ENG,1,top,Jordan Pickford,fifa.world,unknown,2,2,0,0,0.5,-0.9166666666666667,,,,,,,,,False,False,Jordan Pickford
Dean Henderson,dean henderson,ENG,fifa.world,1.0,5,saves,saves,ENG,ENG,2,top,Dean Henderson,fifa.world,unknown,2,2,0,0,0.5,2.5,,,,,,,,,False,False,Dean Henderson
James Trafford,james trafford,ENG,fifa.world,0.0,5,saves,saves,ENG,ENG,3,top,James Trafford,fifa.world,unknown,2,2,0,0,0.0,0.0,,,,,,,,,False,False,James Trafford
Dan Burn,dan burn,ENG,fifa.world,0.0,5,shots,shots,ENG,ENG,1,bottom,Dan Burn,fifa.world,unknown,2,2,0,0,0.0,0.0,,,,,,,,,False,False,Dan Burn
Dean Henderson,dean henderson,ENG,fifa.world,0.0,5,shots,shots,ENG,ENG,2,bottom,Dean Henderson,fifa.world,unknown,2,2,0,0,0.0,0.0,,,,,,,,,False,False,Dean Henderson
James Trafford,james trafford,ENG,fifa.world,0.0,5,shots,shots,ENG,ENG,3,bottom,James Trafford,fifa.world,unknown,2,2,0,0,0.0,0.0,,,,,,,,,False,False,James Trafford
Jude Bellingham,jude bellingham,ENG,fifa.world,2.6,5,shots,shots,ENG,ENG,1,top,Jude Bellingham,fifa.world,unknown,2,2,0,0,0.0,-2.208333333333333,,,,,,,,,False,False,Jude Bellingham
Harry Kane,harry kane,ENG,fifa.world,2.0,5,shots,shots,ENG,ENG,2,top,Harry Kane,fifa.world,unknown,2,2,0,0,0.0,-2.25,,,,,,,,,False,False,Harry Kane
Bukayo Saka,bukayo saka,ENG,fifa.world,1.6,5,shots,shots,ENG,ENG,3,top,Bukayo Saka,fifa.world,unknown,2,2,0,0,0.5,1.625,,,,,,,,,False,False,Bukayo Saka
Dan Burn,dan burn,ENG,fifa.world,0.0,5,shots_on_target,shots_on_target,ENG,ENG,1,bottom,Dan Burn,fifa.world,unknown,2,2,0,0,0.0,0.0,,,,,,,,,False,False,Dan Burn
Dean Henderson,dean henderson,ENG,fifa.world,0.0,5,shots_on_target,shots_on_target,ENG,ENG,2,bottom,Dean Henderson,fifa.world,unknown,2,2,0,0,0.0,0.0,,,,,,,,,False,False,Dean Henderson
Eberechi Eze,eberechi eze,ENG,fifa.world,0.0,5,shots_on_target,shots_on_target,ENG,ENG,3,bottom,Eberechi Eze,fifa.world,unknown,2,2,0,0,0.0,0.0,,,,,,,,,False,False,Eberechi Eze
Jude Bellingham,jude bellingham,ENG,fifa.world,2.0,5,shots_on_target,shots_on_target,ENG,ENG,1,top,Jude Bellingham,fifa.world,unknown,2,2,0,0,0.0,-1.3333333333333333,,,,,,,,,False,False,Jude Bellingham
Bukayo Saka,bukayo saka,ENG,fifa.world,1.2,5,shots_on_target,shots_on_target,ENG,ENG,2,top,Bukayo Saka,fifa.world,unknown,2,2,0,0,0.5,1.4166666666666667,,,,,,,,,False,False,Bukayo Saka
Harry Kane,harry kane,ENG,fifa.world,1.2,5,shots_on_target,shots_on_target,ENG,ENG,3,top,Harry Kane,fifa.world,unknown,2,2,0,0,0.0,-1.75,,,,,,,,,False,False,Harry Kane
Alejandro Grimaldo,alejandro grimaldo,ESP,fifa.world,0.0,5,assists,assists,ESP,ESP,1,bottom,Alejandro Grimaldo,fifa.world,unknown,2,2,0,0,0.0,0.0,,,,,,,,,False,False,Alejandro Grimaldo
Aymeric Laporte,aymeric laporte,ESP,fifa.world,0.0,5,assists,assists,ESP,ESP,2,bottom,Aymeric Laporte,fifa.world,unknown,2,2,0,0,0.0,0.0,,,,,,,,,False,False,Aymeric Laporte
Borja Iglesias,borja iglesias,ESP,fifa.world,0.0,5,assists,assists,ESP,ESP,3,bottom,Borja Iglesias,fifa.world,unknown,2,2,0,0,0.0,0.0,,,,,,,,,False,False,Borja Iglesias
Marc Cucurella,marc cucurella,ESP,fifa.world,0.4,5,assists,assists,ESP,ESP,1,top,Marc Cucurella,fifa.world,unknown,2,2,0,0,0.0,-0.5833333333333333,,,,,,,,,False,False,Marc Cucurella
Dani Olmo,dani olmo,ESP,fifa.world,0.2,5,assists,assists,ESP,ESP,2,top,Dani Olmo,fifa.world,unknown,2,2,0,0,0.5,0.375,,,,,,,,,False,False,Dani Olmo
Ferran Torres,ferran torres,ESP,fifa.world,0.2,5,assists,assists,ESP,ESP,3,top,Ferran Torres,fifa.world,unknown,2,2,0,0,0.0,-0.29166666666666663,,,,,,,,,False,False,Ferran Torres
Alejandro Grimaldo,alejandro grimaldo,ESP,fifa.world,0.0,5,goals,goals,ESP,ESP,1,bottom,Alejandro Grimaldo,fifa.world,unknown,2,2,0,0,0.0,0.0,,,,,,,,,False,False,Alejandro Grimaldo
Aymeric Laporte,aymeric laporte,ESP,fifa.world,0.0,5,goals,goals,ESP,ESP,2,bottom,Aymeric Laporte,fifa.world,unknown,2,2,0,0,0.0,0.0,,,,,,,,,False,False,Aymeric Laporte
Borja Iglesias,borja iglesias,ESP,fifa.world,0.0,5,goals,goals,ESP,ESP,3,bottom,Borja Iglesias,fifa.world,unknown,2,2,0,0,0.0,0.0,,,,,,,,,False,False,Borja Iglesias
Mikel Oyarzabal,mikel oyarzabal,ESP,fifa.world,0.6,5,goals,goals,ESP,ESP,1,top,Mikel Oyarzabal,fifa.world,unknown,2,2,0,0,0.5,-0.20833333333333331,,,,,,,,,False,False,Mikel Oyarzabal
Mikel Merino,mikel merino,ESP,fifa.world,0.4,5,goals,goals,ESP,ESP,2,top,Mikel Merino,fifa.world,unknown,2,2,0,0,0.0,-0.5833333333333333,,,,,,,,,False,False,Mikel Merino
Pedro Porro,pedro porro,ESP,fifa.world,0.4,5,goals,goals,ESP,ESP,3,top,Pedro Porro,fifa.world,unknown,2,2,0,0,0.5,0.08333333333333337,,,,,,,,,False,False,Pedro Porro
David Raya,david raya,ESP,fifa.world,0.0,5,saves,saves,ESP,ESP,1,bottom,David Raya,fifa.world,unknown,2,2,0,0,0.0,0.0,,,,,,,,,False,False,David Raya
Joan García,joan garcia,ESP,fifa.world,0.0,5,saves,saves,ESP,ESP,2,bottom,Joan García,fifa.world,unknown,2,2,0,0,0.0,0.0,,,,,,,,,False,False,Joan García
Unai Simón,unai simon,ESP,fifa.world,1.2,5,saves,saves,ESP,ESP,3,bottom,Unai Simón,fifa.world,unknown,2,2,0,0,0.5,0.25,,,,,,,,,False,False,Unai Simón
Unai Simón,unai simon,ESP,fifa.world,1.2,5,saves,saves,ESP,ESP,1,top,Unai Simón,fifa.world,unknown,2,2,0,0,0.5,0.25,,,,,,,,,False,False,Unai Simón
David Raya,david raya,ESP,fifa.world,0.0,5,saves,saves,ESP,ESP,2,top,David Raya,fifa.world,unknown,2,2,0,0,0.0,0.0,,,,,,,,,False,False,David Raya
Joan García,joan garcia,ESP,fifa.world,0.0,5,saves,saves,ESP,ESP,3,top,Joan García,fifa.world,unknown,2,2,0,0,0.0,0.0,,,,,,,,,False,False,Joan García
Alejandro Grimaldo,alejandro grimaldo,ESP,fifa.world,0.0,5,shots,shots,ESP,ESP,1,bottom,Alejandro Grimaldo,fifa.world,unknown,2,2,0,0,0.0,0.0,,,,,,,,,False,False,Alejandro Grimaldo
Borja Iglesias,borja iglesias,ESP,fifa.world,0.0,5,shots,shots,ESP,ESP,2,bottom,Borja Iglesias,fifa.world,unknown,2,2,0,0,0.0,0.0,,,,,,,,,False,False,Borja Iglesias
David Raya,david raya,ESP,fifa.world,0.0,5,shots,shots,ESP,ESP,3,bottom,David Raya,fifa.world,unknown,2,2,0,0,0.0,0.0,,,,,,,,,False,False,David Raya
Lamine Yamal,lamine yamal,ESP,fifa.world,3.8,5,shots,shots,ESP,ESP,1,top,Lamine Yamal,fifa.world,unknown,2,2,0,0,0.5,-2.375,,,,,,,,,False,False,Lamine Yamal
Mikel Oyarzabal,mikel oyarzabal,ESP,fifa.world,2.4,5,shots,shots,ESP,ESP,2,top,Mikel Oyarzabal,fifa.world,unknown,2,2,0,0,0.0,-1.375,,,,,,,,,False,False,Mikel Oyarzabal
Dani Olmo,dani olmo,ESP,fifa.world,2.0,5,shots,shots,ESP,ESP,3,top,Dani Olmo,fifa.world,unknown,2,2,0,0,0.0,-0.6666666666666667,,,,,,,,,False,False,Dani Olmo
Alejandro Grimaldo,alejandro grimaldo,ESP,fifa.world,0.0,5,shots_on_target,shots_on_target,ESP,ESP,1,bottom,Alejandro Grimaldo,fifa.world,unknown,2,2,0,0,0.0,0.0,,,,,,,,,False,False,Alejandro Grimaldo
Borja Iglesias,borja iglesias,ESP,fifa.world,0.0,5,shots_on_target,shots_on_target,ESP,ESP,2,bottom,Borja Iglesias,fifa.world,unknown,2,2,0,0,0.0,0.0,,,,,,,,,False,False,Borja Iglesias
David Raya,david raya,ESP,fifa.world,0.0,5,shots_on_target,shots_on_target,ESP,ESP,3,bottom,David Raya,fifa.world,unknown,2,2,0,0,0.0,0.0,,,,,,,,,False,False,David Raya
Lamine Yamal,lamine yamal,ESP,fifa.world,2.0,5,shots_on_target,shots_on_target,ESP,ESP,1,top,Lamine Yamal,fifa.world,unknown,2,2,0,0,0.0,-1.3333333333333333,,,,,,,,,False,False,Lamine Yamal
Mikel Oyarzabal,mikel oyarzabal,ESP,fifa.world,1.6,5,shots_on_target,shots_on_target,ESP,ESP,2,top,Mikel Oyarzabal,fifa.world,unknown,2,2,0,0,0.0,-0.875,,,,,,,,,False,False,Mikel Oyarzabal
Álex Baena,alex baena,ESP,fifa.world,0.8,5,shots_on_target,shots_on_target,ESP,ESP,3,top,Álex Baena,fifa.world,unknown,2,2,0,0,0.5,-0.375,,,,,,,,,False,False,Álex Baena
Alexis Castro,alexis castro,ESTUDIANTES,Argentina,0.0,5,assists,assists,ESTUDIANTES,ESTUDIANTES,1,bottom,Alexis Castro,Argentina,elite,2,2,2,0,0.0,0.0,0.0,,,,,0.0,,,False,False,Alexis Castro
Brian Aguirre,brian aguirre,ESTUDIANTES,Argentina,0.0,5,assists,assists,ESTUDIANTES,ESTUDIANTES,2,bottom,Brian Aguirre,Argentina,elite,4,4,4,0,0.0,0.0,0.0,,,,,0.0,,,False,False,Brian Aguirre
Edwin Cetre,edwin cetre,ESTUDIANTES,Argentina,0.0,5,assists,assists,ESTUDIANTES,ESTUDIANTES,3,bottom,Edwin Cetre,Argentina,elite,2,2,2,0,0.0,0.0,0.0,,,,,0.0,,,False,False,Edwin Cetre
Eric Meza,eric meza,ESTUDIANTES,Argentina,0.4,5,assists,assists,ESTUDIANTES,ESTUDIANTES,1,top,Eric Meza,Argentina,elite,2,2,2,0,0.5,0.20833333333333334,0.20833333333333334,,,,,0.5,,,False,False,Eric Meza
Adolfo Gaich,adolfo gaich,ESTUDIANTES,Argentina,0.2,5,assists,assists,ESTUDIANTES,ESTUDIANTES,2,top,Adolfo Gaich,Argentina,elite,2,2,2,0,0.5,0.5,0.5,,,,,0.5,,,False,False,Adolfo Gaich
Joaquín Tobio Burgos,joaquin tobio burgos,ESTUDIANTES,Argentina,0.2,5,assists,assists,ESTUDIANTES,ESTUDIANTES,3,top,Joaquín Tobio Burgos,Argentina,elite,2,2,2,0,0.5,0.5,0.5,,,,,0.5,,,False,False,Joaquín Tobio Burgos
Adolfo Gaich,adolfo gaich,ESTUDIANTES,Argentina,0.0,5,goals,goals,ESTUDIANTES,ESTUDIANTES,1,bottom,Adolfo Gaich,Argentina,elite,2,2,2,0,0.0,0.0,0.0,,,,,0.0,,,False,False,Adolfo Gaich
Brian Aguirre,brian aguirre,ESTUDIANTES,Argentina,0.0,5,goals,goals,ESTUDIANTES,ESTUDIANTES,2,bottom,Brian Aguirre,Argentina,elite,4,4,4,0,0.0,0.0,0.0,,,,,0.0,,,False,False,Brian Aguirre
Edwin Cetre,edwin cetre,ESTUDIANTES,Argentina,0.0,5,goals,goals,ESTUDIANTES,ESTUDIANTES,3,bottom,Edwin Cetre,Argentina,elite,2,2,2,0,0.0,0.0,0.0,,,,,0.0,,,False,False,Edwin Cetre
Alexis Castro,alexis castro,ESTUDIANTES,Argentina,0.2,5,goals,goals,ESTUDIANTES,ESTUDIANTES,1,top,Alexis Castro,Argentina,elite,2,2,2,0,0.5,0.5,0.5,,,,,0.5,,,False,False,Alexis Castro
Eros Mancuso,eros mancuso,ESTUDIANTES,Argentina,0.2,5,goals,goals,ESTUDIANTES,ESTUDIANTES,2,top,Eros Mancuso,Argentina,elite,2,2,2,0,0.5,0.5,0.5,,,,,0.5,,,False,False,Eros Mancuso
Ezequiel Piovi,ezequiel piovi,ESTUDIANTES,Argentina,0.2,5,goals,goals,ESTUDIANTES,ESTUDIANTES,3,top,Ezequiel Piovi,Argentina,elite,2,2,2,0,0.0,-0.29166666666666663,-0.29166666666666663,,,,,0.0,,,False,False,Ezequiel Piovi
Fabricio Iacovich,fabricio iacovich,ESTUDIANTES,Argentina,0.6,5,saves,saves,ESTUDIANTES,ESTUDIANTES,1,bottom,Fabricio Iacovich,Argentina,elite,2,2,2,0,0.5,0.45833333333333337,0.45833333333333337,,,,,0.5,,,False,False,Fabricio Iacovich
Fabricio Iacovich,fabricio iacovich,ESTUDIANTES,Argentina,0.6,5,saves,saves,ESTUDIANTES,ESTUDIANTES,1,top,Fabricio Iacovich,Argentina,elite,2,2,2,0,0.5,0.45833333333333337,0.45833333333333337,,,,,0.5,,,False,False,Fabricio Iacovich
Fabricio Iacovich,fabricio iacovich,ESTUDIANTES,Argentina,0.0,5,shots,shots,ESTUDIANTES,ESTUDIANTES,1,bottom,Fabricio Iacovich,Argentina,elite,2,2,2,0,0.0,0.0,0.0,,,,,0.0,,,False,False,Fabricio Iacovich
Gastón Benedetti,gaston benedetti,ESTUDIANTES,Argentina,0.0,5,shots,shots,ESTUDIANTES,ESTUDIANTES,2,bottom,Gastón Benedetti,Argentina,elite,2,2,2,0,0.0,0.0,0.0,,,,,0.0,,,False,False,Gastón Benedetti
Lucas Alario,lucas alario,ESTUDIANTES,Argentina,0.0,5,shots,shots,ESTUDIANTES,ESTUDIANTES,3,bottom,Lucas Alario,Argentina,elite,2,2,2,0,0.0,0.0,0.0,,,,,0.0,,,False,False,Lucas Alario
Alexis Castro,alexis castro,ESTUDIANTES,Argentina,2.0,5,shots,shots,ESTUDIANTES,ESTUDIANTES,1,top,Alexis Castro,Argentina,elite,2,2,2,0,1.0,1.5833333333333335,1.5833333333333335,,,,,1.0,,,False,False,Alexis Castro
Tiago Palacios,tiago palacios,ESTUDIANTES,Argentina,1.6,5,shots,shots,ESTUDIANTES,ESTUDIANTES,2,top,Tiago Palacios,Argentina,elite,2,2,2,0,0.5,0.8333333333333334,0.8333333333333334,,,,,0.5,,,False,False,Tiago Palacios
Joaquín Tobio Burgos,joaquin tobio burgos,ESTUDIANTES,Argentina,1.2,5,shots,shots,ESTUDIANTES,ESTUDIANTES,3,top,Joaquín Tobio Burgos,Argentina,elite,2,2,2,0,0.5,-0.16666666666666663,-0.16666666666666663,,,,,0.5,,,False,False,Joaquín Tobio Burgos
Adolfo Gaich,adolfo gaich,ESTUDIANTES,Argentina,0.0,5,shots_on_target,shots_on_target,ESTUDIANTES,ESTUDIANTES,1,bottom,Adolfo Gaich,Argentina,elite,2,2,2,0,0.0,0.0,0.0,,,,,0.0,,,False,False,Adolfo Gaich
Edwin Cetre,edwin cetre,ESTUDIANTES,Argentina,0.0,5,shots_on_target,shots_on_target,ESTUDIANTES,ESTUDIANTES,2,bottom,Edwin Cetre,Argentina,elite,2,2,2,0,0.0,0.0,0.0,,,,,0.0,,,False,False,Edwin Cetre
Fabricio Iacovich,fabricio iacovich,ESTUDIANTES,Argentina,0.0,5,shots_on_target,shots_on_target,ESTUDIANTES,ESTUDIANTES,3,bottom,Fabricio Iacovich,Argentina,elite,2,2,2,0,0.0,0.0,0.0,,,,,0.0,,,False,False,Fabricio Iacovich
Joaquín Tobio Burgos,joaquin tobio burgos,ESTUDIANTES,Argentina,0.6,5,shots_on_target,shots_on_target,ESTUDIANTES,ESTUDIANTES,1,top,Joaquín Tobio Burgos,Argentina,elite,2,2,2,0,0.5,-0.08333333333333331,-0.08333333333333331,,,,,0.5,,,False,False,Joaquín Tobio Burgos
Tiago Palacios,tiago palacios,ESTUDIANTES,Argentina,0.6,5,shots_on_target,shots_on_target,ESTUDIANTES,ESTUDIANTES,2,top,Tiago Palacios,Argentina,elite,2,2,2,0,0.5,0.7083333333333334,0.7083333333333334,,,,,0.5,,,False,False,Tiago Palacios
Alexis Castro,alexis castro,ESTUDIANTES,Argentina,0.4,5,shots_on_target,shots_on_target,ESTUDIANTES,ESTUDIANTES,3,top,Alexis Castro,Argentina,elite,2,2,2,0,0.5,1.0,1.0,,,,,0.5,,,False,False,Alexis Castro
Fábio,fabio,FLUMINENSE,Brazil,0.0,5,assists,assists,FLUMINENSE,FLUMINENSE,1,bottom,Fábio,Brazil,elite,2,2,1,1,0.0,0.0,0.0,0.0,,,0.0,0.0,0.0,0.0,False,False,Fábio
Germán Cano,german cano,FLUMINENSE,Brazil,0.0,5,assists,assists,FLUMINENSE,FLUMINENSE,2,bottom,Germán Cano,Brazil,elite,2,2,1,1,0.0,0.0,0.0,0.0,,,0.0,0.0,0.0,0.0,False,False,Germán Cano
Guga,guga,FLUMINENSE,Brazil,0.0,5,assists,assists,FLUMINENSE,FLUMINENSE,3,bottom,Guga,Brazil,elite,2,2,1,1,0.0,0.0,0.0,0.0,,,0.0,0.0,0.0,0.0,False,False,Guga
Agustín Canobbio,agustin canobbio,FLUMINENSE,Brazil,0.4,5,assists,assists,FLUMINENSE,FLUMINENSE,1,top,Agustín Canobbio,Brazil,elite,2,2,1,1,0.5,0.20833333333333334,0.75,-0.3333333333333333,,,0.0,1.0,-1.0833333333333333,-1.0833333333333333,False,False,Agustín Canobbio
Kevin Serna,kevin serna,FLUMINENSE,Brazil,0.2,5,assists,assists,FLUMINENSE,FLUMINENSE,2,top,Kevin Serna,Brazil,elite,2,2,1,1,0.5,0.375,-0.25,1.0,,,1.0,0.0,1.25,1.25,False,False,Kevin Serna
Martinelli,martinelli,FLUMINENSE,Brazil,0.2,5,assists,assists,FLUMINENSE,FLUMINENSE,3,top,Martinelli,Brazil,elite,2,2,1,1,0.5,0.5,1.0,0.0,,,0.0,1.0,-1.0,-1.0,False,False,Martinelli
Agustín Canobbio,agustin canobbio,FLUMINENSE,Brazil,0.0,5,goals,goals,FLUMINENSE,FLUMINENSE,1,bottom,Agustín Canobbio,Brazil,elite,2,2,1,1,0.0,0.0,0.0,0.0,,,0.0,0.0,0.0,0.0,False,False,Agustín Canobbio
Fábio,fabio,FLUMINENSE,Brazil,0.0,5,goals,goals,FLUMINENSE,FLUMINENSE,2,bottom,Fábio,Brazil,elite,2,2,1,1,0.0,0.0,0.0,0.0,,,0.0,0.0,0.0,0.0,False,False,Fábio
Guga,guga,FLUMINENSE,Brazil,0.0,5,goals,goals,FLUMINENSE,FLUMINENSE,3,bottom,Guga,Brazil,elite,2,2,1,1,0.0,0.0,0.0,0.0,,,0.0,0.0,0.0,0.0,False,False,Guga
Hulk,hulk,FLUMINENSE,Brazil,0.4,5,goals,goals,FLUMINENSE,FLUMINENSE,1,top,Hulk,Brazil,elite,2,2,1,1,0.5,0.20833333333333334,0.75,-0.3333333333333333,,,0.0,1.0,-1.0833333333333333,-1.0833333333333333,False,False,Hulk
Germán Cano,german cano,FLUMINENSE,Brazil,0.2,5,goals,goals,FLUMINENSE,FLUMINENSE,2,top,Germán Cano,Brazil,elite,2,2,1,1,0.5,0.5,1.0,0.0,,,0.0,1.0,-1.0,-1.0,False,False,Germán Cano
Kevin Serna,kevin serna,FLUMINENSE,Brazil,0.2,5,goals,goals,FLUMINENSE,FLUMINENSE,3,top,Kevin Serna,Brazil,elite,2,2,1,1,0.5,0.5,1.0,0.0,,,0.0,1.0,-1.0,-1.0,False,False,Kevin Serna
Fábio,fabio,FLUMINENSE,Brazil,3.2,5,saves,saves,FLUMINENSE,FLUMINENSE,1,bottom,Fábio,Brazil,elite,2,2,1,1,1.0,3.2916666666666665,2.25,4.333333333333333,,,1.0,1.0,2.083333333333333,2.083333333333333,False,False,Fábio
Fábio,fabio,FLUMINENSE,Brazil,3.2,5,saves,saves,FLUMINENSE,FLUMINENSE,1,top,Fábio,Brazil,elite,2,2,1,1,1.0,3.2916666666666665,2.25,4.333333333333333,,,1.0,1.0,2.083333333333333,2.083333333333333,False,False,Fábio
Fábio,fabio,FLUMINENSE,Brazil,0.0,5,shots,shots,FLUMINENSE,FLUMINENSE,1,bottom,Fábio,Brazil,elite,2,2,1,1,0.0,0.0,0.0,0.0,,,0.0,0.0,0.0,0.0,False,False,Fábio
Guga,guga,FLUMINENSE,Brazil,0.0,5,shots,shots,FLUMINENSE,FLUMINENSE,2,bottom,Guga,Brazil,elite,2,2,1,1,0.0,0.0,0.0,0.0,,,0.0,0.0,0.0,0.0,False,False,Guga
Nonato,nonato,FLUMINENSE,Brazil,0.4,5,shots,shots,FLUMINENSE,FLUMINENSE,3,bottom,Nonato,Brazil,elite,2,2,1,1,0.5,0.08333333333333337,-0.5,0.6666666666666667,,,1.0,0.0,1.1666666666666667,1.1666666666666667,False,False,Nonato
Hulk,hulk,FLUMINENSE,Brazil,3.8,5,shots,shots,FLUMINENSE,FLUMINENSE,1,top,Hulk,Brazil,elite,2,2,1,1,0.5,-2.375,0.25,-5.0,,,0.0,1.0,-5.25,-5.25,False,False,Hulk
Agustín Canobbio,agustin canobbio,FLUMINENSE,Brazil,1.8,5,shots,shots,FLUMINENSE,FLUMINENSE,2,top,Agustín Canobbio,Brazil,elite,2,2,1,1,0.5,-0.25,1.5,-2.0,,,0.0,1.0,-3.5,-3.5,False,False,Agustín Canobbio
Hércules,hercules,FLUMINENSE,Brazil,1.8,5,shots,shots,FLUMINENSE,FLUMINENSE,3,top,Hércules,Brazil,elite,2,2,1,1,0.0,-1.8333333333333333,-1.0,-2.6666666666666665,,,0.0,0.0,-1.6666666666666665,-1.6666666666666665,False,False,Hércules
Fábio,fabio,FLUMINENSE,Brazil,0.0,5,shots_on_target,shots_on_target,FLUMINENSE,FLUMINENSE,1,bottom,Fábio,Brazil,elite,2,2,1,1,0.0,0.0,0.0,0.0,,,0.0,0.0,0.0,0.0,False,False,Fábio
Guga,guga,FLUMINENSE,Brazil,0.0,5,shots_on_target,shots_on_target,FLUMINENSE,FLUMINENSE,2,bottom,Guga,Brazil,elite,2,2,1,1,0.0,0.0,0.0,0.0,,,0.0,0.0,0.0,0.0,False,False,Guga
Martinelli,martinelli,FLUMINENSE,Brazil,0.0,5,shots_on_target,shots_on_target,FLUMINENSE,FLUMINENSE,3,bottom,Martinelli,Brazil,elite,2,2,1,1,0.0,0.0,0.0,0.0,,,0.0,0.0,0.0,0.0,False,False,Martinelli
Hulk,hulk,FLUMINENSE,Brazil,1.2,5,shots_on_target,shots_on_target,FLUMINENSE,FLUMINENSE,1,top,Hulk,Brazil,elite,2,2,1,1,0.0,-0.9583333333333334,-0.25,-1.6666666666666667,,,0.0,0.0,-1.4166666666666667,-1.4166666666666667,False,False,Hulk
Agustín Canobbio,agustin canobbio,FLUMINENSE,Brazil,0.8,5,shots_on_target,shots_on_target,FLUMINENSE,FLUMINENSE,2,top,Agustín Canobbio,Brazil,elite,2,2,1,1,0.5,-0.375,0.25,-1.0,,,0.0,1.0,-1.25,-1.25,False,False,Agustín Canobbio
Hércules,hercules,FLUMINENSE,Brazil,0.8,5,shots_on_target,shots_on_target,FLUMINENSE,FLUMINENSE,3,top,Hércules,Brazil,elite,2,2,1,1,0.5,-0.375,0.25,-1.0,,,0.0,1.0,-1.25,-1.25,False,False,Hércules
Agustín Auzmendi,agustin auzmendi,GELP,Argentina,0.0,5,assists,assists,GELP,GELP,1,bottom,Agustín Auzmendi,Argentina,elite,2,2,2,0,0.0,0.0,0.0,,,,,0.0,,,False,False,Agustín Auzmendi
Augusto Max,augusto max,GELP,Argentina,0.0,5,assists,assists,GELP,GELP,2,bottom,Augusto Max,Argentina,elite,2,2,2,0,0.0,0.0,0.0,,,,,0.0,,,False,False,Augusto Max
Bautista Barros Schelotto,bautista barros schelotto,GELP,Argentina,0.0,5,assists,assists,GELP,GELP,3,bottom,Bautista Barros Schelotto,Argentina,elite,2,2,2,0,0.0,0.0,0.0,,,,,0.0,,,False,False,Bautista Barros Schelotto
Alexis Steimbach,alexis steimbach,GELP,Argentina,0.4,5,assists,assists,GELP,GELP,1,top,Alexis Steimbach,Argentina,elite,2,2,2,0,0.5,0.08333333333333337,0.08333333333333337,,,,,0.5,,,False,False,Alexis Steimbach
Pedro Silva Torrejón,pedro silva torrejon,GELP,Argentina,0.4,5,assists,assists,GELP,GELP,2,top,Pedro Silva Torrejón,Argentina,elite,2,2,2,0,0.5,0.08333333333333337,0.08333333333333337,,,,,0.5,,,False,False,Pedro Silva Torrejón
Agustín Auzmendi,agustin auzmendi,GELP,Argentina,0.0,5,assists,assists,GELP,GELP,3,top,Agustín Auzmendi,Argentina,elite,2,2,2,0,0.0,0.0,0.0,,,,,0.0,,,False,False,Agustín Auzmendi
Augusto Max,augusto max,GELP,Argentina,0.0,5,goals,goals,GELP,GELP,1,bottom,Augusto Max,Argentina,elite,2,2,2,0,0.0,0.0,0.0,,,,,0.0,,,False,False,Augusto Max
Ignacio Fernández,ignacio fernandez,GELP,Argentina,0.0,5,goals,goals,GELP,GELP,2,bottom,Ignacio Fernández,Argentina,elite,2,2,2,0,0.0,0.0,0.0,,,,,0.0,,,False,False,Ignacio Fernández
Ignacio Miramon,ignacio miramon,GELP,Argentina,0.0,5,goals,goals,GELP,GELP,3,bottom,Ignacio Miramon,Argentina,elite,2,2,2,0,0.0,0.0,0.0,,,,,0.0,,,False,False,Ignacio Miramon
Agustín Auzmendi,agustin auzmendi,GELP,Argentina,0.2,5,goals,goals,GELP,GELP,1,top,Agustín Auzmendi,Argentina,elite,2,2,2,0,0.0,-0.29166666666666663,-0.29166666666666663,,,,,0.0,,,False,False,Agustín Auzmendi
Alexis Steimbach,alexis steimbach,GELP,Argentina,0.2,5,goals,goals,GELP,GELP,2,top,Alexis Steimbach,Argentina,elite,2,2,2,0,0.0,-0.29166666666666663,-0.29166666666666663,,,,,0.0,,,False,False,Alexis Steimbach
Bautista Barros Schelotto,bautista barros schelotto,GELP,Argentina,0.2,5,goals,goals,GELP,GELP,3,top,Bautista Barros Schelotto,Argentina,elite,2,2,2,0,0.0,-0.29166666666666663,-0.29166666666666663,,,,,0.0,,,False,False,Bautista Barros Schelotto
Nelson Insfran,nelson insfran,GELP,Argentina,3.4,5,saves,saves,GELP,GELP,1,bottom,Nelson Insfran,Argentina,elite,2,2,2,0,0.5,-0.45833333333333326,-0.45833333333333326,,,,,0.5,,,False,True,Nelson Insfran
Nelson Insfran,nelson insfran,GELP,Argentina,3.4,5,saves,saves,GELP,GELP,1,top,Nelson Insfran,Argentina,elite,2,2,2,0,0.5,-0.45833333333333326,-0.45833333333333326,,,,,0.5,,,False,True,Nelson Insfran
Augusto Max,augusto max,GELP,Argentina,0.0,5,shots,shots,GELP,GELP,1,bottom,Augusto Max,Argentina,elite,2,2,2,0,0.0,0.0,0.0,,,,,0.0,,,False,False,Augusto Max
Nelson Insfran,nelson insfran,GELP,Argentina,0.0,5,shots,shots,GELP,GELP,2,bottom,Nelson Insfran,Argentina,elite,2,2,2,0,0.0,0.0,0.0,,,,,0.0,,,False,False,Nelson Insfran
Pablo Aguiar,pablo aguiar,GELP,Argentina,0.0,5,shots,shots,GELP,GELP,3,bottom,Pablo Aguiar,Argentina,elite,2,2,2,0,0.0,0.0,0.0,,,,,0.0,,,False,False,Pablo Aguiar
Agustín Auzmendi,agustin auzmendi,GELP,Argentina,2.0,5,shots,shots,GELP,GELP,1,top,Agustín Auzmendi,Argentina,elite,2,2,2,0,0.5,0.6666666666666666,0.6666666666666666,,,,,0.5,,,False,False,Agustín Auzmendi
Alexis Steimbach,alexis steimbach,GELP,Argentina,1.2,5,shots,shots,GELP,GELP,2,top,Alexis Steimbach,Argentina,elite,2,2,2,0,0.5,0.375,0.375,,,,,0.5,,,False,False,Alexis Steimbach
Pedro Silva Torrejón,pedro silva torrejon,GELP,Argentina,1.2,5,shots,shots,GELP,GELP,3,top,Pedro Silva Torrejón,Argentina,elite,2,2,2,0,0.5,0.5,0.5,,,,,0.5,,,False,False,Pedro Silva Torrejón
Augusto Max,augusto max,GELP,Argentina,0.0,5,shots_on_target,shots_on_target,GELP,GELP,1,bottom,Augusto Max,Argentina,elite,2,2,2,0,0.0,0.0,0.0,,,,,0.0,,,False,False,Augusto Max
Juan Cortazzo,juan cortazzo,GELP,Argentina,0.0,5,shots_on_target,shots_on_target,GELP,GELP,2,bottom,Juan Cortazzo,Argentina,elite,2,2,2,0,0.0,0.0,0.0,,,,,0.0,,,False,False,Juan Cortazzo
Manuel Panaro,manuel panaro,GELP,Argentina,0.0,5,shots_on_target,shots_on_target,GELP,GELP,3,bottom,Manuel Panaro,Argentina,elite,2,2,2,0,0.0,0.0,0.0,,,,,0.0,,,False,False,Manuel Panaro
Agustín Auzmendi,agustin auzmendi,GELP,Argentina,1.0,5,shots_on_target,shots_on_target,GELP,GELP,1,top,Agustín Auzmendi,Argentina,elite,2,2,2,0,0.5,0.6666666666666667,0.6666666666666667,,,,,0.5,,,False,False,Agustín Auzmendi
Pedro Silva Torrejón,pedro silva torrejon,GELP,Argentina,0.4,5,shots_on_target,shots_on_target,GELP,GELP,2,top,Pedro Silva Torrejón,Argentina,elite,2,2,2,0,0.5,0.20833333333333334,0.20833333333333334,,,,,0.5,,,False,False,Pedro Silva Torrejón
Alexis Steimbach,alexis steimbach,GELP,Argentina,0.2,5,shots_on_target,shots_on_target,GELP,GELP,3,top,Alexis Steimbach,Argentina,elite,2,2,2,0,0.0,-0.29166666666666663,-0.29166666666666663,,,,,0.0,,,False,False,Alexis Steimbach
Andrea Kitahata,andrea kitahata,GOTHAM,NWSL,0.0,9,assists,assists,GOTHAM,GOTHAM,1,bottom,Andrea Kitahata,NWSL,elite,6,6,2,2,0.0,0.0,0.0,0.0,0.0,,0.0,0.0,0.0,0.0,False,False,Andrea Kitahata
Ann-Katrin Berger,ann-katrin berger,GOTHAM,NWSL,0.0,8,assists,assists,GOTHAM,GOTHAM,2,bottom,Ann-Katrin Berger,NWSL,elite,5,5,2,1,0.0,0.0,0.0,0.0,0.0,,0.0,0.0,0.0,0.0,False,False,Ann-Katrin Berger
Bruninha,bruninha,GOTHAM,NWSL,0.0,9,assists,assists,GOTHAM,GOTHAM,3,bottom,Bruninha,NWSL,elite,6,6,2,2,0.0,0.0,0.0,0.0,0.0,,0.0,0.0,0.0,0.0,False,False,Bruninha
Guro Reiten,guro reiten,GOTHAM,NWSL,0.3333333333333333,9,assists,assists,GOTHAM,GOTHAM,1,top,Guro Reiten,NWSL,elite,6,6,2,2,0.3333333333333333,-0.020039682539682534,0.16071428571428573,0.14583333333333337,-0.3666666666666667,0.14628474677153322,0.5,0.5,-0.014880952380952356,-0.014880952380952356,False,False,Guro Reiten
Jaedyn Shaw,jaedyn shaw,GOTHAM,NWSL,0.3333333333333333,9,assists,assists,GOTHAM,GOTHAM,2,top,Jaedyn Shaw,NWSL,elite,6,6,2,2,0.3333333333333333,0.20515873015873018,-0.39285714285714285,0.20833333333333334,0.8,0.1116688473669069,0.5,0.0,0.6011904761904762,0.6011904761904762,False,True,Jaedyn Shaw
Jaelin Howell,jaelin howell,GOTHAM,NWSL,0.2222222222222222,9,assists,assists,GOTHAM,GOTHAM,3,top,Jaelin Howell,NWSL,elite,6,6,2,2,0.16666666666666666,-0.10873015873015872,-0.26785714285714285,-0.29166666666666663,0.23333333333333336,0.0047915436627559635,0.0,0.0,-0.02380952380952378,-0.02380952380952378,False,False,Jaelin Howell
Andrea Kitahata,andrea kitahata,GOTHAM,NWSL,0.0,9,goals,goals,GOTHAM,GOTHAM,1,bottom,Andrea Kitahata,NWSL,elite,6,6,2,2,0.0,0.0,0.0,0.0,0.0,,0.0,0.0,0.0,0.0,False,False,Andrea Kitahata
Ann-Katrin Berger,ann-katrin berger,GOTHAM,NWSL,0.0,8,goals,goals,GOTHAM,GOTHAM,2,bottom,Ann-Katrin Berger,NWSL,elite,5,5,2,1,0.0,0.0,0.0,0.0,0.0,,0.0,0.0,0.0,0.0,False,False,Ann-Katrin Berger
Bruninha,bruninha,GOTHAM,NWSL,0.0,9,goals,goals,GOTHAM,GOTHAM,3,bottom,Bruninha,NWSL,elite,6,6,2,2,0.0,0.0,0.0,0.0,0.0,,0.0,0.0,0.0,0.0,False,False,Bruninha
Sam Kerr,sam kerr,GOTHAM,NWSL,0.42857142857142855,7,goals,goals,GOTHAM,GOTHAM,1,top,Sam Kerr,NWSL,weak,4,4,1,2,0.5,0.17083333333333334,-0.4,0.7083333333333334,-0.3333333333333333,,1.0,0.0,1.1083333333333334,1.1083333333333334,True,False,Sam Kerr
Midge Purce,midge purce,GOTHAM,NWSL,0.3333333333333333,9,goals,goals,GOTHAM,GOTHAM,2,top,Midge Purce,NWSL,elite,6,6,2,2,0.5,0.32182539682539685,0.35714285714285715,0.20833333333333334,0.4,-0.06515041859633373,0.5,0.5,-0.1488095238095238,-0.1488095238095238,False,False,Midge Purce
Rose Lavelle,rose lavelle,GOTHAM,NWSL,0.2222222222222222,9,goals,goals,GOTHAM,GOTHAM,3,top,Rose Lavelle,NWSL,elite,6,6,2,2,0.16666666666666666,-0.18373015873015874,-0.39285714285714285,-0.29166666666666663,0.13333333333333336,-0.04283415125424061,0.0,0.0,0.10119047619047622,0.10119047619047622,False,True,Rose Lavelle
Shelby Hogan,shelby hogan,GOTHAM,NWSL,1.0,9,saves,saves,GOTHAM,GOTHAM,1,bottom,Shelby Hogan,NWSL,elite,6,6,2,2,0.3333333333333333,1.0148809523809523,-0.6428571428571429,2.1875,1.5,0.5794172138399887,0.5,0.0,2.830357142857143,2.830357142857143,False,True,Shelby Hogan
Ann-Katrin Berger,ann-katrin berger,GOTHAM,NWSL,3.625,8,saves,saves,GOTHAM,GOTHAM,2,bottom,Ann-Katrin Berger,NWSL,elite,5,5,2,1,0.0,-3.4833333333333334,-1.2083333333333335,-3.0,-6.0,-0.3996258699079578,0.0,0.0,-1.7916666666666665,-1.7916666666666665,False,True,Ann-Katrin Berger
Ann-Katrin Berger,ann-katrin berger,GOTHAM,NWSL,3.625,8,saves,saves,GOTHAM,GOTHAM,1,top,Ann-Katrin Berger,NWSL,elite,5,5,2,1,0.0,-3.4833333333333334,-1.2083333333333335,-3.0,-6.0,-0.3996258699079578,0.0,0.0,-1.7916666666666665,-1.7916666666666665,False,True,Ann-Katrin Berger
Shelby Hogan,shelby hogan,GOTHAM,NWSL,1.0,9,saves,saves,GOTHAM,GOTHAM,2,top,Shelby Hogan,NWSL,elite,6,6,2,2,0.3333333333333333,1.0148809523809523,-0.6428571428571429,2.1875,1.5,0.5794172138399887,0.5,0.0,2.830357142857143,2.830357142857143,False,True,Shelby Hogan
Ann-Katrin Berger,ann-katrin berger,GOTHAM,NWSL,0.0,8,shots,shots,GOTHAM,GOTHAM,1,bottom,Ann-Katrin Berger,NWSL,elite,5,5,2,1,0.0,0.0,0.0,0.0,0.0,,0.0,0.0,0.0,0.0,False,False,Ann-Katrin Berger
Bruninha,bruninha,GOTHAM,NWSL,0.0,9,shots,shots,GOTHAM,GOTHAM,2,bottom,Bruninha,NWSL,elite,6,6,2,2,0.0,0.0,0.0,0.0,0.0,,0.0,0.0,0.0,0.0,False,False,Bruninha
Emily Sonnett,emily sonnett,GOTHAM,NWSL,0.0,5,shots,shots,GOTHAM,GOTHAM,3,bottom,Emily Sonnett,NWSL,elite,2,2,1,0,0.0,0.0,0.0,,0.0,,,0.0,,,False,False,Emily Sonnett
Sam Kerr,sam kerr,GOTHAM,NWSL,3.142857142857143,7,shots,shots,GOTHAM,GOTHAM,1,top,Sam Kerr,NWSL,weak,4,4,1,2,0.75,0.8666666666666666,-1.2000000000000002,1.0,2.6666666666666665,,1.0,0.0,2.2,2.2,True,False,Sam Kerr
Jaedyn Shaw,jaedyn shaw,GOTHAM,NWSL,2.2222222222222223,9,shots,shots,GOTHAM,GOTHAM,2,top,Jaedyn Shaw,NWSL,elite,6,6,2,2,0.3333333333333333,0.11091269841269846,-0.3214285714285714,0.35416666666666674,0.30000000000000004,0.11388956206392331,0.5,0.0,0.6755952380952381,0.6755952380952381,False,True,Jaedyn Shaw
Rose Lavelle,rose lavelle,GOTHAM,NWSL,2.0,9,shots,shots,GOTHAM,GOTHAM,3,top,Rose Lavelle,NWSL,elite,6,6,2,2,0.5,0.3007936507936508,0.9107142857142856,0.29166666666666663,-0.30000000000000004,-0.23596168072322612,0.5,0.5,-0.619047619047619,-0.619047619047619,False,False,Rose Lavelle
Ann-Katrin Berger,ann-katrin berger,GOTHAM,NWSL,0.0,8,shots_on_target,shots_on_target,GOTHAM,GOTHAM,1,bottom,Ann-Katrin Berger,NWSL,elite,5,5,2,1,0.0,0.0,0.0,0.0,0.0,,0.0,0.0,0.0,0.0,False,False,Ann-Katrin Berger
Bruninha,bruninha,GOTHAM,NWSL,0.0,9,shots_on_target,shots_on_target,GOTHAM,GOTHAM,2,bottom,Bruninha,NWSL,elite,6,6,2,2,0.0,0.0,0.0,0.0,0.0,,0.0,0.0,0.0,0.0,False,False,Bruninha
Emily Sonnett,emily sonnett,GOTHAM,NWSL,0.0,5,shots_on_target,shots_on_target,GOTHAM,GOTHAM,3,bottom,Emily Sonnett,NWSL,elite,2,2,1,0,0.0,0.0,0.0,,0.0,,,0.0,,,False,False,Emily Sonnett
Sam Kerr,sam kerr,GOTHAM,NWSL,1.5714285714285714,7,shots_on_target,shots_on_target,GOTHAM,GOTHAM,1,top,Sam Kerr,NWSL,weak,4,4,1,2,0.5,0.24583333333333335,-1.6,0.45833333333333337,1.6666666666666667,,0.5,0.0,2.0583333333333336,2.0583333333333336,False,False,Sam Kerr
Rose Lavelle,rose lavelle,GOTHAM,NWSL,0.8888888888888888,9,shots_on_target,shots_on_target,GOTHAM,GOTHAM,2,top,Rose Lavelle,NWSL,elite,6,6,2,2,0.5,-0.016269841269841285,-0.35714285714285715,0.20833333333333331,0.09999999999999998,0.17230436717390973,0.5,0.5,0.5654761904761905,0.5654761904761905,False,True,Rose Lavelle
Jaedyn Shaw,jaedyn shaw,GOTHAM,NWSL,0.7777777777777778,9,shots_on_target,shots_on_target,GOTHAM,GOTHAM,3,top,Jaedyn Shaw,NWSL,elite,6,6,2,2,0.6666666666666666,0.214484126984127,-0.1607142857142857,0.9375,-0.1333333333333333,0.5226594373057013,1.0,0.5,1.0982142857142856,1.0982142857142856,True,False,Jaedyn Shaw
Agustín Resch,agustin resch,HOUSTON,MLS,0.0,5,assists,assists,HOUSTON,HOUSTON,1,bottom,Agustín Resch,MLS,elite,2,2,1,0,0.0,0.0,0.0,,0.0,,,0.0,,,False,False,Agustín Resch
Artur,artur,HOUSTON,MLS,0.0,5,assists,assists,HOUSTON,HOUSTON,2,bottom,Artur,MLS,elite,3,3,1,1,0.0,0.0,0.0,0.0,0.0,,0.0,0.0,0.0,0.0,False,False,Artur
Blake Gillingham,blake gillingham,HOUSTON,MLS,0.0,5,assists,assists,HOUSTON,HOUSTON,3,bottom,Blake Gillingham,MLS,elite,2,2,1,0,0.0,0.0,0.0,,0.0,,,0.0,,,False,False,Blake Gillingham
Jack McGlynn,jack mcglynn,HOUSTON,MLS,0.4,5,assists,assists,HOUSTON,HOUSTON,1,top,Jack McGlynn,MLS,elite,2,2,1,0,0.5,0.08333333333333337,0.6666666666666667,,-0.5,,,1.0,,,False,False,Jack McGlynn
Agustín Bouzat,agustin bouzat,HOUSTON,MLS,0.2,5,assists,assists,HOUSTON,HOUSTON,2,top,Agustín Bouzat,MLS,elite,2,2,1,0,0.0,-0.29166666666666663,-0.3333333333333333,,-0.25,,,0.0,,,False,False,Agustín Bouzat
Guilherme Augusto,guilherme augusto,HOUSTON,MLS,0.2,5,assists,assists,HOUSTON,HOUSTON,3,top,Guilherme Augusto,MLS,elite,3,3,1,1,0.0,-0.26111111111111107,-0.25,-0.3333333333333333,-0.2,,0.0,0.0,-0.08333333333333331,-0.08333333333333331,False,False,Guilherme Augusto
Artur,artur,HOUSTON,MLS,0.0,5,goals,goals,HOUSTON,HOUSTON,1,bottom,Artur,MLS,elite,3,3,1,1,0.0,-0.20555555555555557,-0.2,-0.25,-0.16666666666666666,,0.0,0.0,-0.04999999999999999,-0.04999999999999999,False,False,Artur
Blake Gillingham,blake gillingham,HOUSTON,MLS,0.0,5,goals,goals,HOUSTON,HOUSTON,2,bottom,Blake Gillingham,MLS,elite,2,2,1,0,0.0,0.0,0.0,,0.0,,,0.0,,,False,False,Blake Gillingham
Diadie Samassekou,diadie samassekou,HOUSTON,MLS,0.0,5,goals,goals,HOUSTON,HOUSTON,3,bottom,Diadie Samassekou,MLS,elite,2,2,1,0,0.0,0.0,0.0,,0.0,,,0.0,,,False,False,Diadie Samassekou
Guilherme Augusto,guilherme augusto,HOUSTON,MLS,0.8,5,goals,goals,HOUSTON,HOUSTON,1,top,Guilherme Augusto,MLS,elite,3,3,1,1,1.0,0.5222222222222223,0.5,0.6666666666666667,0.4,,1.0,1.0,0.16666666666666674,0.16666666666666674,False,False,Guilherme Augusto
Agustín Bouzat,agustin bouzat,HOUSTON,MLS,0.2,5,goals,goals,HOUSTON,HOUSTON,2,top,Agustín Bouzat,MLS,elite,2,2,1,0,0.0,-0.29166666666666663,-0.3333333333333333,,-0.25,,,0.0,,,False,False,Agustín Bouzat
Agustín Resch,agustin resch,HOUSTON,MLS,0.2,5,goals,goals,HOUSTON,HOUSTON,3,top,Agustín Resch,MLS,elite,2,2,1,0,0.5,0.375,1.0,,-0.25,,,1.0,,,False,False,Agustín Resch
Blake Gillingham,blake gillingham,HOUSTON,MLS,0.0,5,saves,saves,HOUSTON,HOUSTON,1,bottom,Blake Gillingham,MLS,elite,2,2,1,0,0.0,0.0,0.0,,0.0,,,0.0,,,False,False,Blake Gillingham
Jonathan Bond,jonathan bond,HOUSTON,MLS,2.2,5,saves,saves,HOUSTON,HOUSTON,2,bottom,Jonathan Bond,MLS,elite,2,2,1,0,0.0,-1.875,-1.0,,-2.75,,,0.0,,,False,False,Jonathan Bond
Jonathan Bond,jonathan bond,HOUSTON,MLS,2.2,5,saves,saves,HOUSTON,HOUSTON,1,top,Jonathan Bond,MLS,elite,2,2,1,0,0.0,-1.875,-1.0,,-2.75,,,0.0,,,False,False,Jonathan Bond
Blake Gillingham,blake gillingham,HOUSTON,MLS,0.0,5,saves,saves,HOUSTON,HOUSTON,2,top,Blake Gillingham,MLS,elite,2,2,1,0,0.0,0.0,0.0,,0.0,,,0.0,,,False,False,Blake Gillingham
Blake Gillingham,blake gillingham,HOUSTON,MLS,0.0,5,shots,shots,HOUSTON,HOUSTON,1,bottom,Blake Gillingham,MLS,elite,2,2,1,0,0.0,0.0,0.0,,0.0,,,0.0,,,False,False,Blake Gillingham
Diadie Samassekou,diadie samassekou,HOUSTON,MLS,0.0,5,shots,shots,HOUSTON,HOUSTON,2,bottom,Diadie Samassekou,MLS,elite,2,2,1,0,0.0,0.0,0.0,,0.0,,,0.0,,,False,False,Diadie Samassekou
Duane Holmes,duane holmes,HOUSTON,MLS,0.0,5,shots,shots,HOUSTON,HOUSTON,3,bottom,Duane Holmes,MLS,elite,2,2,1,0,0.0,0.0,0.0,,0.0,,,0.0,,,False,False,Duane Holmes
Guilherme Augusto,guilherme augusto,HOUSTON,MLS,3.2,5,shots,shots,HOUSTON,HOUSTON,1,top,Guilherme Augusto,MLS,elite,3,3,1,1,0.6666666666666666,0.42777777777777787,2.75,-1.6666666666666665,0.20000000000000018,,0.0,1.0,-4.416666666666666,-4.416666666666666,False,False,Guilherme Augusto
Héctor Herrera,hector herrera,HOUSTON,MLS,1.2,5,shots,shots,HOUSTON,HOUSTON,2,top,Héctor Herrera,MLS,elite,2,2,1,0,0.0,-0.29166666666666663,-0.33333333333333326,,-0.25,,,0.0,,,False,False,Héctor Herrera
Jack McGlynn,jack mcglynn,HOUSTON,MLS,1.0,5,shots,shots,HOUSTON,HOUSTON,3,top,Jack McGlynn,MLS,elite,2,2,1,0,0.5,0.125,-1.0,,1.25,,,0.0,,,False,False,Jack McGlynn
Blake Gillingham,blake gillingham,HOUSTON,MLS,0.0,5,shots_on_target,shots_on_target,HOUSTON,HOUSTON,1,bottom,Blake Gillingham,MLS,elite,2,2,1,0,0.0,0.0,0.0,,0.0,,,0.0,,,False,False,Blake Gillingham
Diadie Samassekou,diadie samassekou,HOUSTON,MLS,0.0,5,shots_on_target,shots_on_target,HOUSTON,HOUSTON,2,bottom,Diadie Samassekou,MLS,elite,2,2,1,0,0.0,0.0,0.0,,0.0,,,0.0,,,False,False,Diadie Samassekou
Duane Holmes,duane holmes,HOUSTON,MLS,0.0,5,shots_on_target,shots_on_target,HOUSTON,HOUSTON,3,bottom,Duane Holmes,MLS,elite,2,2,1,0,0.0,0.0,0.0,,0.0,,,0.0,,,False,False,Duane Holmes
Guilherme Augusto,guilherme augusto,HOUSTON,MLS,1.4,5,shots_on_target,shots_on_target,HOUSTON,HOUSTON,1,top,Guilherme Augusto,MLS,elite,3,3,1,1,0.6666666666666666,0.7944444444444446,2.25,0.33333333333333337,-0.19999999999999996,,1.0,1.0,-1.9166666666666665,-1.9166666666666665,False,False,Guilherme Augusto
Héctor Herrera,hector herrera,HOUSTON,MLS,0.6,5,shots_on_target,shots_on_target,HOUSTON,HOUSTON,2,top,Héctor Herrera,MLS,elite,2,2,1,0,0.5,-0.20833333333333331,0.33333333333333337,,-0.75,,,1.0,,,False,False,Héctor Herrera
Agustín Bouzat,agustin bouzat,HOUSTON,MLS,0.4,5,shots_on_target,shots_on_target,HOUSTON,HOUSTON,3,top,Agustín Bouzat,MLS,elite,2,2,1,0,0.5,0.20833333333333334,-0.3333333333333333,,0.75,,,0.0,,,False,False,Agustín Bouzat
Allysha Chapman,allysha chapman,HOUSTON DASH,NWSL,0.0,6,assists,assists,HOUSTON DASH,HOUSTON DASH,1,bottom,Allysha Chapman,NWSL,elite,3,3,1,1,0.0,0.0,0.0,0.0,0.0,,0.0,0.0,0.0,0.0,False,False,Allysha Chapman
Caroline DeLisle,caroline delisle,HOUSTON DASH,NWSL,0.0,6,assists,assists,HOUSTON DASH,HOUSTON DASH,2,bottom,Caroline DeLisle,NWSL,elite,3,3,1,1,0.0,0.0,0.0,0.0,0.0,,0.0,0.0,0.0,0.0,False,False,Caroline DeLisle
Clarissa Laris­ey,clarissa laris­ey,HOUSTON DASH,NWSL,0.0,6,assists,assists,HOUSTON DASH,HOUSTON DASH,3,bottom,Clarissa Laris­ey,NWSL,elite,3,3,1,1,0.0,0.0,0.0,0.0,0.0,,0.0,0.0,0.0,0.0,False,False,Clarissa Laris­ey
Linda Ullmark,linda ullmark,HOUSTON DASH,NWSL,0.3333333333333333,6,assists,assists,HOUSTON DASH,HOUSTON DASH,1,top,Linda Ullmark,NWSL,elite,3,3,1,1,0.0,-0.5222222222222221,-0.5,-0.4,-0.6666666666666666,,0.0,0.0,0.09999999999999998,0.09999999999999998,False,False,Linda Ullmark
Avery Patterson,avery patterson,HOUSTON DASH,NWSL,0.2,5,assists,assists,HOUSTON DASH,HOUSTON DASH,2,top,Avery Patterson,NWSL,elite,2,2,1,1,0.0,-0.29166666666666663,-0.3333333333333333,-0.25,,,0.0,0.0,0.08333333333333331,0.08333333333333331,False,False,Avery Patterson
Maggie Graham,maggie graham,HOUSTON DASH,NWSL,0.16666666666666666,6,assists,assists,HOUSTON DASH,HOUSTON DASH,3,top,Maggie Graham,NWSL,elite,3,3,1,1,0.0,-0.26111111111111107,-0.25,-0.2,-0.3333333333333333,,0.0,0.0,0.04999999999999999,0.04999999999999999,False,False,Maggie Graham
Allysha Chapman,allysha chapman,HOUSTON DASH,NWSL,0.0,6,goals,goals,HOUSTON DASH,HOUSTON DASH,1,bottom,Allysha Chapman,NWSL,elite,3,3,1,1,0.0,0.0,0.0,0.0,0.0,,0.0,0.0,0.0,0.0,False,False,Allysha Chapman
Avery Patterson,avery patterson,HOUSTON DASH,NWSL,0.0,5,goals,goals,HOUSTON DASH,HOUSTON DASH,2,bottom,Avery Patterson,NWSL,elite,2,2,1,1,0.0,0.0,0.0,0.0,,,0.0,0.0,0.0,0.0,False,False,Avery Patterson
Caroline DeLisle,caroline delisle,HOUSTON DASH,NWSL,0.0,6,goals,goals,HOUSTON DASH,HOUSTON DASH,3,bottom,Caroline DeLisle,NWSL,elite,3,3,1,1,0.0,0.0,0.0,0.0,0.0,,0.0,0.0,0.0,0.0,False,False,Caroline DeLisle
Kat Rader,kat rader,HOUSTON DASH,NWSL,0.5,6,goals,goals,HOUSTON DASH,HOUSTON DASH,1,top,Kat Rader,NWSL,elite,3,3,1,1,0.3333333333333333,-0.18888888888888886,-0.5,0.6,-0.6666666666666666,,1.0,0.0,1.1,1.1,False,False,Kat Rader
Linda Ullmark,linda ullmark,HOUSTON DASH,NWSL,0.3333333333333333,6,goals,goals,HOUSTON DASH,HOUSTON DASH,2,top,Linda Ullmark,NWSL,elite,3,3,1,1,0.3333333333333333,-0.07777777777777777,-0.5,-0.4,0.6666666666666667,,0.0,0.0,0.09999999999999998,0.09999999999999998,False,False,Linda Ullmark
Kate Faasse,kate faasse,HOUSTON DASH,NWSL,0.16666666666666666,6,goals,goals,HOUSTON DASH,HOUSTON DASH,3,top,Kate Faasse,NWSL,elite,3,3,1,1,0.0,-0.26111111111111107,-0.25,-0.2,-0.3333333333333333,,0.0,0.0,0.04999999999999999,0.04999999999999999,False,False,Kate Faasse
Caroline DeLisle,caroline delisle,HOUSTON DASH,NWSL,0.0,6,saves,saves,HOUSTON DASH,HOUSTON DASH,1,bottom,Caroline DeLisle,NWSL,elite,3,3,1,1,0.0,0.0,0.0,0.0,0.0,,0.0,0.0,0.0,0.0,False,False,Caroline DeLisle
Jane Campbell,jane campbell,HOUSTON DASH,NWSL,4.5,6,saves,saves,HOUSTON DASH,HOUSTON DASH,2,bottom,Jane Campbell,NWSL,elite,3,3,1,1,0.3333333333333333,-1.6944444444444444,-3.75,-3.0,1.666666666666667,,0.0,0.0,0.75,0.75,False,False,Jane Campbell
Jane Campbell,jane campbell,HOUSTON DASH,NWSL,4.5,6,saves,saves,HOUSTON DASH,HOUSTON DASH,1,top,Jane Campbell,NWSL,elite,3,3,1,1,0.3333333333333333,-1.6944444444444444,-3.75,-3.0,1.666666666666667,,0.0,0.0,0.75,0.75,False,False,Jane Campbell
Caroline DeLisle,caroline delisle,HOUSTON DASH,NWSL,0.0,6,saves,saves,HOUSTON DASH,HOUSTON DASH,2,top,Caroline DeLisle,NWSL,elite,3,3,1,1,0.0,0.0,0.0,0.0,0.0,,0.0,0.0,0.0,0.0,False,False,Caroline DeLisle
Allysha Chapman,allysha chapman,HOUSTON DASH,NWSL,0.0,6,shots,shots,HOUSTON DASH,HOUSTON DASH,1,bottom,Allysha Chapman,NWSL,elite,3,3,1,1,0.0,0.0,0.0,0.0,0.0,,0.0,0.0,0.0,0.0,False,False,Allysha Chapman
Caroline DeLisle,caroline delisle,HOUSTON DASH,NWSL,0.0,6,shots,shots,HOUSTON DASH,HOUSTON DASH,2,bottom,Caroline DeLisle,NWSL,elite,3,3,1,1,0.0,0.0,0.0,0.0,0.0,,0.0,0.0,0.0,0.0,False,False,Caroline DeLisle
Jane Campbell,jane campbell,HOUSTON DASH,NWSL,0.0,6,shots,shots,HOUSTON DASH,HOUSTON DASH,3,bottom,Jane Campbell,NWSL,elite,3,3,1,1,0.0,0.0,0.0,0.0,0.0,,0.0,0.0,0.0,0.0,False,False,Jane Campbell
Kiki Van Zanten,kiki van zanten,HOUSTON DASH,NWSL,2.0,6,shots,shots,HOUSTON DASH,HOUSTON DASH,1,top,Kiki Van Zanten,NWSL,elite,3,3,1,1,0.3333333333333333,-0.6777777777777779,-1.5,-1.2000000000000002,0.6666666666666665,,0.0,0.0,0.2999999999999998,0.2999999999999998,False,False,Kiki Van Zanten
Linda Ullmark,linda ullmark,HOUSTON DASH,NWSL,1.8333333333333333,6,shots,shots,HOUSTON DASH,HOUSTON DASH,2,top,Linda Ullmark,NWSL,elite,3,3,1,1,0.3333333333333333,-0.65,-2.75,-2.2,3.0,,0.0,0.0,0.5499999999999998,0.5499999999999998,False,False,Linda Ullmark
Kat Rader,kat rader,HOUSTON DASH,NWSL,1.5,6,shots,shots,HOUSTON DASH,HOUSTON DASH,3,top,Kat Rader,NWSL,elite,3,3,1,1,0.6666666666666666,0.48888888888888893,1.0,1.8,-1.3333333333333333,,1.0,1.0,0.8,0.8,False,False,Kat Rader
Allysha Chapman,allysha chapman,HOUSTON DASH,NWSL,0.0,6,shots_on_target,shots_on_target,HOUSTON DASH,HOUSTON DASH,1,bottom,Allysha Chapman,NWSL,elite,3,3,1,1,0.0,0.0,0.0,0.0,0.0,,0.0,0.0,0.0,0.0,False,False,Allysha Chapman
Caroline DeLisle,caroline delisle,HOUSTON DASH,NWSL,0.0,6,shots_on_target,shots_on_target,HOUSTON DASH,HOUSTON DASH,2,bottom,Caroline DeLisle,NWSL,elite,3,3,1,1,0.0,0.0,0.0,0.0,0.0,,0.0,0.0,0.0,0.0,False,False,Caroline DeLisle
Danielle Colaprico,danielle colaprico,HOUSTON DASH,NWSL,0.0,6,shots_on_target,shots_on_target,HOUSTON DASH,HOUSTON DASH,3,bottom,Danielle Colaprico,NWSL,elite,3,3,1,1,0.0,0.0,0.0,0.0,0.0,,0.0,0.0,0.0,0.0,False,False,Danielle Colaprico
Kat Rader,kat rader,HOUSTON DASH,NWSL,1.1666666666666667,6,shots_on_target,shots_on_target,HOUSTON DASH,HOUSTON DASH,1,top,Kat Rader,NWSL,elite,3,3,1,1,0.3333333333333333,-0.11111111111111109,0.0,1.0,-1.3333333333333333,,1.0,0.0,1.0,1.0,False,False,Kat Rader
Kiki Van Zanten,kiki van zanten,HOUSTON DASH,NWSL,1.0,6,shots_on_target,shots_on_target,HOUSTON DASH,HOUSTON DASH,2,top,Kiki Van Zanten,NWSL,elite,3,3,1,1,0.0,-0.5944444444444444,-0.25,-1.2,-0.33333333333333326,,0.0,0.0,-0.95,-0.95,False,False,Kiki Van Zanten
Linda Ullmark,linda ullmark,HOUSTON DASH,NWSL,0.6666666666666666,6,shots_on_target,shots_on_target,HOUSTON DASH,HOUSTON DASH,3,top,Linda Ullmark,NWSL,elite,3,3,1,1,0.3333333333333333,0.2888888888888888,-1.0,-0.8,2.6666666666666665,,0.0,0.0,0.19999999999999996,0.19999999999999996,False,False,Linda Ullmark
Amelia White,amelia white,KC CURRENT,NWSL,0.0,8,assists,assists,KC CURRENT,KC CURRENT,1,bottom,Amelia White,NWSL,weak,5,5,2,3,0.0,0.0,0.0,0.0,,,0.0,0.0,0.0,0.0,False,False,Amelia White
Debinha,debinha,KC CURRENT,NWSL,0.0,8,assists,assists,KC CURRENT,KC CURRENT,2,bottom,Debinha,NWSL,weak,5,5,2,3,0.0,0.0,0.0,0.0,,,0.0,0.0,0.0,0.0,False,False,Debinha
Elizabeth Ball,elizabeth ball,KC CURRENT,NWSL,0.0,8,assists,assists,KC CURRENT,KC CURRENT,3,bottom,Elizabeth Ball,NWSL,weak,5,5,2,3,0.0,0.0,0.0,0.0,,,0.0,0.0,0.0,0.0,False,False,Elizabeth Ball
Croix Bethune,croix bethune,KC CURRENT,NWSL,0.75,8,assists,assists,KC CURRENT,KC CURRENT,1,top,Croix Bethune,NWSL,weak,5,5,2,3,0.6,-0.1861904761904762,-0.2571428571428572,-0.13888888888888887,,0.149549648694154,0.6666666666666666,0.5,0.1182539682539683,0.1182539682539683,False,False,Croix Bethune
Laney Rouse,laney rouse,KC CURRENT,NWSL,0.2,5,assists,assists,KC CURRENT,KC CURRENT,2,top,Laney Rouse,NWSL,weak,2,2,0,2,0.0,-0.29166666666666663,,-0.29166666666666663,,,0.0,,,,False,False,Laney Rouse
Bayley Feist,bayley feist,KC CURRENT,NWSL,0.125,8,assists,assists,KC CURRENT,KC CURRENT,3,top,Bayley Feist,NWSL,weak,5,5,2,3,0.2,0.09809523809523811,-0.17142857142857143,0.2777777777777778,,0.6171995242710865,0.3333333333333333,0.0,0.4492063492063492,0.4492063492063492,False,False,Bayley Feist
Bayley Feist,bayley feist,KC CURRENT,NWSL,0.0,8,goals,goals,KC CURRENT,KC CURRENT,1,bottom,Bayley Feist,NWSL,weak,5,5,2,3,0.0,0.0,0.0,0.0,,,0.0,0.0,0.0,0.0,False,False,Bayley Feist
Elizabeth Ball,elizabeth ball,KC CURRENT,NWSL,0.0,8,goals,goals,KC CURRENT,KC CURRENT,2,bottom,Elizabeth Ball,NWSL,weak,5,5,2,3,0.0,0.0,0.0,0.0,,,0.0,0.0,0.0,0.0,False,False,Elizabeth Ball
Gabrielle Robinson,gabrielle robinson,KC CURRENT,NWSL,0.0,8,goals,goals,KC CURRENT,KC CURRENT,3,bottom,Gabrielle Robinson,NWSL,weak,5,5,2,3,0.0,0.0,0.0,0.0,,,0.0,0.0,0.0,0.0,False,False,Gabrielle Robinson
Debinha,debinha,KC CURRENT,NWSL,0.375,8,goals,goals,KC CURRENT,KC CURRENT,1,top,Debinha,NWSL,weak,5,5,2,3,0.4,0.3676190476190476,-0.41428571428571426,0.888888888888889,,0.8385604280548115,0.6666666666666666,0.0,1.3031746031746032,1.3031746031746032,True,True,Debinha
Haley Hopkins,haley hopkins,KC CURRENT,NWSL,0.375,8,goals,goals,KC CURRENT,KC CURRENT,2,top,Haley Hopkins,NWSL,weak,5,5,2,3,0.4,0.3342857142857143,0.08571428571428572,0.5,,0.43463002702362774,0.3333333333333333,0.5,0.41428571428571426,0.41428571428571426,False,False,Haley Hopkins
Amelia White,amelia white,KC CURRENT,NWSL,0.25,8,goals,goals,KC CURRENT,KC CURRENT,3,top,Amelia White,NWSL,weak,5,5,2,3,0.4,0.2980952380952381,0.3285714285714286,0.2777777777777778,,-0.01609526201727654,0.3333333333333333,0.5,-0.050793650793650835,-0.050793650793650835,False,False,Amelia White
Kaylin Williams-Mosier,kaylin williams-mosier,KC CURRENT,NWSL,0.0,7,saves,saves,KC CURRENT,KC CURRENT,1,bottom,Kaylin Williams-Mosier,NWSL,weak,4,4,1,3,0.0,0.0,0.0,0.0,,,0.0,0.0,0.0,0.0,False,False,Kaylin Williams-Mosier
Marisa Jordan,marisa jordan,KC CURRENT,NWSL,3.125,8,saves,saves,KC CURRENT,KC CURRENT,2,bottom,Marisa Jordan,NWSL,weak,5,5,2,3,0.6,0.9442857142857143,1.9857142857142855,0.25,,-0.3601330938702566,0.6666666666666666,0.5,-1.7357142857142855,-1.7357142857142855,False,False,Marisa Jordan
Marisa Jordan,marisa jordan,KC CURRENT,NWSL,3.125,8,saves,saves,KC CURRENT,KC CURRENT,1,top,Marisa Jordan,NWSL,weak,5,5,2,3,0.6,0.9442857142857143,1.9857142857142855,0.25,,-0.3601330938702566,0.6666666666666666,0.5,-1.7357142857142855,-1.7357142857142855,False,False,Marisa Jordan
Kaylin Williams-Mosier,kaylin williams-mosier,KC CURRENT,NWSL,0.0,7,saves,saves,KC CURRENT,KC CURRENT,2,top,Kaylin Williams-Mosier,NWSL,weak,4,4,1,3,0.0,0.0,0.0,0.0,,,0.0,0.0,0.0,0.0,False,False,Kaylin Williams-Mosier
Katie Scott,katie scott,KC CURRENT,NWSL,0.0,7,shots,shots,KC CURRENT,KC CURRENT,1,bottom,Katie Scott,NWSL,elite,4,4,2,2,0.0,0.0,0.0,0.0,,,0.0,0.0,0.0,0.0,False,False,Katie Scott
Kaylin Williams-Mosier,kaylin williams-mosier,KC CURRENT,NWSL,0.0,7,shots,shots,KC CURRENT,KC CURRENT,2,bottom,Kaylin Williams-Mosier,NWSL,weak,4,4,1,3,0.0,0.0,0.0,0.0,,,0.0,0.0,0.0,0.0,False,False,Kaylin Williams-Mosier
Kolo Suliafu,kolo suliafu,KC CURRENT,NWSL,0.0,6,shots,shots,KC CURRENT,KC CURRENT,3,bottom,Kolo Suliafu,NWSL,weak,3,3,1,2,0.0,0.0,0.0,0.0,,,0.0,0.0,0.0,0.0,False,False,Kolo Suliafu
Croix Bethune,croix bethune,KC CURRENT,NWSL,2.0,8,shots,shots,KC CURRENT,KC CURRENT,1,top,Croix Bethune,NWSL,weak,5,5,2,3,0.0,-1.2771428571428571,-1.4428571428571428,-1.1666666666666667,,0.08702357114655306,0.0,0.0,0.2761904761904761,0.2761904761904761,False,True,Croix Bethune
Debinha,debinha,KC CURRENT,NWSL,2.0,8,shots,shots,KC CURRENT,KC CURRENT,2,top,Debinha,NWSL,weak,5,5,2,3,0.6,1.1880952380952383,-0.5714285714285714,2.361111111111111,,0.8977721344057704,1.0,0.0,2.932539682539683,2.932539682539683,True,True,Debinha
Haley Hopkins,haley hopkins,KC CURRENT,NWSL,1.875,8,shots,shots,KC CURRENT,KC CURRENT,3,top,Haley Hopkins,NWSL,weak,5,5,2,3,0.6,0.3500000000000001,0.0,0.5833333333333335,,0.2970376445011951,0.6666666666666666,0.5,0.5833333333333335,0.5833333333333335,True,False,Haley Hopkins
Elizabeth Ball,elizabeth ball,KC CURRENT,NWSL,0.0,8,shots_on_target,shots_on_target,KC CURRENT,KC CURRENT,1,bottom,Elizabeth Ball,NWSL,weak,5,5,2,3,0.0,0.0,0.0,0.0,,,0.0,0.0,0.0,0.0,False,False,Elizabeth Ball
Katie Scott,katie scott,KC CURRENT,NWSL,0.0,7,shots_on_target,shots_on_target,KC CURRENT,KC CURRENT,2,bottom,Katie Scott,NWSL,elite,4,4,2,2,0.0,0.0,0.0,0.0,,,0.0,0.0,0.0,0.0,False,False,Katie Scott
Kayla Sharples,kayla sharples,KC CURRENT,NWSL,0.0,6,shots_on_target,shots_on_target,KC CURRENT,KC CURRENT,3,bottom,Kayla Sharples,NWSL,weak,3,3,1,2,0.0,0.0,0.0,0.0,,,0.0,0.0,0.0,0.0,False,False,Kayla Sharples
Croix Bethune,croix bethune,KC CURRENT,NWSL,1.375,8,shots_on_target,shots_on_target,KC CURRENT,KC CURRENT,1,top,Croix Bethune,NWSL,weak,5,5,2,3,0.2,-1.1076190476190475,-0.6857142857142857,-1.388888888888889,,-0.29015417874580435,0.0,0.5,-0.7031746031746033,-0.7031746031746033,False,True,Croix Bethune
Debinha,debinha,KC CURRENT,NWSL,1.0,8,shots_on_target,shots_on_target,KC CURRENT,KC CURRENT,2,top,Debinha,NWSL,weak,5,5,2,3,0.4,0.2147619047619048,-0.6714285714285714,0.8055555555555557,,0.7888435664300274,0.6666666666666666,0.0,1.476984126984127,1.476984126984127,True,True,Debinha
Amelia White,amelia white,KC CURRENT,NWSL,0.875,8,shots_on_target,shots_on_target,KC CURRENT,KC CURRENT,3,top,Amelia White,NWSL,weak,5,5,2,3,0.8,1.077142857142857,0.9428571428571428,1.1666666666666667,,0.3067384363280652,0.6666666666666666,1.0,0.2238095238095239,0.2238095238095239,False,False,Amelia White
Chris Rindov,chris rindov,LA GALAXY,MLS,0.0,5,assists,assists,LA GALAXY,LA GALAXY,1,bottom,Chris Rindov,MLS,mid,2,2,0,0,0.0,0.0,,,0.0,,,,,,False,False,Chris Rindov
Elijah Wynder,elijah wynder,LA GALAXY,MLS,0.0,5,assists,assists,LA GALAXY,LA GALAXY,2,bottom,Elijah Wynder,MLS,mid,2,2,0,0,0.0,0.0,,,0.0,,,,,,False,False,Elijah Wynder
Harbor Miller,harbor miller,LA GALAXY,MLS,0.0,5,assists,assists,LA GALAXY,LA GALAXY,3,bottom,Harbor Miller,MLS,mid,2,2,0,0,0.0,0.0,,,0.0,,,,,,False,False,Harbor Miller
Chris Rindov,chris rindov,LA GALAXY,MLS,0.0,5,assists,assists,LA GALAXY,LA GALAXY,1,top,Chris Rindov,MLS,mid,2,2,0,0,0.0,0.0,,,0.0,,,,,,False,False,Chris Rindov
Elijah Wynder,elijah wynder,LA GALAXY,MLS,0.0,5,assists,assists,LA GALAXY,LA GALAXY,2,top,Elijah Wynder,MLS,mid,2,2,0,0,0.0,0.0,,,0.0,,,,,,False,False,Elijah Wynder
Harbor Miller,harbor miller,LA GALAXY,MLS,0.0,5,assists,assists,LA GALAXY,LA GALAXY,3,top,Harbor Miller,MLS,mid,2,2,0,0,0.0,0.0,,,0.0,,,,,,False,False,Harbor Miller
Chris Rindov,chris rindov,LA GALAXY,MLS,0.0,5,goals,goals,LA GALAXY,LA GALAXY,1,bottom,Chris Rindov,MLS,mid,2,2,0,0,0.0,0.0,,,0.0,,,,,,False,False,Chris Rindov
Elijah Wynder,elijah wynder,LA GALAXY,MLS,0.0,5,goals,goals,LA GALAXY,LA GALAXY,2,bottom,Elijah Wynder,MLS,mid,2,2,0,0,0.0,0.0,,,0.0,,,,,,False,False,Elijah Wynder
Harbor Miller,harbor miller,LA GALAXY,MLS,0.0,5,goals,goals,LA GALAXY,LA GALAXY,3,bottom,Harbor Miller,MLS,mid,2,2,0,0,0.0,0.0,,,0.0,,,,,,False,False,Harbor Miller
Joseph Paintsil,joseph paintsil,LA GALAXY,MLS,0.2,5,goals,goals,LA GALAXY,LA GALAXY,1,top,Joseph Paintsil,MLS,mid,2,2,0,0,0.0,-0.29166666666666663,,,-0.29166666666666663,,,,,,False,False,Joseph Paintsil
Chris Rindov,chris rindov,LA GALAXY,MLS,0.0,5,goals,goals,LA GALAXY,LA GALAXY,2,top,Chris Rindov,MLS,mid,2,2,0,0,0.0,0.0,,,0.0,,,,,,False,False,Chris Rindov
Elijah Wynder,elijah wynder,LA GALAXY,MLS,0.0,5,goals,goals,LA GALAXY,LA GALAXY,3,top,Elijah Wynder,MLS,mid,2,2,0,0,0.0,0.0,,,0.0,,,,,,False,False,Elijah Wynder
Novak Micovic,novak micovic,LA GALAXY,MLS,0.4,5,saves,saves,LA GALAXY,LA GALAXY,1,bottom,Novak Micovic,MLS,mid,2,2,0,0,0.0,-0.5833333333333333,,,-0.5833333333333333,,,,,,False,False,Novak Micovic
JT Marcinkowski,jt marcinkowski,LA GALAXY,MLS,3.0,5,saves,saves,LA GALAXY,LA GALAXY,2,bottom,JT Marcinkowski,MLS,mid,2,2,0,0,0.5,-0.9166666666666667,,,-0.9166666666666667,,,,,,False,False,JT Marcinkowski
JT Marcinkowski,jt marcinkowski,LA GALAXY,MLS,3.0,5,saves,saves,LA GALAXY,LA GALAXY,1,top,JT Marcinkowski,MLS,mid,2,2,0,0,0.5,-0.9166666666666667,,,-0.9166666666666667,,,,,,False,False,JT Marcinkowski
Novak Micovic,novak micovic,LA GALAXY,MLS,0.4,5,saves,saves,LA GALAXY,LA GALAXY,2,top,Novak Micovic,MLS,mid,2,2,0,0,0.0,-0.5833333333333333,,,-0.5833333333333333,,,,,,False,False,Novak Micovic
Chris Rindov,chris rindov,LA GALAXY,MLS,0.0,5,shots,shots,LA GALAXY,LA GALAXY,1,bottom,Chris Rindov,MLS,mid,2,2,0,0,0.0,0.0,,,0.0,,,,,,False,False,Chris Rindov
Isaiah Parente,isaiah parente,LA GALAXY,MLS,0.0,5,shots,shots,LA GALAXY,LA GALAXY,2,bottom,Isaiah Parente,MLS,mid,2,2,0,0,0.0,0.0,,,0.0,,,,,,False,False,Isaiah Parente
JT Marcinkowski,jt marcinkowski,LA GALAXY,MLS,0.0,5,shots,shots,LA GALAXY,LA GALAXY,3,bottom,JT Marcinkowski,MLS,mid,2,2,0,0,0.0,0.0,,,0.0,,,,,,False,False,JT Marcinkowski
Joseph Paintsil,joseph paintsil,LA GALAXY,MLS,2.4,5,shots,shots,LA GALAXY,LA GALAXY,1,top,Joseph Paintsil,MLS,mid,2,2,0,0,0.5,-0.7083333333333333,,,-0.7083333333333333,,,,,,False,False,Joseph Paintsil
Harbor Miller,harbor miller,LA GALAXY,MLS,1.0,5,shots,shots,LA GALAXY,LA GALAXY,2,top,Harbor Miller,MLS,mid,2,2,0,0,0.0,0.0,,,0.0,,,,,,False,False,Harbor Miller
John Nelson,john nelson,LA GALAXY,MLS,0.8,5,shots,shots,LA GALAXY,LA GALAXY,3,top,John Nelson,MLS,mid,2,2,0,0,0.5,0.8333333333333333,,,0.8333333333333333,,,,,,False,False,John Nelson
Chris Rindov,chris rindov,LA GALAXY,MLS,0.0,5,shots_on_target,shots_on_target,LA GALAXY,LA GALAXY,1,bottom,Chris Rindov,MLS,mid,2,2,0,0,0.0,0.0,,,0.0,,,,,,False,False,Chris Rindov
Harbor Miller,harbor miller,LA GALAXY,MLS,0.0,5,shots_on_target,shots_on_target,LA GALAXY,LA GALAXY,2,bottom,Harbor Miller,MLS,mid,2,2,0,0,0.0,0.0,,,0.0,,,,,,False,False,Harbor Miller
Isaiah Parente,isaiah parente,LA GALAXY,MLS,0.0,5,shots_on_target,shots_on_target,LA GALAXY,LA GALAXY,3,bottom,Isaiah Parente,MLS,mid,2,2,0,0,0.0,0.0,,,0.0,,,,,,False,False,Isaiah Parente
Joseph Paintsil,joseph paintsil,LA GALAXY,MLS,1.0,5,shots_on_target,shots_on_target,LA GALAXY,LA GALAXY,1,top,Joseph Paintsil,MLS,mid,2,2,0,0,0.5,-0.125,,,-0.125,,,,,,False,False,Joseph Paintsil
John Nelson,john nelson,LA GALAXY,MLS,0.4,5,shots_on_target,shots_on_target,LA GALAXY,LA GALAXY,2,top,John Nelson,MLS,mid,2,2,0,0,0.5,0.75,,,0.75,,,,,,False,False,John Nelson
Elijah Wynder,elijah wynder,LA GALAXY,MLS,0.2,5,shots_on_target,shots_on_target,LA GALAXY,LA GALAXY,3,top,Elijah Wynder,MLS,mid,2,2,0,0,0.5,0.375,,,0.375,,,,,,False,False,Elijah Wynder
Aaron Long,aaron long,LAFC,MLS,0.0,5,assists,assists,LAFC,LAFC,1,bottom,Aaron Long,MLS,elite,2,2,1,0,0.0,0.0,0.0,,0.0,,,0.0,,,False,False,Aaron Long
Eddie Segura,eddie segura,LAFC,MLS,0.0,5,assists,assists,LAFC,LAFC,2,bottom,Eddie Segura,MLS,elite,2,2,1,0,0.0,0.0,0.0,,0.0,,,0.0,,,False,False,Eddie Segura
Hugo Lloris,hugo lloris,LAFC,MLS,0.0,5,assists,assists,LAFC,LAFC,3,bottom,Hugo Lloris,MLS,elite,2,2,1,0,0.0,0.0,0.0,,0.0,,,0.0,,,False,False,Hugo Lloris
Denis Bouanga,denis bouanga,LAFC,MLS,0.4,5,assists,assists,LAFC,LAFC,1,top,Denis Bouanga,MLS,elite,2,2,1,0,0.5,0.08333333333333337,0.6666666666666667,,-0.5,,,1.0,,,False,False,Denis Bouanga
Mathieu Choinière,mathieu choiniere,LAFC,MLS,0.4,5,assists,assists,LAFC,LAFC,2,top,Mathieu Choinière,MLS,elite,3,3,1,1,0.3333333333333333,-0.07777777777777777,-0.5,0.6666666666666667,-0.4,,1.0,0.0,1.1666666666666667,1.1666666666666667,False,False,Mathieu Choinière
Mark Delgado,mark delgado,LAFC,MLS,0.2,5,assists,assists,LAFC,LAFC,3,top,Mark Delgado,MLS,elite,2,2,1,0,0.0,-0.29166666666666663,-0.3333333333333333,,-0.25,,,0.0,,,False,False,Mark Delgado
Aaron Long,aaron long,LAFC,MLS,0.0,5,goals,goals,LAFC,LAFC,1,bottom,Aaron Long,MLS,elite,2,2,1,0,0.0,0.0,0.0,,0.0,,,0.0,,,False,False,Aaron Long
Eddie Segura,eddie segura,LAFC,MLS,0.0,5,goals,goals,LAFC,LAFC,2,bottom,Eddie Segura,MLS,elite,2,2,1,0,0.0,0.0,0.0,,0.0,,,0.0,,,False,False,Eddie Segura
Hugo Lloris,hugo lloris,LAFC,MLS,0.0,5,goals,goals,LAFC,LAFC,3,bottom,Hugo Lloris,MLS,elite,2,2,1,0,0.0,0.0,0.0,,0.0,,,0.0,,,False,False,Hugo Lloris
Denis Bouanga,denis bouanga,LAFC,MLS,0.8,5,goals,goals,LAFC,LAFC,1,top,Denis Bouanga,MLS,elite,2,2,1,0,0.0,-1.1666666666666665,-1.3333333333333333,,-1.0,,,0.0,,,False,False,Denis Bouanga
Son Heung-Min,son heung-min,LAFC,MLS,0.8,5,goals,goals,LAFC,LAFC,2,top,Son Heung-Min,MLS,elite,2,2,1,0,0.0,-0.725,-0.25,,-1.2,,,0.0,,,False,False,Son Heung-Min
Mark Delgado,mark delgado,LAFC,MLS,0.2,5,goals,goals,LAFC,LAFC,3,top,Mark Delgado,MLS,elite,2,2,1,0,0.0,-0.29166666666666663,-0.3333333333333333,,-0.25,,,0.0,,,False,False,Mark Delgado
Hugo Lloris,hugo lloris,LAFC,MLS,2.6,5,saves,saves,LAFC,LAFC,1,bottom,Hugo Lloris,MLS,elite,2,2,1,0,0.5,-0.33333333333333326,1.3333333333333335,,-2.0,,,1.0,,,False,False,Hugo Lloris
Hugo Lloris,hugo lloris,LAFC,MLS,2.6,5,saves,saves,LAFC,LAFC,1,top,Hugo Lloris,MLS,elite,2,2,1,0,0.5,-0.33333333333333326,1.3333333333333335,,-2.0,,,1.0,,,False,False,Hugo Lloris
Aaron Long,aaron long,LAFC,MLS,0.0,5,shots,shots,LAFC,LAFC,1,bottom,Aaron Long,MLS,elite,2,2,1,0,0.0,0.0,0.0,,0.0,,,0.0,,,False,False,Aaron Long
Hugo Lloris,hugo lloris,LAFC,MLS,0.0,5,shots,shots,LAFC,LAFC,2,bottom,Hugo Lloris,MLS,elite,2,2,1,0,0.0,0.0,0.0,,0.0,,,0.0,,,False,False,Hugo Lloris
Jacob Shaffelburg,jacob shaffelburg,LAFC,MLS,0.0,5,shots,shots,LAFC,LAFC,3,bottom,Jacob Shaffelburg,MLS,elite,3,3,1,1,0.0,0.0,0.0,0.0,0.0,,0.0,0.0,0.0,0.0,False,False,Jacob Shaffelburg
Son Heung-Min,son heung-min,LAFC,MLS,4.2,5,shots,shots,LAFC,LAFC,1,top,Son Heung-Min,MLS,elite,2,2,1,0,0.0,-1.0750000000000002,-1.75,,-0.40000000000000036,,,0.0,,,False,False,Son Heung-Min
Denis Bouanga,denis bouanga,LAFC,MLS,1.8,5,shots,shots,LAFC,LAFC,2,top,Denis Bouanga,MLS,elite,2,2,1,0,0.5,-1.0416666666666667,-2.3333333333333335,,0.25,,,0.0,,,False,False,Denis Bouanga
Eddie Segura,eddie segura,LAFC,MLS,1.2,5,shots,shots,LAFC,LAFC,3,top,Eddie Segura,MLS,elite,2,2,1,0,1.0,1.2916666666666667,0.33333333333333337,,2.25,,,1.0,,,False,False,Eddie Segura
Aaron Long,aaron long,LAFC,MLS,0.0,5,shots_on_target,shots_on_target,LAFC,LAFC,1,bottom,Aaron Long,MLS,elite,2,2,1,0,0.0,0.0,0.0,,0.0,,,0.0,,,False,False,Aaron Long
Hugo Lloris,hugo lloris,LAFC,MLS,0.0,5,shots_on_target,shots_on_target,LAFC,LAFC,2,bottom,Hugo Lloris,MLS,elite,2,2,1,0,0.0,0.0,0.0,,0.0,,,0.0,,,False,False,Hugo Lloris
Jacob Shaffelburg,jacob shaffelburg,LAFC,MLS,0.0,5,shots_on_target,shots_on_target,LAFC,LAFC,3,bottom,Jacob Shaffelburg,MLS,elite,3,3,1,1,0.0,0.0,0.0,0.0,0.0,,0.0,0.0,0.0,0.0,False,False,Jacob Shaffelburg
Son Heung-Min,son heung-min,LAFC,MLS,1.4,5,shots_on_target,shots_on_target,LAFC,LAFC,1,top,Son Heung-Min,MLS,elite,2,2,1,0,0.0,-1.625,-1.25,,-2.0,,,0.0,,,False,False,Son Heung-Min
Denis Bouanga,denis bouanga,LAFC,MLS,1.2,5,shots_on_target,shots_on_target,LAFC,LAFC,2,top,Denis Bouanga,MLS,elite,2,2,1,0,0.0,-0.9583333333333334,-1.6666666666666667,,-0.25,,,0.0,,,False,False,Denis Bouanga
Mark Delgado,mark delgado,LAFC,MLS,0.4,5,shots_on_target,shots_on_target,LAFC,LAFC,3,top,Mark Delgado,MLS,elite,2,2,1,0,0.5,0.20833333333333334,-0.3333333333333333,,0.75,,,0.0,,,False,False,Mark Delgado
Audrey McKeen,audrey mckeen,LOUISVILLE,NWSL,0.0,7,assists,assists,LOUISVILLE,LOUISVILLE,1,bottom,Audrey McKeen,NWSL,weak,4,4,0,3,0.0,0.0,,0.0,0.0,,0.0,,,,False,False,Audrey McKeen
Avery Ciorbu,avery ciorbu,LOUISVILLE,NWSL,0.0,7,assists,assists,LOUISVILLE,LOUISVILLE,2,bottom,Avery Ciorbu,NWSL,weak,4,4,0,3,0.0,0.0,,0.0,0.0,,0.0,,,,False,False,Avery Ciorbu
Courtney Petersen,courtney petersen,LOUISVILLE,NWSL,0.0,8,assists,assists,LOUISVILLE,LOUISVILLE,3,bottom,Courtney Petersen,NWSL,weak,5,5,1,3,0.0,0.0,0.0,0.0,0.0,,0.0,0.0,0.0,0.0,False,False,Courtney Petersen
Emma Sears,emma sears,LOUISVILLE,NWSL,0.25,8,assists,assists,LOUISVILLE,LOUISVILLE,1,top,Emma Sears,NWSL,weak,5,5,1,3,0.4,0.3380952380952381,0.0,0.6190476190476191,-0.16666666666666666,0.7269706868207451,0.6666666666666666,0.0,0.6190476190476191,0.6190476190476191,True,False,Emma Sears
Katie O'Kane,katie o'kane,LOUISVILLE,NWSL,0.25,8,assists,assists,LOUISVILLE,LOUISVILLE,2,top,Katie O'Kane,NWSL,weak,5,5,1,3,0.4,0.37142857142857144,0.0,0.28571428571428575,1.0,-0.2260513228923806,0.3333333333333333,0.0,0.28571428571428575,0.28571428571428575,False,False,Katie O'Kane
Lauren Milliet,lauren milliet,LOUISVILLE,NWSL,0.25,8,assists,assists,LOUISVILLE,LOUISVILLE,3,top,Lauren Milliet,NWSL,weak,5,5,1,3,0.2,0.34285714285714286,0.0,-0.09523809523809523,2.0,-0.362619847308786,0.0,0.0,-0.09523809523809523,-0.09523809523809523,False,False,Lauren Milliet
Arin Wright,arin wright,LOUISVILLE,NWSL,0.0,8,goals,goals,LOUISVILLE,LOUISVILLE,1,bottom,Arin Wright,NWSL,weak,5,5,1,3,0.0,0.0,0.0,0.0,0.0,,0.0,0.0,0.0,0.0,False,False,Arin Wright
Avery Ciorbu,avery ciorbu,LOUISVILLE,NWSL,0.0,7,goals,goals,LOUISVILLE,LOUISVILLE,2,bottom,Avery Ciorbu,NWSL,weak,4,4,0,3,0.0,0.0,,0.0,0.0,,0.0,,,,False,False,Avery Ciorbu
Courtney Petersen,courtney petersen,LOUISVILLE,NWSL,0.0,8,goals,goals,LOUISVILLE,LOUISVILLE,3,bottom,Courtney Petersen,NWSL,weak,5,5,1,3,0.0,0.0,0.0,0.0,0.0,,0.0,0.0,0.0,0.0,False,False,Courtney Petersen
Kayla Fischer,kayla fischer,LOUISVILLE,NWSL,0.5,8,goals,goals,LOUISVILLE,LOUISVILLE,1,top,Kayla Fischer,NWSL,weak,5,5,1,3,0.4,0.3195238095238096,-0.3333333333333333,0.7547619047619047,-0.3333333333333333,0.5308404335776568,0.6666666666666666,0.0,1.088095238095238,1.088095238095238,True,False,Kayla Fischer
Emma Sears,emma sears,LOUISVILLE,NWSL,0.375,8,goals,goals,LOUISVILLE,LOUISVILLE,2,top,Emma Sears,NWSL,weak,5,5,1,3,0.4,0.5428571428571429,0.0,0.2380952380952381,2.0,-0.32707777357608975,0.3333333333333333,0.0,0.2380952380952381,0.2380952380952381,False,False,Emma Sears
Maja Lardner,maja lardner,LOUISVILLE,NWSL,0.25,8,goals,goals,LOUISVILLE,LOUISVILLE,3,top,Maja Lardner,NWSL,weak,5,5,1,3,0.2,0.09619047619047623,2.0,-0.3952380952380952,-0.3333333333333333,-0.7418755875848979,0.0,1.0,-2.395238095238095,-2.395238095238095,False,False,Maja Lardner
Maddie Prohaska,maddie prohaska,LOUISVILLE,NWSL,0.0,8,saves,saves,LOUISVILLE,LOUISVILLE,1,bottom,Maddie Prohaska,NWSL,weak,5,5,1,3,0.0,0.0,0.0,0.0,0.0,,0.0,0.0,0.0,0.0,False,False,Maddie Prohaska
Jordyn Bloomer,jordyn bloomer,LOUISVILLE,NWSL,4.0,8,saves,saves,LOUISVILLE,LOUISVILLE,2,bottom,Jordyn Bloomer,NWSL,weak,5,5,1,3,0.6,-0.15857142857142872,1.0,-0.9309523809523812,1.0,-0.8060445925489383,0.3333333333333333,1.0,-1.9309523809523812,-1.9309523809523812,False,False,Jordyn Bloomer
Jordyn Bloomer,jordyn bloomer,LOUISVILLE,NWSL,4.0,8,saves,saves,LOUISVILLE,LOUISVILLE,1,top,Jordyn Bloomer,NWSL,weak,5,5,1,3,0.6,-0.15857142857142872,1.0,-0.9309523809523812,1.0,-0.8060445925489383,0.3333333333333333,1.0,-1.9309523809523812,-1.9309523809523812,False,False,Jordyn Bloomer
Maddie Prohaska,maddie prohaska,LOUISVILLE,NWSL,0.0,8,saves,saves,LOUISVILLE,LOUISVILLE,2,top,Maddie Prohaska,NWSL,weak,5,5,1,3,0.0,0.0,0.0,0.0,0.0,,0.0,0.0,0.0,0.0,False,False,Maddie Prohaska
Ellie Jean,ellie jean,LOUISVILLE,NWSL,0.0,8,shots,shots,LOUISVILLE,LOUISVILLE,1,bottom,Ellie Jean,NWSL,weak,5,5,1,3,0.0,0.0,0.0,0.0,0.0,,0.0,0.0,0.0,0.0,False,False,Ellie Jean
Jordyn Bloomer,jordyn bloomer,LOUISVILLE,NWSL,0.0,8,shots,shots,LOUISVILLE,LOUISVILLE,2,bottom,Jordyn Bloomer,NWSL,weak,5,5,1,3,0.0,0.0,0.0,0.0,0.0,,0.0,0.0,0.0,0.0,False,False,Jordyn Bloomer
Macy Blackburn,macy blackburn,LOUISVILLE,NWSL,0.0,6,shots,shots,LOUISVILLE,LOUISVILLE,3,bottom,Macy Blackburn,NWSL,weak,3,3,0,2,0.0,0.0,,0.0,0.0,,0.0,,,,False,False,Macy Blackburn
Emma Sears,emma sears,LOUISVILLE,NWSL,2.375,8,shots,shots,LOUISVILLE,LOUISVILLE,1,top,Emma Sears,NWSL,weak,5,5,1,3,0.4,2.1476190476190475,0.0,2.1904761904761902,4.166666666666667,-0.16244738888087842,0.3333333333333333,0.0,2.1904761904761902,2.1904761904761902,False,False,Emma Sears
Kayla Fischer,kayla fischer,LOUISVILLE,NWSL,2.125,8,shots,shots,LOUISVILLE,LOUISVILLE,2,top,Kayla Fischer,NWSL,weak,5,5,1,3,0.8,0.7033333333333334,0.33333333333333326,0.2833333333333334,2.333333333333333,-0.0657679134783572,0.6666666666666666,1.0,-0.04999999999999988,-0.04999999999999988,False,False,Kayla Fischer
Maja Lardner,maja lardner,LOUISVILLE,NWSL,1.75,8,shots,shots,LOUISVILLE,LOUISVILLE,3,top,Maja Lardner,NWSL,weak,5,5,1,3,0.8,0.7371428571428572,2.0,0.06190476190476191,1.5,-0.9870491724508537,0.6666666666666666,1.0,-1.938095238095238,-1.938095238095238,False,False,Maja Lardner
Arin Wright,arin wright,LOUISVILLE,NWSL,0.0,8,shots_on_target,shots_on_target,LOUISVILLE,LOUISVILLE,1,bottom,Arin Wright,NWSL,weak,5,5,1,3,0.0,0.0,0.0,0.0,0.0,,0.0,0.0,0.0,0.0,False,False,Arin Wright
Avery Ciorbu,avery ciorbu,LOUISVILLE,NWSL,0.0,7,shots_on_target,shots_on_target,LOUISVILLE,LOUISVILLE,2,bottom,Avery Ciorbu,NWSL,weak,4,4,0,3,0.0,0.0,,0.0,0.0,,0.0,,,,False,False,Avery Ciorbu
Ella Hase,ella hase,LOUISVILLE,NWSL,0.0,8,shots_on_target,shots_on_target,LOUISVILLE,LOUISVILLE,3,bottom,Ella Hase,NWSL,weak,5,5,1,3,0.0,0.0,0.0,0.0,0.0,,0.0,0.0,0.0,0.0,False,False,Ella Hase
Kayla Fischer,kayla fischer,LOUISVILLE,NWSL,1.0,8,shots_on_target,shots_on_target,LOUISVILLE,LOUISVILLE,1,top,Kayla Fischer,NWSL,weak,5,5,1,3,0.8,0.49190476190476196,0.33333333333333337,0.2642857142857143,1.3333333333333335,-0.2593196637098876,0.6666666666666666,1.0,-0.06904761904761908,-0.06904761904761908,False,False,Kayla Fischer
Emma Sears,emma sears,LOUISVILLE,NWSL,0.875,8,shots_on_target,shots_on_target,LOUISVILLE,LOUISVILLE,2,top,Emma Sears,NWSL,weak,5,5,1,3,0.6,0.3252380952380952,0.33333333333333337,-0.40238095238095245,2.5,-0.598928176872957,0.3333333333333333,1.0,-0.7357142857142858,-0.7357142857142858,False,False,Emma Sears
Maja Lardner,maja lardner,LOUISVILLE,NWSL,0.75,8,shots_on_target,shots_on_target,LOUISVILLE,LOUISVILLE,3,top,Maja Lardner,NWSL,weak,5,5,1,3,0.4,0.19523809523809518,2.6666666666666665,-0.6190476190476191,0.16666666666666663,-0.8547434097364788,0.0,1.0,-3.2857142857142856,-3.2857142857142856,False,False,Maja Lardner
Brandan Craig,brandan craig,MONTREAL,MLS,0.0,5,assists,assists,MONTREAL,MONTREAL,1,bottom,Brandan Craig,MLS,elite,2,2,1,0,0.0,0.0,0.0,,0.0,,,0.0,,,False,False,Brandan Craig
Brayan Vera,brayan vera,MONTREAL,MLS,0.0,5,assists,assists,MONTREAL,MONTREAL,2,bottom,Brayan Vera,MLS,elite,2,2,1,0,0.0,0.0,0.0,,0.0,,,0.0,,,False,False,Brayan Vera
Daniel Ríos,daniel rios,MONTREAL,MLS,0.0,5,assists,assists,MONTREAL,MONTREAL,3,bottom,Daniel Ríos,MLS,elite,2,2,1,0,0.0,0.0,0.0,,0.0,,,0.0,,,False,False,Daniel Ríos
Luca Petrasso,luca petrasso,MONTREAL,MLS,0.2,5,assists,assists,MONTREAL,MONTREAL,1,top,Luca Petrasso,MLS,elite,2,2,1,0,0.5,0.375,1.0,,-0.25,,,1.0,,,False,False,Luca Petrasso
Brandan Craig,brandan craig,MONTREAL,MLS,0.0,5,assists,assists,MONTREAL,MONTREAL,2,top,Brandan Craig,MLS,elite,2,2,1,0,0.0,0.0,0.0,,0.0,,,0.0,,,False,False,Brandan Craig
Brayan Vera,brayan vera,MONTREAL,MLS,0.0,5,assists,assists,MONTREAL,MONTREAL,3,top,Brayan Vera,MLS,elite,2,2,1,0,0.0,0.0,0.0,,0.0,,,0.0,,,False,False,Brayan Vera
Brandan Craig,brandan craig,MONTREAL,MLS,0.0,5,goals,goals,MONTREAL,MONTREAL,1,bottom,Brandan Craig,MLS,elite,2,2,1,0,0.0,0.0,0.0,,0.0,,,0.0,,,False,False,Brandan Craig
Daniel Ríos,daniel rios,MONTREAL,MLS,0.0,5,goals,goals,MONTREAL,MONTREAL,2,bottom,Daniel Ríos,MLS,elite,2,2,1,0,0.0,0.0,0.0,,0.0,,,0.0,,,False,False,Daniel Ríos
Dawid Bugaj,dawid bugaj,MONTREAL,MLS,0.0,5,goals,goals,MONTREAL,MONTREAL,3,bottom,Dawid Bugaj,MLS,elite,2,2,1,0,0.0,0.0,0.0,,0.0,,,0.0,,,False,False,Dawid Bugaj
Brayan Vera,brayan vera,MONTREAL,MLS,0.2,5,goals,goals,MONTREAL,MONTREAL,1,top,Brayan Vera,MLS,elite,2,2,1,0,0.5,0.375,1.0,,-0.25,,,1.0,,,False,False,Brayan Vera
Brandan Craig,brandan craig,MONTREAL,MLS,0.0,5,goals,goals,MONTREAL,MONTREAL,2,top,Brandan Craig,MLS,elite,2,2,1,0,0.0,0.0,0.0,,0.0,,,0.0,,,False,False,Brandan Craig
Daniel Ríos,daniel rios,MONTREAL,MLS,0.0,5,goals,goals,MONTREAL,MONTREAL,3,top,Daniel Ríos,MLS,elite,2,2,1,0,0.0,0.0,0.0,,0.0,,,0.0,,,False,False,Daniel Ríos
Sébastian Breza,sebastian breza,MONTREAL,MLS,0.8,5,saves,saves,MONTREAL,MONTREAL,1,bottom,Sébastian Breza,MLS,elite,2,2,1,0,0.5,0.8333333333333333,2.6666666666666665,,-1.0,,,1.0,,,False,False,Sébastian Breza
Sébastian Breza,sebastian breza,MONTREAL,MLS,0.8,5,saves,saves,MONTREAL,MONTREAL,1,top,Sébastian Breza,MLS,elite,2,2,1,0,0.5,0.8333333333333333,2.6666666666666665,,-1.0,,,1.0,,,False,False,Sébastian Breza
Brandan Craig,brandan craig,MONTREAL,MLS,0.0,5,shots,shots,MONTREAL,MONTREAL,1,bottom,Brandan Craig,MLS,elite,2,2,1,0,0.0,0.0,0.0,,0.0,,,0.0,,,False,False,Brandan Craig
Jalen Neal,jalen neal,MONTREAL,MLS,0.0,5,shots,shots,MONTREAL,MONTREAL,2,bottom,Jalen Neal,MLS,elite,2,2,1,0,0.0,0.0,0.0,,0.0,,,0.0,,,False,False,Jalen Neal
Samuel Piette,samuel piette,MONTREAL,MLS,0.0,5,shots,shots,MONTREAL,MONTREAL,3,bottom,Samuel Piette,MLS,elite,2,2,1,0,0.0,0.0,0.0,,0.0,,,0.0,,,False,False,Samuel Piette
Hennadii Synchuk,hennadii synchuk,MONTREAL,MLS,4.0,5,shots,shots,MONTREAL,MONTREAL,1,top,Hennadii Synchuk,MLS,elite,2,2,1,0,0.5,1.3333333333333333,2.6666666666666665,,0.0,,,1.0,,,False,False,Hennadii Synchuk
Brayan Vera,brayan vera,MONTREAL,MLS,1.4,5,shots,shots,MONTREAL,MONTREAL,2,top,Brayan Vera,MLS,elite,2,2,1,0,1.0,2.333333333333333,2.6666666666666665,,2.0,,,1.0,,,False,False,Brayan Vera
Daniel Ríos,daniel rios,MONTREAL,MLS,1.2,5,shots,shots,MONTREAL,MONTREAL,3,top,Daniel Ríos,MLS,elite,2,2,1,0,0.5,-0.16666666666666663,-1.3333333333333333,,1.0,,,0.0,,,False,False,Daniel Ríos
Brandan Craig,brandan craig,MONTREAL,MLS,0.0,5,shots_on_target,shots_on_target,MONTREAL,MONTREAL,1,bottom,Brandan Craig,MLS,elite,2,2,1,0,0.0,0.0,0.0,,0.0,,,0.0,,,False,False,Brandan Craig
Dawid Bugaj,dawid bugaj,MONTREAL,MLS,0.0,5,shots_on_target,shots_on_target,MONTREAL,MONTREAL,2,bottom,Dawid Bugaj,MLS,elite,2,2,1,0,0.0,0.0,0.0,,0.0,,,0.0,,,False,False,Dawid Bugaj
Fabian Herbers,fabian herbers,MONTREAL,MLS,0.0,5,shots_on_target,shots_on_target,MONTREAL,MONTREAL,3,bottom,Fabian Herbers,MLS,elite,2,2,1,0,0.0,0.0,0.0,,0.0,,,0.0,,,False,False,Fabian Herbers
Hennadii Synchuk,hennadii synchuk,MONTREAL,MLS,1.8,5,shots_on_target,shots_on_target,MONTREAL,MONTREAL,1,top,Hennadii Synchuk,MLS,elite,2,2,1,0,1.0,0.9583333333333334,1.6666666666666667,,0.25,,,1.0,,,False,False,Hennadii Synchuk
Brayan Vera,brayan vera,MONTREAL,MLS,0.6,5,shots_on_target,shots_on_target,MONTREAL,MONTREAL,2,top,Brayan Vera,MLS,elite,2,2,1,0,1.0,1.25,2.0,,0.5,,,1.0,,,False,False,Brayan Vera
Daniel Ríos,daniel rios,MONTREAL,MLS,0.4,5,shots_on_target,shots_on_target,MONTREAL,MONTREAL,3,top,Daniel Ríos,MLS,elite,2,2,1,0,0.5,0.20833333333333334,-0.3333333333333333,,0.75,,,0.0,,,False,False,Daniel Ríos
Ahmed Qasim,ahmed qasim,NASHVILLE,MLS,0.0,5,assists,assists,NASHVILLE,NASHVILLE,1,bottom,Ahmed Qasim,MLS,mid,2,2,0,1,0.0,0.0,,0.0,0.0,,0.0,,,,False,False,Ahmed Qasim
Andy Nájar,andy najar,NASHVILLE,MLS,0.0,5,assists,assists,NASHVILLE,NASHVILLE,2,bottom,Andy Nájar,MLS,mid,2,2,0,1,0.0,0.0,,0.0,0.0,,0.0,,,,False,False,Andy Nájar
Bryan Acosta,bryan acosta,NASHVILLE,MLS,0.0,5,assists,assists,NASHVILLE,NASHVILLE,3,bottom,Bryan Acosta,MLS,mid,2,2,0,1,0.0,0.0,,0.0,0.0,,0.0,,,,False,False,Bryan Acosta
Brian Schwake,brian schwake,NASHVILLE,MLS,0.2,5,assists,assists,NASHVILLE,NASHVILLE,1,top,Brian Schwake,MLS,mid,2,2,0,1,0.5,0.5,,1.0,0.0,,1.0,,,,False,False,Brian Schwake
Ahmed Qasim,ahmed qasim,NASHVILLE,MLS,0.0,5,assists,assists,NASHVILLE,NASHVILLE,2,top,Ahmed Qasim,MLS,mid,2,2,0,1,0.0,0.0,,0.0,0.0,,0.0,,,,False,False,Ahmed Qasim
Andy Nájar,andy najar,NASHVILLE,MLS,0.0,5,assists,assists,NASHVILLE,NASHVILLE,3,top,Andy Nájar,MLS,mid,2,2,0,1,0.0,0.0,,0.0,0.0,,0.0,,,,False,False,Andy Nájar
Ahmed Qasim,ahmed qasim,NASHVILLE,MLS,0.0,5,goals,goals,NASHVILLE,NASHVILLE,1,bottom,Ahmed Qasim,MLS,mid,2,2,0,1,0.0,0.0,,0.0,0.0,,0.0,,,,False,False,Ahmed Qasim
Brian Schwake,brian schwake,NASHVILLE,MLS,0.0,5,goals,goals,NASHVILLE,NASHVILLE,2,bottom,Brian Schwake,MLS,mid,2,2,0,1,0.0,0.0,,0.0,0.0,,0.0,,,,False,False,Brian Schwake
Bryan Acosta,bryan acosta,NASHVILLE,MLS,0.0,5,goals,goals,NASHVILLE,NASHVILLE,3,bottom,Bryan Acosta,MLS,mid,2,2,0,1,0.0,0.0,,0.0,0.0,,0.0,,,,False,False,Bryan Acosta
Sam Surridge,sam surridge,NASHVILLE,MLS,0.6,5,goals,goals,NASHVILLE,NASHVILLE,1,top,Sam Surridge,MLS,mid,2,2,0,1,1.0,0.675,,0.6,0.75,,1.0,,,,False,False,Sam Surridge
Hany Mukhtar,hany mukhtar,NASHVILLE,MLS,0.4,5,goals,goals,NASHVILLE,NASHVILLE,2,top,Hany Mukhtar,MLS,mid,2,2,0,1,0.5,1.0,,2.0,0.0,,1.0,,,,False,False,Hany Mukhtar
Shakur Mohammed,shakur mohammed,NASHVILLE,MLS,0.4,5,goals,goals,NASHVILLE,NASHVILLE,3,top,Shakur Mohammed,MLS,mid,2,2,0,1,0.5,0.08333333333333337,,-0.5,0.6666666666666667,,0.0,,,,False,False,Shakur Mohammed
Brian Schwake,brian schwake,NASHVILLE,MLS,3.6,5,saves,saves,NASHVILLE,NASHVILLE,1,bottom,Brian Schwake,MLS,mid,2,2,0,1,0.5,0.575,,-0.6000000000000001,1.75,,0.0,,,,False,False,Brian Schwake
Brian Schwake,brian schwake,NASHVILLE,MLS,3.6,5,saves,saves,NASHVILLE,NASHVILLE,1,top,Brian Schwake,MLS,mid,2,2,0,1,0.5,0.575,,-0.6000000000000001,1.75,,0.0,,,,False,False,Brian Schwake
Brian Schwake,brian schwake,NASHVILLE,MLS,0.0,5,shots,shots,NASHVILLE,NASHVILLE,1,bottom,Brian Schwake,MLS,mid,2,2,0,1,0.0,0.0,,0.0,0.0,,0.0,,,,False,False,Brian Schwake
Bryan Acosta,bryan acosta,NASHVILLE,MLS,0.0,5,shots,shots,NASHVILLE,NASHVILLE,2,bottom,Bryan Acosta,MLS,mid,2,2,0,1,0.0,0.0,,0.0,0.0,,0.0,,,,False,False,Bryan Acosta
Jack Maher,jack maher,NASHVILLE,MLS,0.0,5,shots,shots,NASHVILLE,NASHVILLE,3,bottom,Jack Maher,MLS,mid,2,2,0,1,0.0,0.0,,0.0,0.0,,0.0,,,,False,False,Jack Maher
Hany Mukhtar,hany mukhtar,NASHVILLE,MLS,2.6,5,shots,shots,NASHVILLE,NASHVILLE,1,top,Hany Mukhtar,MLS,mid,2,2,0,1,0.5,2.1,,5.2,-1.0,,1.0,,,,False,False,Hany Mukhtar
Sam Surridge,sam surridge,NASHVILLE,MLS,1.6,5,shots,shots,NASHVILLE,NASHVILLE,2,top,Sam Surridge,MLS,mid,2,2,0,1,1.0,2.25,,2.0,2.5,,1.0,,,,False,False,Sam Surridge
Shakur Mohammed,shakur mohammed,NASHVILLE,MLS,1.4,5,shots,shots,NASHVILLE,NASHVILLE,3,top,Shakur Mohammed,MLS,mid,2,2,0,1,0.5,-0.7083333333333334,,-1.75,0.33333333333333326,,0.0,,,,False,False,Shakur Mohammed
Ahmed Qasim,ahmed qasim,NASHVILLE,MLS,0.0,5,shots_on_target,shots_on_target,NASHVILLE,NASHVILLE,1,bottom,Ahmed Qasim,MLS,mid,2,2,0,1,0.0,0.0,,0.0,0.0,,0.0,,,,False,False,Ahmed Qasim
Brian Schwake,brian schwake,NASHVILLE,MLS,0.0,5,shots_on_target,shots_on_target,NASHVILLE,NASHVILLE,2,bottom,Brian Schwake,MLS,mid,2,2,0,1,0.0,0.0,,0.0,0.0,,0.0,,,,False,False,Brian Schwake
Bryan Acosta,bryan acosta,NASHVILLE,MLS,0.0,5,shots_on_target,shots_on_target,NASHVILLE,NASHVILLE,3,bottom,Bryan Acosta,MLS,mid,2,2,0,1,0.0,0.0,,0.0,0.0,,0.0,,,,False,False,Bryan Acosta
Hany Mukhtar,hany mukhtar,NASHVILLE,MLS,0.8,5,shots_on_target,shots_on_target,NASHVILLE,NASHVILLE,1,top,Hany Mukhtar,MLS,mid,2,2,0,1,0.5,0.825,,2.4,-0.75,,1.0,,,,False,False,Hany Mukhtar
Sam Surridge,sam surridge,NASHVILLE,MLS,0.6,5,shots_on_target,shots_on_target,NASHVILLE,NASHVILLE,2,top,Sam Surridge,MLS,mid,2,2,0,1,1.0,0.675,,0.6,0.75,,1.0,,,,False,False,Sam Surridge
Shakur Mohammed,shakur mohammed,NASHVILLE,MLS,0.6,5,shots_on_target,shots_on_target,NASHVILLE,NASHVILLE,3,top,Shakur Mohammed,MLS,mid,2,2,0,1,0.5,-0.20833333333333331,,-0.75,0.33333333333333337,,0.0,,,,False,False,Shakur Mohammed
Carly Wickenheiser,carly wickenheiser,NC COURAGE,NWSL,0.0,7,assists,assists,NC COURAGE,NC COURAGE,1,bottom,Carly Wickenheiser,NWSL,elite,4,4,2,0,0.0,0.0,0.0,,0.0,,,0.0,,,False,False,Carly Wickenheiser
Chioma Okafor,chioma okafor,NC COURAGE,NWSL,0.0,7,assists,assists,NC COURAGE,NC COURAGE,2,bottom,Chioma Okafor,NWSL,elite,4,4,2,0,0.0,0.0,0.0,,0.0,,,0.0,,,False,False,Chioma Okafor
Dani Weatherholt,dani weatherholt,NC COURAGE,NWSL,0.0,7,assists,assists,NC COURAGE,NC COURAGE,3,bottom,Dani Weatherholt,NWSL,elite,4,4,2,0,0.0,0.0,0.0,,0.0,,,0.0,,,False,False,Dani Weatherholt
Shinomi Koyama,shinomi koyama,NC COURAGE,NWSL,0.42857142857142855,7,assists,assists,NC COURAGE,NC COURAGE,1,top,Shinomi Koyama,NWSL,elite,4,4,2,0,0.5,0.10833333333333336,0.6666666666666667,,-0.45,,,1.0,,,False,False,Shinomi Koyama
Ashley Sanchez,ashley sanchez,NC COURAGE,NWSL,0.2857142857142857,7,assists,assists,NC COURAGE,NC COURAGE,2,top,Ashley Sanchez,NWSL,elite,4,4,2,0,0.5,0.4083333333333333,0.4166666666666667,,0.4,,,0.5,,,False,False,Ashley Sanchez
Lauryn Thompson,lauryn thompson,NC COURAGE,NWSL,0.2,5,assists,assists,NC COURAGE,NC COURAGE,3,top,Lauryn Thompson,NWSL,elite,2,2,1,0,0.0,-0.29166666666666663,-0.25,,-0.3333333333333333,,,0.0,,,False,False,Lauryn Thompson
Carly Wickenheiser,carly wickenheiser,NC COURAGE,NWSL,0.0,7,goals,goals,NC COURAGE,NC COURAGE,1,bottom,Carly Wickenheiser,NWSL,elite,4,4,2,0,0.0,0.0,0.0,,0.0,,,0.0,,,False,False,Carly Wickenheiser
Chioma Okafor,chioma okafor,NC COURAGE,NWSL,0.0,7,goals,goals,NC COURAGE,NC COURAGE,2,bottom,Chioma Okafor,NWSL,elite,4,4,2,0,0.0,0.0,0.0,,0.0,,,0.0,,,False,False,Chioma Okafor
Dani Weatherholt,dani weatherholt,NC COURAGE,NWSL,0.0,7,goals,goals,NC COURAGE,NC COURAGE,3,bottom,Dani Weatherholt,NWSL,elite,4,4,2,0,0.0,0.0,0.0,,0.0,,,0.0,,,False,False,Dani Weatherholt
Evelyn Ijeh,evelyn ijeh,NC COURAGE,NWSL,0.8571428571428571,7,goals,goals,NC COURAGE,NC COURAGE,1,top,Evelyn Ijeh,NWSL,elite,4,4,2,0,0.75,1.0708333333333333,1.1666666666666667,,0.975,,,1.0,,,False,False,Evelyn Ijeh
Ashley Sanchez,ashley sanchez,NC COURAGE,NWSL,0.5714285714285714,7,goals,goals,NC COURAGE,NC COURAGE,2,top,Ashley Sanchez,NWSL,elite,4,4,2,0,0.5,-0.06666666666666665,-0.08333333333333331,,-0.04999999999999999,,,0.5,,,False,False,Ashley Sanchez
Riley Jackson,riley jackson,NC COURAGE,NWSL,0.2857142857142857,7,goals,goals,NC COURAGE,NC COURAGE,3,top,Riley Jackson,NWSL,elite,4,4,2,0,0.25,-0.029166666666666632,-0.3333333333333333,,0.275,,,0.0,,,False,True,Riley Jackson
Madison White,madison white,NC COURAGE,NWSL,0.0,7,saves,saves,NC COURAGE,NC COURAGE,1,bottom,Madison White,NWSL,elite,4,4,2,0,0.0,0.0,0.0,,0.0,,,0.0,,,False,False,Madison White
Kailen Sheridan,kailen sheridan,NC COURAGE,NWSL,3.0,7,saves,saves,NC COURAGE,NC COURAGE,2,bottom,Kailen Sheridan,NWSL,elite,4,4,2,0,0.25,0.6083333333333334,-0.33333333333333326,,1.55,,,0.0,,,False,True,Kailen Sheridan
Kailen Sheridan,kailen sheridan,NC COURAGE,NWSL,3.0,7,saves,saves,NC COURAGE,NC COURAGE,1,top,Kailen Sheridan,NWSL,elite,4,4,2,0,0.25,0.6083333333333334,-0.33333333333333326,,1.55,,,0.0,,,False,True,Kailen Sheridan
Madison White,madison white,NC COURAGE,NWSL,0.0,7,saves,saves,NC COURAGE,NC COURAGE,2,top,Madison White,NWSL,elite,4,4,2,0,0.0,0.0,0.0,,0.0,,,0.0,,,False,False,Madison White
Kailen Sheridan,kailen sheridan,NC COURAGE,NWSL,0.0,7,shots,shots,NC COURAGE,NC COURAGE,1,bottom,Kailen Sheridan,NWSL,elite,4,4,2,0,0.0,0.0,0.0,,0.0,,,0.0,,,False,False,Kailen Sheridan
Madison White,madison white,NC COURAGE,NWSL,0.0,7,shots,shots,NC COURAGE,NC COURAGE,2,bottom,Madison White,NWSL,elite,4,4,2,0,0.0,0.0,0.0,,0.0,,,0.0,,,False,False,Madison White
Natalia Staude,natalia staude,NC COURAGE,NWSL,0.0,7,shots,shots,NC COURAGE,NC COURAGE,3,bottom,Natalia Staude,NWSL,elite,4,4,2,0,0.0,0.0,0.0,,0.0,,,0.0,,,False,False,Natalia Staude
Ashley Sanchez,ashley sanchez,NC COURAGE,NWSL,3.142857142857143,7,shots,shots,NC COURAGE,NC COURAGE,1,top,Ashley Sanchez,NWSL,elite,4,4,2,0,0.5,-0.5958333333333333,-0.41666666666666674,,-0.7749999999999999,,,0.5,,,False,True,Ashley Sanchez
Evelyn Ijeh,evelyn ijeh,NC COURAGE,NWSL,1.8571428571428572,7,shots,shots,NC COURAGE,NC COURAGE,2,top,Evelyn Ijeh,NWSL,elite,4,4,2,0,0.75,0.9166666666666667,1.0833333333333335,,0.75,,,1.0,,,False,False,Evelyn Ijeh
Érica Parkinson,erica parkinson,NC COURAGE,NWSL,1.6,5,shots,shots,NC COURAGE,NC COURAGE,3,top,Érica Parkinson,NWSL,elite,2,2,1,0,0.0,-1.0,-2.0,,0.0,,,0.0,,,False,False,Érica Parkinson
Carly Wickenheiser,carly wickenheiser,NC COURAGE,NWSL,0.0,7,shots_on_target,shots_on_target,NC COURAGE,NC COURAGE,1,bottom,Carly Wickenheiser,NWSL,elite,4,4,2,0,0.0,0.0,0.0,,0.0,,,0.0,,,False,False,Carly Wickenheiser
Dani Weatherholt,dani weatherholt,NC COURAGE,NWSL,0.0,7,shots_on_target,shots_on_target,NC COURAGE,NC COURAGE,2,bottom,Dani Weatherholt,NWSL,elite,4,4,2,0,0.0,0.0,0.0,,0.0,,,0.0,,,False,False,Dani Weatherholt
Kailen Sheridan,kailen sheridan,NC COURAGE,NWSL,0.0,7,shots_on_target,shots_on_target,NC COURAGE,NC COURAGE,3,bottom,Kailen Sheridan,NWSL,elite,4,4,2,0,0.0,0.0,0.0,,0.0,,,0.0,,,False,False,Kailen Sheridan
Ashley Sanchez,ashley sanchez,NC COURAGE,NWSL,1.2857142857142858,7,shots_on_target,shots_on_target,NC COURAGE,NC COURAGE,1,top,Ashley Sanchez,NWSL,elite,4,4,2,0,0.25,-0.07916666666666661,-0.33333333333333326,,0.17500000000000004,,,0.0,,,False,True,Ashley Sanchez
Evelyn Ijeh,evelyn ijeh,NC COURAGE,NWSL,1.1428571428571428,7,shots_on_target,shots_on_target,NC COURAGE,NC COURAGE,2,top,Evelyn Ijeh,NWSL,elite,4,4,2,0,0.75,1.325,1.5,,1.15,,,1.0,,,False,False,Evelyn Ijeh
Ally Schlegel,ally schlegel,NC COURAGE,NWSL,0.7142857142857143,7,shots_on_target,shots_on_target,NC COURAGE,NC COURAGE,3,top,Ally Schlegel,NWSL,elite,4,4,2,0,0.75,0.43333333333333324,-0.08333333333333331,,0.95,,,0.5,,,False,False,Ally Schlegel
Brooklyn Raines,brooklyn raines,NEW ENGLAND,MLS,0.0,5,assists,assists,NEW ENGLAND,NEW ENGLAND,1,bottom,Brooklyn Raines,MLS,mid,2,2,0,1,0.0,0.0,,0.0,0.0,,0.0,,,,False,False,Brooklyn Raines
Carles Gil,carles gil,NEW ENGLAND,MLS,0.0,5,assists,assists,NEW ENGLAND,NEW ENGLAND,2,bottom,Carles Gil,MLS,weak,3,3,0,2,0.0,-0.5222222222222221,,-0.5333333333333333,-0.5,,0.0,,,,False,False,Carles Gil
Cody Baker,cody baker,NEW ENGLAND,MLS,0.0,5,assists,assists,NEW ENGLAND,NEW ENGLAND,3,bottom,Cody Baker,MLS,mid,2,2,0,1,0.0,0.0,,0.0,0.0,,0.0,,,,False,False,Cody Baker
Matt Polster,matt polster,NEW ENGLAND,MLS,0.4,5,assists,assists,NEW ENGLAND,NEW ENGLAND,1,top,Matt Polster,MLS,mid,2,2,0,1,0.0,-0.5833333333333333,,-0.5,-0.6666666666666666,,0.0,,,,False,False,Matt Polster
Alhassan Yusuf,alhassan yusuf,NEW ENGLAND,MLS,0.2,5,assists,assists,NEW ENGLAND,NEW ENGLAND,2,top,Alhassan Yusuf,MLS,mid,2,2,0,1,0.0,-0.29166666666666663,,-0.25,-0.3333333333333333,,0.0,,,,False,False,Alhassan Yusuf
Marcos Zambrano-Delgado,marcos zambrano-delgado,NEW ENGLAND,MLS,0.2,5,assists,assists,NEW ENGLAND,NEW ENGLAND,3,top,Marcos Zambrano-Delgado,MLS,mid,2,2,0,1,0.0,-0.29166666666666663,,-0.25,-0.3333333333333333,,0.0,,,,False,False,Marcos Zambrano-Delgado
Alhassan Yusuf,alhassan yusuf,NEW ENGLAND,MLS,0.0,5,goals,goals,NEW ENGLAND,NEW ENGLAND,1,bottom,Alhassan Yusuf,MLS,mid,2,2,0,1,0.0,0.0,,0.0,0.0,,0.0,,,,False,False,Alhassan Yusuf
Cody Baker,cody baker,NEW ENGLAND,MLS,0.0,5,goals,goals,NEW ENGLAND,NEW ENGLAND,2,bottom,Cody Baker,MLS,mid,2,2,0,1,0.0,0.0,,0.0,0.0,,0.0,,,,False,False,Cody Baker
Diego Fagundez,diego fagundez,NEW ENGLAND,MLS,0.0,5,goals,goals,NEW ENGLAND,NEW ENGLAND,3,bottom,Diego Fagundez,MLS,mid,2,2,0,1,0.0,0.0,,0.0,0.0,,0.0,,,,False,False,Diego Fagundez
Carles Gil,carles gil,NEW ENGLAND,MLS,0.4,5,goals,goals,NEW ENGLAND,NEW ENGLAND,1,top,Carles Gil,MLS,weak,3,3,0,2,0.3333333333333333,-0.07777777777777777,,0.13333333333333336,-0.5,,0.5,,,,False,False,Carles Gil
Dor Turgeman,dor turgeman,NEW ENGLAND,MLS,0.4,5,goals,goals,NEW ENGLAND,NEW ENGLAND,2,top,Dor Turgeman,MLS,mid,2,2,0,1,0.0,-0.5833333333333333,,-0.5,-0.6666666666666666,,0.0,,,,False,False,Dor Turgeman
Brooklyn Raines,brooklyn raines,NEW ENGLAND,MLS,0.2,5,goals,goals,NEW ENGLAND,NEW ENGLAND,3,top,Brooklyn Raines,MLS,mid,2,2,0,1,0.0,-0.29166666666666663,,-0.25,-0.3333333333333333,,0.0,,,,False,False,Brooklyn Raines
Matt Turner,matt turner,NEW ENGLAND,MLS,3.4,5,saves,saves,NEW ENGLAND,NEW ENGLAND,1,bottom,Matt Turner,MLS,weak,4,4,0,3,0.75,2.2333333333333334,,2.111111111111111,2.6,,0.6666666666666666,,,,False,False,Matt Turner
Matt Turner,matt turner,NEW ENGLAND,MLS,3.4,5,saves,saves,NEW ENGLAND,NEW ENGLAND,1,top,Matt Turner,MLS,weak,4,4,0,3,0.75,2.2333333333333334,,2.111111111111111,2.6,,0.6666666666666666,,,,False,False,Matt Turner
Cody Baker,cody baker,NEW ENGLAND,MLS,0.0,5,shots,shots,NEW ENGLAND,NEW ENGLAND,1,bottom,Cody Baker,MLS,mid,2,2,0,1,0.0,0.0,,0.0,0.0,,0.0,,,,False,False,Cody Baker
Diego Fagundez,diego fagundez,NEW ENGLAND,MLS,0.0,5,shots,shots,NEW ENGLAND,NEW ENGLAND,2,bottom,Diego Fagundez,MLS,mid,2,2,0,1,0.0,0.0,,0.0,0.0,,0.0,,,,False,False,Diego Fagundez
Jackson Yueill,jackson yueill,NEW ENGLAND,MLS,0.0,5,shots,shots,NEW ENGLAND,NEW ENGLAND,3,bottom,Jackson Yueill,MLS,mid,2,2,0,1,0.0,0.0,,0.0,0.0,,0.0,,,,False,False,Jackson Yueill
Carles Gil,carles gil,NEW ENGLAND,MLS,2.6,5,shots,shots,NEW ENGLAND,NEW ENGLAND,1,top,Carles Gil,MLS,weak,3,3,0,2,0.6666666666666666,0.5166666666666666,,0.8999999999999999,-0.25,,1.0,,,,False,False,Carles Gil
Dor Turgeman,dor turgeman,NEW ENGLAND,MLS,2.4,5,shots,shots,NEW ENGLAND,NEW ENGLAND,2,top,Dor Turgeman,MLS,mid,2,2,0,1,0.0,-0.5833333333333333,,-0.5,-0.6666666666666665,,0.0,,,,False,False,Dor Turgeman
Peyton Miller,peyton miller,NEW ENGLAND,MLS,2.2,5,shots,shots,NEW ENGLAND,NEW ENGLAND,3,top,Peyton Miller,MLS,mid,2,2,0,1,0.0,-1.0833333333333333,,-1.5,-0.6666666666666665,,0.0,,,,False,False,Peyton Miller
Alhassan Yusuf,alhassan yusuf,NEW ENGLAND,MLS,0.0,5,shots_on_target,shots_on_target,NEW ENGLAND,NEW ENGLAND,1,bottom,Alhassan Yusuf,MLS,mid,2,2,0,1,0.0,0.0,,0.0,0.0,,0.0,,,,False,False,Alhassan Yusuf
Cody Baker,cody baker,NEW ENGLAND,MLS,0.0,5,shots_on_target,shots_on_target,NEW ENGLAND,NEW ENGLAND,2,bottom,Cody Baker,MLS,mid,2,2,0,1,0.0,0.0,,0.0,0.0,,0.0,,,,False,False,Cody Baker
Diego Fagundez,diego fagundez,NEW ENGLAND,MLS,0.0,5,shots_on_target,shots_on_target,NEW ENGLAND,NEW ENGLAND,3,bottom,Diego Fagundez,MLS,mid,2,2,0,1,0.0,0.0,,0.0,0.0,,0.0,,,,False,False,Diego Fagundez
Peyton Miller,peyton miller,NEW ENGLAND,MLS,1.2,5,shots_on_target,shots_on_target,NEW ENGLAND,NEW ENGLAND,1,top,Peyton Miller,MLS,mid,2,2,0,1,0.5,0.375,,-0.25,1.0,,0.0,,,,False,False,Peyton Miller
Carles Gil,carles gil,NEW ENGLAND,MLS,0.8,5,shots_on_target,shots_on_target,NEW ENGLAND,NEW ENGLAND,2,top,Carles Gil,MLS,weak,3,3,0,2,0.3333333333333333,-0.15555555555555553,,0.2666666666666667,-1.0,,0.5,,,,False,False,Carles Gil
Dor Turgeman,dor turgeman,NEW ENGLAND,MLS,0.8,5,shots_on_target,shots_on_target,NEW ENGLAND,NEW ENGLAND,3,top,Dor Turgeman,MLS,mid,2,2,0,1,0.0,-1.1666666666666665,,-1.0,-1.3333333333333333,,0.0,,,,False,False,Dor Turgeman
Alan Soñora,alan sonora,NEWELL'S,Argentina,0.0,5,assists,assists,NEWELL'S,NEWELL'S,1,bottom,Alan Soñora,Argentina,elite,2,2,2,0,0.0,0.0,0.0,,,,,0.0,,,False,False,Alan Soñora
Blas Benedetto,blas benedetto,NEWELL'S,Argentina,0.0,5,assists,assists,NEWELL'S,NEWELL'S,2,bottom,Blas Benedetto,Argentina,elite,2,2,2,0,0.0,0.0,0.0,,,,,0.0,,,False,False,Blas Benedetto
Bruno Cabrera,bruno cabrera,NEWELL'S,Argentina,0.0,5,assists,assists,NEWELL'S,NEWELL'S,3,bottom,Bruno Cabrera,Argentina,elite,2,2,2,0,0.0,0.0,0.0,,,,,0.0,,,False,False,Bruno Cabrera
Facundo Gauch,facundo gauch,NEWELL'S,Argentina,0.4,5,assists,assists,NEWELL'S,NEWELL'S,1,top,Facundo Gauch,Argentina,elite,2,2,2,0,0.5,0.20833333333333334,0.20833333333333334,,,,,0.5,,,False,False,Facundo Gauch
Alan Soñora,alan sonora,NEWELL'S,Argentina,0.0,5,assists,assists,NEWELL'S,NEWELL'S,2,top,Alan Soñora,Argentina,elite,2,2,2,0,0.0,0.0,0.0,,,,,0.0,,,False,False,Alan Soñora
Blas Benedetto,blas benedetto,NEWELL'S,Argentina,0.0,5,assists,assists,NEWELL'S,NEWELL'S,3,top,Blas Benedetto,Argentina,elite,2,2,2,0,0.0,0.0,0.0,,,,,0.0,,,False,False,Blas Benedetto
Alan Soñora,alan sonora,NEWELL'S,Argentina,0.0,5,goals,goals,NEWELL'S,NEWELL'S,1,bottom,Alan Soñora,Argentina,elite,2,2,2,0,0.0,0.0,0.0,,,,,0.0,,,False,False,Alan Soñora
Blas Benedetto,blas benedetto,NEWELL'S,Argentina,0.0,5,goals,goals,NEWELL'S,NEWELL'S,2,bottom,Blas Benedetto,Argentina,elite,2,2,2,0,0.0,0.0,0.0,,,,,0.0,,,False,False,Blas Benedetto
David Sotelo,david sotelo,NEWELL'S,Argentina,0.0,5,goals,goals,NEWELL'S,NEWELL'S,3,bottom,David Sotelo,Argentina,elite,2,2,2,0,0.0,0.0,0.0,,,,,0.0,,,False,False,David Sotelo
Bruno Cabrera,bruno cabrera,NEWELL'S,Argentina,0.2,5,goals,goals,NEWELL'S,NEWELL'S,1,top,Bruno Cabrera,Argentina,elite,2,2,2,0,0.5,0.375,0.375,,,,,0.5,,,False,False,Bruno Cabrera
Facundo Gauch,facundo gauch,NEWELL'S,Argentina,0.2,5,goals,goals,NEWELL'S,NEWELL'S,2,top,Facundo Gauch,Argentina,elite,2,2,2,0,0.5,0.5,0.5,,,,,0.5,,,False,False,Facundo Gauch
Luca Regiardo,luca regiardo,NEWELL'S,Argentina,0.2,5,goals,goals,NEWELL'S,NEWELL'S,3,top,Luca Regiardo,Argentina,elite,2,2,2,0,0.0,-0.29166666666666663,-0.29166666666666663,,,,,0.0,,,False,False,Luca Regiardo
Gabriel Arias,gabriel arias,NEWELL'S,Argentina,0.0,5,saves,saves,NEWELL'S,NEWELL'S,1,bottom,Gabriel Arias,Argentina,elite,2,2,2,0,0.0,0.0,0.0,,,,,0.0,,,False,False,Gabriel Arias
Josué Reinatti,josue reinatti,NEWELL'S,Argentina,3.4,5,saves,saves,NEWELL'S,NEWELL'S,2,bottom,Josué Reinatti,Argentina,elite,2,2,2,0,0.5,0.08333333333333326,0.08333333333333326,,,,,0.5,,,False,False,Josué Reinatti
Josué Reinatti,josue reinatti,NEWELL'S,Argentina,3.4,5,saves,saves,NEWELL'S,NEWELL'S,1,top,Josué Reinatti,Argentina,elite,2,2,2,0,0.5,0.08333333333333326,0.08333333333333326,,,,,0.5,,,False,False,Josué Reinatti
Gabriel Arias,gabriel arias,NEWELL'S,Argentina,0.0,5,saves,saves,NEWELL'S,NEWELL'S,2,top,Gabriel Arias,Argentina,elite,2,2,2,0,0.0,0.0,0.0,,,,,0.0,,,False,False,Gabriel Arias
Alan Soñora,alan sonora,NEWELL'S,Argentina,0.0,5,shots,shots,NEWELL'S,NEWELL'S,1,bottom,Alan Soñora,Argentina,elite,2,2,2,0,0.0,0.0,0.0,,,,,0.0,,,False,False,Alan Soñora
Blas Benedetto,blas benedetto,NEWELL'S,Argentina,0.0,5,shots,shots,NEWELL'S,NEWELL'S,2,bottom,Blas Benedetto,Argentina,elite,2,2,2,0,0.0,0.0,0.0,,,,,0.0,,,False,False,Blas Benedetto
Francisco Scarpeccio,francisco scarpeccio,NEWELL'S,Argentina,0.0,5,shots,shots,NEWELL'S,NEWELL'S,3,bottom,Francisco Scarpeccio,Argentina,elite,2,2,2,0,0.0,0.0,0.0,,,,,0.0,,,False,False,Francisco Scarpeccio
Facundo Gauch,facundo gauch,NEWELL'S,Argentina,1.6,5,shots,shots,NEWELL'S,NEWELL'S,1,top,Facundo Gauch,Argentina,elite,2,2,2,0,0.5,0.7083333333333334,0.7083333333333334,,,,,0.5,,,False,False,Facundo Gauch
Bruno Cabrera,bruno cabrera,NEWELL'S,Argentina,1.0,5,shots,shots,NEWELL'S,NEWELL'S,2,top,Bruno Cabrera,Argentina,elite,2,2,2,0,0.5,0.5416666666666667,0.5416666666666667,,,,,0.5,,,False,False,Bruno Cabrera
Juan Ramírez,juan ramirez,NEWELL'S,Argentina,0.6,5,shots,shots,NEWELL'S,NEWELL'S,3,top,Juan Ramírez,Argentina,elite,2,2,2,0,1.0,0.5833333333333334,0.5833333333333334,,,,,1.0,,,False,False,Juan Ramírez
Alan Soñora,alan sonora,NEWELL'S,Argentina,0.0,5,shots_on_target,shots_on_target,NEWELL'S,NEWELL'S,1,bottom,Alan Soñora,Argentina,elite,2,2,2,0,0.0,0.0,0.0,,,,,0.0,,,False,False,Alan Soñora
Blas Benedetto,blas benedetto,NEWELL'S,Argentina,0.0,5,shots_on_target,shots_on_target,NEWELL'S,NEWELL'S,2,bottom,Blas Benedetto,Argentina,elite,2,2,2,0,0.0,0.0,0.0,,,,,0.0,,,False,False,Blas Benedetto
David Sotelo,david sotelo,NEWELL'S,Argentina,0.0,5,shots_on_target,shots_on_target,NEWELL'S,NEWELL'S,3,bottom,David Sotelo,Argentina,elite,2,2,2,0,0.0,0.0,0.0,,,,,0.0,,,False,False,David Sotelo
Bruno Cabrera,bruno cabrera,NEWELL'S,Argentina,0.4,5,shots_on_target,shots_on_target,NEWELL'S,NEWELL'S,1,top,Bruno Cabrera,Argentina,elite,2,2,2,0,0.5,0.08333333333333337,0.08333333333333337,,,,,0.5,,,False,False,Bruno Cabrera
Juan Ramírez,juan ramirez,NEWELL'S,Argentina,0.4,5,shots_on_target,shots_on_target,NEWELL'S,NEWELL'S,2,top,Juan Ramírez,Argentina,elite,2,2,2,0,0.5,0.08333333333333337,0.08333333333333337,,,,,0.5,,,False,False,Juan Ramírez
Walter Mazzantti,walter mazzantti,NEWELL'S,Argentina,0.4,5,shots_on_target,shots_on_target,NEWELL'S,NEWELL'S,3,top,Walter Mazzantti,Argentina,elite,2,2,2,0,1.0,0.875,0.875,,,,,1.0,,,False,False,Walter Mazzantti
Angelina,angelina,ORLANDO PRIDE,NWSL,0.0,8,assists,assists,ORLANDO PRIDE,ORLANDO PRIDE,1,bottom,Angelina,NWSL,weak,5,5,2,3,0.0,0.0,0.0,0.0,,,0.0,0.0,0.0,0.0,False,False,Angelina
Anna Moorhouse,anna moorhouse,ORLANDO PRIDE,NWSL,0.0,8,assists,assists,ORLANDO PRIDE,ORLANDO PRIDE,2,bottom,Anna Moorhouse,NWSL,weak,5,5,2,3,0.0,0.0,0.0,0.0,,,0.0,0.0,0.0,0.0,False,False,Anna Moorhouse
Cosette Morche,cosette morche,ORLANDO PRIDE,NWSL,0.0,8,assists,assists,ORLANDO PRIDE,ORLANDO PRIDE,3,bottom,Cosette Morche,NWSL,weak,5,5,2,3,0.0,0.0,0.0,0.0,,,0.0,0.0,0.0,0.0,False,False,Cosette Morche
Ally Lemos,ally lemos,ORLANDO PRIDE,NWSL,0.125,8,assists,assists,ORLANDO PRIDE,ORLANDO PRIDE,1,top,Ally Lemos,NWSL,weak,5,5,2,3,0.0,-0.21857142857142856,-0.23809523809523808,-0.20555555555555557,,0.36194820401457606,0.0,0.0,0.03253968253968251,0.03253968253968251,False,False,Ally Lemos
Cori Dyke,cori dyke,ORLANDO PRIDE,NWSL,0.125,8,assists,assists,ORLANDO PRIDE,ORLANDO PRIDE,2,top,Cori Dyke,NWSL,weak,5,5,2,3,0.2,0.09809523809523811,-0.07142857142857142,0.21111111111111114,,0.3783341832388839,0.3333333333333333,0.0,0.28253968253968254,0.28253968253968254,False,False,Cori Dyke
Lizbeth Ovalle,lizbeth ovalle,ORLANDO PRIDE,NWSL,0.125,8,assists,assists,ORLANDO PRIDE,ORLANDO PRIDE,3,top,Lizbeth Ovalle,NWSL,weak,5,5,2,3,0.0,-0.21857142857142856,-0.23809523809523808,-0.20555555555555557,,0.36194820401457606,0.0,0.0,0.03253968253968251,0.03253968253968251,False,False,Lizbeth Ovalle
Ally Lemos,ally lemos,ORLANDO PRIDE,NWSL,0.0,8,goals,goals,ORLANDO PRIDE,ORLANDO PRIDE,1,bottom,Ally Lemos,NWSL,weak,5,5,2,3,0.0,0.0,0.0,0.0,,,0.0,0.0,0.0,0.0,False,False,Ally Lemos
Angelina,angelina,ORLANDO PRIDE,NWSL,0.0,8,goals,goals,ORLANDO PRIDE,ORLANDO PRIDE,2,bottom,Angelina,NWSL,weak,5,5,2,3,0.0,0.0,0.0,0.0,,,0.0,0.0,0.0,0.0,False,False,Angelina
Anna Moorhouse,anna moorhouse,ORLANDO PRIDE,NWSL,0.0,8,goals,goals,ORLANDO PRIDE,ORLANDO PRIDE,3,bottom,Anna Moorhouse,NWSL,weak,5,5,2,3,0.0,0.0,0.0,0.0,,,0.0,0.0,0.0,0.0,False,False,Anna Moorhouse
Marta,marta,ORLANDO PRIDE,NWSL,0.2,5,goals,goals,ORLANDO PRIDE,ORLANDO PRIDE,1,top,Marta,NWSL,weak,2,2,0,2,0.0,-0.29166666666666663,,-0.29166666666666663,,,0.0,,,,False,False,Marta
Kerry Abello,kerry abello,ORLANDO PRIDE,NWSL,0.16666666666666666,6,goals,goals,ORLANDO PRIDE,ORLANDO PRIDE,2,top,Kerry Abello,NWSL,weak,3,3,1,2,0.3333333333333333,0.3333333333333333,0.0,0.5,,,0.5,0.0,0.5,0.5,False,False,Kerry Abello
Julie Doyle,julie doyle,ORLANDO PRIDE,NWSL,0.125,8,goals,goals,ORLANDO PRIDE,ORLANDO PRIDE,3,top,Julie Doyle,NWSL,weak,5,5,2,3,0.2,0.09809523809523811,-0.07142857142857142,0.21111111111111114,,0.3783341832388839,0.3333333333333333,0.0,0.28253968253968254,0.28253968253968254,False,False,Julie Doyle
Cosette Morche,cosette morche,ORLANDO PRIDE,NWSL,0.0,8,saves,saves,ORLANDO PRIDE,ORLANDO PRIDE,1,bottom,Cosette Morche,NWSL,weak,5,5,2,3,0.0,0.0,0.0,0.0,,,0.0,0.0,0.0,0.0,False,False,Cosette Morche
Anna Moorhouse,anna moorhouse,ORLANDO PRIDE,NWSL,3.375,8,saves,saves,ORLANDO PRIDE,ORLANDO PRIDE,2,bottom,Anna Moorhouse,NWSL,weak,5,5,2,3,0.2,-1.2676190476190476,-2.1190476190476195,-0.7000000000000001,,0.6199765595903494,0.3333333333333333,0.0,1.4190476190476193,1.4190476190476193,False,True,Anna Moorhouse
Anna Moorhouse,anna moorhouse,ORLANDO PRIDE,NWSL,3.375,8,saves,saves,ORLANDO PRIDE,ORLANDO PRIDE,1,top,Anna Moorhouse,NWSL,weak,5,5,2,3,0.2,-1.2676190476190476,-2.1190476190476195,-0.7000000000000001,,0.6199765595903494,0.3333333333333333,0.0,1.4190476190476193,1.4190476190476193,False,True,Anna Moorhouse
Cosette Morche,cosette morche,ORLANDO PRIDE,NWSL,0.0,8,saves,saves,ORLANDO PRIDE,ORLANDO PRIDE,2,top,Cosette Morche,NWSL,weak,5,5,2,3,0.0,0.0,0.0,0.0,,,0.0,0.0,0.0,0.0,False,False,Cosette Morche
Anna Moorhouse,anna moorhouse,ORLANDO PRIDE,NWSL,0.0,8,shots,shots,ORLANDO PRIDE,ORLANDO PRIDE,1,bottom,Anna Moorhouse,NWSL,weak,5,5,2,3,0.0,0.0,0.0,0.0,,,0.0,0.0,0.0,0.0,False,False,Anna Moorhouse
Cori Dyke,cori dyke,ORLANDO PRIDE,NWSL,0.0,8,shots,shots,ORLANDO PRIDE,ORLANDO PRIDE,2,bottom,Cori Dyke,NWSL,weak,5,5,2,3,0.0,0.0,0.0,0.0,,,0.0,0.0,0.0,0.0,False,False,Cori Dyke
Cosette Morche,cosette morche,ORLANDO PRIDE,NWSL,0.0,8,shots,shots,ORLANDO PRIDE,ORLANDO PRIDE,3,bottom,Cosette Morche,NWSL,weak,5,5,2,3,0.0,0.0,0.0,0.0,,,0.0,0.0,0.0,0.0,False,False,Cosette Morche
Marta,marta,ORLANDO PRIDE,NWSL,1.8,5,shots,shots,ORLANDO PRIDE,ORLANDO PRIDE,1,top,Marta,NWSL,weak,2,2,0,2,1.0,1.625,,1.625,,,1.0,,,,False,False,Marta
Solai Washington,solai washington,ORLANDO PRIDE,NWSL,1.75,8,shots,shots,ORLANDO PRIDE,ORLANDO PRIDE,2,top,Solai Washington,NWSL,weak,5,5,2,3,0.2,-0.6280952380952382,-1.5952380952380953,0.016666666666666607,,0.6442979485667645,0.3333333333333333,0.0,1.611904761904762,1.611904761904762,False,True,Solai Washington
Angelina,angelina,ORLANDO PRIDE,NWSL,1.5,8,shots,shots,ORLANDO PRIDE,ORLANDO PRIDE,3,top,Angelina,NWSL,weak,5,5,2,3,0.2,-0.6095238095238095,-1.8571428571428572,0.22222222222222224,,0.7085729105832353,0.3333333333333333,0.0,2.0793650793650795,2.0793650793650795,False,True,Angelina
Anna Moorhouse,anna moorhouse,ORLANDO PRIDE,NWSL,0.0,8,shots_on_target,shots_on_target,ORLANDO PRIDE,ORLANDO PRIDE,1,bottom,Anna Moorhouse,NWSL,weak,5,5,2,3,0.0,0.0,0.0,0.0,,,0.0,0.0,0.0,0.0,False,False,Anna Moorhouse
Cori Dyke,cori dyke,ORLANDO PRIDE,NWSL,0.0,8,shots_on_target,shots_on_target,ORLANDO PRIDE,ORLANDO PRIDE,2,bottom,Cori Dyke,NWSL,weak,5,5,2,3,0.0,0.0,0.0,0.0,,,0.0,0.0,0.0,0.0,False,False,Cori Dyke
Cosette Morche,cosette morche,ORLANDO PRIDE,NWSL,0.0,8,shots_on_target,shots_on_target,ORLANDO PRIDE,ORLANDO PRIDE,3,bottom,Cosette Morche,NWSL,weak,5,5,2,3,0.0,0.0,0.0,0.0,,,0.0,0.0,0.0,0.0,False,False,Cosette Morche
Marta,marta,ORLANDO PRIDE,NWSL,0.8,5,shots_on_target,shots_on_target,ORLANDO PRIDE,ORLANDO PRIDE,1,top,Marta,NWSL,weak,2,2,0,2,0.5,0.16666666666666674,,0.16666666666666674,,,0.5,,,,False,False,Marta
Lizbeth Ovalle,lizbeth ovalle,ORLANDO PRIDE,NWSL,0.75,8,shots_on_target,shots_on_target,ORLANDO PRIDE,ORLANDO PRIDE,2,top,Lizbeth Ovalle,NWSL,weak,5,5,2,3,0.6,0.549047619047619,0.5476190476190477,0.5499999999999999,,0.2051903682459478,0.6666666666666666,0.5,0.0023809523809522615,0.0023809523809522615,False,False,Lizbeth Ovalle
Solai Washington,solai washington,ORLANDO PRIDE,NWSL,0.75,8,shots_on_target,shots_on_target,ORLANDO PRIDE,ORLANDO PRIDE,3,top,Solai Washington,NWSL,weak,5,5,2,3,0.6,0.13047619047619047,-0.19047619047619047,0.3444444444444444,,0.4789420436048735,0.6666666666666666,0.5,0.5349206349206348,0.5349206349206348,True,False,Solai Washington
Andreas Pereira,andreas pereira,PALMEIRAS,Brazil,0.0,5,assists,assists,PALMEIRAS,PALMEIRAS,1,bottom,Andreas Pereira,Brazil,elite,2,2,1,0,0.0,0.0,0.0,,0.0,,,0.0,,,False,False,Andreas Pereira
Arthur Gabriel,arthur gabriel,PALMEIRAS,Brazil,0.0,5,assists,assists,PALMEIRAS,PALMEIRAS,2,bottom,Arthur Gabriel,Brazil,elite,2,2,1,0,0.0,0.0,0.0,,0.0,,,0.0,,,False,False,Arthur Gabriel
Carlos Miguel,carlos miguel,PALMEIRAS,Brazil,0.0,5,assists,assists,PALMEIRAS,PALMEIRAS,3,bottom,Carlos Miguel,Brazil,elite,2,2,1,0,0.0,0.0,0.0,,0.0,,,0.0,,,False,False,Carlos Miguel
Joaquín Piquerez,joaquin piquerez,PALMEIRAS,Brazil,0.6,5,assists,assists,PALMEIRAS,PALMEIRAS,1,top,Joaquín Piquerez,Brazil,elite,2,2,1,0,0.5,-0.08333333333333331,0.5,,-0.6666666666666666,,,1.0,,,False,False,Joaquín Piquerez
Jhon Arias,jhon arias,PALMEIRAS,Brazil,0.2,5,assists,assists,PALMEIRAS,PALMEIRAS,2,top,Jhon Arias,Brazil,elite,4,4,2,0,0.25,0.15833333333333335,-0.08333333333333333,,0.4,,,0.0,,,False,False,Jhon Arias
Andreas Pereira,andreas pereira,PALMEIRAS,Brazil,0.0,5,assists,assists,PALMEIRAS,PALMEIRAS,3,top,Andreas Pereira,Brazil,elite,2,2,1,0,0.0,0.0,0.0,,0.0,,,0.0,,,False,False,Andreas Pereira
Andreas Pereira,andreas pereira,PALMEIRAS,Brazil,0.0,5,goals,goals,PALMEIRAS,PALMEIRAS,1,bottom,Andreas Pereira,Brazil,elite,2,2,1,0,0.0,0.0,0.0,,0.0,,,0.0,,,False,False,Andreas Pereira
Arthur Gabriel,arthur gabriel,PALMEIRAS,Brazil,0.0,5,goals,goals,PALMEIRAS,PALMEIRAS,2,bottom,Arthur Gabriel,Brazil,elite,2,2,1,0,0.0,0.0,0.0,,0.0,,,0.0,,,False,False,Arthur Gabriel
Carlos Miguel,carlos miguel,PALMEIRAS,Brazil,0.0,5,goals,goals,PALMEIRAS,PALMEIRAS,3,bottom,Carlos Miguel,Brazil,elite,2,2,1,0,0.0,0.0,0.0,,0.0,,,0.0,,,False,False,Carlos Miguel
Maurício,mauricio,PALMEIRAS,Brazil,0.8,5,goals,goals,PALMEIRAS,PALMEIRAS,1,top,Maurício,Brazil,mid,3,3,1,0,0.6666666666666666,-0.005555555555555536,0.4,,-0.20833333333333331,,,1.0,,,False,False,Maurício
Jhon Arias,jhon arias,PALMEIRAS,Brazil,0.2,5,goals,goals,PALMEIRAS,PALMEIRAS,2,top,Jhon Arias,Brazil,elite,4,4,2,0,0.25,-0.07916666666666666,-0.3333333333333333,,0.175,,,0.0,,,False,True,Jhon Arias
Andreas Pereira,andreas pereira,PALMEIRAS,Brazil,0.0,5,goals,goals,PALMEIRAS,PALMEIRAS,3,top,Andreas Pereira,Brazil,elite,2,2,1,0,0.0,0.0,0.0,,0.0,,,0.0,,,False,False,Andreas Pereira
Marcelo Lomba,marcelo lomba,PALMEIRAS,Brazil,0.0,5,saves,saves,PALMEIRAS,PALMEIRAS,1,bottom,Marcelo Lomba,Brazil,elite,2,2,1,0,0.0,0.0,0.0,,0.0,,,0.0,,,False,False,Marcelo Lomba
Carlos Miguel,carlos miguel,PALMEIRAS,Brazil,3.0,5,saves,saves,PALMEIRAS,PALMEIRAS,2,bottom,Carlos Miguel,Brazil,elite,2,2,1,0,0.0,-0.6666666666666667,0.0,,-1.3333333333333335,,,0.0,,,False,False,Carlos Miguel
Carlos Miguel,carlos miguel,PALMEIRAS,Brazil,3.0,5,saves,saves,PALMEIRAS,PALMEIRAS,1,top,Carlos Miguel,Brazil,elite,2,2,1,0,0.0,-0.6666666666666667,0.0,,-1.3333333333333335,,,0.0,,,False,False,Carlos Miguel
Marcelo Lomba,marcelo lomba,PALMEIRAS,Brazil,0.0,5,saves,saves,PALMEIRAS,PALMEIRAS,2,top,Marcelo Lomba,Brazil,elite,2,2,1,0,0.0,0.0,0.0,,0.0,,,0.0,,,False,False,Marcelo Lomba
Arthur Gabriel,arthur gabriel,PALMEIRAS,Brazil,0.0,5,shots,shots,PALMEIRAS,PALMEIRAS,1,bottom,Arthur Gabriel,Brazil,elite,2,2,1,0,0.0,0.0,0.0,,0.0,,,0.0,,,False,False,Arthur Gabriel
Carlos Miguel,carlos miguel,PALMEIRAS,Brazil,0.0,5,shots,shots,PALMEIRAS,PALMEIRAS,2,bottom,Carlos Miguel,Brazil,elite,2,2,1,0,0.0,0.0,0.0,,0.0,,,0.0,,,False,False,Carlos Miguel
Luiz Benedetti,luiz benedetti,PALMEIRAS,Brazil,0.0,5,shots,shots,PALMEIRAS,PALMEIRAS,3,bottom,Luiz Benedetti,Brazil,elite,2,2,1,0,0.0,0.0,0.0,,0.0,,,0.0,,,False,False,Luiz Benedetti
Jhon Arias,jhon arias,PALMEIRAS,Brazil,3.2,5,shots,shots,PALMEIRAS,PALMEIRAS,1,top,Jhon Arias,Brazil,elite,4,4,2,0,0.75,0.8208333333333333,2.4166666666666665,,-0.7749999999999999,,,1.0,,,False,False,Jhon Arias
Maurício,mauricio,PALMEIRAS,Brazil,2.4,5,shots,shots,PALMEIRAS,PALMEIRAS,2,top,Maurício,Brazil,mid,3,3,1,0,0.3333333333333333,-0.34444444444444455,-0.20000000000000018,,-0.41666666666666674,,,0.0,,,False,False,Maurício
Andreas Pereira,andreas pereira,PALMEIRAS,Brazil,2.0,5,shots,shots,PALMEIRAS,PALMEIRAS,3,top,Andreas Pereira,Brazil,elite,2,2,1,0,0.5,0.4166666666666665,-2.5,,3.333333333333333,,,0.0,,,False,False,Andreas Pereira
Arthur Gabriel,arthur gabriel,PALMEIRAS,Brazil,0.0,5,shots_on_target,shots_on_target,PALMEIRAS,PALMEIRAS,1,bottom,Arthur Gabriel,Brazil,elite,2,2,1,0,0.0,0.0,0.0,,0.0,,,0.0,,,False,False,Arthur Gabriel
Carlos Miguel,carlos miguel,PALMEIRAS,Brazil,0.0,5,shots_on_target,shots_on_target,PALMEIRAS,PALMEIRAS,2,bottom,Carlos Miguel,Brazil,elite,2,2,1,0,0.0,0.0,0.0,,0.0,,,0.0,,,False,False,Carlos Miguel
Joaquín Piquerez,joaquin piquerez,PALMEIRAS,Brazil,0.0,5,shots_on_target,shots_on_target,PALMEIRAS,PALMEIRAS,3,bottom,Joaquín Piquerez,Brazil,elite,2,2,1,0,0.0,0.0,0.0,,0.0,,,0.0,,,False,False,Joaquín Piquerez
Maurício,mauricio,PALMEIRAS,Brazil,1.6,5,shots_on_target,shots_on_target,PALMEIRAS,PALMEIRAS,1,top,Maurício,Brazil,mid,3,3,1,0,0.3333333333333333,-0.07777777777777772,-0.3999999999999999,,0.08333333333333337,,,0.0,,,False,False,Maurício
Jhon Arias,jhon arias,PALMEIRAS,Brazil,0.6,5,shots_on_target,shots_on_target,PALMEIRAS,PALMEIRAS,2,top,Jhon Arias,Brazil,elite,4,4,2,0,0.5,0.17500000000000007,5.551115123125783e-17,,0.35,,,0.5,,,False,False,Jhon Arias
Murilo,murilo,PALMEIRAS,Brazil,0.6,5,shots_on_target,shots_on_target,PALMEIRAS,PALMEIRAS,3,top,Murilo,Brazil,elite,2,2,1,0,0.5,-0.08333333333333331,0.5,,-0.6666666666666666,,,1.0,,,False,False,Murilo
Agustín Lagos,agustin lagos,PLATENSE,Argentina,0.0,5,assists,assists,PLATENSE,PLATENSE,1,bottom,Agustín Lagos,Argentina,elite,2,2,2,0,0.0,0.0,0.0,,,,,0.0,,,False,False,Agustín Lagos
Bautista Merlini,bautista merlini,PLATENSE,Argentina,0.0,5,assists,assists,PLATENSE,PLATENSE,2,bottom,Bautista Merlini,Argentina,elite,2,2,2,0,0.0,0.0,0.0,,,,,0.0,,,False,False,Bautista Merlini
Felipe Bussio,felipe bussio,PLATENSE,Argentina,0.0,5,assists,assists,PLATENSE,PLATENSE,3,bottom,Felipe Bussio,Argentina,elite,2,2,2,0,0.0,0.0,0.0,,,,,0.0,,,False,False,Felipe Bussio
Juan Gauto,juan gauto,PLATENSE,Argentina,0.2,5,assists,assists,PLATENSE,PLATENSE,1,top,Juan Gauto,Argentina,elite,2,2,2,0,0.0,-0.29166666666666663,-0.29166666666666663,,,,,0.0,,,False,False,Juan Gauto
Agustín Lagos,agustin lagos,PLATENSE,Argentina,0.0,5,assists,assists,PLATENSE,PLATENSE,2,top,Agustín Lagos,Argentina,elite,2,2,2,0,0.0,0.0,0.0,,,,,0.0,,,False,False,Agustín Lagos
Bautista Merlini,bautista merlini,PLATENSE,Argentina,0.0,5,assists,assists,PLATENSE,PLATENSE,3,top,Bautista Merlini,Argentina,elite,2,2,2,0,0.0,0.0,0.0,,,,,0.0,,,False,False,Bautista Merlini
Agustín Lagos,agustin lagos,PLATENSE,Argentina,0.0,5,goals,goals,PLATENSE,PLATENSE,1,bottom,Agustín Lagos,Argentina,elite,2,2,2,0,0.0,0.0,0.0,,,,,0.0,,,False,False,Agustín Lagos
Felipe Bussio,felipe bussio,PLATENSE,Argentina,0.0,5,goals,goals,PLATENSE,PLATENSE,2,bottom,Felipe Bussio,Argentina,elite,2,2,2,0,0.0,0.0,0.0,,,,,0.0,,,False,False,Felipe Bussio
Ignacio Vázquez,ignacio vazquez,PLATENSE,Argentina,0.0,5,goals,goals,PLATENSE,PLATENSE,3,bottom,Ignacio Vázquez,Argentina,elite,2,2,2,0,0.0,0.0,0.0,,,,,0.0,,,False,False,Ignacio Vázquez
Bautista Merlini,bautista merlini,PLATENSE,Argentina,0.2,5,goals,goals,PLATENSE,PLATENSE,1,top,Bautista Merlini,Argentina,elite,2,2,2,0,0.0,-0.29166666666666663,-0.29166666666666663,,,,,0.0,,,False,False,Bautista Merlini
Guido Mainero,guido mainero,PLATENSE,Argentina,0.2,5,goals,goals,PLATENSE,PLATENSE,2,top,Guido Mainero,Argentina,elite,2,2,2,0,0.5,0.375,0.375,,,,,0.5,,,False,False,Guido Mainero
Nicolas Retamar,nicolas retamar,PLATENSE,Argentina,0.2,5,goals,goals,PLATENSE,PLATENSE,3,top,Nicolas Retamar,Argentina,elite,2,2,2,0,0.5,0.5,0.5,,,,,0.5,,,False,False,Nicolas Retamar
Nicolás Sumavil,nicolas sumavil,PLATENSE,Argentina,0.0,5,saves,saves,PLATENSE,PLATENSE,1,bottom,Nicolás Sumavil,Argentina,elite,2,2,2,0,0.0,0.0,0.0,,,,,0.0,,,False,False,Nicolás Sumavil
Juan Pablo Cozzani,juan pablo cozzani,PLATENSE,Argentina,3.6,5,saves,saves,PLATENSE,PLATENSE,2,bottom,Juan Pablo Cozzani,Argentina,elite,2,2,2,0,0.5,0.45833333333333326,0.45833333333333326,,,,,0.5,,,False,False,Juan Pablo Cozzani
Juan Pablo Cozzani,juan pablo cozzani,PLATENSE,Argentina,3.6,5,saves,saves,PLATENSE,PLATENSE,1,top,Juan Pablo Cozzani,Argentina,elite,2,2,2,0,0.5,0.45833333333333326,0.45833333333333326,,,,,0.5,,,False,False,Juan Pablo Cozzani
Nicolás Sumavil,nicolas sumavil,PLATENSE,Argentina,0.0,5,saves,saves,PLATENSE,PLATENSE,2,top,Nicolás Sumavil,Argentina,elite,2,2,2,0,0.0,0.0,0.0,,,,,0.0,,,False,False,Nicolás Sumavil
Felipe Bussio,felipe bussio,PLATENSE,Argentina,0.0,5,shots,shots,PLATENSE,PLATENSE,1,bottom,Felipe Bussio,Argentina,elite,2,2,2,0,0.0,0.0,0.0,,,,,0.0,,,False,False,Felipe Bussio
Juan Gauto,juan gauto,PLATENSE,Argentina,0.0,5,shots,shots,PLATENSE,PLATENSE,2,bottom,Juan Gauto,Argentina,elite,2,2,2,0,0.0,0.0,0.0,,,,,0.0,,,False,False,Juan Gauto
Juan Pablo Cozzani,juan pablo cozzani,PLATENSE,Argentina,0.0,5,shots,shots,PLATENSE,PLATENSE,3,bottom,Juan Pablo Cozzani,Argentina,elite,2,2,2,0,0.0,0.0,0.0,,,,,0.0,,,False,False,Juan Pablo Cozzani
Nicolas Retamar,nicolas retamar,PLATENSE,Argentina,1.8,5,shots,shots,PLATENSE,PLATENSE,1,top,Nicolas Retamar,Argentina,elite,2,2,2,0,0.5,-0.375,-0.375,,,,,0.5,,,False,True,Nicolas Retamar
Guido Mainero,guido mainero,PLATENSE,Argentina,1.6,5,shots,shots,PLATENSE,PLATENSE,2,top,Guido Mainero,Argentina,elite,2,2,2,0,1.0,0.5833333333333334,0.5833333333333334,,,,,1.0,,,False,False,Guido Mainero
Ignacio Vázquez,ignacio vazquez,PLATENSE,Argentina,1.2,5,shots,shots,PLATENSE,PLATENSE,3,top,Ignacio Vázquez,Argentina,elite,2,2,2,0,0.5,-0.16666666666666663,-0.16666666666666663,,,,,0.5,,,False,False,Ignacio Vázquez
Felipe Bussio,felipe bussio,PLATENSE,Argentina,0.0,5,shots_on_target,shots_on_target,PLATENSE,PLATENSE,1,bottom,Felipe Bussio,Argentina,elite,2,2,2,0,0.0,0.0,0.0,,,,,0.0,,,False,False,Felipe Bussio
Juan Gauto,juan gauto,PLATENSE,Argentina,0.0,5,shots_on_target,shots_on_target,PLATENSE,PLATENSE,2,bottom,Juan Gauto,Argentina,elite,2,2,2,0,0.0,0.0,0.0,,,,,0.0,,,False,False,Juan Gauto
Juan Pablo Cozzani,juan pablo cozzani,PLATENSE,Argentina,0.0,5,shots_on_target,shots_on_target,PLATENSE,PLATENSE,3,bottom,Juan Pablo Cozzani,Argentina,elite,2,2,2,0,0.0,0.0,0.0,,,,,0.0,,,False,False,Juan Pablo Cozzani
Nicolas Retamar,nicolas retamar,PLATENSE,Argentina,0.8,5,shots_on_target,shots_on_target,PLATENSE,PLATENSE,1,top,Nicolas Retamar,Argentina,elite,2,2,2,0,0.5,-0.375,-0.375,,,,,0.5,,,False,True,Nicolas Retamar
Ignacio Vázquez,ignacio vazquez,PLATENSE,Argentina,0.6,5,shots_on_target,shots_on_target,PLATENSE,PLATENSE,2,top,Ignacio Vázquez,Argentina,elite,2,2,2,0,0.5,0.7083333333333334,0.7083333333333334,,,,,0.5,,,False,False,Ignacio Vázquez
Bautista Merlini,bautista merlini,PLATENSE,Argentina,0.4,5,shots_on_target,shots_on_target,PLATENSE,PLATENSE,3,top,Bautista Merlini,Argentina,elite,2,2,2,0,0.0,-0.5833333333333333,-0.5833333333333333,,,,,0.0,,,False,True,Bautista Merlini
Diego Ortegoza,diego ortegoza,RACING,Argentina,0.0,5,assists,assists,RACING,RACING,1,bottom,Diego Ortegoza,Argentina,elite,2,2,2,0,0.0,0.0,0.0,,,,,0.0,,,False,False,Diego Ortegoza
Elías Torres,elias torres,RACING,Argentina,0.0,5,assists,assists,RACING,RACING,2,bottom,Elías Torres,Argentina,elite,2,2,2,0,0.0,0.0,0.0,,,,,0.0,,,False,False,Elías Torres
Ezequiel Cannavo,ezequiel cannavo,RACING,Argentina,0.0,5,assists,assists,RACING,RACING,3,bottom,Ezequiel Cannavo,Argentina,elite,2,2,2,0,0.0,0.0,0.0,,,,,0.0,,,False,False,Ezequiel Cannavo
Alejandro Tello,alejandro tello,RACING,Argentina,0.2,5,assists,assists,RACING,RACING,1,top,Alejandro Tello,Argentina,elite,2,2,2,0,0.5,0.375,0.375,,,,,0.5,,,False,False,Alejandro Tello
Matko Miljevic,matko miljevic,RACING,Argentina,0.2,5,assists,assists,RACING,RACING,2,top,Matko Miljevic,Argentina,elite,2,2,2,0,0.0,-0.29166666666666663,-0.29166666666666663,,,,,0.0,,,False,False,Matko Miljevic
Matías Kranevitter,matias kranevitter,RACING,Argentina,0.2,5,assists,assists,RACING,RACING,3,top,Matías Kranevitter,Argentina,elite,2,2,2,0,0.0,-0.29166666666666663,-0.29166666666666663,,,,,0.0,,,False,False,Matías Kranevitter
Alejandro Tello,alejandro tello,RACING,Argentina,0.0,5,goals,goals,RACING,RACING,1,bottom,Alejandro Tello,Argentina,elite,2,2,2,0,0.0,0.0,0.0,,,,,0.0,,,False,False,Alejandro Tello
Diego Ortegoza,diego ortegoza,RACING,Argentina,0.0,5,goals,goals,RACING,RACING,2,bottom,Diego Ortegoza,Argentina,elite,2,2,2,0,0.0,0.0,0.0,,,,,0.0,,,False,False,Diego Ortegoza
Elías Torres,elias torres,RACING,Argentina,0.0,5,goals,goals,RACING,RACING,3,bottom,Elías Torres,Argentina,elite,2,2,2,0,0.0,0.0,0.0,,,,,0.0,,,False,False,Elías Torres
Ezequiel Cannavo,ezequiel cannavo,RACING,Argentina,0.2,5,goals,goals,RACING,RACING,1,top,Ezequiel Cannavo,Argentina,elite,2,2,2,0,0.5,0.375,0.375,,,,,0.5,,,False,False,Ezequiel Cannavo
Matko Miljevic,matko miljevic,RACING,Argentina,0.2,5,goals,goals,RACING,RACING,2,top,Matko Miljevic,Argentina,elite,2,2,2,0,0.0,-0.29166666666666663,-0.29166666666666663,,,,,0.0,,,False,False,Matko Miljevic
Alejandro Tello,alejandro tello,RACING,Argentina,0.0,5,goals,goals,RACING,RACING,3,top,Alejandro Tello,Argentina,elite,2,2,2,0,0.0,0.0,0.0,,,,,0.0,,,False,False,Alejandro Tello
Facundo Cambeses,facundo cambeses,RACING,Argentina,2.8,5,saves,saves,RACING,RACING,1,bottom,Facundo Cambeses,Argentina,elite,2,2,2,0,0.5,0.7083333333333333,0.7083333333333333,,,,,0.5,,,False,False,Facundo Cambeses
Facundo Cambeses,facundo cambeses,RACING,Argentina,2.8,5,saves,saves,RACING,RACING,1,top,Facundo Cambeses,Argentina,elite,2,2,2,0,0.5,0.7083333333333333,0.7083333333333333,,,,,0.5,,,False,False,Facundo Cambeses
Facundo Cambeses,facundo cambeses,RACING,Argentina,0.0,5,shots,shots,RACING,RACING,1,bottom,Facundo Cambeses,Argentina,elite,2,2,2,0,0.0,0.0,0.0,,,,,0.0,,,False,False,Facundo Cambeses
Gastón Martirena,gaston martirena,RACING,Argentina,0.0,5,shots,shots,RACING,RACING,2,bottom,Gastón Martirena,Argentina,elite,2,2,2,0,0.0,0.0,0.0,,,,,0.0,,,False,False,Gastón Martirena
Gonzalo Escudero,gonzalo escudero,RACING,Argentina,0.0,5,shots,shots,RACING,RACING,3,bottom,Gonzalo Escudero,Argentina,elite,2,2,2,0,0.0,0.0,0.0,,,,,0.0,,,False,False,Gonzalo Escudero
Matko Miljevic,matko miljevic,RACING,Argentina,3.4,5,shots,shots,RACING,RACING,1,top,Matko Miljevic,Argentina,elite,2,2,2,0,1.0,1.7916666666666667,1.7916666666666667,,,,,1.0,,,False,False,Matko Miljevic
Tomás Conechny,tomas conechny,RACING,Argentina,1.4,5,shots,shots,RACING,RACING,2,top,Tomás Conechny,Argentina,elite,2,2,2,0,1.0,2.5833333333333335,2.5833333333333335,,,,,1.0,,,False,False,Tomás Conechny
Elías Torres,elias torres,RACING,Argentina,1.2,5,shots,shots,RACING,RACING,3,top,Elías Torres,Argentina,elite,2,2,2,0,1.0,2.0833333333333335,2.0833333333333335,,,,,1.0,,,False,False,Elías Torres
Facundo Cambeses,facundo cambeses,RACING,Argentina,0.0,5,shots_on_target,shots_on_target,RACING,RACING,1,bottom,Facundo Cambeses,Argentina,elite,2,2,2,0,0.0,0.0,0.0,,,,,0.0,,,False,False,Facundo Cambeses
Gastón Martirena,gaston martirena,RACING,Argentina,0.0,5,shots_on_target,shots_on_target,RACING,RACING,2,bottom,Gastón Martirena,Argentina,elite,2,2,2,0,0.0,0.0,0.0,,,,,0.0,,,False,False,Gastón Martirena
Gonzalo Escudero,gonzalo escudero,RACING,Argentina,0.0,5,shots_on_target,shots_on_target,RACING,RACING,3,bottom,Gonzalo Escudero,Argentina,elite,2,2,2,0,0.0,0.0,0.0,,,,,0.0,,,False,False,Gonzalo Escudero
Matko Miljevic,matko miljevic,RACING,Argentina,0.6,5,shots_on_target,shots_on_target,RACING,RACING,1,top,Matko Miljevic,Argentina,elite,2,2,2,0,0.5,-0.20833333333333331,-0.20833333333333331,,,,,0.5,,,False,False,Matko Miljevic
Alejandro Tello,alejandro tello,RACING,Argentina,0.4,5,shots_on_target,shots_on_target,RACING,RACING,2,top,Alejandro Tello,Argentina,elite,2,2,2,0,0.5,0.20833333333333334,0.20833333333333334,,,,,0.5,,,False,False,Alejandro Tello
Diego Ortegoza,diego ortegoza,RACING,Argentina,0.4,5,shots_on_target,shots_on_target,RACING,RACING,3,top,Diego Ortegoza,Argentina,elite,2,2,2,0,0.5,0.20833333333333334,0.20833333333333334,,,,,0.5,,,False,False,Diego Ortegoza
Alexander Díaz,alexander diaz,RIESTRA,Argentina,0.0,5,assists,assists,RIESTRA,RIESTRA,1,bottom,Alexander Díaz,Argentina,elite,2,2,2,0,0.0,0.0,0.0,,,,,0.0,,,False,False,Alexander Díaz
Brian Sánchez,brian sanchez,RIESTRA,Argentina,0.0,5,assists,assists,RIESTRA,RIESTRA,2,bottom,Brian Sánchez,Argentina,elite,2,2,2,0,0.0,0.0,0.0,,,,,0.0,,,False,False,Brian Sánchez
Cristian Paz,cristian paz,RIESTRA,Argentina,0.0,5,assists,assists,RIESTRA,RIESTRA,3,bottom,Cristian Paz,Argentina,elite,2,2,2,0,0.0,0.0,0.0,,,,,0.0,,,False,False,Cristian Paz
Antony Alonso,antony alonso,RIESTRA,Argentina,0.2,5,assists,assists,RIESTRA,RIESTRA,1,top,Antony Alonso,Argentina,elite,2,2,2,0,0.0,-0.29166666666666663,-0.29166666666666663,,,,,0.0,,,False,False,Antony Alonso
Carlos Quintana,carlos quintana,RIESTRA,Argentina,0.2,5,assists,assists,RIESTRA,RIESTRA,2,top,Carlos Quintana,Argentina,elite,2,2,2,0,0.0,-0.29166666666666663,-0.29166666666666663,,,,,0.0,,,False,False,Carlos Quintana
Nicolás Sansotre,nicolas sansotre,RIESTRA,Argentina,0.2,5,assists,assists,RIESTRA,RIESTRA,3,top,Nicolás Sansotre,Argentina,elite,2,2,2,0,0.0,-0.29166666666666663,-0.29166666666666663,,,,,0.0,,,False,False,Nicolás Sansotre
Carlos Quintana,carlos quintana,RIESTRA,Argentina,0.0,5,goals,goals,RIESTRA,RIESTRA,1,bottom,Carlos Quintana,Argentina,elite,2,2,2,0,0.0,0.0,0.0,,,,,0.0,,,False,False,Carlos Quintana
Cristian Paz,cristian paz,RIESTRA,Argentina,0.0,5,goals,goals,RIESTRA,RIESTRA,2,bottom,Cristian Paz,Argentina,elite,2,2,2,0,0.0,0.0,0.0,,,,,0.0,,,False,False,Cristian Paz
Facundo Miño,facundo mino,RIESTRA,Argentina,0.0,5,goals,goals,RIESTRA,RIESTRA,3,bottom,Facundo Miño,Argentina,elite,2,2,2,0,0.0,0.0,0.0,,,,,0.0,,,False,False,Facundo Miño
Antony Alonso,antony alonso,RIESTRA,Argentina,0.4,5,goals,goals,RIESTRA,RIESTRA,1,top,Antony Alonso,Argentina,elite,2,2,2,0,0.5,0.08333333333333337,0.08333333333333337,,,,,0.5,,,False,False,Antony Alonso
Alexander Díaz,alexander diaz,RIESTRA,Argentina,0.2,5,goals,goals,RIESTRA,RIESTRA,2,top,Alexander Díaz,Argentina,elite,2,2,2,0,0.0,-0.29166666666666663,-0.29166666666666663,,,,,0.0,,,False,False,Alexander Díaz
Brian Sánchez,brian sanchez,RIESTRA,Argentina,0.2,5,goals,goals,RIESTRA,RIESTRA,3,top,Brian Sánchez,Argentina,elite,2,2,2,0,0.0,-0.29166666666666663,-0.29166666666666663,,,,,0.0,,,False,False,Brian Sánchez
Marino Arzamendia,marino arzamendia,RIESTRA,Argentina,0.0,5,saves,saves,RIESTRA,RIESTRA,1,bottom,Marino Arzamendia,Argentina,elite,2,2,2,0,0.0,0.0,0.0,,,,,0.0,,,False,False,Marino Arzamendia
Ignacio Arce,ignacio arce,RIESTRA,Argentina,2.4,5,saves,saves,RIESTRA,RIESTRA,2,bottom,Ignacio Arce,Argentina,elite,2,2,2,0,0.0,-2.041666666666667,-2.041666666666667,,,,,0.0,,,False,True,Ignacio Arce
Ignacio Arce,ignacio arce,RIESTRA,Argentina,2.4,5,saves,saves,RIESTRA,RIESTRA,1,top,Ignacio Arce,Argentina,elite,2,2,2,0,0.0,-2.041666666666667,-2.041666666666667,,,,,0.0,,,False,True,Ignacio Arce
Marino Arzamendia,marino arzamendia,RIESTRA,Argentina,0.0,5,saves,saves,RIESTRA,RIESTRA,2,top,Marino Arzamendia,Argentina,elite,2,2,2,0,0.0,0.0,0.0,,,,,0.0,,,False,False,Marino Arzamendia
Cristian Paz,cristian paz,RIESTRA,Argentina,0.0,5,shots,shots,RIESTRA,RIESTRA,1,bottom,Cristian Paz,Argentina,elite,2,2,2,0,0.0,0.0,0.0,,,,,0.0,,,False,False,Cristian Paz
Facundo Miño,facundo mino,RIESTRA,Argentina,0.0,5,shots,shots,RIESTRA,RIESTRA,2,bottom,Facundo Miño,Argentina,elite,2,2,2,0,0.0,0.0,0.0,,,,,0.0,,,False,False,Facundo Miño
Ignacio Arce,ignacio arce,RIESTRA,Argentina,0.0,5,shots,shots,RIESTRA,RIESTRA,3,bottom,Ignacio Arce,Argentina,elite,2,2,2,0,0.0,0.0,0.0,,,,,0.0,,,False,False,Ignacio Arce
Milton Céliz,milton celiz,RIESTRA,Argentina,3.2,5,shots,shots,RIESTRA,RIESTRA,1,top,Milton Céliz,Argentina,elite,2,2,2,0,0.5,-0.5416666666666667,-0.5416666666666667,,,,,0.5,,,False,True,Milton Céliz
Tomás González,tomas gonzalez,RIESTRA,Argentina,1.6,5,shots,shots,RIESTRA,RIESTRA,2,top,Tomás González,Argentina,elite,4,4,4,0,0.75,1.3142857142857145,1.3142857142857145,,,,,0.75,,,False,False,Tomás González
Alexander Díaz,alexander diaz,RIESTRA,Argentina,1.4,5,shots,shots,RIESTRA,RIESTRA,3,top,Alexander Díaz,Argentina,elite,2,2,2,0,0.5,1.0,1.0,,,,,0.5,,,False,False,Alexander Díaz
Cristian Paz,cristian paz,RIESTRA,Argentina,0.0,5,shots_on_target,shots_on_target,RIESTRA,RIESTRA,1,bottom,Cristian Paz,Argentina,elite,2,2,2,0,0.0,0.0,0.0,,,,,0.0,,,False,False,Cristian Paz
Facundo Miño,facundo mino,RIESTRA,Argentina,0.0,5,shots_on_target,shots_on_target,RIESTRA,RIESTRA,2,bottom,Facundo Miño,Argentina,elite,2,2,2,0,0.0,0.0,0.0,,,,,0.0,,,False,False,Facundo Miño
Ignacio Arce,ignacio arce,RIESTRA,Argentina,0.0,5,shots_on_target,shots_on_target,RIESTRA,RIESTRA,3,bottom,Ignacio Arce,Argentina,elite,2,2,2,0,0.0,0.0,0.0,,,,,0.0,,,False,False,Ignacio Arce
Milton Céliz,milton celiz,RIESTRA,Argentina,1.4,5,shots_on_target,shots_on_target,RIESTRA,RIESTRA,1,top,Milton Céliz,Argentina,elite,2,2,2,0,0.5,-0.04166666666666663,-0.04166666666666663,,,,,0.5,,,False,False,Milton Céliz
Alexander Díaz,alexander diaz,RIESTRA,Argentina,0.6,5,shots_on_target,shots_on_target,RIESTRA,RIESTRA,2,top,Alexander Díaz,Argentina,elite,2,2,2,0,0.5,0.7083333333333334,0.7083333333333334,,,,,0.5,,,False,False,Alexander Díaz
Antony Alonso,antony alonso,RIESTRA,Argentina,0.6,5,shots_on_target,shots_on_target,RIESTRA,RIESTRA,3,top,Antony Alonso,Argentina,elite,2,2,2,0,0.5,-0.20833333333333331,-0.20833333333333331,,,,,0.5,,,False,False,Antony Alonso
Alejo Osella,alejo osella,RIVER,Argentina,0.0,5,assists,assists,RIVER,RIVER,1,bottom,Alejo Osella,Argentina,elite,2,2,2,0,0.0,0.0,0.0,,,,,0.0,,,False,False,Alejo Osella
Alex Arce,alex arce,RIVER,Argentina,0.0,5,assists,assists,RIVER,RIVER,2,bottom,Alex Arce,Argentina,elite,3,3,3,0,0.0,0.0,0.0,,,,,0.0,,,False,False,Alex Arce
Diego Crego,diego crego,RIVER,Argentina,0.0,5,assists,assists,RIVER,RIVER,3,bottom,Diego Crego,Argentina,elite,2,2,2,0,0.0,0.0,0.0,,,,,0.0,,,False,False,Diego Crego
Alejo Osella,alejo osella,RIVER,Argentina,0.0,5,assists,assists,RIVER,RIVER,1,top,Alejo Osella,Argentina,elite,2,2,2,0,0.0,0.0,0.0,,,,,0.0,,,False,False,Alejo Osella
Alex Arce,alex arce,RIVER,Argentina,0.0,5,assists,assists,RIVER,RIVER,2,top,Alex Arce,Argentina,elite,3,3,3,0,0.0,0.0,0.0,,,,,0.0,,,False,False,Alex Arce
Diego Crego,diego crego,RIVER,Argentina,0.0,5,assists,assists,RIVER,RIVER,3,top,Diego Crego,Argentina,elite,2,2,2,0,0.0,0.0,0.0,,,,,0.0,,,False,False,Diego Crego
Alejo Osella,alejo osella,RIVER,Argentina,0.0,5,goals,goals,RIVER,RIVER,1,bottom,Alejo Osella,Argentina,elite,2,2,2,0,0.0,0.0,0.0,,,,,0.0,,,False,False,Alejo Osella
Diego Crego,diego crego,RIVER,Argentina,0.0,5,goals,goals,RIVER,RIVER,2,bottom,Diego Crego,Argentina,elite,2,2,2,0,0.0,0.0,0.0,,,,,0.0,,,False,False,Diego Crego
Emmanuel Gómez Riga,emmanuel gomez riga,RIVER,Argentina,0.0,5,goals,goals,RIVER,RIVER,3,bottom,Emmanuel Gómez Riga,Argentina,elite,2,2,2,0,0.0,0.0,0.0,,,,,0.0,,,False,False,Emmanuel Gómez Riga
Alex Arce,alex arce,RIVER,Argentina,0.6,5,goals,goals,RIVER,RIVER,1,top,Alex Arce,Argentina,elite,3,3,3,0,0.3333333333333333,0.27222222222222225,0.27222222222222225,,,,,0.3333333333333333,,,False,False,Alex Arce
José Florentín,jose florentin,RIVER,Argentina,0.2,5,goals,goals,RIVER,RIVER,2,top,José Florentín,Argentina,elite,2,2,2,0,0.0,-0.29166666666666663,-0.29166666666666663,,,,,0.0,,,False,False,José Florentín
Alejo Osella,alejo osella,RIVER,Argentina,0.0,5,goals,goals,RIVER,RIVER,3,top,Alejo Osella,Argentina,elite,2,2,2,0,0.0,0.0,0.0,,,,,0.0,,,False,False,Alejo Osella
Emmanuel Gómez Riga,emmanuel gomez riga,RIVER,Argentina,0.2,5,saves,saves,RIVER,RIVER,1,bottom,Emmanuel Gómez Riga,Argentina,elite,2,2,2,0,0.5,0.5,0.5,,,,,0.5,,,False,False,Emmanuel Gómez Riga
Nicolás Bolcato,nicolas bolcato,RIVER,Argentina,2.2,5,saves,saves,RIVER,RIVER,2,bottom,Nicolás Bolcato,Argentina,elite,2,2,2,0,0.0,-1.875,-1.875,,,,,0.0,,,False,True,Nicolás Bolcato
Nicolás Bolcato,nicolas bolcato,RIVER,Argentina,2.2,5,saves,saves,RIVER,RIVER,1,top,Nicolás Bolcato,Argentina,elite,2,2,2,0,0.0,-1.875,-1.875,,,,,0.0,,,False,True,Nicolás Bolcato
Emmanuel Gómez Riga,emmanuel gomez riga,RIVER,Argentina,0.2,5,saves,saves,RIVER,RIVER,2,top,Emmanuel Gómez Riga,Argentina,elite,2,2,2,0,0.5,0.5,0.5,,,,,0.5,,,False,False,Emmanuel Gómez Riga
Emmanuel Gómez Riga,emmanuel gomez riga,RIVER,Argentina,0.0,5,shots,shots,RIVER,RIVER,1,bottom,Emmanuel Gómez Riga,Argentina,elite,2,2,2,0,0.0,0.0,0.0,,,,,0.0,,,False,False,Emmanuel Gómez Riga
Nicolás Bolcato,nicolas bolcato,RIVER,Argentina,0.0,5,shots,shots,RIVER,RIVER,2,bottom,Nicolás Bolcato,Argentina,elite,2,2,2,0,0.0,0.0,0.0,,,,,0.0,,,False,False,Nicolás Bolcato
Sheyko Studer,sheyko studer,RIVER,Argentina,0.0,5,shots,shots,RIVER,RIVER,3,bottom,Sheyko Studer,Argentina,elite,2,2,2,0,0.0,0.0,0.0,,,,,0.0,,,False,False,Sheyko Studer
Alex Arce,alex arce,RIVER,Argentina,2.2,5,shots,shots,RIVER,RIVER,1,top,Alex Arce,Argentina,elite,3,3,3,0,0.3333333333333333,0.21111111111111094,0.21111111111111094,,,,,0.3333333333333333,,,False,False,Alex Arce
José Florentín,jose florentin,RIVER,Argentina,2.2,5,shots,shots,RIVER,RIVER,2,top,José Florentín,Argentina,elite,2,2,2,0,0.5,-0.5416666666666667,-0.5416666666666667,,,,,0.5,,,False,True,José Florentín
Alejo Osella,alejo osella,RIVER,Argentina,1.2,5,shots,shots,RIVER,RIVER,3,top,Alejo Osella,Argentina,elite,2,2,2,0,0.5,-0.41666666666666663,-0.41666666666666663,,,,,0.5,,,False,True,Alejo Osella
Diego Crego,diego crego,RIVER,Argentina,0.0,5,shots_on_target,shots_on_target,RIVER,RIVER,1,bottom,Diego Crego,Argentina,elite,2,2,2,0,0.0,0.0,0.0,,,,,0.0,,,False,False,Diego Crego
Emmanuel Gómez Riga,emmanuel gomez riga,RIVER,Argentina,0.0,5,shots_on_target,shots_on_target,RIVER,RIVER,2,bottom,Emmanuel Gómez Riga,Argentina,elite,2,2,2,0,0.0,0.0,0.0,,,,,0.0,,,False,False,Emmanuel Gómez Riga
Gonzalo Rios,gonzalo rios,RIVER,Argentina,0.0,5,shots_on_target,shots_on_target,RIVER,RIVER,3,bottom,Gonzalo Rios,Argentina,elite,2,2,2,0,0.0,0.0,0.0,,,,,0.0,,,False,False,Gonzalo Rios
Alex Arce,alex arce,RIVER,Argentina,0.8,5,shots_on_target,shots_on_target,RIVER,RIVER,1,top,Alex Arce,Argentina,elite,3,3,3,0,0.3333333333333333,0.011111111111111108,0.011111111111111108,,,,,0.3333333333333333,,,False,False,Alex Arce
José Florentín,jose florentin,RIVER,Argentina,0.6,5,shots_on_target,shots_on_target,RIVER,RIVER,2,top,José Florentín,Argentina,elite,2,2,2,0,0.0,-0.875,-0.875,,,,,0.0,,,False,True,José Florentín
Alejo Osella,alejo osella,RIVER,Argentina,0.4,5,shots_on_target,shots_on_target,RIVER,RIVER,3,top,Alejo Osella,Argentina,elite,2,2,2,0,0.0,-0.5833333333333333,-0.5833333333333333,,,,,0.0,,,False,True,Alejo Osella
Agustín Ladstatter,agustin ladstatter,SAN LORENZO,Argentina,0.0,5,assists,assists,SAN LORENZO,SAN LORENZO,1,bottom,Agustín Ladstatter,Argentina,elite,2,2,2,0,0.0,0.0,0.0,,,,,0.0,,,False,False,Agustín Ladstatter
Alejo Cordoba,alejo cordoba,SAN LORENZO,Argentina,0.0,5,assists,assists,SAN LORENZO,SAN LORENZO,2,bottom,Alejo Cordoba,Argentina,elite,2,2,2,0,0.0,0.0,0.0,,,,,0.0,,,False,False,Alejo Cordoba
Alexis Cuello,alexis cuello,SAN LORENZO,Argentina,0.0,5,assists,assists,SAN LORENZO,SAN LORENZO,3,bottom,Alexis Cuello,Argentina,elite,2,2,2,0,0.0,0.0,0.0,,,,,0.0,,,False,False,Alexis Cuello
Agustín Ladstatter,agustin ladstatter,SAN LORENZO,Argentina,0.0,5,assists,assists,SAN LORENZO,SAN LORENZO,1,top,Agustín Ladstatter,Argentina,elite,2,2,2,0,0.0,0.0,0.0,,,,,0.0,,,False,False,Agustín Ladstatter
Alejo Cordoba,alejo cordoba,SAN LORENZO,Argentina,0.0,5,assists,assists,SAN LORENZO,SAN LORENZO,2,top,Alejo Cordoba,Argentina,elite,2,2,2,0,0.0,0.0,0.0,,,,,0.0,,,False,False,Alejo Cordoba
Alexis Cuello,alexis cuello,SAN LORENZO,Argentina,0.0,5,assists,assists,SAN LORENZO,SAN LORENZO,3,top,Alexis Cuello,Argentina,elite,2,2,2,0,0.0,0.0,0.0,,,,,0.0,,,False,False,Alexis Cuello
Agustín Ladstatter,agustin ladstatter,SAN LORENZO,Argentina,0.0,5,goals,goals,SAN LORENZO,SAN LORENZO,1,bottom,Agustín Ladstatter,Argentina,elite,2,2,2,0,0.0,0.0,0.0,,,,,0.0,,,False,False,Agustín Ladstatter
Alejo Cordoba,alejo cordoba,SAN LORENZO,Argentina,0.0,5,goals,goals,SAN LORENZO,SAN LORENZO,2,bottom,Alejo Cordoba,Argentina,elite,2,2,2,0,0.0,0.0,0.0,,,,,0.0,,,False,False,Alejo Cordoba
Alexis Cuello,alexis cuello,SAN LORENZO,Argentina,0.0,5,goals,goals,SAN LORENZO,SAN LORENZO,3,bottom,Alexis Cuello,Argentina,elite,2,2,2,0,0.0,0.0,0.0,,,,,0.0,,,False,False,Alexis Cuello
Rodrigo Auzmendi,rodrigo auzmendi,SAN LORENZO,Argentina,0.4,5,goals,goals,SAN LORENZO,SAN LORENZO,1,top,Rodrigo Auzmendi,Argentina,elite,2,2,2,0,0.5,0.20833333333333334,0.20833333333333334,,,,,0.5,,,False,False,Rodrigo Auzmendi
Agustín Ladstatter,agustin ladstatter,SAN LORENZO,Argentina,0.0,5,goals,goals,SAN LORENZO,SAN LORENZO,2,top,Agustín Ladstatter,Argentina,elite,2,2,2,0,0.0,0.0,0.0,,,,,0.0,,,False,False,Agustín Ladstatter
Alejo Cordoba,alejo cordoba,SAN LORENZO,Argentina,0.0,5,goals,goals,SAN LORENZO,SAN LORENZO,3,top,Alejo Cordoba,Argentina,elite,2,2,2,0,0.0,0.0,0.0,,,,,0.0,,,False,False,Alejo Cordoba
Alejo Cordoba,alejo cordoba,SAN LORENZO,Argentina,0.0,5,shots,shots,SAN LORENZO,SAN LORENZO,1,bottom,Alejo Cordoba,Argentina,elite,2,2,2,0,0.0,0.0,0.0,,,,,0.0,,,False,False,Alejo Cordoba
Guzmán Corujo,guzman corujo,SAN LORENZO,Argentina,0.0,5,shots,shots,SAN LORENZO,SAN LORENZO,2,bottom,Guzmán Corujo,Argentina,elite,2,2,2,0,0.0,0.0,0.0,,,,,0.0,,,False,False,Guzmán Corujo
Teo Rodríguez,teo rodriguez,SAN LORENZO,Argentina,0.2,5,shots,shots,SAN LORENZO,SAN LORENZO,3,bottom,Teo Rodríguez,Argentina,elite,2,2,2,0,0.5,0.375,0.375,,,,,0.5,,,False,False,Teo Rodríguez
Rodrigo Auzmendi,rodrigo auzmendi,SAN LORENZO,Argentina,3.2,5,shots,shots,SAN LORENZO,SAN LORENZO,1,top,Rodrigo Auzmendi,Argentina,elite,2,2,2,0,0.5,0.25,0.25,,,,,0.5,,,False,False,Rodrigo Auzmendi
Alexis Cuello,alexis cuello,SAN LORENZO,Argentina,3.0,5,shots,shots,SAN LORENZO,SAN LORENZO,2,top,Alexis Cuello,Argentina,elite,2,2,2,0,0.5,-0.5416666666666667,-0.5416666666666667,,,,,0.5,,,False,True,Alexis Cuello
Mauricio Cardillo,mauricio cardillo,SAN LORENZO,Argentina,0.8,5,shots,shots,SAN LORENZO,SAN LORENZO,3,top,Mauricio Cardillo,Argentina,elite,2,2,2,0,0.0,-1.1666666666666665,-1.1666666666666665,,,,,0.0,,,False,True,Mauricio Cardillo
Alejo Cordoba,alejo cordoba,SAN LORENZO,Argentina,0.0,5,shots_on_target,shots_on_target,SAN LORENZO,SAN LORENZO,1,bottom,Alejo Cordoba,Argentina,elite,2,2,2,0,0.0,0.0,0.0,,,,,0.0,,,False,False,Alejo Cordoba
Guzmán Corujo,guzman corujo,SAN LORENZO,Argentina,0.0,5,shots_on_target,shots_on_target,SAN LORENZO,SAN LORENZO,2,bottom,Guzmán Corujo,Argentina,elite,2,2,2,0,0.0,0.0,0.0,,,,,0.0,,,False,False,Guzmán Corujo
Juan Rattalino,juan rattalino,SAN LORENZO,Argentina,0.0,5,shots_on_target,shots_on_target,SAN LORENZO,SAN LORENZO,3,bottom,Juan Rattalino,Argentina,elite,2,2,2,0,0.0,0.0,0.0,,,,,0.0,,,False,False,Juan Rattalino
Rodrigo Auzmendi,rodrigo auzmendi,SAN LORENZO,Argentina,1.0,5,shots_on_target,shots_on_target,SAN LORENZO,SAN LORENZO,1,top,Rodrigo Auzmendi,Argentina,elite,2,2,2,0,1.0,0.7916666666666667,0.7916666666666667,,,,,1.0,,,False,False,Rodrigo Auzmendi
Alexis Cuello,alexis cuello,SAN LORENZO,Argentina,0.4,5,shots_on_target,shots_on_target,SAN LORENZO,SAN LORENZO,2,top,Alexis Cuello,Argentina,elite,2,2,2,0,0.5,0.20833333333333334,0.20833333333333334,,,,,0.5,,,False,False,Alexis Cuello
Ignacio Perruzzi,ignacio perruzzi,SAN LORENZO,Argentina,0.4,5,shots_on_target,shots_on_target,SAN LORENZO,SAN LORENZO,3,top,Ignacio Perruzzi,Argentina,elite,2,2,2,0,0.5,0.20833333333333334,0.20833333333333334,,,,,0.5,,,False,False,Ignacio Perruzzi
Adriana Leon,adriana leon,SD WAVE,NWSL,0.0,6,assists,assists,SD WAVE,SD WAVE,1,bottom,Adriana Leon,NWSL,elite,3,3,2,0,0.0,0.0,0.0,,0.0,,,0.0,,,False,False,Adriana Leon
Amelia Van Zanten,amelia van zanten,SD WAVE,NWSL,0.0,7,assists,assists,SD WAVE,SD WAVE,2,bottom,Amelia Van Zanten,NWSL,elite,4,4,2,0,0.0,0.0,0.0,,0.0,,,0.0,,,False,False,Amelia Van Zanten
Gabi Portilho,gabi portilho,SD WAVE,NWSL,0.0,5,assists,assists,SD WAVE,SD WAVE,3,bottom,Gabi Portilho,NWSL,mid,2,2,0,0,0.0,0.0,,,0.0,,,,,,False,False,Gabi Portilho
Gia Corley,gia corley,SD WAVE,NWSL,0.2857142857142857,7,assists,assists,SD WAVE,SD WAVE,1,top,Gia Corley,NWSL,elite,4,4,2,0,0.25,0.012500000000000039,-0.225,,0.25,,,0.0,,,False,False,Gia Corley
Kennedy Wesley,kennedy wesley,SD WAVE,NWSL,0.14285714285714285,7,assists,assists,SD WAVE,SD WAVE,2,top,Kennedy Wesley,NWSL,elite,4,4,2,0,0.0,-0.23749999999999996,-0.225,,-0.25,,,0.0,,,False,False,Kennedy Wesley
Lia Godfrey,lia godfrey,SD WAVE,NWSL,0.14285714285714285,7,assists,assists,SD WAVE,SD WAVE,3,top,Lia Godfrey,NWSL,elite,4,4,2,0,0.0,-0.23749999999999996,-0.225,,-0.25,,,0.0,,,False,False,Lia Godfrey
Adriana Leon,adriana leon,SD WAVE,NWSL,0.0,6,goals,goals,SD WAVE,SD WAVE,1,bottom,Adriana Leon,NWSL,elite,3,3,2,0,0.0,0.0,0.0,,0.0,,,0.0,,,False,False,Adriana Leon
Amelia Van Zanten,amelia van zanten,SD WAVE,NWSL,0.0,7,goals,goals,SD WAVE,SD WAVE,2,bottom,Amelia Van Zanten,NWSL,elite,4,4,2,0,0.0,0.0,0.0,,0.0,,,0.0,,,False,False,Amelia Van Zanten
Gabi Portilho,gabi portilho,SD WAVE,NWSL,0.0,5,goals,goals,SD WAVE,SD WAVE,3,bottom,Gabi Portilho,NWSL,mid,2,2,0,0,0.0,0.0,,,0.0,,,,,,False,False,Gabi Portilho
Trinity Byars,trinity byars,SD WAVE,NWSL,0.42857142857142855,7,goals,goals,SD WAVE,SD WAVE,1,top,Trinity Byars,NWSL,elite,4,4,2,0,0.0,-0.7125,-0.675,,-0.75,,,0.0,,,False,True,Trinity Byars
Melanie Barcenas,melanie barcenas,SD WAVE,NWSL,0.2857142857142857,7,goals,goals,SD WAVE,SD WAVE,2,top,Melanie Barcenas,NWSL,elite,4,4,2,0,0.25,0.012500000000000039,-0.225,,0.25,,,0.0,,,False,False,Melanie Barcenas
Lia Godfrey,lia godfrey,SD WAVE,NWSL,0.14285714285714285,7,goals,goals,SD WAVE,SD WAVE,3,top,Lia Godfrey,NWSL,elite,4,4,2,0,0.25,0.15833333333333335,0.4,,-0.08333333333333333,,,0.5,,,False,False,Lia Godfrey
Luisa Agudelo,luisa agudelo,SD WAVE,NWSL,1.0,7,saves,saves,SD WAVE,SD WAVE,1,bottom,Luisa Agudelo,NWSL,elite,4,4,2,0,0.0,-1.6625000000000003,-1.575,,-1.75,,,0.0,,,False,True,Luisa Agudelo
Sandra Paños,sandra panos,SD WAVE,NWSL,1.6,5,saves,saves,SD WAVE,SD WAVE,2,bottom,Sandra Paños,NWSL,elite,2,2,1,0,0.5,-0.20833333333333337,0.33333333333333326,,-0.75,,,1.0,,,False,False,Sandra Paños
Sandra Paños,sandra panos,SD WAVE,NWSL,1.6,5,saves,saves,SD WAVE,SD WAVE,1,top,Sandra Paños,NWSL,elite,2,2,1,0,0.5,-0.20833333333333337,0.33333333333333326,,-0.75,,,1.0,,,False,False,Sandra Paños
Luisa Agudelo,luisa agudelo,SD WAVE,NWSL,1.0,7,saves,saves,SD WAVE,SD WAVE,2,top,Luisa Agudelo,NWSL,elite,4,4,2,0,0.0,-1.6625000000000003,-1.575,,-1.75,,,0.0,,,False,True,Luisa Agudelo
Luisa Agudelo,luisa agudelo,SD WAVE,NWSL,0.0,7,shots,shots,SD WAVE,SD WAVE,1,bottom,Luisa Agudelo,NWSL,elite,4,4,2,0,0.0,0.0,0.0,,0.0,,,0.0,,,False,False,Luisa Agudelo
Nya Harrison,nya harrison,SD WAVE,NWSL,0.0,7,shots,shots,SD WAVE,SD WAVE,2,bottom,Nya Harrison,NWSL,elite,4,4,2,0,0.0,0.0,0.0,,0.0,,,0.0,,,False,False,Nya Harrison
Sandra Paños,sandra panos,SD WAVE,NWSL,0.0,5,shots,shots,SD WAVE,SD WAVE,3,bottom,Sandra Paños,NWSL,elite,2,2,1,0,0.0,0.0,0.0,,0.0,,,0.0,,,False,False,Sandra Paños
Melanie Barcenas,melanie barcenas,SD WAVE,NWSL,2.857142857142857,7,shots,shots,SD WAVE,SD WAVE,1,top,Melanie Barcenas,NWSL,elite,4,4,2,0,0.5,0.0625,-1.125,,1.25,,,0.0,,,False,True,Melanie Barcenas
Ludmila,ludmila,SD WAVE,NWSL,2.142857142857143,7,shots,shots,SD WAVE,SD WAVE,2,top,Ludmila,NWSL,elite,4,4,2,0,0.5,-0.5833333333333334,-0.25,,-0.9166666666666667,,,0.5,,,False,False,Ludmila
Gia Corley,gia corley,SD WAVE,NWSL,1.7142857142857142,7,shots,shots,SD WAVE,SD WAVE,3,top,Gia Corley,NWSL,elite,4,4,2,0,0.25,-0.675,-1.35,,0.0,,,0.0,,,False,True,Gia Corley
Laurina Fazer,laurina fazer,SD WAVE,NWSL,0.0,7,shots_on_target,shots_on_target,SD WAVE,SD WAVE,1,bottom,Laurina Fazer,NWSL,elite,4,4,2,0,0.0,0.0,0.0,,0.0,,,0.0,,,False,False,Laurina Fazer
Luisa Agudelo,luisa agudelo,SD WAVE,NWSL,0.0,7,shots_on_target,shots_on_target,SD WAVE,SD WAVE,2,bottom,Luisa Agudelo,NWSL,elite,4,4,2,0,0.0,0.0,0.0,,0.0,,,0.0,,,False,False,Luisa Agudelo
Nya Harrison,nya harrison,SD WAVE,NWSL,0.0,7,shots_on_target,shots_on_target,SD WAVE,SD WAVE,3,bottom,Nya Harrison,NWSL,elite,4,4,2,0,0.0,0.0,0.0,,0.0,,,0.0,,,False,False,Nya Harrison
Melanie Barcenas,melanie barcenas,SD WAVE,NWSL,1.5714285714285714,7,shots_on_target,shots_on_target,SD WAVE,SD WAVE,1,top,Melanie Barcenas,NWSL,elite,4,4,2,0,0.5,-0.2416666666666667,-1.4,,0.9166666666666666,,,0.0,,,False,True,Melanie Barcenas
Trinity Byars,trinity byars,SD WAVE,NWSL,1.0,7,shots_on_target,shots_on_target,SD WAVE,SD WAVE,2,top,Trinity Byars,NWSL,elite,4,4,2,0,0.0,-0.3958333333333333,-0.625,,-0.16666666666666663,,,0.0,,,False,True,Trinity Byars
Gia Corley,gia corley,SD WAVE,NWSL,0.5714285714285714,7,shots_on_target,shots_on_target,SD WAVE,SD WAVE,3,top,Gia Corley,NWSL,elite,4,4,2,0,0.5,0.16250000000000006,-0.175,,0.5,,,0.5,,,False,False,Gia Corley
Angharad James-Turner,angharad james-turner,SEATTLE REIGN,NWSL,0.0,7,assists,assists,SEATTLE REIGN,SEATTLE REIGN,1,bottom,Angharad James-Turner,NWSL,elite,4,4,2,1,0.0,0.0,0.0,0.0,0.0,,0.0,0.0,0.0,0.0,False,False,Angharad James-Turner
Brittany Ratcliffe,brittany ratcliffe,SEATTLE REIGN,NWSL,0.0,7,assists,assists,SEATTLE REIGN,SEATTLE REIGN,2,bottom,Brittany Ratcliffe,NWSL,elite,4,4,2,1,0.0,0.0,0.0,0.0,0.0,,0.0,0.0,0.0,0.0,False,False,Brittany Ratcliffe
Cassie Miller,cassie miller,SEATTLE REIGN,NWSL,0.0,7,assists,assists,SEATTLE REIGN,SEATTLE REIGN,3,bottom,Cassie Miller,NWSL,elite,4,4,2,1,0.0,0.0,0.0,0.0,0.0,,0.0,0.0,0.0,0.0,False,False,Cassie Miller
Ainsley McCammon,ainsley mccammon,SEATTLE REIGN,NWSL,0.42857142857142855,7,assists,assists,SEATTLE REIGN,SEATTLE REIGN,1,top,Ainsley McCammon,NWSL,elite,4,4,2,1,0.25,-0.04583333333333331,0.5333333333333334,-0.5,-0.75,,0.0,0.5,-1.0333333333333334,-1.0333333333333334,False,False,Ainsley McCammon
Maddie Dahlien,maddie dahlien,SEATTLE REIGN,NWSL,0.2857142857142857,7,assists,assists,SEATTLE REIGN,SEATTLE REIGN,2,top,Maddie Dahlien,NWSL,elite,4,4,2,1,0.25,-0.07916666666666666,-0.3666666666666667,-0.3333333333333333,0.75,,0.0,0.0,0.03333333333333338,0.03333333333333338,False,True,Maddie Dahlien
Sam Meza,sam meza,SEATTLE REIGN,NWSL,0.16666666666666666,6,assists,assists,SEATTLE REIGN,SEATTLE REIGN,3,top,Sam Meza,NWSL,elite,3,3,2,0,0.0,-0.26111111111111107,-0.26666666666666666,,-0.25,,,0.0,,,False,False,Sam Meza
Ainsley McCammon,ainsley mccammon,SEATTLE REIGN,NWSL,0.0,7,goals,goals,SEATTLE REIGN,SEATTLE REIGN,1,bottom,Ainsley McCammon,NWSL,elite,4,4,2,1,0.0,0.0,0.0,0.0,0.0,,0.0,0.0,0.0,0.0,False,False,Ainsley McCammon
Angharad James-Turner,angharad james-turner,SEATTLE REIGN,NWSL,0.0,7,goals,goals,SEATTLE REIGN,SEATTLE REIGN,2,bottom,Angharad James-Turner,NWSL,elite,4,4,2,1,0.0,0.0,0.0,0.0,0.0,,0.0,0.0,0.0,0.0,False,False,Angharad James-Turner
Brittany Ratcliffe,brittany ratcliffe,SEATTLE REIGN,NWSL,0.0,7,goals,goals,SEATTLE REIGN,SEATTLE REIGN,3,bottom,Brittany Ratcliffe,NWSL,elite,4,4,2,1,0.0,0.0,0.0,0.0,0.0,,0.0,0.0,0.0,0.0,False,False,Brittany Ratcliffe
Maddie Mercado,maddie mercado,SEATTLE REIGN,NWSL,0.5714285714285714,7,goals,goals,SEATTLE REIGN,SEATTLE REIGN,1,top,Maddie Mercado,NWSL,elite,4,4,2,1,0.5,-0.12916666666666665,-0.1333333333333333,0.5,-0.75,,1.0,0.5,0.6333333333333333,0.6333333333333333,False,False,Maddie Mercado
Mia Fishel,mia fishel,SEATTLE REIGN,NWSL,0.42857142857142855,7,goals,goals,SEATTLE REIGN,SEATTLE REIGN,2,top,Mia Fishel,NWSL,elite,4,4,2,1,0.5,0.12916666666666665,0.13333333333333333,-0.5,0.75,,0.0,0.5,-0.6333333333333333,-0.6333333333333333,False,False,Mia Fishel
Sally Menti,sally menti,SEATTLE REIGN,NWSL,0.2857142857142857,7,goals,goals,SEATTLE REIGN,SEATTLE REIGN,3,top,Sally Menti,NWSL,elite,4,4,2,1,0.25,-0.029166666666666632,0.23333333333333336,-0.3333333333333333,-0.25,,0.0,0.5,-0.5666666666666667,-0.5666666666666667,False,False,Sally Menti
Cassie Miller,cassie miller,SEATTLE REIGN,NWSL,2.5714285714285716,7,saves,saves,SEATTLE REIGN,SEATTLE REIGN,1,bottom,Cassie Miller,NWSL,elite,4,4,2,1,0.0,-4.275,-4.8,-3.0,-4.5,,0.0,0.0,1.7999999999999998,1.7999999999999998,False,True,Cassie Miller
Claudia Dickey,claudia dickey,SEATTLE REIGN,NWSL,3.0,5,saves,saves,SEATTLE REIGN,SEATTLE REIGN,2,bottom,Claudia Dickey,NWSL,elite,2,2,1,1,0.5,-0.125,1.0,-1.25,,,0.0,1.0,-2.25,-2.25,False,False,Claudia Dickey
Claudia Dickey,claudia dickey,SEATTLE REIGN,NWSL,3.0,5,saves,saves,SEATTLE REIGN,SEATTLE REIGN,1,top,Claudia Dickey,NWSL,elite,2,2,1,1,0.5,-0.125,1.0,-1.25,,,0.0,1.0,-2.25,-2.25,False,False,Claudia Dickey
Cassie Miller,cassie miller,SEATTLE REIGN,NWSL,2.5714285714285716,7,saves,saves,SEATTLE REIGN,SEATTLE REIGN,2,top,Cassie Miller,NWSL,elite,4,4,2,1,0.0,-4.275,-4.8,-3.0,-4.5,,0.0,0.0,1.7999999999999998,1.7999999999999998,False,True,Cassie Miller
Brittany Ratcliffe,brittany ratcliffe,SEATTLE REIGN,NWSL,0.0,7,shots,shots,SEATTLE REIGN,SEATTLE REIGN,1,bottom,Brittany Ratcliffe,NWSL,elite,4,4,2,1,0.0,0.0,0.0,0.0,0.0,,0.0,0.0,0.0,0.0,False,False,Brittany Ratcliffe
Cassie Miller,cassie miller,SEATTLE REIGN,NWSL,0.0,7,shots,shots,SEATTLE REIGN,SEATTLE REIGN,2,bottom,Cassie Miller,NWSL,elite,4,4,2,1,0.0,0.0,0.0,0.0,0.0,,0.0,0.0,0.0,0.0,False,False,Cassie Miller
Claudia Dickey,claudia dickey,SEATTLE REIGN,NWSL,0.0,5,shots,shots,SEATTLE REIGN,SEATTLE REIGN,3,bottom,Claudia Dickey,NWSL,elite,2,2,1,1,0.0,0.0,0.0,0.0,,,0.0,0.0,0.0,0.0,False,False,Claudia Dickey
Maddie Mercado,maddie mercado,SEATTLE REIGN,NWSL,3.4285714285714284,7,shots,shots,SEATTLE REIGN,SEATTLE REIGN,1,top,Maddie Mercado,NWSL,elite,4,4,2,1,0.5,2.375,1.5,6.5,0.0,,1.0,0.5,5.0,5.0,False,False,Maddie Mercado
Maddie Dahlien,maddie dahlien,SEATTLE REIGN,NWSL,2.142857142857143,7,shots,shots,SEATTLE REIGN,SEATTLE REIGN,2,top,Maddie Dahlien,NWSL,elite,4,4,2,1,0.5,0.1791666666666667,-0.6000000000000001,2.166666666666667,-0.25,,1.0,0.5,2.766666666666667,2.766666666666667,False,True,Maddie Dahlien
Mia Fishel,mia fishel,SEATTLE REIGN,NWSL,2.142857142857143,7,shots,shots,SEATTLE REIGN,SEATTLE REIGN,3,top,Mia Fishel,NWSL,elite,4,4,2,1,0.25,-0.775,-1.1333333333333333,-1.3333333333333335,0.5,,0.0,0.0,-0.20000000000000018,-0.20000000000000018,False,True,Mia Fishel
Brittany Ratcliffe,brittany ratcliffe,SEATTLE REIGN,NWSL,0.0,7,shots_on_target,shots_on_target,SEATTLE REIGN,SEATTLE REIGN,1,bottom,Brittany Ratcliffe,NWSL,elite,4,4,2,1,0.0,0.0,0.0,0.0,0.0,,0.0,0.0,0.0,0.0,False,False,Brittany Ratcliffe
Cassie Miller,cassie miller,SEATTLE REIGN,NWSL,0.0,7,shots_on_target,shots_on_target,SEATTLE REIGN,SEATTLE REIGN,2,bottom,Cassie Miller,NWSL,elite,4,4,2,1,0.0,0.0,0.0,0.0,0.0,,0.0,0.0,0.0,0.0,False,False,Cassie Miller
Claudia Dickey,claudia dickey,SEATTLE REIGN,NWSL,0.0,5,shots_on_target,shots_on_target,SEATTLE REIGN,SEATTLE REIGN,3,bottom,Claudia Dickey,NWSL,elite,2,2,1,1,0.0,0.0,0.0,0.0,,,0.0,0.0,0.0,0.0,False,False,Claudia Dickey
Maddie Mercado,maddie mercado,SEATTLE REIGN,NWSL,1.1428571428571428,7,shots_on_target,shots_on_target,SEATTLE REIGN,SEATTLE REIGN,1,top,Maddie Mercado,NWSL,elite,4,4,2,1,0.75,0.6041666666666667,0.6666666666666667,-0.16666666666666674,1.25,,0.0,1.0,-0.8333333333333335,-0.8333333333333335,False,False,Maddie Mercado
Mia Fishel,mia fishel,SEATTLE REIGN,NWSL,0.8571428571428571,7,shots_on_target,shots_on_target,SEATTLE REIGN,SEATTLE REIGN,2,top,Mia Fishel,NWSL,elite,4,4,2,1,0.25,0.08333333333333337,0.6666666666666667,-1.0,0.0,,0.0,0.5,-1.6666666666666667,-1.6666666666666667,False,False,Mia Fishel
Maddie Dahlien,maddie dahlien,SEATTLE REIGN,NWSL,0.7142857142857143,7,shots_on_target,shots_on_target,SEATTLE REIGN,SEATTLE REIGN,3,top,Maddie Dahlien,NWSL,elite,4,4,2,1,0.75,0.42500000000000004,-0.06666666666666665,0.33333333333333337,1.5,,1.0,0.5,0.4,0.4,False,False,Maddie Dahlien
Andi Sullivan,andi sullivan,SPIRIT,NWSL,0.0,8,assists,assists,SPIRIT,SPIRIT,1,bottom,Andi Sullivan,NWSL,elite,5,5,2,2,0.0,0.0,0.0,0.0,0.0,,0.0,0.0,0.0,0.0,False,False,Andi Sullivan
Claudia Martínez,claudia martinez,SPIRIT,NWSL,0.0,7,assists,assists,SPIRIT,SPIRIT,2,bottom,Claudia Martínez,NWSL,elite,4,4,2,1,0.0,0.0,0.0,0.0,0.0,,0.0,0.0,0.0,0.0,False,False,Claudia Martínez
Esme Morgan,esme morgan,SPIRIT,NWSL,0.0,8,assists,assists,SPIRIT,SPIRIT,3,bottom,Esme Morgan,NWSL,elite,5,5,2,2,0.0,0.0,0.0,0.0,0.0,,0.0,0.0,0.0,0.0,False,False,Esme Morgan
Kate Wiesner,kate wiesner,SPIRIT,NWSL,0.25,8,assists,assists,SPIRIT,SPIRIT,1,top,Kate Wiesner,NWSL,elite,5,5,2,2,0.2,-0.018571428571428527,-0.18333333333333335,0.261904761904762,-0.25,0.6181272638131076,0.5,0.0,0.4452380952380953,0.4452380952380953,False,False,Kate Wiesner
Leicy Santos,leicy santos,SPIRIT,NWSL,0.25,8,assists,assists,SPIRIT,SPIRIT,2,top,Leicy Santos,NWSL,elite,5,5,2,2,0.2,-0.17047619047619048,-0.3666666666666667,0.19047619047619052,-0.5,0.369951850861625,0.5,0.0,0.5571428571428572,0.5571428571428572,False,True,Leicy Santos
Gabrielle Carle,gabrielle carle,SPIRIT,NWSL,0.125,8,assists,assists,SPIRIT,SPIRIT,3,top,Gabrielle Carle,NWSL,elite,5,5,2,2,0.0,-0.21857142857142856,-0.18333333333333335,-0.23809523809523808,-0.25,-0.12614995352309086,0.0,0.0,-0.054761904761904734,-0.054761904761904734,False,False,Gabrielle Carle
Andi Sullivan,andi sullivan,SPIRIT,NWSL,0.0,8,goals,goals,SPIRIT,SPIRIT,1,bottom,Andi Sullivan,NWSL,elite,5,5,2,2,0.0,0.0,0.0,0.0,0.0,,0.0,0.0,0.0,0.0,False,False,Andi Sullivan
Claudia Martínez,claudia martinez,SPIRIT,NWSL,0.0,7,goals,goals,SPIRIT,SPIRIT,2,bottom,Claudia Martínez,NWSL,elite,4,4,2,1,0.0,0.0,0.0,0.0,0.0,,0.0,0.0,0.0,0.0,False,False,Claudia Martínez
Esme Morgan,esme morgan,SPIRIT,NWSL,0.0,8,goals,goals,SPIRIT,SPIRIT,3,bottom,Esme Morgan,NWSL,elite,5,5,2,2,0.0,0.0,0.0,0.0,0.0,,0.0,0.0,0.0,0.0,False,False,Esme Morgan
Trinity Rodman,trinity rodman,SPIRIT,NWSL,0.75,8,goals,goals,SPIRIT,SPIRIT,1,top,Trinity Rodman,NWSL,elite,5,5,2,2,0.4,-0.26952380952380955,-0.3166666666666667,0.14285714285714285,-1.0,0.2566752936320126,0.5,0.5,0.45952380952380956,0.45952380952380956,False,True,Trinity Rodman
Sofia Cantore,sofia cantore,SPIRIT,NWSL,0.25,8,goals,goals,SPIRIT,SPIRIT,2,top,Sofia Cantore,NWSL,elite,5,5,2,2,0.4,0.2980952380952381,-0.18333333333333335,0.4285714285714286,1.0,0.6794295359730047,0.5,0.0,0.611904761904762,0.611904761904762,False,False,Sofia Cantore
Leicy Santos,leicy santos,SPIRIT,NWSL,0.125,8,goals,goals,SPIRIT,SPIRIT,3,top,Leicy Santos,NWSL,elite,5,5,2,2,0.0,-0.21857142857142856,-0.18333333333333335,-0.23809523809523808,-0.25,-0.12614995352309086,0.0,0.0,-0.054761904761904734,-0.054761904761904734,False,False,Leicy Santos
Sara Wojdelko,sara wojdelko,SPIRIT,NWSL,0.0,8,saves,saves,SPIRIT,SPIRIT,1,bottom,Sara Wojdelko,NWSL,elite,5,5,2,2,0.0,0.0,0.0,0.0,0.0,,0.0,0.0,0.0,0.0,False,False,Sara Wojdelko
Sandy MacIver,sandy maciver,SPIRIT,NWSL,2.375,8,saves,saves,SPIRIT,SPIRIT,2,bottom,Sandy MacIver,NWSL,elite,5,5,2,2,0.4,0.4923809523809523,2.5166666666666666,-0.7857142857142858,-1.0,-0.8931738050058547,0.0,1.0,-3.302380952380952,-3.302380952380952,False,False,Sandy MacIver
Sandy MacIver,sandy maciver,SPIRIT,NWSL,2.375,8,saves,saves,SPIRIT,SPIRIT,1,top,Sandy MacIver,NWSL,elite,5,5,2,2,0.4,0.4923809523809523,2.5166666666666666,-0.7857142857142858,-1.0,-0.8931738050058547,0.0,1.0,-3.302380952380952,-3.302380952380952,False,False,Sandy MacIver
Sara Wojdelko,sara wojdelko,SPIRIT,NWSL,0.0,8,saves,saves,SPIRIT,SPIRIT,2,top,Sara Wojdelko,NWSL,elite,5,5,2,2,0.0,0.0,0.0,0.0,0.0,,0.0,0.0,0.0,0.0,False,False,Sara Wojdelko
Sandy MacIver,sandy maciver,SPIRIT,NWSL,0.0,8,shots,shots,SPIRIT,SPIRIT,1,bottom,Sandy MacIver,NWSL,elite,5,5,2,2,0.0,0.0,0.0,0.0,0.0,,0.0,0.0,0.0,0.0,False,False,Sandy MacIver
Sara Wojdelko,sara wojdelko,SPIRIT,NWSL,0.0,8,shots,shots,SPIRIT,SPIRIT,2,bottom,Sara Wojdelko,NWSL,elite,5,5,2,2,0.0,0.0,0.0,0.0,0.0,,0.0,0.0,0.0,0.0,False,False,Sara Wojdelko
Élisabeth Tsé,elisabeth tse,SPIRIT,NWSL,0.0,8,shots,shots,SPIRIT,SPIRIT,3,bottom,Élisabeth Tsé,NWSL,elite,5,5,2,2,0.0,0.0,0.0,0.0,0.0,,0.0,0.0,0.0,0.0,False,False,Élisabeth Tsé
Trinity Rodman,trinity rodman,SPIRIT,NWSL,3.625,8,shots,shots,SPIRIT,SPIRIT,1,top,Trinity Rodman,NWSL,elite,5,5,2,2,0.2,-1.269047619047619,-1.8333333333333333,-0.7142857142857142,-1.25,0.547815227681286,0.5,0.0,1.119047619047619,1.119047619047619,False,True,Trinity Rodman
Leicy Santos,leicy santos,SPIRIT,NWSL,1.625,8,shots,shots,SPIRIT,SPIRIT,2,top,Leicy Santos,NWSL,elite,5,5,2,2,0.0,-1.4328571428571428,-1.6,-1.8571428571428572,-0.25,0.06859073102028711,0.0,0.0,-0.2571428571428571,-0.2571428571428571,False,True,Leicy Santos
Sofia Cantore,sofia cantore,SPIRIT,NWSL,1.625,8,shots,shots,SPIRIT,SPIRIT,3,top,Sofia Cantore,NWSL,elite,5,5,2,2,0.6,0.9195238095238096,0.31666666666666665,0.8571428571428572,2.25,0.43476853334713483,0.5,0.5,0.5404761904761906,0.5404761904761906,False,False,Sofia Cantore
Esme Morgan,esme morgan,SPIRIT,NWSL,0.0,8,shots_on_target,shots_on_target,SPIRIT,SPIRIT,1,bottom,Esme Morgan,NWSL,elite,5,5,2,2,0.0,0.0,0.0,0.0,0.0,,0.0,0.0,0.0,0.0,False,False,Esme Morgan
Hal Hershfelt,hal hershfelt,SPIRIT,NWSL,0.0,8,shots_on_target,shots_on_target,SPIRIT,SPIRIT,2,bottom,Hal Hershfelt,NWSL,elite,5,5,2,2,0.0,0.0,0.0,0.0,0.0,,0.0,0.0,0.0,0.0,False,False,Hal Hershfelt
Kate Wiesner,kate wiesner,SPIRIT,NWSL,0.0,8,shots_on_target,shots_on_target,SPIRIT,SPIRIT,3,bottom,Kate Wiesner,NWSL,elite,5,5,2,2,0.0,0.0,0.0,0.0,0.0,,0.0,0.0,0.0,0.0,False,False,Kate Wiesner
Trinity Rodman,trinity rodman,SPIRIT,NWSL,1.5,8,shots_on_target,shots_on_target,SPIRIT,SPIRIT,1,top,Trinity Rodman,NWSL,elite,5,5,2,2,0.4,-0.11047619047619048,-1.05,0.5238095238095237,0.5,0.7459770048732782,0.5,0.0,1.5738095238095238,1.5738095238095238,False,True,Trinity Rodman
Leicy Santos,leicy santos,SPIRIT,NWSL,0.875,8,shots_on_target,shots_on_target,SPIRIT,SPIRIT,2,top,Leicy Santos,NWSL,elite,5,5,2,2,0.0,-1.2133333333333334,-1.2833333333333332,-1.5,-0.5,0.043580635862169294,0.0,0.0,-0.21666666666666679,-0.21666666666666679,False,True,Leicy Santos
Sofia Cantore,sofia cantore,SPIRIT,NWSL,0.75,8,shots_on_target,shots_on_target,SPIRIT,SPIRIT,3,top,Sofia Cantore,NWSL,elite,5,5,2,2,0.6,0.549047619047619,-0.04999999999999999,0.5476190476190477,1.75,0.5258398085643543,0.5,0.5,0.5976190476190477,0.5976190476190477,False,False,Sofia Cantore
Calvin Harris,calvin harris,SPORTING KC,MLS,0.0,5,assists,assists,SPORTING KC,SPORTING KC,1,bottom,Calvin Harris,MLS,mid,2,2,0,0,0.0,0.0,,,0.0,,,,,,False,False,Calvin Harris
Dejan Joveljic,dejan joveljic,SPORTING KC,MLS,0.0,5,assists,assists,SPORTING KC,SPORTING KC,2,bottom,Dejan Joveljic,MLS,mid,2,2,0,0,0.0,0.0,,,0.0,,,,,,False,False,Dejan Joveljic
Emir Karic,emir karic,SPORTING KC,MLS,0.0,5,assists,assists,SPORTING KC,SPORTING KC,3,bottom,Emir Karic,MLS,mid,2,2,0,0,0.0,0.0,,,0.0,,,,,,False,False,Emir Karic
Jacob Davis,jacob davis,SPORTING KC,MLS,0.2,5,assists,assists,SPORTING KC,SPORTING KC,1,top,Jacob Davis,MLS,mid,2,2,0,0,0.0,-0.29166666666666663,,,-0.29166666666666663,,,,,,False,False,Jacob Davis
Manu García,manu garcia,SPORTING KC,MLS,0.2,5,assists,assists,SPORTING KC,SPORTING KC,2,top,Manu García,MLS,mid,2,2,0,0,0.0,-0.29166666666666663,,,-0.29166666666666663,,,,,,False,False,Manu García
Calvin Harris,calvin harris,SPORTING KC,MLS,0.0,5,assists,assists,SPORTING KC,SPORTING KC,3,top,Calvin Harris,MLS,mid,2,2,0,0,0.0,0.0,,,0.0,,,,,,False,False,Calvin Harris
Calvin Harris,calvin harris,SPORTING KC,MLS,0.0,5,goals,goals,SPORTING KC,SPORTING KC,1,bottom,Calvin Harris,MLS,mid,2,2,0,0,0.0,0.0,,,0.0,,,,,,False,False,Calvin Harris
Emir Karic,emir karic,SPORTING KC,MLS,0.0,5,goals,goals,SPORTING KC,SPORTING KC,2,bottom,Emir Karic,MLS,mid,2,2,0,0,0.0,0.0,,,0.0,,,,,,False,False,Emir Karic
Ian James,ian james,SPORTING KC,MLS,0.0,5,goals,goals,SPORTING KC,SPORTING KC,3,bottom,Ian James,MLS,mid,2,2,0,0,0.0,0.0,,,0.0,,,,,,False,False,Ian James
Dejan Joveljic,dejan joveljic,SPORTING KC,MLS,0.4,5,goals,goals,SPORTING KC,SPORTING KC,1,top,Dejan Joveljic,MLS,mid,2,2,0,0,0.0,-0.5833333333333333,,,-0.5833333333333333,,,,,,False,False,Dejan Joveljic
Manu García,manu garcia,SPORTING KC,MLS,0.2,5,goals,goals,SPORTING KC,SPORTING KC,2,top,Manu García,MLS,mid,2,2,0,0,0.0,-0.29166666666666663,,,-0.29166666666666663,,,,,,False,False,Manu García
Calvin Harris,calvin harris,SPORTING KC,MLS,0.0,5,goals,goals,SPORTING KC,SPORTING KC,3,top,Calvin Harris,MLS,mid,2,2,0,0,0.0,0.0,,,0.0,,,,,,False,False,Calvin Harris
John Pulskamp,john pulskamp,SPORTING KC,MLS,0.0,5,saves,saves,SPORTING KC,SPORTING KC,1,bottom,John Pulskamp,MLS,mid,2,2,0,0,0.0,0.0,,,0.0,,,,,,False,False,John Pulskamp
Stefan Cleveland,stefan cleveland,SPORTING KC,MLS,2.8,5,saves,saves,SPORTING KC,SPORTING KC,2,bottom,Stefan Cleveland,MLS,mid,2,2,0,0,0.0,-2.625,,,-2.625,,,,,,False,False,Stefan Cleveland
Stefan Cleveland,stefan cleveland,SPORTING KC,MLS,2.8,5,saves,saves,SPORTING KC,SPORTING KC,1,top,Stefan Cleveland,MLS,mid,2,2,0,0,0.0,-2.625,,,-2.625,,,,,,False,False,Stefan Cleveland
John Pulskamp,john pulskamp,SPORTING KC,MLS,0.0,5,saves,saves,SPORTING KC,SPORTING KC,2,top,John Pulskamp,MLS,mid,2,2,0,0,0.0,0.0,,,0.0,,,,,,False,False,John Pulskamp
Ian James,ian james,SPORTING KC,MLS,0.0,5,shots,shots,SPORTING KC,SPORTING KC,1,bottom,Ian James,MLS,mid,2,2,0,0,0.0,0.0,,,0.0,,,,,,False,False,Ian James
Jacob Bartlett,jacob bartlett,SPORTING KC,MLS,0.0,5,shots,shots,SPORTING KC,SPORTING KC,2,bottom,Jacob Bartlett,MLS,mid,2,2,0,0,0.0,0.0,,,0.0,,,,,,False,False,Jacob Bartlett
Jansen Miller,jansen miller,SPORTING KC,MLS,0.0,5,shots,shots,SPORTING KC,SPORTING KC,3,bottom,Jansen Miller,MLS,mid,2,2,0,0,0.0,0.0,,,0.0,,,,,,False,False,Jansen Miller
Dejan Joveljic,dejan joveljic,SPORTING KC,MLS,2.2,5,shots,shots,SPORTING KC,SPORTING KC,1,top,Dejan Joveljic,MLS,mid,2,2,0,0,0.0,-1.75,,,-1.75,,,,,,False,False,Dejan Joveljic
Calvin Harris,calvin harris,SPORTING KC,MLS,2.0,5,shots,shots,SPORTING KC,SPORTING KC,2,top,Calvin Harris,MLS,mid,2,2,0,0,0.5,0.125,,,0.125,,,,,,False,False,Calvin Harris
Zorhan Bassong,zorhan bassong,SPORTING KC,MLS,0.8,5,shots,shots,SPORTING KC,SPORTING KC,3,top,Zorhan Bassong,MLS,mid,2,2,0,0,0.0,-1.1666666666666665,,,-1.1666666666666665,,,,,,False,False,Zorhan Bassong
Emir Karic,emir karic,SPORTING KC,MLS,0.0,5,shots_on_target,shots_on_target,SPORTING KC,SPORTING KC,1,bottom,Emir Karic,MLS,mid,2,2,0,0,0.0,0.0,,,0.0,,,,,,False,False,Emir Karic
Ian James,ian james,SPORTING KC,MLS,0.0,5,shots_on_target,shots_on_target,SPORTING KC,SPORTING KC,2,bottom,Ian James,MLS,mid,2,2,0,0,0.0,0.0,,,0.0,,,,,,False,False,Ian James
Jacob Bartlett,jacob bartlett,SPORTING KC,MLS,0.0,5,shots_on_target,shots_on_target,SPORTING KC,SPORTING KC,3,bottom,Jacob Bartlett,MLS,mid,2,2,0,0,0.0,0.0,,,0.0,,,,,,False,False,Jacob Bartlett
Dejan Joveljic,dejan joveljic,SPORTING KC,MLS,1.2,5,shots_on_target,shots_on_target,SPORTING KC,SPORTING KC,1,top,Dejan Joveljic,MLS,mid,2,2,0,0,0.0,-0.29166666666666663,,,-0.29166666666666663,,,,,,False,False,Dejan Joveljic
Calvin Harris,calvin harris,SPORTING KC,MLS,0.4,5,shots_on_target,shots_on_target,SPORTING KC,SPORTING KC,2,top,Calvin Harris,MLS,mid,2,2,0,0,0.5,0.20833333333333334,,,0.20833333333333334,,,,,,False,False,Calvin Harris
Manu García,manu garcia,SPORTING KC,MLS,0.4,5,shots_on_target,shots_on_target,SPORTING KC,SPORTING KC,3,top,Manu García,MLS,mid,2,2,0,0,0.0,-0.5833333333333333,,,-0.5833333333333333,,,,,,False,False,Manu García
Benjamin Lundt,benjamin lundt,ST. LOUIS,MLS,0.0,5,assists,assists,ST. LOUIS,ST. LOUIS,1,bottom,Benjamin Lundt,MLS,elite,2,2,1,0,0.0,0.0,0.0,,0.0,,,0.0,,,False,False,Benjamin Lundt
Daniel Edelman,daniel edelman,ST. LOUIS,MLS,0.0,5,assists,assists,ST. LOUIS,ST. LOUIS,2,bottom,Daniel Edelman,MLS,elite,2,2,1,0,0.0,0.0,0.0,,0.0,,,0.0,,,False,False,Daniel Edelman
Dante Polvara,dante polvara,ST. LOUIS,MLS,0.0,5,assists,assists,ST. LOUIS,ST. LOUIS,3,bottom,Dante Polvara,MLS,elite,2,2,1,0,0.0,0.0,0.0,,0.0,,,0.0,,,False,False,Dante Polvara
Tomas Totland,tomas totland,ST. LOUIS,MLS,0.6,5,assists,assists,ST. LOUIS,ST. LOUIS,1,top,Tomas Totland,MLS,elite,2,2,1,0,0.5,-0.08333333333333331,0.5,,-0.6666666666666666,,,1.0,,,False,False,Tomas Totland
Eduard Löwen,eduard lowen,ST. LOUIS,MLS,0.2,5,assists,assists,ST. LOUIS,ST. LOUIS,2,top,Eduard Löwen,MLS,elite,2,2,1,0,0.5,0.5,1.0,,0.0,,,1.0,,,False,False,Eduard Löwen
Simon Becher,simon becher,ST. LOUIS,MLS,0.2,5,assists,assists,ST. LOUIS,ST. LOUIS,3,top,Simon Becher,MLS,elite,2,2,1,0,0.0,-0.29166666666666663,-0.25,,-0.3333333333333333,,,0.0,,,False,False,Simon Becher
Benjamin Lundt,benjamin lundt,ST. LOUIS,MLS,0.0,5,goals,goals,ST. LOUIS,ST. LOUIS,1,bottom,Benjamin Lundt,MLS,elite,2,2,1,0,0.0,0.0,0.0,,0.0,,,0.0,,,False,False,Benjamin Lundt
Dante Polvara,dante polvara,ST. LOUIS,MLS,0.0,5,goals,goals,ST. LOUIS,ST. LOUIS,2,bottom,Dante Polvara,MLS,elite,2,2,1,0,0.0,0.0,0.0,,0.0,,,0.0,,,False,False,Dante Polvara
Fallou Fall,fallou fall,ST. LOUIS,MLS,0.0,5,goals,goals,ST. LOUIS,ST. LOUIS,3,bottom,Fallou Fall,MLS,elite,2,2,1,0,0.0,0.0,0.0,,0.0,,,0.0,,,False,False,Fallou Fall
Simon Becher,simon becher,ST. LOUIS,MLS,0.6,5,goals,goals,ST. LOUIS,ST. LOUIS,1,top,Simon Becher,MLS,elite,2,2,1,0,0.5,0.7083333333333334,1.75,,-0.3333333333333333,,,1.0,,,False,False,Simon Becher
Daniel Edelman,daniel edelman,ST. LOUIS,MLS,0.2,5,goals,goals,ST. LOUIS,ST. LOUIS,2,top,Daniel Edelman,MLS,elite,2,2,1,0,0.5,0.5,1.0,,0.0,,,1.0,,,False,False,Daniel Edelman
Eduard Löwen,eduard lowen,ST. LOUIS,MLS,0.2,5,goals,goals,ST. LOUIS,ST. LOUIS,3,top,Eduard Löwen,MLS,elite,2,2,1,0,0.0,-0.29166666666666663,-0.25,,-0.3333333333333333,,,0.0,,,False,False,Eduard Löwen
Benjamin Lundt,benjamin lundt,ST. LOUIS,MLS,0.2,5,saves,saves,ST. LOUIS,ST. LOUIS,1,bottom,Benjamin Lundt,MLS,elite,2,2,1,0,0.0,-0.29166666666666663,-0.25,,-0.3333333333333333,,,0.0,,,False,False,Benjamin Lundt
Benjamin Lundt,benjamin lundt,ST. LOUIS,MLS,0.2,5,saves,saves,ST. LOUIS,ST. LOUIS,1,top,Benjamin Lundt,MLS,elite,2,2,1,0,0.0,-0.29166666666666663,-0.25,,-0.3333333333333333,,,0.0,,,False,False,Benjamin Lundt
Benjamin Lundt,benjamin lundt,ST. LOUIS,MLS,0.0,5,shots,shots,ST. LOUIS,ST. LOUIS,1,bottom,Benjamin Lundt,MLS,elite,2,2,1,0,0.0,0.0,0.0,,0.0,,,0.0,,,False,False,Benjamin Lundt
Fallou Fall,fallou fall,ST. LOUIS,MLS,0.0,5,shots,shots,ST. LOUIS,ST. LOUIS,2,bottom,Fallou Fall,MLS,elite,2,2,1,0,0.0,0.0,0.0,,0.0,,,0.0,,,False,False,Fallou Fall
Dante Polvara,dante polvara,ST. LOUIS,MLS,0.2,5,shots,shots,ST. LOUIS,ST. LOUIS,3,bottom,Dante Polvara,MLS,elite,2,2,1,0,0.0,-0.29166666666666663,-0.25,,-0.3333333333333333,,,0.0,,,False,False,Dante Polvara
Simon Becher,simon becher,ST. LOUIS,MLS,4.6,5,shots,shots,ST. LOUIS,ST. LOUIS,1,top,Simon Becher,MLS,elite,2,2,1,0,0.5,0.8333333333333335,3.0,,-1.333333333333333,,,1.0,,,False,False,Simon Becher
Eduard Löwen,eduard lowen,ST. LOUIS,MLS,2.0,5,shots,shots,ST. LOUIS,ST. LOUIS,2,top,Eduard Löwen,MLS,elite,2,2,1,0,0.0,0.0,0.0,,0.0,,,0.0,,,False,False,Eduard Löwen
Jeong Sang-Bin,jeong sang-bin,ST. LOUIS,MLS,1.4,5,shots,shots,ST. LOUIS,ST. LOUIS,3,top,Jeong Sang-Bin,MLS,elite,2,2,1,0,0.0,-1.25,-0.5,,-2.0,,,0.0,,,False,False,Jeong Sang-Bin
Benjamin Lundt,benjamin lundt,ST. LOUIS,MLS,0.0,5,shots_on_target,shots_on_target,ST. LOUIS,ST. LOUIS,1,bottom,Benjamin Lundt,MLS,elite,2,2,1,0,0.0,0.0,0.0,,0.0,,,0.0,,,False,False,Benjamin Lundt
Dante Polvara,dante polvara,ST. LOUIS,MLS,0.0,5,shots_on_target,shots_on_target,ST. LOUIS,ST. LOUIS,2,bottom,Dante Polvara,MLS,elite,2,2,1,0,0.0,0.0,0.0,,0.0,,,0.0,,,False,False,Dante Polvara
Fallou Fall,fallou fall,ST. LOUIS,MLS,0.0,5,shots_on_target,shots_on_target,ST. LOUIS,ST. LOUIS,3,bottom,Fallou Fall,MLS,elite,2,2,1,0,0.0,0.0,0.0,,0.0,,,0.0,,,False,False,Fallou Fall
Simon Becher,simon becher,ST. LOUIS,MLS,1.6,5,shots_on_target,shots_on_target,ST. LOUIS,ST. LOUIS,1,top,Simon Becher,MLS,elite,2,2,1,0,0.5,0.8333333333333334,3.0,,-1.3333333333333333,,,1.0,,,False,False,Simon Becher
Jeong Sang-Bin,jeong sang-bin,ST. LOUIS,MLS,0.6,5,shots_on_target,shots_on_target,ST. LOUIS,ST. LOUIS,2,top,Jeong Sang-Bin,MLS,elite,2,2,1,0,0.5,-0.08333333333333331,0.5,,-0.6666666666666666,,,1.0,,,False,False,Jeong Sang-Bin
Daniel Edelman,daniel edelman,ST. LOUIS,MLS,0.4,5,shots_on_target,shots_on_target,ST. LOUIS,ST. LOUIS,3,top,Daniel Edelman,MLS,elite,2,2,1,0,0.5,1.0,2.0,,0.0,,,1.0,,,False,False,Daniel Edelman
Carolyn Calzada,carolyn calzada,THORNS,NWSL,0.0,7,assists,assists,THORNS,THORNS,1,bottom,Carolyn Calzada,NWSL,elite,4,4,2,1,0.0,0.0,0.0,0.0,0.0,,0.0,0.0,0.0,0.0,False,False,Carolyn Calzada
Cassandra Bogere,cassandra bogere,THORNS,NWSL,0.0,7,assists,assists,THORNS,THORNS,2,bottom,Cassandra Bogere,NWSL,elite,4,4,2,1,0.0,0.0,0.0,0.0,0.0,,0.0,0.0,0.0,0.0,False,False,Cassandra Bogere
Deyna Castellanos,deyna castellanos,THORNS,NWSL,0.0,7,assists,assists,THORNS,THORNS,3,bottom,Deyna Castellanos,NWSL,elite,4,4,2,1,0.0,0.0,0.0,0.0,0.0,,0.0,0.0,0.0,0.0,False,False,Deyna Castellanos
Pietra Tordin,pietra tordin,THORNS,NWSL,0.7142857142857143,7,assists,assists,THORNS,THORNS,1,top,Pietra Tordin,NWSL,elite,4,4,2,1,0.75,0.029166666666666674,0.2916666666666667,-0.8,0.33333333333333337,,0.0,1.0,-1.0916666666666668,-1.0916666666666668,False,False,Pietra Tordin
Olivia Moultrie,olivia moultrie,THORNS,NWSL,0.2,5,assists,assists,THORNS,THORNS,2,top,Olivia Moultrie,NWSL,elite,2,2,2,0,0.0,-0.29166666666666663,-0.29166666666666663,,,,,0.0,,,False,False,Olivia Moultrie
Renee Lyles,renee lyles,THORNS,NWSL,0.16666666666666666,6,assists,assists,THORNS,THORNS,3,top,Renee Lyles,NWSL,elite,3,3,1,1,0.0,-0.26111111111111107,-0.3333333333333333,-0.25,-0.2,,0.0,0.0,0.08333333333333331,0.08333333333333331,False,False,Renee Lyles
Carolyn Calzada,carolyn calzada,THORNS,NWSL,0.0,7,goals,goals,THORNS,THORNS,1,bottom,Carolyn Calzada,NWSL,elite,4,4,2,1,0.0,0.0,0.0,0.0,0.0,,0.0,0.0,0.0,0.0,False,False,Carolyn Calzada
Cassandra Bogere,cassandra bogere,THORNS,NWSL,0.0,7,goals,goals,THORNS,THORNS,2,bottom,Cassandra Bogere,NWSL,elite,4,4,2,1,0.0,0.0,0.0,0.0,0.0,,0.0,0.0,0.0,0.0,False,False,Cassandra Bogere
Isabella Obaze,isabella obaze,THORNS,NWSL,0.0,5,goals,goals,THORNS,THORNS,3,bottom,Isabella Obaze,NWSL,mid,2,2,0,1,0.0,0.0,,0.0,0.0,,0.0,,,,False,False,Isabella Obaze
Pietra Tordin,pietra tordin,THORNS,NWSL,0.5714285714285714,7,goals,goals,THORNS,THORNS,1,top,Pietra Tordin,NWSL,elite,4,4,2,1,0.25,0.38750000000000007,-0.29166666666666663,2.8,-0.6666666666666666,,1.0,0.0,3.0916666666666663,3.0916666666666663,False,False,Pietra Tordin
Sophia Wilson,sophia wilson,THORNS,NWSL,0.5714285714285714,7,goals,goals,THORNS,THORNS,2,top,Sophia Wilson,NWSL,elite,4,4,2,1,0.5,-0.10833333333333331,-0.08333333333333331,0.4,-0.6666666666666666,,1.0,0.5,0.48333333333333334,0.48333333333333334,False,False,Sophia Wilson
Jayden Perry,jayden perry,THORNS,NWSL,0.16666666666666666,6,goals,goals,THORNS,THORNS,3,top,Jayden Perry,NWSL,elite,3,3,1,1,0.0,-0.26111111111111107,-0.3333333333333333,-0.25,-0.2,,0.0,0.0,0.08333333333333331,0.08333333333333331,False,False,Jayden Perry
Morgan Messner,morgan messner,THORNS,NWSL,0.0,7,saves,saves,THORNS,THORNS,1,bottom,Morgan Messner,NWSL,elite,4,4,2,1,0.0,0.0,0.0,0.0,0.0,,0.0,0.0,0.0,0.0,False,False,Morgan Messner
Mackenzie Arnold,mackenzie arnold,THORNS,NWSL,3.2857142857142856,7,saves,saves,THORNS,THORNS,2,bottom,Mackenzie Arnold,NWSL,elite,4,4,2,1,0.25,-0.5625,-2.125,0.0,2.0,,0.0,0.0,2.125,2.125,False,True,Mackenzie Arnold
Mackenzie Arnold,mackenzie arnold,THORNS,NWSL,3.2857142857142856,7,saves,saves,THORNS,THORNS,1,top,Mackenzie Arnold,NWSL,elite,4,4,2,1,0.25,-0.5625,-2.125,0.0,2.0,,0.0,0.0,2.125,2.125,False,True,Mackenzie Arnold
Morgan Messner,morgan messner,THORNS,NWSL,0.0,7,saves,saves,THORNS,THORNS,2,top,Morgan Messner,NWSL,elite,4,4,2,1,0.0,0.0,0.0,0.0,0.0,,0.0,0.0,0.0,0.0,False,False,Morgan Messner
Carolyn Calzada,carolyn calzada,THORNS,NWSL,0.0,7,shots,shots,THORNS,THORNS,1,bottom,Carolyn Calzada,NWSL,elite,4,4,2,1,0.0,0.0,0.0,0.0,0.0,,0.0,0.0,0.0,0.0,False,False,Carolyn Calzada
Isabella Obaze,isabella obaze,THORNS,NWSL,0.0,5,shots,shots,THORNS,THORNS,2,bottom,Isabella Obaze,NWSL,mid,2,2,0,1,0.0,0.0,,0.0,0.0,,0.0,,,,False,False,Isabella Obaze
Mackenzie Arnold,mackenzie arnold,THORNS,NWSL,0.0,7,shots,shots,THORNS,THORNS,3,bottom,Mackenzie Arnold,NWSL,elite,4,4,2,1,0.0,0.0,0.0,0.0,0.0,,0.0,0.0,0.0,0.0,False,False,Mackenzie Arnold
Sophia Wilson,sophia wilson,THORNS,NWSL,4.428571428571429,7,shots,shots,THORNS,THORNS,1,top,Sophia Wilson,NWSL,elite,4,4,2,1,0.25,-0.625,0.6666666666666665,-1.0,-2.833333333333333,,0.0,0.5,-1.6666666666666665,-1.6666666666666665,False,False,Sophia Wilson
Olivia Moultrie,olivia moultrie,THORNS,NWSL,2.6,5,shots,shots,THORNS,THORNS,2,top,Olivia Moultrie,NWSL,elite,2,2,2,0,0.5,-0.20833333333333326,-0.20833333333333326,,,,,0.5,,,False,False,Olivia Moultrie
Pietra Tordin,pietra tordin,THORNS,NWSL,2.5714285714285716,7,shots,shots,THORNS,THORNS,3,top,Pietra Tordin,NWSL,elite,4,4,2,1,0.25,-0.49583333333333335,-1.375,2.6,-1.8333333333333335,,1.0,0.0,3.975,3.975,False,True,Pietra Tordin
Carolyn Calzada,carolyn calzada,THORNS,NWSL,0.0,7,shots_on_target,shots_on_target,THORNS,THORNS,1,bottom,Carolyn Calzada,NWSL,elite,4,4,2,1,0.0,0.0,0.0,0.0,0.0,,0.0,0.0,0.0,0.0,False,False,Carolyn Calzada
Isabella Obaze,isabella obaze,THORNS,NWSL,0.0,5,shots_on_target,shots_on_target,THORNS,THORNS,2,bottom,Isabella Obaze,NWSL,mid,2,2,0,1,0.0,0.0,,0.0,0.0,,0.0,,,,False,False,Isabella Obaze
Mackenzie Arnold,mackenzie arnold,THORNS,NWSL,0.0,7,shots_on_target,shots_on_target,THORNS,THORNS,3,bottom,Mackenzie Arnold,NWSL,elite,4,4,2,1,0.0,0.0,0.0,0.0,0.0,,0.0,0.0,0.0,0.0,False,False,Mackenzie Arnold
Sophia Wilson,sophia wilson,THORNS,NWSL,1.8571428571428572,7,shots_on_target,shots_on_target,THORNS,THORNS,1,top,Sophia Wilson,NWSL,elite,4,4,2,1,0.75,0.4125,0.04166666666666663,1.4,0.16666666666666674,,1.0,0.5,1.3583333333333334,1.3583333333333334,False,False,Sophia Wilson
Olivia Moultrie,olivia moultrie,THORNS,NWSL,1.2,5,shots_on_target,shots_on_target,THORNS,THORNS,2,top,Olivia Moultrie,NWSL,elite,2,2,2,0,0.5,-0.41666666666666663,-0.41666666666666663,,,,,0.5,,,False,True,Olivia Moultrie
Pietra Tordin,pietra tordin,THORNS,NWSL,1.0,7,shots_on_target,shots_on_target,THORNS,THORNS,3,top,Pietra Tordin,NWSL,elite,4,4,2,1,0.75,0.40416666666666673,0.2916666666666667,2.2,-1.1666666666666667,,1.0,1.0,1.9083333333333334,1.9083333333333334,False,False,Pietra Tordin
Alan Barrionuevo,alan barrionuevo,TIGRE,Argentina,0.0,5,assists,assists,TIGRE,TIGRE,1,bottom,Alan Barrionuevo,Argentina,elite,2,2,2,0,0.0,0.0,0.0,,,,,0.0,,,False,False,Alan Barrionuevo
Alfio Oviedo,alfio oviedo,TIGRE,Argentina,0.0,5,assists,assists,TIGRE,TIGRE,2,bottom,Alfio Oviedo,Argentina,elite,2,2,2,0,0.0,0.0,0.0,,,,,0.0,,,False,False,Alfio Oviedo
Federico Álvarez,federico alvarez,TIGRE,Argentina,0.0,5,assists,assists,TIGRE,TIGRE,3,bottom,Federico Álvarez,Argentina,elite,2,2,2,0,0.0,0.0,0.0,,,,,0.0,,,False,False,Federico Álvarez
Alan Barrionuevo,alan barrionuevo,TIGRE,Argentina,0.0,5,assists,assists,TIGRE,TIGRE,1,top,Alan Barrionuevo,Argentina,elite,2,2,2,0,0.0,0.0,0.0,,,,,0.0,,,False,False,Alan Barrionuevo
Alfio Oviedo,alfio oviedo,TIGRE,Argentina,0.0,5,assists,assists,TIGRE,TIGRE,2,top,Alfio Oviedo,Argentina,elite,2,2,2,0,0.0,0.0,0.0,,,,,0.0,,,False,False,Alfio Oviedo
Federico Álvarez,federico alvarez,TIGRE,Argentina,0.0,5,assists,assists,TIGRE,TIGRE,3,top,Federico Álvarez,Argentina,elite,2,2,2,0,0.0,0.0,0.0,,,,,0.0,,,False,False,Federico Álvarez
Alan Barrionuevo,alan barrionuevo,TIGRE,Argentina,0.0,5,goals,goals,TIGRE,TIGRE,1,bottom,Alan Barrionuevo,Argentina,elite,2,2,2,0,0.0,0.0,0.0,,,,,0.0,,,False,False,Alan Barrionuevo
Alfio Oviedo,alfio oviedo,TIGRE,Argentina,0.0,5,goals,goals,TIGRE,TIGRE,2,bottom,Alfio Oviedo,Argentina,elite,2,2,2,0,0.0,0.0,0.0,,,,,0.0,,,False,False,Alfio Oviedo
Federico Álvarez,federico alvarez,TIGRE,Argentina,0.0,5,goals,goals,TIGRE,TIGRE,3,bottom,Federico Álvarez,Argentina,elite,2,2,2,0,0.0,0.0,0.0,,,,,0.0,,,False,False,Federico Álvarez
Ignacio Russo,ignacio russo,TIGRE,Argentina,0.4,5,goals,goals,TIGRE,TIGRE,1,top,Ignacio Russo,Argentina,elite,2,2,2,0,0.5,0.08333333333333337,0.08333333333333337,,,,,0.5,,,False,False,Ignacio Russo
Hector Garay,hector garay,TIGRE,Argentina,0.2,5,goals,goals,TIGRE,TIGRE,2,top,Hector Garay,Argentina,elite,2,2,2,0,0.0,-0.29166666666666663,-0.29166666666666663,,,,,0.0,,,False,False,Hector Garay
Alan Barrionuevo,alan barrionuevo,TIGRE,Argentina,0.0,5,goals,goals,TIGRE,TIGRE,3,top,Alan Barrionuevo,Argentina,elite,2,2,2,0,0.0,0.0,0.0,,,,,0.0,,,False,False,Alan Barrionuevo
Felipe Zenobio,felipe zenobio,TIGRE,Argentina,2.4,5,saves,saves,TIGRE,TIGRE,1,bottom,Felipe Zenobio,Argentina,elite,2,2,2,0,0.0,-2.833333333333333,-2.833333333333333,,,,,0.0,,,False,True,Felipe Zenobio
Felipe Zenobio,felipe zenobio,TIGRE,Argentina,2.4,5,saves,saves,TIGRE,TIGRE,1,top,Felipe Zenobio,Argentina,elite,2,2,2,0,0.0,-2.833333333333333,-2.833333333333333,,,,,0.0,,,False,True,Felipe Zenobio
Felipe Zenobio,felipe zenobio,TIGRE,Argentina,0.0,5,shots,shots,TIGRE,TIGRE,1,bottom,Felipe Zenobio,Argentina,elite,2,2,2,0,0.0,0.0,0.0,,,,,0.0,,,False,False,Felipe Zenobio
Gonzalo Requena,gonzalo requena,TIGRE,Argentina,0.0,5,shots,shots,TIGRE,TIGRE,2,bottom,Gonzalo Requena,Argentina,elite,2,2,2,0,0.0,0.0,0.0,,,,,0.0,,,False,False,Gonzalo Requena
Joaquín Laso,joaquin laso,TIGRE,Argentina,0.0,5,shots,shots,TIGRE,TIGRE,3,bottom,Joaquín Laso,Argentina,elite,2,2,2,0,0.0,0.0,0.0,,,,,0.0,,,False,False,Joaquín Laso
Ignacio Russo,ignacio russo,TIGRE,Argentina,2.2,5,shots,shots,TIGRE,TIGRE,1,top,Ignacio Russo,Argentina,elite,2,2,2,0,0.5,-0.16666666666666674,-0.16666666666666674,,,,,0.5,,,False,False,Ignacio Russo
Santiago López,santiago lopez,TIGRE,Argentina,1.4,5,shots,shots,TIGRE,TIGRE,2,top,Santiago López,Argentina,elite,3,3,3,0,0.3333333333333333,-0.9388888888888888,-0.9388888888888888,,,,,0.3333333333333333,,,False,True,Santiago López
Alfio Oviedo,alfio oviedo,TIGRE,Argentina,1.0,5,shots,shots,TIGRE,TIGRE,3,top,Alfio Oviedo,Argentina,elite,2,2,2,0,0.0,-1.4583333333333335,-1.4583333333333335,,,,,0.0,,,False,True,Alfio Oviedo
Federico Álvarez,federico alvarez,TIGRE,Argentina,0.0,5,shots_on_target,shots_on_target,TIGRE,TIGRE,1,bottom,Federico Álvarez,Argentina,elite,2,2,2,0,0.0,0.0,0.0,,,,,0.0,,,False,False,Federico Álvarez
Felipe Zenobio,felipe zenobio,TIGRE,Argentina,0.0,5,shots_on_target,shots_on_target,TIGRE,TIGRE,2,bottom,Felipe Zenobio,Argentina,elite,2,2,2,0,0.0,0.0,0.0,,,,,0.0,,,False,False,Felipe Zenobio
Gonzalo Requena,gonzalo requena,TIGRE,Argentina,0.0,5,shots_on_target,shots_on_target,TIGRE,TIGRE,3,bottom,Gonzalo Requena,Argentina,elite,2,2,2,0,0.0,0.0,0.0,,,,,0.0,,,False,False,Gonzalo Requena
Ignacio Russo,ignacio russo,TIGRE,Argentina,0.6,5,shots_on_target,shots_on_target,TIGRE,TIGRE,1,top,Ignacio Russo,Argentina,elite,2,2,2,0,1.0,0.5833333333333334,0.5833333333333334,,,,,1.0,,,False,False,Ignacio Russo
Hector Garay,hector garay,TIGRE,Argentina,0.4,5,shots_on_target,shots_on_target,TIGRE,TIGRE,2,top,Hector Garay,Argentina,elite,2,2,2,0,0.0,-0.5833333333333333,-0.5833333333333333,,,,,0.0,,,False,True,Hector Garay
Alan Barrionuevo,alan barrionuevo,TIGRE,Argentina,0.2,5,shots_on_target,shots_on_target,TIGRE,TIGRE,3,top,Alan Barrionuevo,Argentina,elite,2,2,2,0,0.0,-0.29166666666666663,-0.29166666666666663,,,,,0.0,,,False,False,Alan Barrionuevo
Alonso Coello,alonso coello,TORONTO,MLS,0.0,5,assists,assists,TORONTO,TORONTO,1,bottom,Alonso Coello,MLS,elite,2,2,2,0,0.0,0.0,0.0,,,,,0.0,,,False,False,Alonso Coello
Derrick Etienne Jr.,derrick etienne jr.,TORONTO,MLS,0.0,5,assists,assists,TORONTO,TORONTO,2,bottom,Derrick Etienne Jr.,MLS,elite,2,2,2,0,0.0,0.0,0.0,,,,,0.0,,,False,False,Derrick Etienne Jr.
Dániel Sallói,daniel salloi,TORONTO,MLS,0.0,5,assists,assists,TORONTO,TORONTO,3,bottom,Dániel Sallói,MLS,elite,2,2,2,0,0.0,0.0,0.0,,,,,0.0,,,False,False,Dániel Sallói
Alonso Coello,alonso coello,TORONTO,MLS,0.0,5,assists,assists,TORONTO,TORONTO,1,top,Alonso Coello,MLS,elite,2,2,2,0,0.0,0.0,0.0,,,,,0.0,,,False,False,Alonso Coello
Derrick Etienne Jr.,derrick etienne jr.,TORONTO,MLS,0.0,5,assists,assists,TORONTO,TORONTO,2,top,Derrick Etienne Jr.,MLS,elite,2,2,2,0,0.0,0.0,0.0,,,,,0.0,,,False,False,Derrick Etienne Jr.
Dániel Sallói,daniel salloi,TORONTO,MLS,0.0,5,assists,assists,TORONTO,TORONTO,3,top,Dániel Sallói,MLS,elite,2,2,2,0,0.0,0.0,0.0,,,,,0.0,,,False,False,Dániel Sallói
Alonso Coello,alonso coello,TORONTO,MLS,0.0,5,goals,goals,TORONTO,TORONTO,1,bottom,Alonso Coello,MLS,elite,2,2,2,0,0.0,0.0,0.0,,,,,0.0,,,False,False,Alonso Coello
Derrick Etienne Jr.,derrick etienne jr.,TORONTO,MLS,0.0,5,goals,goals,TORONTO,TORONTO,2,bottom,Derrick Etienne Jr.,MLS,elite,2,2,2,0,0.0,0.0,0.0,,,,,0.0,,,False,False,Derrick Etienne Jr.
Dániel Sallói,daniel salloi,TORONTO,MLS,0.0,5,goals,goals,TORONTO,TORONTO,3,bottom,Dániel Sallói,MLS,elite,2,2,2,0,0.0,0.0,0.0,,,,,0.0,,,False,False,Dániel Sallói
Theo Corbeanu,theo corbeanu,TORONTO,MLS,0.2,5,goals,goals,TORONTO,TORONTO,1,top,Theo Corbeanu,MLS,elite,2,2,2,0,0.0,-0.29166666666666663,-0.29166666666666663,,,,,0.0,,,False,False,Theo Corbeanu
Alonso Coello,alonso coello,TORONTO,MLS,0.0,5,goals,goals,TORONTO,TORONTO,2,top,Alonso Coello,MLS,elite,2,2,2,0,0.0,0.0,0.0,,,,,0.0,,,False,False,Alonso Coello
Derrick Etienne Jr.,derrick etienne jr.,TORONTO,MLS,0.0,5,goals,goals,TORONTO,TORONTO,3,top,Derrick Etienne Jr.,MLS,elite,2,2,2,0,0.0,0.0,0.0,,,,,0.0,,,False,False,Derrick Etienne Jr.
William Yarbrough,william yarbrough,TORONTO,MLS,0.0,5,saves,saves,TORONTO,TORONTO,1,bottom,William Yarbrough,MLS,elite,2,2,2,0,0.0,0.0,0.0,,,,,0.0,,,False,False,William Yarbrough
Luka Gavran,luka gavran,TORONTO,MLS,4.2,5,saves,saves,TORONTO,TORONTO,2,bottom,Luka Gavran,MLS,elite,2,2,2,0,0.5,0.5,0.5,,,,,0.5,,,False,False,Luka Gavran
Luka Gavran,luka gavran,TORONTO,MLS,4.2,5,saves,saves,TORONTO,TORONTO,1,top,Luka Gavran,MLS,elite,2,2,2,0,0.5,0.5,0.5,,,,,0.5,,,False,False,Luka Gavran
William Yarbrough,william yarbrough,TORONTO,MLS,0.0,5,saves,saves,TORONTO,TORONTO,2,top,William Yarbrough,MLS,elite,2,2,2,0,0.0,0.0,0.0,,,,,0.0,,,False,False,William Yarbrough
Kobe Franklin,kobe franklin,TORONTO,MLS,0.0,5,shots,shots,TORONTO,TORONTO,1,bottom,Kobe Franklin,MLS,elite,2,2,2,0,0.0,0.0,0.0,,,,,0.0,,,False,False,Kobe Franklin
Luka Gavran,luka gavran,TORONTO,MLS,0.0,5,shots,shots,TORONTO,TORONTO,2,bottom,Luka Gavran,MLS,elite,2,2,2,0,0.0,0.0,0.0,,,,,0.0,,,False,False,Luka Gavran
Malik Henry,malik henry,TORONTO,MLS,0.0,5,shots,shots,TORONTO,TORONTO,3,bottom,Malik Henry,MLS,elite,2,2,2,0,0.0,0.0,0.0,,,,,0.0,,,False,False,Malik Henry
Dániel Sallói,daniel salloi,TORONTO,MLS,2.2,5,shots,shots,TORONTO,TORONTO,1,top,Dániel Sallói,MLS,elite,2,2,2,0,0.5,0.9166666666666665,0.9166666666666665,,,,,0.5,,,False,False,Dániel Sallói
Jackson Gilman,jackson gilman,TORONTO,MLS,1.0,5,shots,shots,TORONTO,TORONTO,2,top,Jackson Gilman,MLS,elite,2,2,2,0,0.0,-0.7916666666666666,-0.7916666666666666,,,,,0.0,,,False,True,Jackson Gilman
Jules-Anthony Vilsaint,jules-anthony vilsaint,TORONTO,MLS,1.0,5,shots,shots,TORONTO,TORONTO,3,top,Jules-Anthony Vilsaint,MLS,elite,2,2,2,0,0.0,-1.4583333333333335,-1.4583333333333335,,,,,0.0,,,False,True,Jules-Anthony Vilsaint
Alonso Coello,alonso coello,TORONTO,MLS,0.0,5,shots_on_target,shots_on_target,TORONTO,TORONTO,1,bottom,Alonso Coello,MLS,elite,2,2,2,0,0.0,0.0,0.0,,,,,0.0,,,False,False,Alonso Coello
Emilio Aristizábal,emilio aristizabal,TORONTO,MLS,0.0,5,shots_on_target,shots_on_target,TORONTO,TORONTO,2,bottom,Emilio Aristizábal,MLS,elite,2,2,2,0,0.0,0.0,0.0,,,,,0.0,,,False,False,Emilio Aristizábal
Jules-Anthony Vilsaint,jules-anthony vilsaint,TORONTO,MLS,0.0,5,shots_on_target,shots_on_target,TORONTO,TORONTO,3,bottom,Jules-Anthony Vilsaint,MLS,elite,2,2,2,0,0.0,0.0,0.0,,,,,0.0,,,False,False,Jules-Anthony Vilsaint
Dániel Sallói,daniel salloi,TORONTO,MLS,1.0,5,shots_on_target,shots_on_target,TORONTO,TORONTO,1,top,Dániel Sallói,MLS,elite,2,2,2,0,0.5,1.2083333333333333,1.2083333333333333,,,,,0.5,,,False,False,Dániel Sallói
Derrick Etienne Jr.,derrick etienne jr.,TORONTO,MLS,0.2,5,shots_on_target,shots_on_target,TORONTO,TORONTO,2,top,Derrick Etienne Jr.,MLS,elite,2,2,2,0,0.0,-0.29166666666666663,-0.29166666666666663,,,,,0.0,,,False,False,Derrick Etienne Jr.
Jackson Gilman,jackson gilman,TORONTO,MLS,0.2,5,shots_on_target,shots_on_target,TORONTO,TORONTO,3,top,Jackson Gilman,MLS,elite,2,2,2,0,0.0,-0.29166666666666663,-0.29166666666666663,,,,,0.0,,,False,False,Jackson Gilman
Braian Cuello,braian cuello,UNIÓN,Argentina,0.0,5,assists,assists,UNIÓN,UNIÓN,1,bottom,Braian Cuello,Argentina,elite,2,2,2,0,0.0,0.0,0.0,,,,,0.0,,,False,False,Braian Cuello
Bruno Pittón,bruno pitton,UNIÓN,Argentina,0.0,5,assists,assists,UNIÓN,UNIÓN,2,bottom,Bruno Pittón,Argentina,elite,2,2,2,0,0.0,0.0,0.0,,,,,0.0,,,False,False,Bruno Pittón
Emilio Giaccone,emilio giaccone,UNIÓN,Argentina,0.0,5,assists,assists,UNIÓN,UNIÓN,3,bottom,Emilio Giaccone,Argentina,elite,2,2,2,0,0.0,0.0,0.0,,,,,0.0,,,False,False,Emilio Giaccone
Cristian Tarragona,cristian tarragona,UNIÓN,Argentina,0.2,5,assists,assists,UNIÓN,UNIÓN,1,top,Cristian Tarragona,Argentina,elite,2,2,2,0,0.0,-0.29166666666666663,-0.29166666666666663,,,,,0.0,,,False,False,Cristian Tarragona
Julián Palacios,julian palacios,UNIÓN,Argentina,0.2,5,assists,assists,UNIÓN,UNIÓN,2,top,Julián Palacios,Argentina,elite,2,2,2,0,0.5,0.375,0.375,,,,,0.5,,,False,False,Julián Palacios
Braian Cuello,braian cuello,UNIÓN,Argentina,0.0,5,assists,assists,UNIÓN,UNIÓN,3,top,Braian Cuello,Argentina,elite,2,2,2,0,0.0,0.0,0.0,,,,,0.0,,,False,False,Braian Cuello
Braian Cuello,braian cuello,UNIÓN,Argentina,0.0,5,goals,goals,UNIÓN,UNIÓN,1,bottom,Braian Cuello,Argentina,elite,2,2,2,0,0.0,0.0,0.0,,,,,0.0,,,False,False,Braian Cuello
Bruno Pittón,bruno pitton,UNIÓN,Argentina,0.0,5,goals,goals,UNIÓN,UNIÓN,2,bottom,Bruno Pittón,Argentina,elite,2,2,2,0,0.0,0.0,0.0,,,,,0.0,,,False,False,Bruno Pittón
Emilio Giaccone,emilio giaccone,UNIÓN,Argentina,0.0,5,goals,goals,UNIÓN,UNIÓN,3,bottom,Emilio Giaccone,Argentina,elite,2,2,2,0,0.0,0.0,0.0,,,,,0.0,,,False,False,Emilio Giaccone
Lucas Menossi,lucas menossi,UNIÓN,Argentina,0.4,5,goals,goals,UNIÓN,UNIÓN,1,top,Lucas Menossi,Argentina,elite,2,2,2,0,0.5,0.08333333333333337,0.08333333333333337,,,,,0.5,,,False,False,Lucas Menossi
Cristian Tarragona,cristian tarragona,UNIÓN,Argentina,0.2,5,goals,goals,UNIÓN,UNIÓN,2,top,Cristian Tarragona,Argentina,elite,2,2,2,0,0.0,-0.29166666666666663,-0.29166666666666663,,,,,0.0,,,False,False,Cristian Tarragona
Juan Ludueña,juan luduena,UNIÓN,Argentina,0.2,5,goals,goals,UNIÓN,UNIÓN,3,top,Juan Ludueña,Argentina,elite,2,2,2,0,0.0,-0.29166666666666663,-0.29166666666666663,,,,,0.0,,,False,False,Juan Ludueña
Matias Mansilla,matias mansilla,UNIÓN,Argentina,3.8,5,saves,saves,UNIÓN,UNIÓN,1,bottom,Matias Mansilla,Argentina,elite,2,2,2,0,0.5,1.3333333333333333,1.3333333333333333,,,,,0.5,,,False,False,Matias Mansilla
Matias Mansilla,matias mansilla,UNIÓN,Argentina,3.8,5,saves,saves,UNIÓN,UNIÓN,1,top,Matias Mansilla,Argentina,elite,2,2,2,0,0.5,1.3333333333333333,1.3333333333333333,,,,,0.5,,,False,False,Matias Mansilla
Bruno Pittón,bruno pitton,UNIÓN,Argentina,0.0,5,shots,shots,UNIÓN,UNIÓN,1,bottom,Bruno Pittón,Argentina,elite,2,2,2,0,0.0,0.0,0.0,,,,,0.0,,,False,False,Bruno Pittón
Emilio Giaccone,emilio giaccone,UNIÓN,Argentina,0.0,5,shots,shots,UNIÓN,UNIÓN,2,bottom,Emilio Giaccone,Argentina,elite,2,2,2,0,0.0,0.0,0.0,,,,,0.0,,,False,False,Emilio Giaccone
Lucas Meuli,lucas meuli,UNIÓN,Argentina,0.0,5,shots,shots,UNIÓN,UNIÓN,3,bottom,Lucas Meuli,Argentina,elite,2,2,2,0,0.0,0.0,0.0,,,,,0.0,,,False,False,Lucas Meuli
Cristian Tarragona,cristian tarragona,UNIÓN,Argentina,1.8,5,shots,shots,UNIÓN,UNIÓN,1,top,Cristian Tarragona,Argentina,elite,2,2,2,0,0.5,0.04166666666666652,0.04166666666666652,,,,,0.5,,,False,False,Cristian Tarragona
Misael Aguirre,misael aguirre,UNIÓN,Argentina,1.6,5,shots,shots,UNIÓN,UNIÓN,2,top,Misael Aguirre,Argentina,elite,2,2,2,0,0.0,-1.6666666666666667,-1.6666666666666667,,,,,0.0,,,False,True,Misael Aguirre
Julián Palacios,julian palacios,UNIÓN,Argentina,1.2,5,shots,shots,UNIÓN,UNIÓN,3,top,Julián Palacios,Argentina,elite,2,2,2,0,0.5,0.25,0.25,,,,,0.5,,,False,False,Julián Palacios
Braian Cuello,braian cuello,UNIÓN,Argentina,0.0,5,shots_on_target,shots_on_target,UNIÓN,UNIÓN,1,bottom,Braian Cuello,Argentina,elite,2,2,2,0,0.0,0.0,0.0,,,,,0.0,,,False,False,Braian Cuello
Bruno Pittón,bruno pitton,UNIÓN,Argentina,0.0,5,shots_on_target,shots_on_target,UNIÓN,UNIÓN,2,bottom,Bruno Pittón,Argentina,elite,2,2,2,0,0.0,0.0,0.0,,,,,0.0,,,False,False,Bruno Pittón
Emilio Giaccone,emilio giaccone,UNIÓN,Argentina,0.0,5,shots_on_target,shots_on_target,UNIÓN,UNIÓN,3,bottom,Emilio Giaccone,Argentina,elite,2,2,2,0,0.0,0.0,0.0,,,,,0.0,,,False,False,Emilio Giaccone
Cristian Tarragona,cristian tarragona,UNIÓN,Argentina,0.6,5,shots_on_target,shots_on_target,UNIÓN,UNIÓN,1,top,Cristian Tarragona,Argentina,elite,2,2,2,0,0.0,-0.875,-0.875,,,,,0.0,,,False,True,Cristian Tarragona
Lucas Menossi,lucas menossi,UNIÓN,Argentina,0.6,5,shots_on_target,shots_on_target,UNIÓN,UNIÓN,2,top,Lucas Menossi,Argentina,elite,2,2,2,0,0.5,0.45833333333333337,0.45833333333333337,,,,,0.5,,,False,False,Lucas Menossi
Julián Palacios,julian palacios,UNIÓN,Argentina,0.4,5,shots_on_target,shots_on_target,UNIÓN,UNIÓN,3,top,Julián Palacios,Argentina,elite,2,2,2,0,0.5,0.08333333333333337,0.08333333333333337,,,,,0.5,,,False,False,Julián Palacios
Alexa Spaanstra,alexa spaanstra,UTAH ROYALS,NWSL,0.0,8,assists,assists,UTAH ROYALS,UTAH ROYALS,1,bottom,Alexa Spaanstra,NWSL,elite,5,5,2,1,0.0,0.0,0.0,0.0,0.0,,0.0,0.0,0.0,0.0,False,False,Alexa Spaanstra
Brecken Mozingo,brecken mozingo,UTAH ROYALS,NWSL,0.0,7,assists,assists,UTAH ROYALS,UTAH ROYALS,2,bottom,Brecken Mozingo,NWSL,mid,4,4,1,1,0.0,0.0,0.0,0.0,0.0,,0.0,0.0,0.0,0.0,False,False,Brecken Mozingo
Cece Delzer,cece delzer,UTAH ROYALS,NWSL,0.0,8,assists,assists,UTAH ROYALS,UTAH ROYALS,3,bottom,Cece Delzer,NWSL,elite,5,5,2,1,0.0,0.0,0.0,0.0,0.0,,0.0,0.0,0.0,0.0,False,False,Cece Delzer
Cloé Lacasse,cloe lacasse,UTAH ROYALS,NWSL,0.625,8,assists,assists,UTAH ROYALS,UTAH ROYALS,1,top,Cloé Lacasse,NWSL,elite,5,5,2,1,0.6,0.6623809523809523,1.275,1.0,-0.11904761904761901,0.0997374485381647,1.0,0.5,-0.2749999999999999,-0.2749999999999999,False,False,Cloé Lacasse
Kiana Palacios,kiana palacios,UTAH ROYALS,NWSL,0.2857142857142857,7,assists,assists,UTAH ROYALS,UTAH ROYALS,2,top,Kiana Palacios,NWSL,elite,4,4,2,1,0.25,-0.029166666666666632,0.275,-0.3333333333333333,-0.3333333333333333,,0.0,0.5,-0.6083333333333334,-0.6083333333333334,False,False,Kiana Palacios
Nuria Rábano,nuria rabano,UTAH ROYALS,NWSL,0.25,8,assists,assists,UTAH ROYALS,UTAH ROYALS,3,top,Nuria Rábano,NWSL,elite,5,5,2,1,0.2,0.09619047619047623,-0.45,2.0,-0.30952380952380953,0.77565869449893,1.0,0.0,2.45,2.45,False,True,Nuria Rábano
Alexa Spaanstra,alexa spaanstra,UTAH ROYALS,NWSL,0.0,8,goals,goals,UTAH ROYALS,UTAH ROYALS,1,bottom,Alexa Spaanstra,NWSL,elite,5,5,2,1,0.0,0.0,0.0,0.0,0.0,,0.0,0.0,0.0,0.0,False,False,Alexa Spaanstra
Ana Tejada,ana tejada,UTAH ROYALS,NWSL,0.0,7,goals,goals,UTAH ROYALS,UTAH ROYALS,2,bottom,Ana Tejada,NWSL,elite,4,4,2,0,0.0,0.0,0.0,,0.0,,,0.0,,,False,False,Ana Tejada
Courtney Brown,courtney brown,UTAH ROYALS,NWSL,0.0,8,goals,goals,UTAH ROYALS,UTAH ROYALS,3,bottom,Courtney Brown,NWSL,elite,5,5,2,1,0.0,0.0,0.0,0.0,0.0,,0.0,0.0,0.0,0.0,False,False,Courtney Brown
Cece Delzer,cece delzer,UTAH ROYALS,NWSL,0.5,8,goals,goals,UTAH ROYALS,UTAH ROYALS,1,top,Cece Delzer,NWSL,elite,5,5,2,1,0.2,-0.1609523809523809,0.55,-0.6666666666666666,-0.6190476190476191,-0.2711082514699585,0.0,0.5,-1.2166666666666668,-1.2166666666666668,False,False,Cece Delzer
Mina Tanaka,mina tanaka,UTAH ROYALS,NWSL,0.2857142857142857,7,goals,goals,UTAH ROYALS,UTAH ROYALS,2,top,Mina Tanaka,NWSL,elite,4,4,2,0,0.25,0.012500000000000039,-0.29166666666666663,,0.31666666666666665,,,0.0,,,False,False,Mina Tanaka
Cloé Lacasse,cloe lacasse,UTAH ROYALS,NWSL,0.25,8,goals,goals,UTAH ROYALS,UTAH ROYALS,3,top,Cloé Lacasse,NWSL,elite,5,5,2,1,0.2,-0.17047619047619048,-0.45,0.6666666666666667,-0.30952380952380953,0.8299477673496617,1.0,0.0,1.1166666666666667,1.1166666666666667,False,True,Cloé Lacasse
Mia Justus,mia justus,UTAH ROYALS,NWSL,0.0,8,saves,saves,UTAH ROYALS,UTAH ROYALS,1,bottom,Mia Justus,NWSL,elite,5,5,2,1,0.0,0.0,0.0,0.0,0.0,,0.0,0.0,0.0,0.0,False,False,Mia Justus
Mandy McGlynn,mandy mcglynn,UTAH ROYALS,NWSL,2.625,8,saves,saves,UTAH ROYALS,UTAH ROYALS,2,bottom,Mandy McGlynn,NWSL,elite,5,5,2,1,0.6,0.5671428571428571,-0.4750000000000001,3.0,0.3928571428571428,0.8024582543750417,1.0,0.5,3.475,3.475,False,True,Mandy McGlynn
Mandy McGlynn,mandy mcglynn,UTAH ROYALS,NWSL,2.625,8,saves,saves,UTAH ROYALS,UTAH ROYALS,1,top,Mandy McGlynn,NWSL,elite,5,5,2,1,0.6,0.5671428571428571,-0.4750000000000001,3.0,0.3928571428571428,0.8024582543750417,1.0,0.5,3.475,3.475,False,True,Mandy McGlynn
Mia Justus,mia justus,UTAH ROYALS,NWSL,0.0,8,saves,saves,UTAH ROYALS,UTAH ROYALS,2,top,Mia Justus,NWSL,elite,5,5,2,1,0.0,0.0,0.0,0.0,0.0,,0.0,0.0,0.0,0.0,False,False,Mia Justus
Alexa Spaanstra,alexa spaanstra,UTAH ROYALS,NWSL,0.0,8,shots,shots,UTAH ROYALS,UTAH ROYALS,1,bottom,Alexa Spaanstra,NWSL,elite,5,5,2,1,0.0,0.0,0.0,0.0,0.0,,0.0,0.0,0.0,0.0,False,False,Alexa Spaanstra
Mandy McGlynn,mandy mcglynn,UTAH ROYALS,NWSL,0.0,8,shots,shots,UTAH ROYALS,UTAH ROYALS,2,bottom,Mandy McGlynn,NWSL,elite,5,5,2,1,0.0,0.0,0.0,0.0,0.0,,0.0,0.0,0.0,0.0,False,False,Mandy McGlynn
Mia Justus,mia justus,UTAH ROYALS,NWSL,0.0,8,shots,shots,UTAH ROYALS,UTAH ROYALS,3,bottom,Mia Justus,NWSL,elite,5,5,2,1,0.0,0.0,0.0,0.0,0.0,,0.0,0.0,0.0,0.0,False,False,Mia Justus
Mina Tanaka,mina tanaka,UTAH ROYALS,NWSL,2.7142857142857144,7,shots,shots,UTAH ROYALS,UTAH ROYALS,1,top,Mina Tanaka,NWSL,elite,4,4,2,0,0.5,-0.07499999999999996,0.16666666666666674,,-0.31666666666666665,,,0.5,,,False,False,Mina Tanaka
Cece Delzer,cece delzer,UTAH ROYALS,NWSL,2.5,8,shots,shots,UTAH ROYALS,UTAH ROYALS,2,top,Cece Delzer,NWSL,elite,5,5,2,1,0.6,0.5957142857142856,2.025,-1.0,-0.03571428571428581,-0.915148588743492,0.0,1.0,-3.025,-3.025,False,False,Cece Delzer
Cloé Lacasse,cloe lacasse,UTAH ROYALS,NWSL,2.0,8,shots,shots,UTAH ROYALS,UTAH ROYALS,3,top,Cloé Lacasse,NWSL,elite,5,5,2,1,0.2,-0.23333333333333334,-0.5,-1.3333333333333335,0.5833333333333334,-0.270402711171545,0.0,0.0,-0.8333333333333335,-0.8333333333333335,False,True,Cloé Lacasse
Alexa Spaanstra,alexa spaanstra,UTAH ROYALS,NWSL,0.0,8,shots_on_target,shots_on_target,UTAH ROYALS,UTAH ROYALS,1,bottom,Alexa Spaanstra,NWSL,elite,5,5,2,1,0.0,0.0,0.0,0.0,0.0,,0.0,0.0,0.0,0.0,False,False,Alexa Spaanstra
Courtney Brown,courtney brown,UTAH ROYALS,NWSL,0.0,8,shots_on_target,shots_on_target,UTAH ROYALS,UTAH ROYALS,2,bottom,Courtney Brown,NWSL,elite,5,5,2,1,0.0,0.0,0.0,0.0,0.0,,0.0,0.0,0.0,0.0,False,False,Courtney Brown
Dayana Pierre-Louis,dayana pierre-louis,UTAH ROYALS,NWSL,0.0,5,shots_on_target,shots_on_target,UTAH ROYALS,UTAH ROYALS,3,bottom,Dayana Pierre-Louis,NWSL,mid,2,2,0,0,0.0,0.0,,,0.0,,,,,,False,False,Dayana Pierre-Louis
Mina Tanaka,mina tanaka,UTAH ROYALS,NWSL,1.2857142857142858,7,shots_on_target,shots_on_target,UTAH ROYALS,UTAH ROYALS,1,top,Mina Tanaka,NWSL,elite,4,4,2,0,0.25,-0.8291666666666668,-1.375,,-0.2833333333333333,,,0.0,,,False,True,Mina Tanaka
Cece Delzer,cece delzer,UTAH ROYALS,NWSL,0.75,8,shots_on_target,shots_on_target,UTAH ROYALS,UTAH ROYALS,2,top,Cece Delzer,NWSL,elite,5,5,2,1,0.4,-0.2814285714285714,0.725,-1.0,-0.9285714285714286,-0.6580000654403196,0.0,1.0,-1.725,-1.725,False,False,Cece Delzer
Cloé Lacasse,cloe lacasse,UTAH ROYALS,NWSL,0.75,8,shots_on_target,shots_on_target,UTAH ROYALS,UTAH ROYALS,3,top,Cloé Lacasse,NWSL,elite,5,5,2,1,0.2,-0.6547619047619048,-1.125,-0.33333333333333326,-0.34523809523809523,0.6835181343290901,0.0,0.0,0.7916666666666667,0.7916666666666667,False,True,Cloé Lacasse
Emanuel Britez,emanuel britez,VITÓRIA,Brazil,0.0,5,assists,assists,VITÓRIA,VITÓRIA,1,bottom,Emanuel Britez,Brazil,elite,2,2,2,0,0.0,0.0,0.0,,,,,0.0,,,False,False,Emanuel Britez
Erick,erick,VITÓRIA,Brazil,0.0,5,assists,assists,VITÓRIA,VITÓRIA,2,bottom,Erick,Brazil,elite,4,4,2,2,0.0,0.0,0.0,0.0,,,0.0,0.0,0.0,0.0,False,False,Erick
Fabrício Santos,fabricio santos,VITÓRIA,Brazil,0.0,5,assists,assists,VITÓRIA,VITÓRIA,3,bottom,Fabrício Santos,Brazil,elite,2,2,2,0,0.0,0.0,0.0,,,,,0.0,,,False,False,Fabrício Santos
Diego Tarzia,diego tarzia,VITÓRIA,Brazil,0.2,5,assists,assists,VITÓRIA,VITÓRIA,1,top,Diego Tarzia,Brazil,elite,2,2,2,0,0.0,-0.29166666666666663,-0.29166666666666663,,,,,0.0,,,False,False,Diego Tarzia
Emanuel Britez,emanuel britez,VITÓRIA,Brazil,0.0,5,assists,assists,VITÓRIA,VITÓRIA,2,top,Emanuel Britez,Brazil,elite,2,2,2,0,0.0,0.0,0.0,,,,,0.0,,,False,False,Emanuel Britez
Erick,erick,VITÓRIA,Brazil,0.0,5,assists,assists,VITÓRIA,VITÓRIA,3,top,Erick,Brazil,elite,4,4,2,2,0.0,0.0,0.0,0.0,,,0.0,0.0,0.0,0.0,False,False,Erick
Diego Tarzia,diego tarzia,VITÓRIA,Brazil,0.0,5,goals,goals,VITÓRIA,VITÓRIA,1,bottom,Diego Tarzia,Brazil,elite,2,2,2,0,0.0,0.0,0.0,,,,,0.0,,,False,False,Diego Tarzia
Emanuel Britez,emanuel britez,VITÓRIA,Brazil,0.0,5,goals,goals,VITÓRIA,VITÓRIA,2,bottom,Emanuel Britez,Brazil,elite,2,2,2,0,0.0,0.0,0.0,,,,,0.0,,,False,False,Emanuel Britez
Erick,erick,VITÓRIA,Brazil,0.0,5,goals,goals,VITÓRIA,VITÓRIA,3,bottom,Erick,Brazil,elite,4,4,2,2,0.0,0.0,0.0,0.0,,,0.0,0.0,0.0,0.0,False,False,Erick
Renato Kayzer,renato kayzer,VITÓRIA,Brazil,0.2,5,goals,goals,VITÓRIA,VITÓRIA,1,top,Renato Kayzer,Brazil,elite,2,2,2,0,0.0,-0.29166666666666663,-0.29166666666666663,,,,,0.0,,,False,False,Renato Kayzer
Diego Tarzia,diego tarzia,VITÓRIA,Brazil,0.0,5,goals,goals,VITÓRIA,VITÓRIA,2,top,Diego Tarzia,Brazil,elite,2,2,2,0,0.0,0.0,0.0,,,,,0.0,,,False,False,Diego Tarzia
Emanuel Britez,emanuel britez,VITÓRIA,Brazil,0.0,5,goals,goals,VITÓRIA,VITÓRIA,3,top,Emanuel Britez,Brazil,elite,2,2,2,0,0.0,0.0,0.0,,,,,0.0,,,False,False,Emanuel Britez
Yuri Sena,yuri sena,VITÓRIA,Brazil,0.0,5,saves,saves,VITÓRIA,VITÓRIA,1,bottom,Yuri Sena,Brazil,elite,2,2,2,0,0.0,0.0,0.0,,,,,0.0,,,False,False,Yuri Sena
Lucas Arcanjo,lucas arcanjo,VITÓRIA,Brazil,4.4,5,saves,saves,VITÓRIA,VITÓRIA,2,bottom,Lucas Arcanjo,Brazil,elite,2,2,2,0,0.0,-1.9166666666666665,-1.9166666666666665,,,,,0.0,,,False,True,Lucas Arcanjo
Lucas Arcanjo,lucas arcanjo,VITÓRIA,Brazil,4.4,5,saves,saves,VITÓRIA,VITÓRIA,1,top,Lucas Arcanjo,Brazil,elite,2,2,2,0,0.0,-1.9166666666666665,-1.9166666666666665,,,,,0.0,,,False,True,Lucas Arcanjo
Yuri Sena,yuri sena,VITÓRIA,Brazil,0.0,5,saves,saves,VITÓRIA,VITÓRIA,2,top,Yuri Sena,Brazil,elite,2,2,2,0,0.0,0.0,0.0,,,,,0.0,,,False,False,Yuri Sena
Lucas Arcanjo,lucas arcanjo,VITÓRIA,Brazil,0.0,5,shots,shots,VITÓRIA,VITÓRIA,1,bottom,Lucas Arcanjo,Brazil,elite,2,2,2,0,0.0,0.0,0.0,,,,,0.0,,,False,False,Lucas Arcanjo
Matheusinho,matheusinho,VITÓRIA,Brazil,0.0,5,shots,shots,VITÓRIA,VITÓRIA,2,bottom,Matheusinho,Brazil,elite,2,2,2,0,0.0,0.0,0.0,,,,,0.0,,,False,False,Matheusinho
Yuri Sena,yuri sena,VITÓRIA,Brazil,0.0,5,shots,shots,VITÓRIA,VITÓRIA,3,bottom,Yuri Sena,Brazil,elite,2,2,2,0,0.0,0.0,0.0,,,,,0.0,,,False,False,Yuri Sena
Renê,rene,VITÓRIA,Brazil,1.8,5,shots,shots,VITÓRIA,VITÓRIA,1,top,Renê,Brazil,elite,3,3,2,1,0.3333333333333333,0.3333333333333333,-0.375,1.75,,,1.0,0.0,2.125,2.125,False,True,Renê
Diego Tarzia,diego tarzia,VITÓRIA,Brazil,1.4,5,shots,shots,VITÓRIA,VITÓRIA,2,top,Diego Tarzia,Brazil,elite,2,2,2,0,0.0,-0.5833333333333334,-0.5833333333333334,,,,,0.0,,,False,True,Diego Tarzia
Erick,erick,VITÓRIA,Brazil,1.2,5,shots,shots,VITÓRIA,VITÓRIA,3,top,Erick,Brazil,elite,4,4,2,2,0.0,-1.1583333333333334,-1.15,-1.1666666666666667,,,0.0,0.0,-0.01666666666666683,-0.01666666666666683,False,True,Erick
Emanuel Britez,emanuel britez,VITÓRIA,Brazil,0.0,5,shots_on_target,shots_on_target,VITÓRIA,VITÓRIA,1,bottom,Emanuel Britez,Brazil,elite,2,2,2,0,0.0,0.0,0.0,,,,,0.0,,,False,False,Emanuel Britez
Erick,erick,VITÓRIA,Brazil,0.0,5,shots_on_target,shots_on_target,VITÓRIA,VITÓRIA,2,bottom,Erick,Brazil,elite,4,4,2,2,0.0,0.0,0.0,0.0,,,0.0,0.0,0.0,0.0,False,False,Erick
Jamerson,jamerson,VITÓRIA,Brazil,0.0,5,shots_on_target,shots_on_target,VITÓRIA,VITÓRIA,3,bottom,Jamerson,Brazil,elite,2,2,2,0,0.0,0.0,0.0,,,,,0.0,,,False,False,Jamerson
Diego Tarzia,diego tarzia,VITÓRIA,Brazil,0.6,5,shots_on_target,shots_on_target,VITÓRIA,VITÓRIA,1,top,Diego Tarzia,Brazil,elite,2,2,2,0,0.0,-0.875,-0.875,,,,,0.0,,,False,True,Diego Tarzia
Renê,rene,VITÓRIA,Brazil,0.6,5,shots_on_target,shots_on_target,VITÓRIA,VITÓRIA,2,top,Renê,Brazil,elite,3,3,2,1,0.3333333333333333,0.2916666666666667,-0.4375,1.75,,,1.0,0.0,2.1875,2.1875,False,True,Renê
Matheus,matheus,VITÓRIA,Brazil,0.4,5,shots_on_target,shots_on_target,VITÓRIA,VITÓRIA,3,top,Matheus,Brazil,elite,4,4,2,2,0.25,0.4375,0.875,0.0,,,0.0,0.5,-0.875,-0.875,False,False,Matheus
