player_norm,espn_athlete_id,team_norm
matz sels,179497,nottinghamforest
john victor,233241,nottinghamforest
morato,201304,nottinghamforest
ola aina,206227,nottinghamforest
nikola milenkovic,238990,nottinghamforest
omar richards,243754,nottinghamforest
neco williams,291638,nottinghamforest
luca netz,303765,nottinghamforest
jair paula,338876,nottinghamforest
murillo,338894,nottinghamforest
zach abbott,348303,nottinghamforest
tyler bindon,367427,nottinghamforest
nicolo savona,388024,nottinghamforest
ibrahim sangare,213718,nottinghamforest
xaver schlager,238886,nottinghamforest
ryan yates,241253,nottinghamforest
morgan gibbs-white,243396,nottinghamforest
nicolas dominguez,254118,nottinghamforest
james mcatee,298518,nottinghamforest
chris wood,134190,nottinghamforest
taiwo awoniyi,194686,nottinghamforest
callum hudson-odoi,261419,nottinghamforest
dan ndoye,275842,nottinghamforest
igor jesus,322658,lafc
arnaud kalimuendo,296321,nottinghamforest
dilane bakwa,297157,nottinghamforest
omari hutchinson,322771,nottinghamforest
eric da silva moreira,372025,nottinghamforest
mark travers,7441,everton
tom king,148515,everton
jordan pickford,159443,everton
michael keane,4946,everton
james tarkowski,155226,everton
vitaliy mykolenko,262594,everton
nathan patterson,271191,everton
jake o'brien,283586,everton
jarrad branthwaite,286965,everton
adam aznou,379032,everton
idrissa gueye,377170,udinese
kiernan dewsbury-hall,252389,everton
james garner,276220,everton
hayden hackney,282978,everton
carlos alcaraz,302162,everton
tim iroegbunam,310599,everton
merlin rohl,311963,everton
tyler dibling,340640,everton
harrison armstrong,378458,everton
iliman ndiaye,268641,everton
dwight mcneil,273495,everton
beto,289511,everton
thierno barry,301166,everton
tyrique george,368864,everton
ellery balcombe,249527,brentford
caoimhin kelleher,275599,brentford
hakon valdimarsson,311527,brentford
julian eyestone,368826,brentford
kristoffer ajer,206173,brentford
rico henry,206761,brentford
conor mcmanus,221694,brentford
ethan pinnock,241093,brentford
sepp van den berg,270507,brentford
nathan collins,279780,brentford
aaron hickey,283940,brentford
jayden meghoma,352820,brentford
michael kayode,356640,brentford
kim ji-soo,362203,brentford
benjamin fredrick,362266,brentford
benjamin arthur,367447,brentford
jannik schuster,376683,brentford
joshua stephenson,408469,brentford
ollie shield,419118,brentford
vitaly janelt,225564,brentford
mathias jensen,227472,brentford
fabio carvalho,231049,brentford
josh dasilva,246309,brentford
mikkel damsgaard,308932,brentford
kevin schade,310958,brentford
antoni milambo,321081,brentford
yehor yarmoliuk,342029,brentford
yunus konak,366990,brentford
luka bentt,418500,brentford
callum wilson,138924,brentford
keane lewis-potter,284490,brentford
igor thiago,301894,brentford
jaidon anthony,307657,brentford
dango ouattara,315530,brentford
gustavo nunes,366004,brentford
kaye furo,394418,brentford
ben wilson,169619,coventrycity
oliver dovin,291945,coventrycity
jake bidwell,143533,coventrycity
jay da silva,206172,coventrycity
joel latibeaudiere,260168,coventrycity
luke woolfenden,261083,coventrycity
liam kitching,269341,coventrycity
milan van ewijk,281139,coventrycity
kaine kesler hayden,294308,coventrycity
bobby thomas,303931,coventrycity
aurele amenda,319404,coventrycity
miguel angel brau,340205,coventrycity
harvey broad,392340,coventrycity
matt grimes,191337,coventrycity
victor torp,256015,coventrycity
frank onyeka,258491,coventrycity
josh eccles,277614,coventrycity
jack rudoni,286967,coventrycity
tatsuhiro sakamoto,302002,coventrycity
kai andrews,367694,coventrycity
haji wright,220474,coventrycity
brandon thomas-asante,240495,coventrycity
ephron mason-clark,246954,coventrycity
ellis simms,282647,coventrycity
raphael borges rodrigues,295544,coventrycity
loum tchaouna,324541,coventrycity
jahnoah markelo,328043,coventrycity
aidan dausch,384110,coventrycity
david button,111337,ipswichtown
christian walton,168746,ipswichtown
alex palmer,219390,ipswichtown
kjell scherpen,246244,ipswichtown
kayne van oevelen,324582,ipswichtown
ben johnson,9426,ipswichtown
darnell furlong,215075,ipswichtown
issa diop,230963,ipswichtown
dara o'shea,243440,ipswichtown
cedric kipre,243648,ipswichtown
leif davis,283086,ipswichtown
jacob greaves,291174,ipswichtown
harrison clarke,293337,
jack taylor,139744,ipswichtown
cameron humphreys,183326,ipswichtown
azor matusiwa,246825,ipswichtown
marcelino nunez,301554,ipswichtown
kasey mcateer,307073,ipswichtown
anis mehmeti,308891,ipswichtown
chuba akpom,181092,ipswichtown
wes burns,181516,ipswichtown
sammie szmodics,223547,ipswichtown
chiedozie ogbene,238192,ipswichtown
george hirst,241325,ipswichtown
jack clarke,269343,ipswichtown
daizen maeda,286347,ipswichtown
jaden philogene,295370,ipswichtown
fatawu issahaku,318680,ipswichtown
emersonn,322654,ipswichtown
sindre walle egeli,330045,ipswichtown
ali al-hamadi,330579,ipswichtown
mark gillespie,141705,newcastleunited
nick pope,161715,newcastleunited
ewen jaouen,347523,newcastleunited
aidan harris,353304,newcastleunited
lewis hall,106139,newcastleunited
fabian schar,179233,newcastleunited
dan burn,198138,newcastleunited
sven botman,274633,newcastleunited
tino livramento,299641,newcastleunited
malick thiaw,303444,newcastleunited
miodrag pivas,346776,newcastleunited
alex murphy,346874,
dylan charlton,371334,newcastleunited
leo shahar,374219,newcastleunited
jacob murphy,172836,newcastleunited
joelinton,202232,newcastleunited
bruno guimaraes,218522,newcastleunited
harvey barnes,243386,newcastleunited
joe willock,259517,newcastleunited
jacob ramsey,286090,newcastleunited
lewis miley,349078,newcastleunited
rory finneran,377956,newcastleunited
anthony munda,379858,newcastleunited
sean steur,384372,newcastleunited
aladji bamba,396630,newcastleunited
mason miley,416448,
yoane wissa,224077,newcastleunited
anthony elanga,296622,newcastleunited
nick woltemade,298349,newcastleunited
william osula,319431,newcastleunited
sean neave,358245,newcastleunited
bazoumana toure,359108,newcastleunited
trevan sanusi,362517,newcastleunited
park seung-soo,371584,newcastleunited
matheos ferreira,399404,newcastleunited
simon moore,138481,sunderland
anthony patterson,281705,sunderland
robin roefs,301449,sunderland
melker ellborg,307800,sunderland
arthur masuaku,165892,sunderland
thomas meunier,166473,sunderland
nordi mukiele,214188,sunderland
omar alderete,215401,sunderland
reinildo mandava,230081,sunderland
ajibola alese,243545,sunderland
jenson arron jones,243578,
danny ballard,282645,sunderland
trai hume,290207,sunderland
jenson seelt,310132,sunderland
leo hjelde,312592,sunderland
archie lightfoot,3111011,sunderland
ben kindon,3111012,sunderland
abdoullah ba,56820,sunderland
granit xhaka,149981,sunderland
luke o'nien,191574,sunderland
alan browne,197627,sunderland
jack whittaker,236211,sunderland
enzo le fee,288340,sunderland
habib diarra,324991,sunderland
noah sadiki,340240,sunderland
chris rigg,356295,sunderland
tymur tutierov,387460,sunderland
jayden jones,409743,sunderland
tom proctor,3111010,sunderland
charles richard dinsdale,3111013,sunderland
wilson isidor,265915,sunderland
brian brobbey,282229,sunderland
simon adingra,317404,sunderland
nilson angulo,318090,sunderland
romaine mundle,323084,sunderland
ahmed abdullahi,359150,sunderland
chemsdine talbi,360062,sunderland
luis semedo,364591,sunderland
trey ogunsuyi,392107,sunderland
finn geragusyan,414669,sunderland
jocelin ta bi,417825,sunderland
felix scott,3111009,sunderland
fraser forster,93193,afcbournemouth
djordje petrovic,289824,afcbournemouth
william dennis,291269,afcbournemouth
adam smith,122268,afcbournemouth
max aarons,243725,afcbournemouth
james hill,279155,afcbournemouth
julian araujo,280764,afcbournemouth
bafode diakite,282675,afcbournemouth
adrien truffert,305684,afcbournemouth
matai akinmboni,337023,afcbournemouth
julio soler,339797,afcbournemouth
veljko milosavljevic,377736,afcbournemouth
david brooks,72487,afcbournemouth
ryan christie,93435,afcbournemouth
tyler adams,222776,afcbournemouth
lewis cook,223452,afcbournemouth
marcus tavernier,243364,afcbournemouth
alex scott,314790,afcbournemouth
alex toth,360149,afcbournemouth
ben winterburn,397213,afcbournemouth
evanilson,102368,afcbournemouth
enes unal,218122,afcbournemouth
justin kluivert,245916,afcbournemouth
amine adli,291613,afcbournemouth
daniel jebbison,312182,afcbournemouth
ben gannon-doak,332948,afcbournemouth
alvaro rodriguez,353151,afcbournemouth
rayan,357719,afcbournemouth
junior kroupi,361809,afcbournemouth
remy rees-dottin,398123,afcbournemouth
jason steele,111114,brightonhovealbion
tom mcgill,248761,brightonhovealbion
bart verbruggen,291609,brightonhovealbion
carl rushworth,307069,brightonhovealbion
lewis dunk,147106,brightonhovealbion
olivier boscagli,216017,brightonhovealbion
igor julio,234143,brightonhovealbion
ferdi kadioglu,238318,brightonhovealbion
pascal struijk,246771,brightonhovealbion
costinha,274285,brightonhovealbion
michael svoboda,289942,brightonhovealbion
maxim de cuyper,301327,brightonhovealbion
eiran cashin,318359,brightonhovealbion
luka vuskovic,364962,brightonhovealbion
pascal gross,132659,brightonhovealbion
diego gomez,192278,brightonhovealbion
matt o'riley,261087,brightonhovealbion
kaoru mitoma,274278,brightonhovealbion
mats wieffer,282186,brightonhovealbion
yasin ayari,304242,brightonhovealbion
facundo buonanotte,318284,brightonhovealbion
amario cozier-duberry,327170,brightonhovealbion
jack hinshelwood,328011,brightonhovealbion
carlos baleba,338814,brightonhovealbion
malick yalcouye,359097,brightonhovealbion
danny welbeck,115271,brightonhovealbion
georginio rutter,278061,brightonhovealbion
evan ferguson,289645,brightonhovealbion
yankuba minteh,348787,brightonhovealbion
stefanos tzimas,357165,brightonhovealbion
mark o’mahony,358407,brightonhovealbion
ibrahim osman,359400,brightonhovealbion
charalambos kostoulas,387655,brightonhovealbion
tom watson,356957,wiganathletic
zadok yohanna,407059,brightonhovealbion
benjamin lecomte,149517,fulham
bernd leno,153765,fulham
kenny tete,190974,fulham
joachim andersen,196081,fulham
timothy castagne,197163,fulham
antonee robinson,222396,fulham
jorge cuenca,252031,fulham
calvin bassey,263110,fulham
tom cairney,140033,fulham
harrison reed,193246,fulham
sander berge,218998,fulham
sasa lukic,222300,fulham
ryan sessegnon,241328,fulham
emile smith rowe,266697,fulham
oscar bobb,307111,fulham
josh king,409541,fulham
alex iwobi,175063,fulham
rodrigo muniz,301525,fulham
kevin,330764,fulham
jonah kusi-asare,369363,fulham
marcus bettinelli,177545,manchestercity
gianluigi donnarumma,217092,manchestercity
james trafford,307118,manchestercity
ruben dias,234878,manchestercity
marc guehi,265907,manchestercity
rayan ait-nouri,272512,manchestercity
issa kabore,294427,manchestercity
finley burns,298519,manchestercity
josko gvardiol,299910,manchestercity
josh wilson-esbrand,307117,manchestercity
rico lewis,325564,manchestercity
nico o'reilly,328464,manchestercity
max alleyne,347046,manchestercity
vitor reis,361434,manchestercity
abdukodir khusanov,362211,manchestercity
juma bah,370703,manchestercity
mateo kovacic,154595,manchestercity
jack grealish,172850,manchestercity
kalvin phillips,223453,manchestercity
rodri,231828,manchestercity
elliot anderson,238472,manchestercity
phil foden,250787,manchestercity
tijjani reijnders,261328,manchestercity
rayan cherki,298008,manchestercity
matheus nunes,303785,manchestercity
nico gonzalez,323986,manchestercity
claudio echeverri,361355,manchestercity
erling haaland,253989,manchestercity
antoine semenyo,273292,manchestercity
jeremy doku,283672,manchestercity
omar marmoush,303745,manchestercity
savinho,304470,manchestercity
jeremy monga,389329,manchestercity
walter benitez,195738,crystalpalace
remi matthews,205981,crystalpalace
dean henderson,234172,crystalpalace
joseph whitworth,326249,crystalpalace
lucca benetton,3114844,crystalpalace
daniel munoz,146679,crystalpalace
borna sosa,228319,crystalpalace
chris richards,272585,crystalpalace
oscar mingueza,276546,crystalpalace
tyrick mitchell,300853,crystalpalace
tayo adaramola,330230,crystalpalace
mofe jemide,366068,crystalpalace
jaydee canvot,386252,crystalpalace
george king,400110,crystalpalace
dean benamar,403867,crystalpalace
charlie walker-smith,409810,crystalpalace
will hughes,168421,crystalpalace
jefferson lerma,197399,crystalpalace
daichi kamada,219362,crystalpalace
cheick doucoure,266628,crystalpalace
justin devenny,291468,crystalpalace
yeremy pino,297370,crystalpalace
adam wharton,333419,crystalpalace
david ozoh,345407,crystalpalace
romain esse,356208,crystalpalace
rio cardines,363444,crystalpalace
ismaila sarr,241012,crystalpalace
jean-philippe mateta,241187,crystalpalace
jørgen strand larsen,252747,crystalpalace
eddie nketiah,259486,crystalpalace
brennan johnson,291307,crystalpalace
jesurun rak-sakyi,317718,crystalpalace
matheus franca,318087,crystalpalace
joel drakes-thomas,408511,crystalpalace
tom heaton,42250,manchesterunited
karl darlow,130877,manchesterunited
altay bayindir,274272,manchesterunited
senne lammens,301425,manchesterunited
dermot mee,325550,manchesterunited
radek vitek,325556,manchesterunited
harry maguire,157073,manchesterunited
luke shaw,167127,manchesterunited
lisandro martinez,233937,manchesterunited
diogo dalot,238902,manchesterunited
matthijs de ligt,239349,manchesterunited
noussair mazraoui,239350,manchesterunited
leny yoro,340206,manchesterunited
ayden heaven,356044,manchesterunited
harry amass,356940,manchesterunited
patrick dorgu,366781,manchesterunited
daniel armer,381055,manchesterunited
jaydan kamason,386199,manchesterunited
diego leon,387634,manchesterunited
bruno fernandes,13282,sheffieldwednesday
youri tielemans,193297,manchesterunited
jack fletcher,205081,
mason mount,231167,manchesterunited
manuel ugarte,241468,manchesterunited
toby collyer,308778,manchesterunited
andrey santos,314858,manchesterunited
kobbie mainoo,328466,manchesterunited
daniel gore,347049,manchesterunited
jim thwaites,381057,manchesterunited
jacob devaney,384068,manchesterunited
tyler fletcher,393138,manchesterunited
marcus rashford,230945,manchesterunited
matheus cunha,259902,manchesterunited
bryan mbeumo,271170,manchesterunited
joshua zirkzee,276327,manchesterunited
benjamin sesko,289155,manchesterunited
amad diallo,291630,manchesterunited
shea lacey,358180,manchesterunited
ethan williams,360077,manchesterunited
ethan wheatley,368547,manchesterunited
enzo kana-biyik,398006,manchesterunited
joseph junior andreou gabriel,3108507,manchesterunited
marco bizot,132233,astonvilla
emiliano martinez,109962,palmeiras
lucas digne,160115,astonvilla
tyrone mings,181312,astonvilla
victor lindelof,204679,astonvilla
ezri konsa,231859,astonvilla
matty cash,234698,astonvilla
pau torres,251100,astonvilla
ian maatsen,281125,astonvilla
kosta nedeljkovic,365367,astonvilla
ross barkley,152469,astonvilla
john mcginn,162843,astonvilla
emiliano buendia,214375,astonvilla
boubacar kamara,250936,astonvilla
joao gomes,301524,astonvilla
amadou onana,304799,astonvilla
lamare bogarde,310607,astonvilla
johan manzambi,386992,astonvilla
modou cisse,392682,astonvilla
ollie watkins,198825,astonvilla
leon bailey,224809,astonvilla
tammy abraham,236209,astonvilla
evann guessand,288924,astonvilla
alejandro garnacho,325555,astonvilla
samuel iling-junior,341273,astonvilla
alysson,382839,astonvilla
brian madjo,401451,astonvilla
kepa arrizabalaga,169532,arsenal
david raya,196176,arsenal
illan meslier,265921,arsenal
tommy setford,343573,arsenal
gabriel magalhaes,236322,arsenal
ben white,241077,arsenal
william saliba,277385,arsenal
jurrien timber,282716,arsenal
piero hincapie,292062,arsenal
riccardo calafiori,298329,arsenal
cristhian mosquera,328497,arsenal
myles lewis-skelly,352758,arsenal
fabio vieira,88865,arsenal
christian nørgaard,178077,arsenal
martin ødegaard,203669,arsenal
mikel merino,209581,arsenal
declan rice,238262,arsenal
eberechi eze,251400,arsenal
martin zubimendi,287266,arsenal
ethan nwaneri,349733,arsenal
gabriel jesus,217289,arsenal
reiss nelson,227794,arsenal
kai havertz,231182,arsenal
viktor gyokeres,258906,arsenal
gabriel martinelli,269844,arsenal
bukayo saka,280555,arsenal
noni madueke,293236,arsenal
christos tzolis,303793,arsenal
ismeal kabia,378457,arsenal
robert sanchez,108662,chelsea
gaga slonina,286774,chelsea
teddy sharman-lowe,300049,chelsea
filip jørgensen,304256,chelsea
mike penders,332343,chelsea
ted curd,349214,chelsea
reece james,189007,chelsea
trevoh chalobah,227784,chelsea
tosin adarabioyo,231198,chelsea
axel disasi,231718,chelsea
maxence lacroix,265918,chelsea
wesley fofana,270190,chelsea
benoit badiashile,282585,chelsea
levi colwill,296410,chelsea
malo gusto,308947,chelsea
jorrel hato,353951,chelsea
mamadou sarr,355433,chelsea
marco palestra,362486,chelsea
aaron anselmino,363218,chelsea
josh acheampong,368317,chelsea
landon emenalo,379702,chelsea
calvin diakite,399896,chelsea
olutayo subuloye,408508,chelsea
morgan rogers,265653,chelsea
enzo fernandez,285450,chelsea
moises caicedo,289877,chelsea
cole palmer,296395,chelsea
mykhailo mudryk,299911,chelsea
romeo lavia,308217,chelsea
dario essugo,316560,chelsea
omari kellyman,331082,chelsea
geovany quenda,376274,chelsea
mahdi nicoll-jazuli,399562,chelsea
reggie watson,399564,chelsea
reggie walsh,400749,chelsea
pedro neto,256115,chelsea
joao pedro,152014,atleticodesanluis
david datro fofana,301047,
emmanuel emegha,304871,chelsea
liam delap,307114,chelsea
nicolas jackson,308524,chelsea
jamie gittens,339879,chelsea
marc guiu,363038,chelsea
estevao,376481,chelsea
ryan kavuma-mcqueen,399895,chelsea
dastan satpaev,402242,chelsea
alex cairns,164148,leedsunited
lucas perri,252406,leedsunited
sam byram,223454,leedsunited
james justin,231863,leedsunited
joe rodon,232325,leedsunited
jayden bogle,243408,leedsunited
gabriel gudmundsson,250166,leedsunited
sebastiaan bornauw,271130,leedsunited
jaka bijol,274649,leedsunited
tarik muharemovic,318390,leedsunited
ilia gruev,30116,leedsunited
ethan ampadu,241317,leedsunited
sean longstaff,251658,leedsunited
ao tanaka,253173,leedsunited
brenden aaronson,259653,leedsunited
anton stach,304802,leedsunited
sam chambers,390040,leedsunited
harry wilson,194801,leedsunited
dominic calvert-lewin,197717,leedsunited
daniel james,203072,leedsunited
joel piroe,245562,leedsunited
lukas nmecha,258956,leedsunited
noah okafor,270641,leedsunited
joe gelhardt,277531,leedsunited
largie ramazani,291435,leedsunited
wilfried gnonto,297784,leedsunited
mateo joseph,346709,leedsunited
freddie woodman,194121,liverpool
alisson becker,196876,liverpool
giorgi mamardashvili,274742,liverpool
vitezslav jaros,289840,liverpool
harvey davies,315879,liverpool
luke chambers,32572,liverpool
joe gomez,102053,liverpool
virgil van dijk,157892,liverpool
kostas tsimikas,226177,liverpool
conor bradley,250183,liverpool
jeremie frimpong,281119,liverpool
calvin ramsay,291353,liverpool
milos kerkez,323110,liverpool
jeremy jacquet,355980,liverpool
calum scanlon,359218,liverpool
giovanni leoni,380082,liverpool
ifeanyi ndukwe,407397,liverpool
talla ndiaye,414255,liverpool
wataru endo,152479,liverpool
curtis jones,190257,liverpool
alexis mac allister,249299,liverpool
dominik szoboszlai,257206,liverpool
ryan gravenberch,274632,liverpool
harvey elliott,280806,liverpool
florian wirtz,303748,liverpool
james mcconnell,326230,liverpool
stefan bajcetic,330605,liverpool
trey nyoni,356075,liverpool
kieran morrison,357162,liverpool
federico chiesa,234306,liverpool
alexander isak,235662,liverpool
cody gakpo,249524,liverpool
hugo ekitike,304901,liverpool
lewis koumas,350661,liverpool
rio ngumoha,379588,liverpool
will wright,395778,liverpool
joshua lambie,395890,liverpool
victor munoz,397545,liverpool
joshua abe,3111014,liverpool
martin dubravka,126703,tottenhamhotspur
guglielmo vicario,204082,tottenhamhotspur
brandon austin,259942,tottenhamhotspur
antonin kinsky,324393,tottenhamhotspur
dylan thompson,3109635,
ben davies,219599,boltonwanderers
cristian romero,96970,tottenhamhotspur
andy robertson,104943,tottenhamhotspur
marcos senesi,233945,tottenhamhotspur
kevin danso,250543,tottenhamhotspur
djed spence,267711,tottenhamhotspur
pedro porro,268533,tottenhamhotspur
ashley phillips,273628,tottenhamhotspur
jan paul van hecke,282583,tottenhamhotspur
destiny udogie,290076,tottenhamhotspur
micky van de ven,296512,tottenhamhotspur
kota takai,328492,tottenhamhotspur
souza,371532,tottenhamhotspur
malachi hardy,396748,tottenhamhotspur
tyler tingey,3109634,tottenhamhotspur
james maddison,194450,tottenhamhotspur
rodrigo bentancur,215772,tottenhamhotspur
sandro tonali,261047,tottenhamhotspur
mohammed kudus,266599,tottenhamhotspur
conor gallagher,266696,tottenhamhotspur
dejan kulusevski,272695,tottenhamhotspur
pape matar sarr,297337,tottenhamhotspur
archie gray,328050,tottenhamhotspur
xavi simons,332962,tottenhamhotspur
mateus fernandes,346820,tottenhamhotspur
jamie donley,347313,tottenhamhotspur
lucas bergvall,356379,tottenhamhotspur
rio kyerematen,367520,tottenhamhotspur
reiss-alexander russell-denny,372596,tottenhamhotspur
tyrese hall,374109,
luca williams-barnett,395939,tottenhamhotspur
tye hall,397474,tottenhamhotspur
harry byrne,397880,tottenhamhotspur
richarlison,156799,tottenhamhotspur
dominic solanke,194115,tottenhamhotspur
manor solomon,257256,tottenhamhotspur
dane scarlett,306012,tottenhamhotspur
mathys tel,325042,tottenhamhotspur
wilson odobert,345687,tottenhamhotspur
damola ajayi,350674,tottenhamhotspur
mason melia,364001,tottenhamhotspur
mikey moore,365332,tottenhamhotspur
yang min-hyeok,371578,tottenhamhotspur
jack butland,157933,hullcity
dillon phillips,191603,hullcity
thimothee lo-tutala,328465,hullcity
john egan,168424,hullcity
semi ajayi,178051,hullcity
matt targett,192929,hullcity
paddy mcnair,210139,hullcity
lewie coyle,231826,hullcity
ryan giles,243576,hullcity
cody drameh,279786,hullcity
matty jacob,291172,hullcity
charlie hughes,326187,hullcity
matt crooks,153613,hullcity
kieran dowell,194114,hullcity
abdulkadir omur,239750,hullcity
regan slater,249851,hullcity
hidemasa morita,270752,hullcity
eliot matazo,306055,hullcity
darko gyabi,308216,hullcity
oscar zambrano,328740,hullcity
oliver mcburnie,193010,hullcity
babajide david,222608,hullcity
liam millar,271879,hullcity
abu kamara,275674,hullcity
enis destan,317076,hullcity
mohamed belloumi,320417,hullcity
mason burstow,326201,hullcity
francesco rossi,89216,atalanta
marco sportiello,174915,atalanta
marco carnesecchi,284804,atalanta
berat djimsiti,165291,atalanta
sead kolasinac,170553,atalanta
davide zappacosta,182627,atalanta
mitchel bakker,267573,atalanta
raoul bellanova,268452,atalanta
odilon kossounou,284822,atalanta
lorenzo bernasconi,303988,atalanta
giorgio scalvini,309812,atalanta
isak hien,312862,atalanta
giovanni bonfanti,335952,atalanta
honest ahanor,388605,atalanta
marten de roon,146335,atalanta
mario pasalic,189668,atalanta
gianluca gaetano,276692,atalanta
ederson,176948,fenerbahce
nicola zalewski,288488,atalanta
lazar samardzic,303296,atalanta
sulemana,347018,
gianluca scamacca,233140,atalanta
nikola krstovic,258158,atalanta
giacomo raspadori,271679,atalanta
el bilal toure,287430,atalanta
daniel maldini,290545,atalanta
charles de ketelaere,296319,atalanta
kamaldeen sulemana,303115,atalanta
mauro vigorito,115025,como
emil audero,207834,como
jean butez,214740,como
noel tornqvist,301377,como
marc-oliver kempf,175887,como
edoardo goldaniga,181060,como
alex valle,192146,como
stefan posch,238906,como
alberto dossena,252372,como
ignace van der brempt,292199,como
kaiki,317233,como
ivan smolcic,323273,como
andres cuenca,376421,como
jacobo ramon,380318,como
luca mazzitelli,197263,como
luis milla,264211,como
maxence caqueret,265912,como
lucas da cunha,291285,como
matthias braunoder,305676,como
maximo perrone,309241,como
martin baturina,311475,como
fabio rispoli,377613,como
adrian lahdo,380970,como
andrea leborgne,408181,como
alvaro morata,154446,como
nicolas kuhn,260262,como
anastasios douvikas,262071,como
marlon mustapha,307265,como
ali jasim,307750,como
ivan azon,310259,como
alessandro gabrielloni,323143,como
alieu fadera,324705,como
jayden addai,337858,como
nico paz,337970,como
assane diao,364742,como
tommaso fumagalli,380057,como
jesus rodriguez,129732,puebla
mattia liberali,387723,como
david de gea,108482,fiorentina
luca lezzerini,164581,fiorentina
oliver christensen,249668,fiorentina
dodo,400316,bahia
matias moreno,186457,fiorentina
marin pongracic,255650,fiorentina
luca ranieri,262481,fiorentina
fabiano parisi,308082,fiorentina
radu dragusin,310216,fiorentina
nicolas valentini,318084,fiorentina
viery,364156,fiorentina
alex jimenez,367861,fiorentina
niccolo fortini,384300,fiorentina
eman kospo,403581,fiorentina
rolando mandragora,210392,fiorentina
abdelhamid sabiri,252293,fiorentina
simon sohm,275015,fiorentina
marco brescianini,276237,fiorentina
nicolo fagioli,276254,fiorentina
giovanni fabbian,323118,fiorentina
arthur atta,356213,fiorentina
cher ndour,360061,fiorentina
christ inao oulai,386989,fiorentina
lapo deli,418182,fiorentina
albert gudmundsson,224044,fiorentina
moise kean,248633,fiorentina
m'bala nzola,261173,fiorentina
riccardo sottil,262480,fiorentina
roberto piccoli,285438,fiorentina
riccardo braschi,408385,fiorentina
pietro terracciano,143100,
mike maignan,189026,acmilan
lorenzo torriani,384305,acmilan
leo-paul bouyer,403839,acmilan
matteo pittarella,407906,acmilan
pervis estupinan,214689,acmilan
fikayo tomori,236210,acmilan
matteo gabbia,255922,acmilan
strahinja pavlovic,290375,acmilan
filippo terracciano,303919,acmilan
koni de winter,309570,acmilan
mario gila,324097,acmilan
davide bartesaghi,345637,acmilan
david odogu,362411,acmilan
zachary athekame,370758,acmilan
sankhoun diawara,388239,acmilan
valeri vladimirov,409491,acmilan
luka modric,76762,acmilan
adrien rabiot,176203,acmilan
ruben loftus-cheek,186505,acmilan
ismael bennacer,214891,acmilan
christian pulisic,225607,acmilan
samuele ricci,276822,acmilan
youssouf fofana,277307,acmilan
ardon jashari,303973,acmilan
warren bondo,305672,acmilan
yunus musah,307527,acmilan
silvano vos,335207,acmilan
alphadjo cisse,359754,acmilan
kevin zeroli,365837,acmilan
jacopo sardo,388367,acmilan
christian comotto,403807,acmilan
lorenzo ossola,3110063,acmilan
christopher nkunku,222176,acmilan
samuel chukwueze,228298,acmilan
rafael leao,258917,acmilan
santiago gimenez,260775,acmilan
alexis saelemaekers,271132,acmilan
goncalo ramos,288896,acmilan
francesco camarda,377563,acmilan
andrej kostic,382572,acmilan
emanuele borsani,414987,acmilan
aurelien gurnier,420158,acmilan
pierluigi gollini,206587,asroma
devis vasquez,234300,asroma
mile svilar,238798,asroma
giorgio de marzi,398120,asroma
radoslaw zelezny,408132,asroma
gianluca mancini,212597,asroma
angelino,214319,asroma
mario hermoso,222529,asroma
evan ndicka,242593,asroma
marash kumbulla,261403,asroma
anass salah-eddine,297296,asroma
devyne rensch,297300,asroma
wesley,266671,cdnacional
daniele ghilardi,340705,asroma
jan ziolkowski,364223,asroma
mattia mannini,372786,asroma
filippo reale,379646,asroma
federico nardin,387842,asroma
emanuele lulli,409371,asroma
mohamed seck,421698,asroma
bryan cristante,169213,asroma
lorenzo pellegrini,204320,asroma
manu kone,285226,asroma
tommaso baldanzi,309518,asroma
neil el aynaoui,323807,asroma
niccolo pisilli,360235,asroma
mattia della rocca,384836,asroma
muhammed bah,415750,asroma
alessandro di nunzio,3098218,asroma
francesco panico,3112441,asroma
gioele giammattei,3112442,asroma
paulo dybala,164839,asroma
santiago castro,250284,asroma
donyell malen,259481,asroma
matias soule,323974,asroma
luigi cherubini,353352,asroma
robinio vaz,377894,asroma
antonio arena,404546,asroma
edoardo morucci,418042,asroma
lukasz skorupski,179358,bologna
federico ravaglia,245626,bologna
massimo pessina,388880,bologna
lorenzo de silvestri,68070,bologna
jhon lucumi,227697,bologna
nicolo casale,250707,bologna
juan miranda,261616,bologna
torbjørn heggem,272867,bologna
emil holm,286814,bologna
nadir zortea,291560,bologna
martin vitik,309110,bologna
rahim alhassane,331770,bologna
mihajlo ilic,336718,bologna
eivind helland,361818,bologna
remo freuler,152600,bologna
lewis ferguson,202429,bologna
nikola moro,228333,bologna
michel aebischer,245623,bologna
tommaso pobega,276654,bologna
oussama el azzouzi,320947,bologna
mikel amondarain,365160,bologna
jon rowe,118279,bologna
federico bernardeschi,180956,bologna
artem dovbyk,226211,bologna
orji okwonkwo,228297,bologna
riccardo orsolini,234426,bologna
jesper karlsson,235503,bologna
jens odgaard,238407,bologna
thijs dallinga,266280,bologna
nicolo cambiaghi,287790,bologna
antonio raimondo,319265,bologna
benjamin dominguez,331231,bologna
boris radunovic,224187,cagliari
elia caprile,278987,cagliari
giuseppe ciocci,292387,cagliari
alen sherri,306210,cagliari
velizar-iliya iliev,357862,cagliari
yerry mina,196901,cagliari
mateusz wieteska,212258,cagliari
gabriele zappa,275943,cagliari
adam obert,322913,cagliari
ze pedro,332684,cagliari
juan rodriguez,264801,tallerescordoba
othniel raterink,384126,cagliari
riyad idrissi,387036,cagliari
alessandro romano,6729,cagliari
matteo prati,107960,cagliari
alessandro deiola,186437,cagliari
harry winks,202332,cagliari
michel adopo,272745,cagliari
nicolo cavuoti,325527,cagliari
jacopo fazzini,333938,cagliari
demi akarakiri,399563,cagliari
joseph liteta,407930,cagliari
ivan sulev,407932,cagliari
mattia felici,285937,cagliari
sebastiano esposito,286929,cagliari
gennaro borrelli,286948,cagliari
kingstone mutandwa,368312,cagliari
agustin albarracin,381354,cagliari
yael trepy,407931,cagliari
nicola grandu,411232,cagliari
sebastiano di paolo,418443,cagliari
paul mendy,418819,cagliari
carlo pinsoglio,121036,juventus
mattia perin,146683,juventus
michele di gregorio,240055,juventus
juan cabal,24412,juventus
joao mario,139008,juventus
daniele rugani,181673,juventus
lloyd kelly,243787,juventus
bremer,258307,juventus
zeki celik,271873,juventus
pierre kalulu,290129,juventus
andrea cambiaso,308029,juventus
federico gatti,323147,juventus
jonas rouhi,355999,juventus
shane van aarle,379549,juventus
javier gil,395579,juventus
filip kostic,174496,juventus
arthur,334374,bayerleverkusen
manuel locatelli,217538,juventus
weston mckennie,256715,juventus
teun koopmeiners,258968,juventus
khephren thuram,283139,juventus
douglas luiz,320074,juventus
fabio miretti,323975,juventus
vasilije adzic,344917,juventus
adin licina,388139,juventus
augusto owusu,397258,juventus
arkadiusz milik,179359,juventus
jeremie boga,206153,juventus
dusan vlahovic,235677,juventus
edon zhegrova,260300,juventus
jonathan david,273499,juventus
francisco conceicao,312659,juventus
justin oboavwoduo,349101,juventus
kenan yildiz,366509,juventus
jeff ekhator,388606,juventus
destiny elimoghale,404034,juventus
arman durmisi,3102531,juventus
matteo pisseri,198150,frosinone
sebastiano desplanches,323108,frosinone
lorenzo palmisani,325056,frosinone
eldin lolic,333979,frosinone
edoardo masciangelo,212186,frosinone
sergio kalaj,285667,frosinone
niccolo corrado,290074,frosinone
ilario monterisi,300001,frosinone
anthony oyono,315213,
wisdom amey,318394,frosinone
giorgio cittadini,333598,frosinone
gabriele bracaglia,346974,frosinone
jeremy oyono,376726,frosinone
jacopo gelli,406448,
giacomo calo,236038,frosinone
ben lhassine kone,268870,frosinone
ilias koutsoupias,307971,frosinone
francesco gelli,308276,frosinone
anouar el azzouzi,324433,frosinone
luis hasa,364685,frosinone
matteo cichella,388779,frosinone
filippo grosso,396888,frosinone
alessio zerbin,252447,frosinone
edoardo vergani,290070,frosinone
fares ghedjemis,356536,frosinone
giorgi kvernadze,360714,frosinone
alejandro cichero,372148,frosinone
kevin barcella,394492,frosinone
muhammed colley,411234,frosinone
arijanet muric,259838,sassuolo
stefano turati,261399,sassuolo
alessandro russo,276823,
gioele zacchi,310770,sassuolo
jay idzes,272873,sassuolo
fali cande,287677,sassuolo
sebastian walukiewicz,288483,sassuolo
josh doig,290418,sassuolo
cas odenthal,291729,sassuolo
filippo missori,330043,sassuolo
yeferson paz,333924,sassuolo
edoardo pieragnolo,333925,sassuolo
kevin miranda,366932,sassuolo
tommaso macchioni,415197,sassuolo
giorgio vezzosi,423015,sassuolo
nemanja matic,135743,sassuolo
fabrizio caligara,259938,sassuolo
kristian thorstvedt,284212,sassuolo
andrea ghion,288788,sassuolo
daniel boloca,307061,sassuolo
edoardo iannoni,307969,sassuolo
ismael kone,325001,sassuolo
cristian volpato,330259,sassuolo
justin kumi,333380,sassuolo
luca lipani,347408,sassuolo
kevin leone,366933,sassuolo
darryl bakola,384170,sassuolo
domenico berardi,173817,sassuolo
nicholas pierini,233088,sassuolo
andrea pinamonti,239086,sassuolo
samuele mulattieri,271140,sassuolo
armand lauriente,272719,sassuolo
luca moro,278778,sassuolo
janis antiste,302646,sassuolo
laurs skjellerup,303980,sassuolo
agustin alvarez martinez,307473,sassuolo
riccardo ciervo,307860,sassuolo
patrick nuamah,346850,sassuolo
luca d'andrea,346882,sassuolo
flavio russo,367479,sassuolo
raffaele di gennaro,181322,internazionale
ivan provedel,181836,internazionale
josep martinez,240533,
matteo farronato,3112255,internazionale
federico dimarco,194748,internazionale
manuel akanji,214562,internazionale
benjamin pavard,215378,internazionale
alessandro bastoni,249280,internazionale
yann bisseck,266660,internazionale
carlos augusto,271769,internazionale
leonardo bovio,403808,internazionale
mattia marello,412245,internazionale
yvan maye,412249,internazionale
henrikh mkhitaryan,147625,internazionale
hakan calhanoglu,170785,internazionale
piotr zielinski,177782,internazionale
nicolo barella,204441,internazionale
aleksandar stankovic,240109,internazionale
davide frattesi,250850,internazionale
kristjan asllani,308881,internazionale
andy diouf,319167,internazionale
petar sucic,341494,internazionale
yanis massolin,345390,internazionale
ebenezer akinsanmiro,362776,internazionale
luka topalovic,364026,internazionale
marcus thuram,217331,internazionale
lautaro martinez,219713,internazionale
luis henrique,286369,internazionale
ange-yoan bonny,309185,internazionale
pio esposito,362674,internazionale
matteo lavelli,402778,internazionale
mattia mosconi,409051,internazionale
jamal iddrissou,410613,internazionale
demba thiam,250460,monza
semuel pizzignacco,270186,monza
aljaz strajnar,409565,monza
samuele birindelli,248440,monza
arvid brorsson,249336,monza
filippo delli carri,250672,monza
ricardo mangas,259871,monza
valentin antov,274733,monza
andrea carboni,301278,monza
adam bakoune,355859,monza
lorenzo lucchesi,367635,monza
eddy kouadio,390673,monza
lorenzo colonnese,3108882,monza
matteo pessina,224455,monza
andrea colpani,272892,monza
nicolas galazzi,308288,monza
leonardo colombo,353013,monza
manga foe ondoa,376261,monza
nicolo ballabio,417604,monza
danilo treffiletti,3108879,monza
giuseppe martone,3108881,monza
andrea petagna,181098,monza
keita balde,184883,monza
patrick ciurria,192743,monza
kevin martins,197764,monza
dany mota,235453,monza
patrick cutrone,238885,monza
omari forson,325554,monza
gustavo varela,384482,monza
solomon loubao,397386,monza
mathis mout,416515,monza
christos mandas,265140,lazio
alessio furlanetto,288361,lazio
davide renzetti,359647,lazio
edoardo motta,367320,lazio
patric,169818,lazio
alessio romagnoli,177816,lazio
samuel gigot,191102,lazio
adam marusic,218105,lazio
alfonso pedraza,218439,lazio
danilho doekhi,233622,lazio
luca pellegrini,251144,lazio
nuno tavares,288901,lazio
romano floriani,330041,lazio
oliver provstgaard,333311,lazio
filipe bordon,359380,lazio
danilo cataldi,178627,lazio
mattia zaccagni,204669,lazio
manuel lazzari,241430,lazio
kenneth taylor,282228,lazio
nicolo rovella,285969,lazio
fisayo dele-bashiru,295515,lazio
reda belahyane,345323,lazio
adrian przyborek,364224,lazio
bruno galassi,3102821,lazio
boulaye dia,282381,lazio
gustav isaksen,291550,lazio
gabriele artistico,300009,lazio
matteo cancellieri,308944,lazio
tijjani noslin,323113,lazio
petar ratkov,342136,lazio
nikita contini,198082,napoli
alex meret,209746,napoli
vanja milinkovic-savic,219531,napoli
leonardo spinazzola,148974,napoli
giovanni di lorenzo,155904,napoli
amir rrahmani,205576,napoli
mathias olivera,234881,napoli
alessandro buongiorno,252605,napoli
pasquale mazzocchi,260188,napoli
sam beukema,261594,napoli
miguel gutierrez,290044,napoli
rafa marin,297360,napoli
luca marianucci,367690,napoli
nosa obaretin,368592,napoli
christian garofalo,418210,napoli
kevin de bruyne,134947,napoli
stanislav lobotka,188412,napoli
frank anguissa,215721,napoli
michael folorunsho,252385,napoli
scott mctominay,255850,napoli
billy gilmour,274217,napoli
jens cajuste,274971,napoli
jesper lindstrom,278822,napoli
antonio vergara,332411,napoli
coli saco,368077,napoli
romelu lukaku,139437,napoli
matteo politano,188306,napoli
david neres,245637,napoli
noa lang,255344,napoli
lorenzo lucca,282564,napoli
cyril ngonge,283741,napoli
walid cheddira,292241,napoli
rasmus højlund,309273,napoli
alisson santos,319697,napoli
giovane,339953,napoli
emanuele rao,357855,napoli
lorenzo sgarbi,387352,napoli
alberto paleari,241414,torino
franco israel,271445,torino
lapo siviero,367321,torino
diego mascardi,368006,torino
marcus holmgren pedersen,129285,torino
cristiano biraghi,152044,torino
eray comert,231697,torino
adrian ismajli,239120,torino
saul coco,274258,torino
ali dembele,356576,torino
pietro comuzzo,367168,torino
come bianay,379782,torino
adrien tameze,159324,torino
nikola vlasic,206378,torino
ivan ilic,260004,torino
faustino anjorin,282642,torino
gaetano oristanio,297786,torino
emirhan ilkhan,330707,torino
cesare casadei,336394,torino
gvidas gineitis,338266,torino
aaron ciammaglichella,358465,torino
tommaso di marco,387262,torino
marco dalla vecchia,389460,torino
wisdom acquah,417402,torino
giovanni simeone,189974,torino
duvan zapata,193644,torino
che adams,213725,torino
sandro kulenovic,245538,torino
pietro pellegri,251141,torino
zakaria aboukhlal,277865,torino
zanos savva,367740,torino
alieu njie,367743,torino
tommaso gabellini,389463,torino
alessio cacciamani,403148,torino
wladimiro falcone,177812,lecce
christian fruchtl,259054,lecce
alexandru borbei,308318,lecce
jasper samooja,332018,lecce
antonino gallo,277441,lecce
corrie ndaba,287673,lecce
jamil siebert,307391,lecce
kialonda gaspar,318604,lecce
danilo veiga,344844,lecce
gaby jean,346283,lecce
sebastian esposito,362180,lecce
tiago gabriel,379865,lecce
matias perez,386020,lecce
vernon addo,387946,lecce
owen kouassi,388877,lecce
mohamed kaba,223292,lecce
lassana coulibaly,223947,lecce
youssef maleh,241405,lecce
lameck banda,267910,lecce
sadik fofana,324661,lecce
omri gandelman,326642,lecce
oumar ngom,334793,lecce
medon berisha,341756,lecce
olaf gorter,374812,lecce
niko kovac,391033,lecce
konan n’dri,286582,lecce
santiago pierotti,288429,lecce
nikola stulic,304512,lecce
rares burnete,325051,lecce
milos jovic,3098212,lecce
justin bijlow,205653,genoa
daniele sommariva,210391,genoa
franz stolz,341773,genoa
ernestas lysionok,410399,genoa
stefano sabelli,177862,genoa
aaron martin,242007,genoa
johan vasquez,259975,genoa
alessandro vogliacco,278779,genoa
leo østigard,281736,genoa
brooke norton-cuffy,311173,genoa
alan matturro,341774,genoa
sebastian otoa,350205,genoa
gabriele calvani,352751,genoa
alessandro marcandalli,364761,genoa
david puczka,386505,genoa
mamedi doucoure,419268,genoa
wedtoin ouedraogo,421510,genoa
marcelo vaz,3098553,genoa
hamed traore,257058,genoa
morten frendrup,270884,genoa
mikael ellertsson,324256,genoa
patrizio masini,346840,genoa
alexsandro amorim,358445,genoa
hugo cuenca,365843,genoa
ethan meichtry,406191,genoa
samuel wiafe,418840,genoa
chec bebel doumbia,3102575,genoa
caleb ekuban,182071,genoa
junior messias,261054,genoa
lorenzo colombo,297220,genoa
elias havel,329489,genoa
seydou fini,347409,genoa
alessandro debenedetti,386271,genoa
lorenzo venturino,389431,genoa
joi nuredini,401482,genoa
vitinha,288897,parissaintgermain
zion suzuki,265958,parma
edoardo corvi,290792,parma
giovanni daffara,366510,parma
emanuele valeri,261274,parma
enrico del prato,272694,parma
lautaro valenti,281590,parma
abdoulaye ndiaye,288540,parma
botond balogh,297197,parma
franco carboni,308939,parma
alessandro circati,332081,parma
mariano troilo,366526,parma
peter amoran,375572,parma
sascha britschgi,396009,parma
dominik drobnic,417783,parma
adrian bernabe,276653,parma
hans nicolussi caviglia,286764,parma
oliver sørensen,297751,parma
mandela keita,316609,parma
christian ordonez,339198,parma
benjamin cremaschi,356358,parma
rachid kouda,365697,parma
abdou-salam konate,371539,parma
pontus almqvist,253569,parma
daniel mikolajewski,290667,parma
jacob ondrejka,303648,parma
matija frigan,310860,parma
mateo pellegrino,312757,parma
antoine joujou,357235,parma
nesta elphege,361749,parma
unai simon,222375,athleticclub
mikel santos,287410,athleticclub
julen agirrezabala,323970,athleticclub
alex padilla,347411,athleticclub
yuri berchiche,133768,athleticclub
aymeric laporte,159317,athleticclub
yeray,217225,athleticclub
andoni gorosabel,245839,athleticclub
dani vivian,274016,athleticclub
jesus areso,300876,athleticclub
aitor paredes,308254,athleticclub
hugo rincon,362572,athleticclub
unai egiluz,368331,athleticclub
adama boiro,379707,athleticclub
iker monreal,411235,athleticclub
inigo ruiz de galarreta,157708,athleticclub
mikel vesga,222373,athleticclub
robert navarro,276996,athleticclub
oihan sancet,291616,athleticclub
unai vencedor,302945,athleticclub
benat prados,318785,athleticclub
mikel jauregizar,377792,athleticclub
peio canales,388805,athleticclub
alejandro rego,403371,athleticclub
selton sanchez,414350,athleticclub
alex berenguer,209579,athleticclub
inaki williams,214412,
gorka guruzeta,231905,athleticclub
nico williams,312146,athleticclub
nico serrano,323971,athleticclub
alvaro djalo,347033,athleticclub
maroan sannadi,393762,athleticclub
elijah gift,418212,athleticclub
matteo grandi,145138,venezia
alessio pozzi,263816,venezia
filippo neri,286390,venezia
filip stankovic,289560,venezia
ridgeciano haps,181192,venezia
marin sverko,228328,venezia
giorgio altare,256763,venezia
thierry correia,275983,venezia
michael venturi,278809,venezia
armel bella-kotchap,286128,venezia
bartol franjic,291405,venezia
ahmed sidibe,327899,venezia
joel schingtienne,345152,venezia
richie sagrado,345713,venezia
calixte ligue,357418,venezia
ale gomes,414161,venezia
alfred duncan,173282,venezia
toma basic,221057,venezia
emil bohinen,229972,venezia
nunzio lella,256106,venezia
gianluca busio,263705,venezia
thorir johann helgason,275227,venezia
enrique perez,276636,venezia
simone panada,297233,venezia
bjarki steinn bjarkason,307970,venezia
marko farji,326032,venezia
antoine hainaut,346916,venezia
lamine dabo,361838,venezia
matteo dagasso,366972,venezia
saad el haddad,386951,venezia
kornel lisman,405754,venezia
lorenzo berardi,408725,venezia
edoardo mariani,3098213,venezia
lion lauberbach,259357,venezia
john yeboah,265926,venezia
andrea adorante,286317,venezia
akor adams,288472,venezia
antonio casas,331786,venezia
okoro obinna,340139,venezia
albion rrahmani,342763,venezia
lorenzo da pozzo,368005,venezia
simone ascione,386952,venezia
mohamed malang toure,3111599,venezia
adrian rodriguez,150374,
antonio sivera,200910,alaves
jesus owono,287165,alaves
ville koski,149306,alaves
jonny,176312,alaves
moussa diarra,213535,alaves
nikola maras,235307,alaves
facundo garces,255931,alaves
nahuel tenaglia,262491,alaves
angel perez,374621,alaves
youssef lekhedim,382532,alaves
pablo ibanez,106326,alaves
denis suarez,163068,alaves
carles alena,233802,alaves
carlos protesoni,253754,alaves
ander guevara,260256,alaves
antonio blanco,265997,alaves
tomas mendes,332008,alaves
selu diallo,367996,alaves
mikel rodriguez,396612,realsociedadii
lander pinillos,403705,alaves
miguel rodriguez,342767,necaxa
toni martinez,181757,alaves
mariano,198832,alaves
lucas boye,207236,alaves
hugo novoa,305608,alaves
abde rebbach,345991,alaves
aitor manas,379231,alaves
daniele padelli,93816,udinese
maduka okoye,295476,udinese
edoardo piana,318762,udinese
thomas kristensen,99909,udinese
christian kabasele,150081,udinese
hassane kamara,193919,udinese
kingsley ehizibue,212476,udinese
mergim vojvoda,221436,udinese
enzo ebosse,242601,udinese
oumar solet,261066,udinese
alessandro zanoli,270010,udinese
jordan zemura,283171,udinese
nicolo bertola,319437,udinese
leonardo buta,333091,udinese
james abankwah,342837,udinese
saba goglichidze,363886,udinese
matteo palma,384519,udinese
branimir mlacic,406061,udinese
sandi lovric,219725,udinese
jesper karlstrom,237055,udinese
nicolo zaniolo,251388,udinese
giorgi chakvetadze,258933,udinese
martin payero,262565,udinese
jurgen ekkelenkamp,270817,udinese
jakub piotrowski,276267,udinese
oier zarraga,306579,udinese
rui modesto,322100,udinese
simone pafundi,340684,udinese
lennon miller,347009,udinese
juan david arizala,360207,udinese
unai gomez,362376,udinese
david pejicic,367445,udinese
abdoulaye camara,400788,udinese
keinan davis,233654,udinese
adam buksa,257211,udinese
bayo youssouf,263508,udinese
giulio vinciati,408146,udinese
andrei radu,144720,celtavigo
ivan villar,242580,celtavigo
marcos gonzalez,376424,celtavigo
marcos alonso,146127,celtavigo
carl starfelt,195790,celtavigo
javi galan,231838,celtavigo
unai nunez,260902,
sergio carreira,298343,celtavigo
carlos dominguez,312376,celtavigo
javi rueda,331586,celtavigo
alvaro nunez,367430,celtavigo
javi rodriguez,376147,
yoel lago,384643,celtavigo
manuel fernandez,399230,tigre
pablo meixus,414291,celtavigo
matias vecino,145600,celtavigo
hugo alvarez,188391,celtavigo
aleix febas,240235,celtavigo
ilaix moriba,297829,celtavigo
williot swedberg,322652,celtavigo
damian rodriguez,341269,celtavigo
miguel roman,353736,celtavigo
andres antanon,414292,celtavigo
hugo burcio,414293,celtavigo
iago aspas,92800,celtavigo
pablo duran,138448,celtavigo
borja iglesias,214995,celtavigo
carles perez,261468,celtavigo
ferran jutgla,279904,celtavigo
jones el-abdellaoui,334111,celtavigo
oscar marcos,405521,celtavigo
alvaro fernandez,96060,deportivolacoruna
german parreno,181288,deportivolacoruna
leo roman,300926,deportivolacoruna
eric puerto,375190,deportivolacoruna
ximo navarro,157568,deportivolacoruna
miguel loureiro,259915,deportivolacoruna
giacomo quagliata,275924,deportivolacoruna
arnau comas,300333,deportivolacoruna
adria altimira,308006,deportivolacoruna
lucas noubi,321112,deportivolacoruna
dani barcia,354646,deportivolacoruna
pablo garcia,46803,sportinggijon
mardones,402351,deportivolacoruna
bright ede,3102992,deportivolacoruna
jose angel,158250,deportivolacoruna
riki rodriguez,279609,deportivolacoruna
mario soriano carreno,297353,deportivolacoruna
charlie patino,327167,deportivolacoruna
diego villares,331742,deportivolacoruna
lorenzo amatucci,356639,deportivolacoruna
teun gijselhart,362123,deportivolacoruna
jairo noriega,375391,deportivolacoruna
ruben,375566,deportivolacoruna
jonathan asp jensen,384414,deportivolacoruna
pierre-emerick aubameyang,122260,deportivolacoruna
adrian guerrero,274405,deportivolacoruna
zakaria eddahchouri,286769,deportivolacoruna
yeremay hernandez,312392,deportivolacoruna
mohamed bouldini,323030,deportivolacoruna
luis cruz,324166,deportivolacoruna
kevin sanchez,331530,deportivolacoruna
david mella,375390,deportivolacoruna
martin ochoa,375392,deportivolacoruna
bil nsongo,414299,deportivolacoruna
jan oblak,149622,atleticomadrid
juan musso,177927,atleticomadrid
nahuel molina,164826,atleticomadrid
alejandro grimaldo,166396,atleticomadrid
jose maria gimenez,188398,atleticomadrid
robin le normand,214888,atleticomadrid
david hancko,257786,atleticomadrid
matteo ruggeri,297229,atleticomadrid
marc pubill,332613,atleticomadrid
rodrigo mendoza,74630,atleticomadrid
koke,384167,realvalladolid
thomas lemar,190291,atleticomadrid
marcos llorente,206474,atleticomadrid
lee kang-in,274197,atleticomadrid
morten hjulmand,274911,atleticomadrid
thiago almada,277208,atleticomadrid
johnny cardoso,290802,atleticomadrid
alex baena,297373,atleticomadrid
obed vargas,318554,atleticomadrid
pablo barrios,336634,atleticomadrid
alexander sørloth,188230,atleticomadrid
ademola lookman,229645,atleticomadrid
julian alvarez,277206,atleticomadrid
giuliano simeone,323838,atleticomadrid
carlos martin,324192,atleticomadrid
alex gonzalez yanes,3116262,barcelona
wojciech szczesny,131634,barcelona
marc-andre ter stegen,140740,barcelona
joan garcia,297362,
aron yaakobishvili,377529,barcelona
iker rodriguez,403576,
eric garcia,128714,barcelona
andreas christensen,186430,barcelona
jules kounde,231692,barcelona
ronald araujo,270821,barcelona
alvaro cortes,300377,barcelona
gerard martin,312015,barcelona
alejandro balde,323703,barcelona
hector fort,363039,barcelona
pau cubarsi,368992,barcelona
xavi espart,403582,barcelona
jofre torrents,403588,barcelona
jordi pesquer,416511,barcelona
frenkie de jong,219022,barcelona
dani olmo,227765,barcelona
pedri,250465,barcelona
gavi,323702,barcelona
marc casado,345489,barcelona
fermin lopez,354334,barcelona
marc bernal,376423,barcelona
guille fernandez,388286,
brian farinas,403575,barcelona
tomas marques,403590,barcelona
orian goren,416496,barcelona
ebrima tunkara,416502,barcelona
raphinha,231050,barcelona
ferran torres,265869,barcelona
anthony gordon,268782,barcelona
karim adeyemi,274913,barcelona
ibrahim diarra,276128,barcelona
roony bardghji,331152,barcelona
lamine yamal,362150,barcelona
toni fernandez,388285,barcelona
hamza abdelkarim,399200,barcelona
shane kluivert,403580,barcelona
oscar gistau,403585,barcelona
marko dmitrovic,179211,espanyol
angel fortuno,307419,espanyol
pol tristan,331757,espanyol
leandro cabrera,133259,espanyol
miguel rubio,273291,espanyol
pablo ramon,282672,espanyol
omar el hilali,310682,espanyol
ruben sanchez,319781,espanyol
clemens riedel,323737,espanyol
quilindschy hartman,346210,espanyol
roger hinojo,401377,espanyol
pere milla,196914,espanyol
edu exposito,255272,espanyol
pol lozano,260242,espanyol
urko gonzalez,307915,espanyol
gabriel moscardo,361468,espanyol
javi hernandez,278174,leganes
rafael bauza,383900,espanyol
enrique garcia,135422,espanyol
javier puado,260243,espanyol
tyrhys dolan,306520,espanyol
jofre carreras,307270,espanyol
roberto fernandez,318773,
marcos fernandez,129098,atleticorafaela
cala,355902,espanyol
matias dituro,173749,elche
alejandro iturbe,330433,elche
pedro bigas,167297,elche
victor chust,265995,elche
bambo diaby,267530,elche
david affengruber,313230,elche
buba sangare,371608,elche
matia barzic,389448,elche
josan,214330,elche
gonzalo villar,273424,elche
marc aguado,301406,elche
federico redondo,318181,elche
martim neto,340677,elche
grady diangana,242739,elche
jose antonio morente,259916,elche
german valera,297358,elche
fernando nino,301684,elche
lucas cepeda,320648,elche
yago alonso,326234,elche
abiel osorio,336840,elche
nordin al lal,368877,elche
ali houary,376156,elche
rafael nunez,379842,elche
aitor fernandez,144759,osasuna
sergio herrera,191360,osasuna
valentin rosier,238252,osasuna
alejandro catena,264175,osasuna
abel bretones,300284,osasuna
jorge herrando,307019,osasuna
enzo boyomo,307905,osasuna
inigo arguibide,380918,osasuna
lucas torro,170154,osasuna
ruben garcia,178328,
jon moncayola,286176,osasuna
aimar oroz,288760,osasuna
iker munoz,359154,osasuna
asier osambela,381628,osasuna
moi gomez,169089,osasuna
ante budimir,207288,osasuna
enrique barja,209580,osasuna
raul garcia,296163,osasuna
raul moro,303906,osasuna
jonathan dubasin,311969,osasuna
iker benito,333379,osasuna
simon eriksson,400222,racingsantander
jorge salinas,178237,racingsantander
manu,259839,racingsantander
alvaro mantilla,300471,racingsantander
facundo gonzalez,411159,riverplate
sergio canales,125383,racingsantander
inigo sainz,279699,racingsantander
gustavo puerta,341736,racingsantander
maguette gueye,342654,racingsantander
sergio martinez,409318,racingsantander
andres martin,3141,racingsantander
asier villalibre,222365,racingsantander
inigo vicente,284699,racingsantander
giorgi guliashvili,289439,racingsantander
suleiman camara,310419,racingsantander
juan carlos arana,334268,racingsantander
david soria,196339,getafe
jiri letacek,344245,getafe
kiko femenia,125749,getafe
djene,181355,getafe
juan berrocal,262061,getafe
abdel abqar,277876,getafe
zaid romero,300111,getafe
andres garcia,356080,getafe
sebastian boselli,359826,getafe
jean ives valou,395479,getafe
davinchi,406832,getafe
javi munoz,214275,getafe
yvan neyou,252477,getafe
ramon terrats,309838,getafe
mario martin,357147,getafe
christantus uche,386256,getafe
juanmi,143643,getafe
borja mayoral,218793,getafe
martin satriano,284854,getafe
alex sancris,354342,getafe
alfonso herrero,240624,malaga
carlos lopez,355503,malaga
andres cespedes,388600,malaga
alejandro mateos guirado,3110514,malaga
jose salinas,184488,malaga
einar galilea,192430,malaga
fernando calero,261199,malaga
alex pastor,310869,malaga
dani sanchez,311578,malaga
angel recio,319783,malaga
carlos puga,331785,malaga
diego murillo,350947,malaga
pablo arriaza,351294,malaga
oscar gonzalez,3105917,newcastlejets
miguel santaella,376164,malaga
rafa garrido,376166,malaga
juan cruz,155392,realoviedo
juampe,248684,malaga
ramon enriquez,292225,malaga
carlos dotor,324098,malaga
daniel lorenzo,331533,malaga
rafa rodriguez,357858,malaga
izan merino,371564,malaga
aaron moloney,377777,malaga
joseph otunenche otu,3110515,malaga
joaquin munoz,180444,malaga
eneko jauregui,270610,malaga
david larrubia,297828,malaga
julen lobete,301869,malaga
haitam abaida,312338,malaga
adrian nino,373542,malaga
chupete,388602,malaga
juan francisco fernandez martin,3110513,malaga
diego conde,279660,realbetis
alvaro valles,283892,realbetis
marc bartra,145078,realbetis
hector bellerin,178978,realbetis
diego llorente,181530,realbetis
fran garcia,213050,
junior firpo,269655,realbetis
natan,301526,realbetis
valentin gomez,336480,realbetis
angel ortiz,395941,realbetis
rodrigo riquelme,70224,realbetis
isco,143564,realbetis
giovani lo celso,207343,realbetis
pablo fornals,227714,realbetis
marc roca,242008,realbetis
alvaro fidalgo,283827,realbetis
nelson deossa,322908,realbetis
facundo bernal,359912,realbetis
aitor ruibal,268601,realbetis
antony,315294,portlandtimbers
iker losada,292222,realbetis
abde ezzalzouli,300912,realbetis
cucho hernandez,336809,realbetis
gonzalo petit,361366,realbetis
jose morante,411284,realbetis
pablo cunat,316040,levante
alejandro primo,340744,levante
daniel martin,388809,levante
aissa mandi,150451,levante
jeremy toljan,186024,levante
victor garcia,203680,levante
unai elgezabel,231214,levante
adrian de la fuente,276841,levante
xavi grande,367655,levante
jorge cabello,381071,levante
nacho perez,409383,levante
carlos alvarez,3731,levante
kervin arriaga,260554,levante
roger brugue,267591,levante
orio rey,269339,levante
jon ander olasagasti,317784,levante
hugo sotelo,319114,levante
enzo bardeli,334794,levante
edgar alcaniz,361195,levante
dani requena,362752,levante
ivan romero,311054,levante
tai abed,324954,levante
etta eyong,346676,levante
carlos espi,380286,levante
paco cortes,384985,levante
kareem tunde,415819,levante
alex remiro,217319,realsociedad
unai marrero,312011,realsociedad
igor zubeldia,235693,realsociedad
alvaro odriozola,236156,realsociedad
aihen munoz,283891,realsociedad
javi lopez,347354,cdsabadell
jon pacheco,297359,realsociedad
jon aramburu,318063,realsociedad
kazunari kita,360178,realsociedad
jon martin,366885,realsociedad
inaki ruperez,379457,realsociedad
carlos soler,235072,realsociedad
yangel herrera,236185,realsociedad
benat turrientes,297371,realsociedad
luka sucic,306263,realsociedad
arsen zakharyan,307487,realsociedad
pablo marin,326900,realsociedad
jon gorrotxategi,388601,realsociedad
mikel goti,396611,realsociedad
goncalo guedes,213141,realsociedad
mikel oyarzabal,229018,realsociedad
takefusa kubo,256587,realsociedad
sergio gomez,265993,realsociedad
ander barrenetxea,283941,realsociedad
jon karrikaburu,324350,realsociedad
orri oskarsson,341367,realsociedad
thibaut courtois,134283,realmadrid
andriy lunin,257237,realmadrid
antonio rudiger,169438,realmadrid
denzel dumfries,213248,realmadrid
ferland mendy,217475,realmadrid
trent alexander-arnold,223532,realmadrid
eder militao,228402,realmadrid
ibrahima konate,251634,realmadrid
marc cucurella,259910,realmadrid
alvaro carreras,310637,realmadrid
dean huijsen,356000,realmadrid
raul asencio,388338,realmadrid
bernardo silva,199833,realmadrid
federico valverde,235818,realmadrid
brahim diaz,246532,realmadrid
aurelien tchouameni,265919,realmadrid
eduardo camavinga,285150,realmadrid
jude bellingham,291281,realmadrid
arda guler,310452,realmadrid
gonzalo garcia,87297,realmadrid
kylian mbappe,231388,realmadrid
vinicius junior,252107,realmadrid
rodrygo,267804,realmadrid
endrick,346612,realmadrid
franco mastantuono,376473,realmadrid
odisseas vlachodimos,159135,sevilla
marcao,421401,vascodagama
fabio cardoso,215386,sevilla
gabriel suazo,222037,sevilla
jose angel carmona,250508,sevilla
federico gattoni,276026,sevilla
adria pedrosa,277292,sevilla
juan iglesias,279738,sevilla
arouna sangante,304213,sevilla
andres castrin,332246,sevilla
enrique salas,334163,sevilla
oso,377782,sevilla
joan jordan,208850,sevilla
djibril sow,222446,sevilla
jon guridi,254320,sevilla
ruben vargas,259513,sevilla
lucien agoume,282289,sevilla
juanlu sanchez,303804,
manu bueno,356228,sevilla
julio diaz,387493,sevilla
alexis sanchez,92055,sevilla
rafa mir,230974,sevilla
chidera ejuke,254270,sevilla
alfonso gonzalez,12425,atlas
peque,347359,sevilla
isaac romero,365821,sevilla
daniel cardenas,192893,rayovallecano
augusto batalla,195032,rayovallecano
miguel angel morro,277615,rayovallecano
florian lejeune,140754,rayovallecano
ivan balliu,158151,rayovallecano
luiz felipe,402694,
andrei ratiu,287224,rayovallecano
pep chavarria,300331,rayovallecano
jozhua vertrouwd,319231,rayovallecano
nobel mendy,356212,rayovallecano
pelayo fernandez,386579,rayovallecano
alvaro garcia,125200,rayovallecano
unai lopez,203711,rayovallecano
pedro diaz,264078,rayovallecano
isi palazon,264197,rayovallecano
oscar valentin,264217,rayovallecano
randy nteka,276847,rayovallecano
pathe ciss,294228,rayovallecano
fran perez,324505,rayovallecano
raul de tomas,174971,rayovallecano
jorge de frutos,260740,rayovallecano
sergio camello,276652,rayovallecano
alexandre alemao,313024,rayovallecano
etienne eto'o pineda,389446,rayovallecano
luiz junior,307648,villarreal
ruben gomez,343640,villarreal
yakiv kinareykin,347568,villarreal
moussa diallo,240484,villarreal
juan foyth,242710,villarreal
alex freeman,248276,villarreal
logan costa,271129,villarreal
carlos romero,271904,villarreal
sergi cardona,289072,villarreal
santiago mourino,318098,villarreal
willy kambwala,325553,villarreal
renato veiga,337011,villarreal
lautaro spatz,354532,villarreal
pau navarro,368878,villarreal
daniel budesca,381110,villarreal
cesar bonafe ceita,3101339,villarreal
santi comesana,240623,villarreal
pape gueye,255889,villarreal
alberto moleiro,307390,villarreal
alassane diatta,396751,villarreal
carlos macia,415438,villarreal
cheikh ahmad tidiane thiam,3101325,villarreal
gerard moreno,156172,villarreal
ayoze perez,192133,villarreal
nicolas pepe,210397,villarreal
tajon buchanan,284769,villarreal
tani oluwaseyi,294039,villarreal
georges mikautadze,300002,villarreal
ilias akhomach,331047,villarreal
thiago fernandez,339195,villarreal
alex fores,343629,villarreal
pau cabanes,384544,villarreal
nizar el jmili ben hamou,3101324,villarreal
frederik ronnow,165424,1fcunionberlin
carl klaus,221460,1fcunionberlin
matheo raab,238706,1fcunionberlin
christopher trimmel,146485,1fcunionberlin
marvin friedrich,202642,
josip juranovic,222567,1fcunionberlin
derrick kohn,263202,1fcunionberlin
stanley n'soki,268808,1fcunionberlin
zeno van den bosch,314184,1fcunionberlin
tom rothe,324269,1fcunionberlin
leopold querfeld,330455,1fcunionberlin
oluwaseun ogbemudia,377552,1fcunionberlin
andrik markgraf,406371,1fcunionberlin
rani khedira,159152,1fcunionberlin
janik haberer,170604,1fcunionberlin
robert skov,218596,1fcunionberlin
tim skarke,220796,1fcunionberlin
jeong woo-yeong,276323,1fcunionberlin
andras schafer,284702,1fcunionberlin
aljoscha kemlein,349922,1fcunionberlin
julien piet friedrich,3101887,1fcunionberlin
tim blaszczak,3113345,1fcunionberlin
oliver burke,212478,1fcunionberlin
marin ljubicic,322098,1fcunionberlin
andrej ilic,341441,1fcunionberlin
ilyas ansah,366363,1fcunionberlin
livan burcu,366823,1fcunionberlin
dmytro bohdanov,386460,1fcunionberlin
linus guther,421735,1fcunionberlin
mekhi anthony gray,3113344,1fcunionberlin
manuel neuer,84774,bayernmunich
sven ulreich,113733,bayernmunich
jonas urbig,323790,bayernmunich
leon klanac,388141,bayernmunich
david podar-stiube,3110056,bayernmunich
hiroki ito,97111,bayernmunich
nathaniel brown,120829,bayernmunich
kim min-jae,157688,bayernmunich
jonathan tah,188052,bayernmunich
dayot upamecano,222793,bayernmunich
alphonso davies,236721,bayernmunich
josip stanisic,276329,bayernmunich
sacha boey,287225,bayernmunich
vincent manuba,388224,bayernmunich
roko mijatovic,403803,bayernmunich
raphael pavlic,403935,bayernmunich
adam el-chaar,410638,bayernmunich
filip pavic,420811,bayernmunich
richard ajayi oluwaseyi,3110059,bayernmunich
konrad laimer,169189,bayernmunich
joshua kimmich,190161,bayernmunich
joao palhinha,224144,bayernmunich
michael olise,286831,bayernmunich
jamal musiala,303821,bayernmunich
ismael saibari,304572,bayernmunich
tom bischof,324660,bayernmunich
arijon ibrahimovic,333400,bayernmunich
aleksandar pavlovic,359370,bayernmunich
guido rovere,379223,bayernmunich
lennart karl,402841,bayernmunich
felipe chavez,408344,bayernmunich
maycon cardozo,417373,bayernmunich
tim binder,3104151,bayernmunich
simon schaff,3104162,bayernmunich
michael matosevic,3110058,bayernmunich
harry kane,142200,bayernmunich
serge gnabry,178980,bayernmunich
luis diaz,257390,bayernmunich
armindo sieb,308843,bayernmunich
bryan zaragoza,311571,bayernmunich
bastian assomo,422013,bayernmunich
oluwaseyi wilson,3104227,bayernmunich
skender nuraj,3110057,bayernmunich
finn dahmen,228507,fcaugsburg
nediljko labrovic,322693,fcaugsburg
tom wisbereit,422096,fcaugsburg
jeffrey gouweleeuw,140624,fcaugsburg
mads pedersen,162386,fcaugsburg
dimitris giannoulis,223139,fcaugsburg
keven schlotterbeck,274893,fcaugsburg
chrislain matsima,297165,fcaugsburg
robin fellhauer,306928,fcaugsburg
calvin brackelmann,345106,fcaugsburg
noahkai banks,376514,fcaugsburg
marius wolf,207623,fcaugsburg
alexis claude-maurice,228503,fcaugsburg
kristijan jakic,238929,fcaugsburg
yannik keitel,266657,fcaugsburg
han-noah massengo,282885,fcaugsburg
fabian rieder,308908,fcaugsburg
tim breithaupt,309634,fcaugsburg
anton kade,333837,fcaugsburg
mert komur,359207,fcaugsburg
klaus suso,373992,fcaugsburg
mahmut kucuksahin,384502,fcaugsburg
faik sakar,397212,fcaugsburg
hennes behrens,399214,fcaugsburg
michael gregoritsch,146804,fcaugsburg
steve mounie,192672,fcaugsburg
nathanael mbuku,291750,fcaugsburg
rodrigo ribeiro,366083,fcfamalicao
thomas kastanaras,345393,fcaugsburg
yusuf kabadayi,346745,fcaugsburg
uchenna ogundu,406851,fcaugsburg
jens grahl,122396,eintrachtfrankfurt
michael zetterer,184550,eintrachtfrankfurt
kaua santos,338950,eintrachtfrankfurt
amil siljevic,397160,eintrachtfrankfurt
robin koch,208285,eintrachtfrankfurt
niels nkounkou,298030,eintrachtfrankfurt
arthur theate,304222,eintrachtfrankfurt
nnamdi collins,305556,eintrachtfrankfurt
keita kosugi,371596,eintrachtfrankfurt
elias baum,372788,eintrachtfrankfurt
otavio,201547,fluminense
jeremiaha maluze,406374,eintrachtfrankfurt
julian etse,408339,eintrachtfrankfurt
niklas scheller,413824,eintrachtfrankfurt
timothy chandler,128521,eintrachtfrankfurt
mario gotze,143020,eintrachtfrankfurt
ellyes skhiri,209595,eintrachtfrankfurt
ritsu doan,219627,eintrachtfrankfurt
junior dina ebimbe,287645,eintrachtfrankfurt
hugo larsson,336460,eintrachtfrankfurt
fares chaibi,337306,eintrachtfrankfurt
noel aseko,352179,eintrachtfrankfurt
can uzun,355369,eintrachtfrankfurt
oscar højlund,365997,eintrachtfrankfurt
eba is,397536,eintrachtfrankfurt
love arrhov,399423,eintrachtfrankfurt
niko ilicevic,3109554,eintrachtfrankfurt
michy batshuayi,156479,eintrachtfrankfurt
jessic ngankam,266659,eintrachtfrankfurt
jonathan burkardt,274887,eintrachtfrankfurt
ansgar knauff,305555,eintrachtfrankfurt
noel futkeu,306991,eintrachtfrankfurt
elye wahi,311118,eintrachtfrankfurt
jean-matteo bahoya,346662,eintrachtfrankfurt
younes ebnoutalib,359793,eintrachtfrankfurt
ayoube amaimouni,416636,eintrachtfrankfurt
malik pimpong,418030,eintrachtfrankfurt
keito kumashiro,3109553,eintrachtfrankfurt
ron-robert zieler,121007,fccologne
marvin schwabe,205751,fccologne
matthias kobbing,258973,fccologne
martin james,415149,fccologne
luka lochoshvili,222477,fccologne
timo hubers,238520,fccologne
gideon mensah,264484,fccologne
sebastian sebulonsen,302981,fccologne
rav van den berg,306161,fccologne
joel schmied,306378,fccologne
jahmai simpson-pusey,357337,fccologne
elias-geoffrey bakatukanda,357685,fccologne
julian pauli,387975,fccologne
linton maina,231173,fccologne
alessio castro-montes,236136,fccologne
tom krauss,283683,fccologne
isak johannesson,286815,fccologne
jan thielmann,300444,fccologne
fayssal harchaoui,372029,fccologne
said el mala,380795,
paul okon-engstler,403528,fccologne
luca waldschmidt,191352,fccologne
ragnar ache,255355,fccologne
marius bulter,275797,fccologne
imad rondic,306653,fccologne
reigan heskey,378369,fccologne
malek el mala,384155,fccologne
youssoupha niang,417605,fccologne
janis blaswich,161825,bayerleverkusen
niklas lomb,175069,bayerleverkusen
mark flekken,177821,bayerleverkusen
abdoulaye faye,21990,bayerleverkusen
lucas vazquez,399731,nuevachicago
edmond tapsoba,257287,bayerleverkusen
jarell quansah,298524,bayerleverkusen
loic bade,300410,bayerleverkusen
jeanuel belocian,333927,bayerleverkusen
tim oermann,346376,bayerleverkusen
axel tape,396655,bayerleverkusen
jonas hofmann,174617,bayerleverkusen
robert andrich,180998,bayerleverkusen
aleix garcia,219294,bayerleverkusen
exequiel palacios,228393,bayerleverkusen
malik tillman,301416,bayerleverkusen
noah mbamba,315454,bayerleverkusen
ibrahim maza,361212,bayerleverkusen
ezequiel fernandez,364080,bayerleverkusen
kennet eichhorn,408246,bayerleverkusen
montrell culbreath,408703,bayerleverkusen
patrik schick,212330,bayerleverkusen
martin terrier,241662,bayerleverkusen
nathan tella,263134,bayerleverkusen
victor boniface,287276,bayerleverkusen
ernest poku,318534,bayerleverkusen
eliesse ben seghir,346947,bayerleverkusen
afonso moreira,361258,bayerleverkusen
farid alfa-ruprecht,365357,bayerleverkusen
kerim alajbegovic,391034,bayerleverkusen
christian kofane,398709,bayerleverkusen
ndjicoura bomba,404386,bayerleverkusen
aleksa damjanovic,407628,bayerleverkusen
cristian rivero,76884,valencia
stole dimitrievski,165334,valencia
dimitri foulquier,157739,valencia
jose gaya,178747,valencia
jesus vazquez,189804,valencia
mouctar diakhaby,241117,valencia
justin de haas,282086,valencia
copete,300927,valencia
cesar tarrega,330552,valencia
iker cordoba,388076,valencia
javi guerra,16340,valencia
guido rodriguez,212185,valencia
pepelu,231603,valencia
aliou dieng,232803,valencia
filip ugrinic,248681,valencia
andre almeida,286604,valencia
ryunosuke sato,360096,valencia
umar sadiq,211770,valencia
sergi canos,226140,valencia
arnaut danjuma,231618,valencia
dani raba,253763,valencia
luis rioja,264177,valencia
hugo duro,267477,valencia
alberto mari,290764,valencia
diego lopez,200277,gimnasiayesgrimajujuy
daniel heuer fernandes,180162,hamburgsv
sander tangvik,304258,hamburgsv
fernando dickes,388681,hamburgsv
miro muheim,243626,hamburgsv
jordan torunarigha,251061,hamburgsv
mario vuskovic,307725,hamburgsv
warmed omari,309840,hamburgsv
joel agyekum,399587,hamburgsv
louis lemke,410645,hamburgsv
shafiq nandja,415376,hamburgsv
bakery jatta,238542,hamburgsv
albert sambi lokonga,268239,hamburgsv
nicolas capaldo,284835,hamburgsv
immanuel pherai,290412,hamburgsv
albert grønbaek,297750,hamburgsv
nicolai remberg,321226,hamburgsv
bilal nadir,324567,hamburgsv
martin adeline,332878,hamburgsv
daniel elfadli,343993,hamburgsv
kofi amoako,377704,hamburgsv
yussuf poulsen,182245,hamburgsv
jean-luc dompe,206999,hamburgsv
patson daka,232662,hamburgsv
emir sahiti,237432,hamburgsv
rayan philippe,291849,hamburgsv
otto stange,376056,hamburgsv
alexander røssing-lelesiit,384471,hamburgsv
fabio balde,388392,hamburgsv
florian muller,122292,scfreiburg
jannik huth,224246,scfreiburg
noah atubolu,321064,scfreiburg
mio backhaus,338852,scfreiburg
anthony jung,169753,scfreiburg
matthias ginter,170209,scfreiburg
lukas kubler,171701,scfreiburg
christian gunter,174618,scfreiburg
philipp lienhart,219316,scfreiburg
niklas beste,231190,scfreiburg
philipp treu,364596,scfreiburg
max rosenfelder,367557,scfreiburg
jordy makengo,367558,scfreiburg
berkay yilmaz,387472,scfreiburg
ifechukwu ogbus,387474,scfreiburg
karl steinmann,416415,scfreiburg
vincenzo grifo,179571,scfreiburg
maximilian eggestein,214203,scfreiburg
florent muslija,256768,scfreiburg
patrick osterhage,291203,scfreiburg
yuito suzuki,303031,scfreiburg
yannick engelhardt,337079,scfreiburg
rihito yamamoto,347980,scfreiburg
rouven tarnutzer,419274,scfreiburg
lucas holer,238525,scfreiburg
igor matanovic,310883,scfreiburg
eren dinkci,312112,scfreiburg
keisuke goto,346208,scfreiburg
derry scherhant,346619,scfreiburg
cyriaque irie,390031,scfreiburg
patrick drewes,174521,borussiadortmund
alexander meyer,178380,borussiadortmund
gregor kobel,238544,borussiadortmund
diant ramaj,287713,borussiadortmund
silas ostrzinski,331297,borussiadortmund
ramy bensebaini,220703,borussiadortmund
waldemar anton,220714,borussiadortmund
julian ryerson,222991,borussiadortmund
nico schlotterbeck,286828,borussiadortmund
yan couto,297084,borussiadortmund
daniel svensson,310709,borussiadortmund
kouakou gadou,371500,borussiadortmund
almugera kabar,372034,borussiadortmund
filippo mane,387437,borussiadortmund
elias benkara,387529,borussiadortmund
kaua prates,399455,borussiadortmund
luca reggiani,413817,borussiadortmund
miguel adje,414315,borussiadortmund
romeo ritter,3102553,borussiadortmund
jan-luca riedl,3102556,borussiadortmund
emre can,159142,borussiadortmund
marcel sabitzer,173907,borussiadortmund
felix nmecha,281122,borussiadortmund
carney chukwuemeka,294317,borussiadortmund
ayman azhil,298348,borussiadortmund
jobe bellingham,324820,borussiadortmund
justin lerma,383070,borussiadortmund
enzo de pina duarte dos santos,401450,borussiadortmund
mussa kaba,403933,borussiadortmund
takato yamamoto,410768,borussiadortmund
tom lasse faust,3102554,borussiadortmund
serhou guirassy,186381,borussiadortmund
maximilian beier,290639,borussiadortmund
fabio silva,291629,borussiadortmund
mathis albert,403781,borussiadortmund
samuele inacio,403833,borussiadortmund
marwan mirza,410643,borussiadortmund
arne wessels,3102555,borussiadortmund
tobias sippel,122273,borussiamonchengladbach
daniel batz,149297,borussiamonchengladbach
moritz nicolas,238536,borussiamonchengladbach
jan olschowsky,304631,borussiamonchengladbach
kevin diks,206863,borussiamonchengladbach
nico elvedi,212237,borussiamonchengladbach
daiki hashioka,256966,borussiamonchengladbach
joe scally,272135,borussiamonchengladbach
yukhym konoplia,276082,borussiamonchengladbach
fabio chiarodia,323061,borussiamonchengladbach
david herold,345873,borussiamonchengladbach
lukas ullrich,346617,borussiamonchengladbach
jan leszczynski,384410,borussiamonchengladbach
kevin stoger,175006,borussiamonchengladbach
franck honorat,196029,borussiamonchengladbach
florian neuhaus,238527,borussiamonchengladbach
robin hack,258876,borussiamonchengladbach
philipp sander,275805,borussiamonchengladbach
nathan n'goumou,282676,borussiamonchengladbach
giovanni reyna,290230,borussiamonchengladbach
jens castrop,304793,borussiamonchengladbach
hugo bolin,330239,borussiamonchengladbach
zento uno,341707,borussiamonchengladbach
enzo leopold,343990,borussiamonchengladbach
wael mohya,408539,borussiamonchengladbach
tim kleindienst,185906,borussiamonchengladbach
isac lidberg,221690,borussiamonchengladbach
shuto machino,271352,borussiamonchengladbach
tomas cvancara,307755,borussiamonchengladbach
alexander schwolow,156416,mainz
robin zentner,206114,mainz
stefan bell,144620,mainz
danny da costa,154603,mainz
silvan widmer,175905,mainz
andreas hanche-olsen,218646,mainz
phillipp mwene,239574,mainz
anthony caci,241297,mainz
kacper potulski,375371,mainz
fabio gruber,399746,mainz
lee jae-sung,134103,mainz
dominik kohr,172997,mainz
nadiem amiri,210818,mainz
marco richter,259053,mainz
lennard maloney,267798,mainz
hong hyun-seok,271701,mainz
eric martel,290398,mainz
paul nebel,307282,mainz
sota kawasaki,333646,mainz
otto ruoppi,342667,mainz
kaishu sano,357030,mainz
sheraldo becker,195027,mainz
phillip tietz,234376,mainz
silas katompa-mvumpa,279282,mainz
ransford-yeboah konigsdorffer,300961,mainz
william bøving,303116,mainz
benedict hollerbach,307515,mainz
alynho haidara,404381,mainz
frank lehmann,123772,svelversberg
tim boss,275817,svelversberg
nicolas kristof,324021,svelversberg
elias etringer,3113346,svelversberg
jan gyamerah,188031,svelversberg
maximilian rohr,190167,svelversberg
florian le joncour,215035,svelversberg
nicholas mickelson,275987,svelversberg
lasse gunther,321061,svelversberg
luca sirch,323882,svelversberg
felix keidel,340739,svelversberg
lukas finn pinckert,341826,svelversberg
luis seifert,377481,svelversberg
luca schnellbacher,207335,svelversberg
amara conde,222614,svelversberg
lukasz poreba,326499,svelversberg
maurice krattenmacher,358496,svelversberg
noah darvich,372032,svelversberg
francis-ikechukwu onyeka,379180,svelversberg
frederik schmahl,386454,svelversberg
luca pfeiffer,279959,svelversberg
jason ceka,290512,svelversberg
lukas petkov,310692,svelversberg
tom zimmerschied,364790,svelversberg
cole campbell,379024,svelversberg
filimon gerezgiher,386469,svelversberg
david mokwa,398004,svelversberg
raif adam,417336,svelversberg
peter gulacsi,119620,rbleipzig
leopold zingerle,200079,rbleipzig
maarten vandevoordt,277377,rbleipzig
willi orban,162162,rbleipzig
lukas klostermann,201803,rbleipzig
benjamin henrichs,220711,rbleipzig
david raum,249548,rbleipzig
ridle baku,258963,rbleipzig
lutsharel geertruida,264828,rbleipzig
el chadaille bitshiabu,304740,rbleipzig
maxime esteve,318316,rbleipzig
castello lukeba,319100,rbleipzig
max finkgrafe,368003,rbleipzig
abdoul kone,384380,rbleipzig
eljif elmas,237435,rbleipzig
christoph baumgartner,274897,rbleipzig
nicolas seiwald,305956,rbleipzig
rocco reitz,307364,rbleipzig
antonio nusa,319368,rbleipzig
ezechiel banzuzi,330233,rbleipzig
arthur vermeeren,345805,rbleipzig
assan ouedraogo,364897,rbleipzig
andrija maksimovic,372232,rbleipzig
viggo gebel,388683,rbleipzig
joyeux masanka bungi,406372,rbleipzig
benno kaltefleiter,413837,rbleipzig
johan bakayoko,310131,rbleipzig
romulo,290441,tigresuanl
brajan gruda,357683,rbleipzig
conrad harder,362794,rbleipzig
tidiam gomis,366911,rbleipzig
robert ramsak,372038,rbleipzig
ayodele thomas,380942,rbleipzig
sani suleiman,387845,rbleipzig
yan diomande,402479,rbleipzig
samba konate,413839,rbleipzig
markus schubert,225579,scpaderborn07
nahuel nicolas noll,319415,scpaderborn07
florian pruhs,366362,scpaderborn07
felix gotze,245940,scpaderborn07
marcel hoffmeier,291207,scpaderborn07
laurin curda,364593,scpaderborn07
mattes hansen,364892,scpaderborn07
jano horst,366370,scpaderborn07
nyamekye awortwie-grant,367058,scpaderborn07
tjark scheller,371806,scpaderborn07
tristan zobel,401325,scpaderborn07
clemens lippmann,3098337,scpaderborn07
tom baack,220823,scpaderborn07
raphael obermair,251639,scpaderborn07
sebastian klaas,267513,scpaderborn07
oliver batista meier,276330,scpaderborn07
nick batzner,304766,scpaderborn07
santiago castaneda,338837,scpaderborn07
timur gayret,364789,scpaderborn07
jonah sticker,366828,scpaderborn07
mika baur,367926,scpaderborn07
luka djuric,399219,scpaderborn07
niklas mohr,409108,scpaderborn07
sven michel,197796,scpaderborn07
steffen tigges,231764,scpaderborn07
stefano marino,332543,scpaderborn07
kennedy okpala,361085,scpaderborn07
ruben muller,406466,scpaderborn07
lasse eickel,414361,scpaderborn07
albert millgramm,416412,scpaderborn07
fabian bredlow,201123,vfbstuttgart
marius funk,238129,vfbstuttgart
stefan drljaca,301319,vfbstuttgart
dennis seimen,362585,vfbstuttgart
maximilian mittelstadt,216225,vfbstuttgart
dan-axel zagadou,258870,vfbstuttgart
jeff chabot,258909,vfbstuttgart
josha vagnoman,266839,vfbstuttgart
leonidas stergiou,285866,vfbstuttgart
ramon hendriks,289322,vfbstuttgart
lorenz assignon,308461,vfbstuttgart
ameen al dakhil,323847,vfbstuttgart
luca jaquez,332574,vfbstuttgart
finn jeltsch,372026,vfbstuttgart
grischa promel,218714,vfbstuttgart
atakan karazor,241742,vfbstuttgart
nikolas nartey,259878,vfbstuttgart
chris fuhrich,268951,vfbstuttgart
angelo stiller,290232,vfbstuttgart
bilal el khannouss,336595,vfbstuttgart
laurin ulrich,345394,vfbstuttgart
jarzinho malanga,372027,vfbstuttgart
chema andres,387489,vfbstuttgart
mirza catovic,408285,vfbstuttgart
ertugrul yigit,410646,vfbstuttgart
lazar jovanovic,252323,vfbstuttgart
ermedin demirovic,269136,vfbstuttgart
deniz undav,273300,vfbstuttgart
jamie leweling,290811,vfbstuttgart
tiago tomas,304019,vfbstuttgart
badredine bouanani,345115,vfbstuttgart
leo sauer,355487,vfbstuttgart
justin diehl,357684,vfbstuttgart
jovan milosevic,364204,vfbstuttgart
jeremy arevalo,367725,vfbstuttgart
kevin muller,149276,schalke04
loris karius,165764,schalke04
johannes siebeking,408247,schalke04
timo becker,169481,
robin gosens,198087,schalke04
nikola katic,220538,schalke04
maximilian wober,231674,schalke04
anton donkor,238273,schalke04
hasan kurucay,246560,schalke04
martin wasinski,324012,schalke04
adrian gantenbein,326766,schalke04
dylan leonard,386117,schalke04
vitalie becker,386465,schalke04
steve noode,389670,schalke04
mert can ayhan,403400,schalke04
janik bachmann,205916,schalke04
finn porath,221671,schalke04
ron schallenberg,253816,schalke04
dejan ljubicic,262862,schalke04
adil aouchiche,290166,schalke04
satoshi tanaka,297565,schalke04
soufian el-faouzi,318343,schalke04
max gruger,386463,schalke04
mauro zalazar,389674,schalke04
luca vozar,414334,schalke04
moussa sylla,40791,schalke04
kenan karaman,188057,schalke04
bryan lasme,250866,schalke04
junior adamu,305957,schalke04
christian gomis,322156,schalke04
emil hojlund,332429,schalke04
zaid amoussou-tchibara,400329,schalke04
oliver baumann,138213,tsghoffenheim
luca philipp,304795,tsghoffenheim
lukas petersson,364646,tsghoffenheim
vladimir coufal,191209,tsghoffenheim
bernardo,340560,braga
koki machida,238025,tsghoffenheim
ozan kabak,266565,tsghoffenheim
valentin gendrey,277301,tsghoffenheim
albian hajdari,307567,tsghoffenheim
arthur chaves,319530,tsghoffenheim
alexander prass,320939,tsghoffenheim
robin hranac,322510,tsghoffenheim
mats rots,359744,tsghoffenheim
natnael abraha,403802,tsghoffenheim
sean dulic,3098291,tsghoffenheim
dennis geiger,221466,tsghoffenheim
wouter burger,274860,tsghoffenheim
patrick wimmer,300095,tsghoffenheim
bambase conte,336355,tsghoffenheim
umut tohumcu,340683,tsghoffenheim
leon avdullahu,362590,tsghoffenheim
luis engelns,383188,tsghoffenheim
nathan de cat,386884,tsghoffenheim
cajetan lenz,407682,tsghoffenheim
andrej kramaric,139520,tsghoffenheim
adam hlozek,292169,tsghoffenheim
tim lemperle,303792,tsghoffenheim
fisnik asllani,331057,tsghoffenheim
max moerstedt,372035,tsghoffenheim
deniz zeitler,386466,tsghoffenheim
alessandro vogt,396011,tsghoffenheim
nicolas kocik,233308,lemans
ewan hatfout,299457,lemans
augustin delbecque,344518,lemans
samuel yohou,223117,lemans
lucas buades,262482,lemans
alexandre lauray,287606,lemans
yasser larouci,289837,lemans
lucas calodat,331636,lemans
harold voyer,393721,lemans
theo eyoum,397317,lemans
noa boisse,397394,lemans
edwin quarshie,277526,lemans
jean vercruysse,315460,lemans
lucas bretelle,330722,lemans
milan robin,332827,lemans
martin rossignol,397327,lemans
antoine rabillard,232335,lemans
dame gueye,233702,lemans
louis mafouta,268720,lemans
bilal brahimi,279137,lemans
erwan colas,357006,lemans
william harhouz,407614,lemans
adil bourabaa,418536,lemans
anthony lopes,131743,angers
melvin zinga,297161,angers
oumar pona,378976,angers
jordan lefort,191712,angers
carlens arcus,218703,angers
jacques ekomie,333218,angers
lilian raolisoa,357154,angers
yacine gaya,362128,angers
marius courcoul,364683,angers
marius louar,394476,angers
ousmane camara,412188,castellon
branco van den boomen,196234,angers
haris belkebla,206993,angers
louis mouton,333845,angers
yassin belkhdim,338006,angers
emmanuel biumla,356211,angers
anthony bermont,379227,angers
jim allevinah,284333,angers
amine el ouazzani,301262,angers
mamadou simbakoli,312399,angers
amine sbai,314388,angers
prosper peter,403232,angers
harouna djibirin,412871,angers
markus kolke,162111,werderbremen
alexander schlager,195082,werderbremen
karl hein,282646,werderbremen
stefan smarkalev,385354,werderbremen
mitchell weiser,159139,werderbremen
niklas stark,186026,werderbremen
karim coulibaly,224074,werderbremen
marco friedl,232477,werderbremen
amos pieper,275844,werderbremen
felix agu,279961,werderbremen
olivier deman,282388,werderbremen
oskar wojcik,305821,werderbremen
julian malatini,309487,werderbremen
mick schmetgens,399865,werderbremen
mats heitmann,419946,werderbremen
luca hocker,3106917,werderbremen
jens stage,234757,werderbremen
romano schmid,238296,werderbremen
senne lynen,270389,werderbremen
skelly alvero,330964,werderbremen
chuki,371689,werderbremen
patrice covic,398005,werderbremen
dariusz stalmach,399747,werderbremen
darwin kaan soylu,3100710,werderbremen
dawid kownacki,220060,werderbremen
cedric itten,234153,werderbremen
marco grull,305853,werderbremen
keke topp,332325,werderbremen
justin njinmah,340639,werderbremen
samuel mbangula,355997,werderbremen
salim musah,407196,werderbremen
kenny quetant,415744,werderbremen
paul bright max erevbenagie,3106924,werderbremen
marc-aurele caillard,167905,lille
arnaud bodart,255780,lille
berke ozer,257267,lille
chancel mbemba,174322,lille
calvin verdonk,217381,lille
romain perraud,250853,lille
tanguy nianzou,290165,lille
nathan ngoy,318577,lille
alexsandro,340900,lille
tiago santos,346844,lille
ousmane toure,366905,lille
loun srdanovic,387346,lille
isaac cossier,393321,lille
benjamin andre,123683,lille
nabil bentaleb,179187,lille
hakon haraldsson,318779,lille
ngal'ayel mukau,345988,lille
ethan mbappe,355971,lille
ayyoub bouaddi,373927,lille
olivier giroud,88965,lille
gaetan perrin,231778,lille
mohamed bayo,267519,lille
osame sahraoui,283626,lille
felix correia,288900,lille
tiago morais,307846,lille
marius broholm,323173,lille
basar onal,337855,lille
hamza igmane,358999,lille
matias fernandez-pardo,359651,lille
noah edjouma,367360,lille
paul nardi,159312,ajauxerre
mamadou diop,345926,ajauxerre
louis mezerette,409261,ajauxerre
francisco sierralta,218620,ajauxerre
sekou fofana,252136,ajauxerre
sinaly diomande,302862,ajauxerre
marvin senaya,309638,ajauxerre
fredrik oppegard,310134,ajauxerre
bryan okoh,321097,ajauxerre
lamine sy,335320,ajauxerre
clement akpa,344520,ajauxerre
christ makosso,362476,ajauxerre
wei xiangxin,400649,ajauxerre
telli siwe,403125,ajauxerre
elikya legros,404532,ajauxerre
ackah-tidiane thiongane-zoukrou,3102990,ajauxerre
assane diousse,214305,ajauxerre
elisha owusu,266057,ajauxerre
romain faivre,268591,ajauxerre
naouirou ahamada,297775,ajauxerre
lasso coulibaly,323175,ajauxerre
kevin danois,323722,ajauxerre
arthur piedfort,359360,ajauxerre
aristide zossou,392126,ajauxerre
tidiane devernois,409262,ajauxerre
danny namaso,243748,ajauxerre
thelonius bair,255625,ajauxerre
eros maddy,280466,ajauxerre
josue casimir,304212,ajauxerre
remy labeau lascary,349185,ajauxerre
ryan rodin,409263,ajauxerre
lukas hradecky,134169,asmonaco
philipp kohn,258875,asmonaco
yann lienard,325600,asmonaco
jules stawiecki,388329,asmonaco
eric dier,155532,asmonaco
thilo kehrer,214401,asmonaco
jordan teze,240660,asmonaco
mohammed salisu,277718,asmonaco
vanderson,310640,asmonaco
nazinho,316559,asmonaco
christian mawissa,350525,asmonaco
sadibou sane,362288,asmonaco
lamine camara,38721,asmonaco
paul pogba,138860,asmonaco
takumi minamino,159348,asmonaco
aleksandr golovin,195501,asmonaco
mamadou coulibaly,208518,asmonaco
denis zakaria,222628,asmonaco
maghnes akliouche,329690,asmonaco
edan diop,345645,asmonaco
stanis idumbo,356925,asmonaco
samuel nibombe,388328,asmonaco
pape cabral,411449,asmonaco
folarin balogun,282643,asmonaco
ansu fati,292957,asmonaco
mika biereth,308552,asmonaco
matthis abline,318389,asmonaco
lucas michel,356651,asmonaco
paris brunner,365789,asmonaco
mathys detourbet,397994,asmonaco
gregoire coudert,260239,brest
noah jauny,388886,brest
noe poillion,3100741,brest
kenny lala,164187,brest
brendan chardonnet,186408,brest
bradley locko,324572,brest
luc zogbe,363150,brest
raphael le guen,397594,brest
justin bourgault,399248,brest
lucas tousart,215574,brest
romain del castillo,230896,brest
hugo magnetti,250377,brest
joris chotard,291850,brest
axel camblan,325330,brest
kamory doumbia,330412,brest
hamidou makalou,376352,brest
ludovic ajorque,192015,brest
mama balde,259960,brest
pathe mboup,365783,brest
ibrahim kante,388421,brest
lassine diarra,142743,lyon
dominik greif,221278,lyon
remy descamps,222175,lyon
justin bengui joao,362971,lyon
nicolas tagliafico,145190,lyon
duje caleta-car,194766,lyon
moussa niakhate,213181,lyon
clinton mata,214649,lyon
abner,285088,lyon
ruben kluivert,301354,lyon
mohamed ouedraogo,364589,lyon
noham kamara,403110,lyon
mahamadou diawara,133319,lyon
corentin tolisso,192060,lyon
ainsley maitland-niles,214402,lyon
orel mangala,228424,lyon
paul akouokou,284942,lyon
mads bidstrup,290401,lyon
tyler morton,298522,lyon
tanner tessmann,303308,lyon
pavel sulc,305545,lyon
noah nartey,365562,lyon
mathys de carvalho,402948,lyon
khalis merah,408345,lyon
lois openda,276265,lyon
ernest nuamah,333310,lyon
malick fofana,340645,lyon
julien duranville,341375,lyon
kail boudache,379066,lyon
enzo molebe,388571,lyon
alejandro rodriguez,402949,lyon
remi himbert,403842,lyon
mory diaw,197631,lehavreac
lionel mpasi,211669,lehavreac
paul argney,371498,lehavreac
vincent sasso,138563,lehavreac
gautier lloris,180174,lehavreac
ayumu seko,258270,lehavreac
timothee pembele,297167,lehavreac
fode doucoure,306548,lehavreac
yanis zouaoui,386384,lehavreac
stephan zagadou,401714,lehavreac
abdoulaye toure,185685,lehavreac
rassoul ndiaye,291982,lehavreac
amir richardson,319285,lehavreac
matheo bodmer,319286,lehavreac
kaito mizuta,325043,lehavreac
junior mwanga,340583,lehavreac
simon ebonog,346519,lehavreac
mokrane bentoumi,362606,lehavreac
ismail bouneb,371557,lehavreac
daren mosengo,388878,lehavreac
guy zohouri,388879,lehavreac
mbwana samatta,231366,lehavreac
godson kyeremeh,285840,lehavreac
felix mambimbi,285975,lehavreac
andy logbo,346518,lehavreac
joan tincres,371558,lehavreac
noam obougou,388881,lehavreac
sota nakamura,399434,lehavreac
enzo koffi,411169,lehavreac
geronimo rulli,167192,marseille
jeffrey de lange,228707,marseille
theo vermot,280650,marseille
jelle van neck,330271,marseille
emerson,159051,marseille
ulisses garcia,220718,marseille
derek cornelius,238712,marseille
nayef aguerd,245243,marseille
facundo medina,249663,marseille
leonardo balerdi,271555,marseille
cj egan-riley,307115,marseille
bamo meite,324960,marseille
hilan slimani,421852,marseille
geoffrey kondogbia,152270,marseille
pierre-emile højbjerg,159543,marseille
amine harit,238917,marseille
angel gomes,256773,marseille
himad abdelli,277525,marseille
quinten timber,282230,marseille
tochukwu nnadi,343114,marseille
yanis sellami,409118,marseille
tadjidine mmadi,411418,marseille
neal maupay,178760,marseille
amine gouiri,259743,marseille
timothy weah,266027,marseille
faris moumbagna,276160,marseille
igor paixao,289114,marseille
keyliane abdallah,384005,marseille
regis gurtner,101451,lens
mathieu gorgelin,131742,lens
herve koffi,247940,lens
robin risser,344517,lens
ilan jourdren,403417,lens
ruben aguilar,181946,lens
jonathan gradit,197187,lens
matthieu udol,233199,lens
saud abdulhamid,286011,lens
maik nawrocki,288487,lens
jhoanner chavez,297385,lens
samson baidoo,329484,lens
pierre ganiou,350577,lens
nidal celik,387044,lens
kyllian antonio,393432,lens
souleymane sagnan,401306,lens
noe kemtchoum,3114959,lens
thorgan hazard,158066,lens
mamadou sangare,228547,lens
amadou haidara,228557,lens
michael cuisance,258871,lens
alpha diallo,378981,lens
andrija bulatovic,387061,lens
mezian soares,412217,lens
florian thauvin,156898,lens
florian sotoca,215687,lens
odsonne edouard,222180,lens
michal skoras,288481,lens
abdallah sima,308246,lens
gabin capuano,398444,lens
rayan fofana,401045,lens
mohamed seddik,3114958,lens
benjamin leroy,139363,lorient
yvon mvogo,199381,lorient
bingourou kamara,207369,lorient
formose mendy,137397,lorient
alec georgen,221548,lorient
montassar talbi,265099,lorient
isaak toure,306535,lorient
nathaniel adjei,345563,lorient
dembo sylla,347940,lorient
panos katseris,364754,lorient
enzo genton,379062,lorient
arsene kouassi,381626,lorient
jean-victor makengo,225557,lorient
bandiougou fadiga,307263,lorient
noah cadiou,315215,lorient
joel mvuka,324932,lorient
theo le bris,325992,lorient
arthur avom,355870,lorient
gabin bernardeau,397392,lorient
tosin aiyegun,258100,lorient
mohamed bamba,345529,lorient
yehvann diouf,241029,nice
jonathan clauss,232089,nice
mohamed abdelmoneim,236957,nice
ali abdi,265234,nice
melvin bard,265923,nice
mattia viti,299990,nice
antoine mendy,319161,nice
kojo peprah oppong,357205,nice
moise bombito,358975,nice
hamza koutoune,376344,nice
morgan sanson,176816,nice
laurent abergel,181133,nice
issiaga camara,232670,nice
tanguy ndombele,240672,nice
youssouf ndayishimiye,255192,nice
sofiane diop,276995,nice
hicham boudaoui,287078,nice
salis abdul samed,292769,nice
djibril coulibaly,357425,nice
tom louchet,362061,nice
isak jansson,282597,nice
terem moffi,289769,nice
kevin carlos,304151,nice
mohamed-ali cho,306557,nice
victor orakpo,388090,nice
matvei safonov,248699,parissaintgermain
lucas chevalier,288925,parissaintgermain
alessandro longoni,387725,parissaintgermain
marquinhos,297070,cruzeiro
lucas hernandez,196200,parissaintgermain
achraf hakimi,240233,parissaintgermain
willian pacho,287005,parissaintgermain
nuno mendes,290591,parissaintgermain
illia zabarnyi,304503,parissaintgermain
lucas beraldo,316128,parissaintgermain
naoufel el hannach,376333,parissaintgermain
yoram zague,376505,parissaintgermain
fabian ruiz,214596,parissaintgermain
renato sanches,227217,parissaintgermain
warren zaire-emery,345581,parissaintgermain
joao neves,355061,parissaintgermain
senny mayulu,379088,parissaintgermain
dro fernandez,403578,parissaintgermain
ousmane dembele,229744,parissaintgermain
randal kolo muani,252971,parissaintgermain
khvicha kvaratskhelia,274745,parissaintgermain
bradley barcola,328238,parissaintgermain
desire doue,336388,parissaintgermain
ibrahim mbaye,388522,parissaintgermain
quentin ndjantou,403419,parissaintgermain
milosz piekutowski,371973,strasbourg
soumaila coulibaly,10767,strasbourg
ben chilwell,225426,strasbourg
andrew omobamidele,290101,strasbourg
ismael doukoure,305935,strasbourg
saidou sow,306558,strasbourg
mateo del blanco,335877,strasbourg
abakar sylla,340239,strasbourg
yoni gomis,345688,strasbourg
guela doue,346636,strasbourg
lucas høgsberg,359934,strasbourg
julio enciso,20975,strasbourg
sebastian nanasi,303787,strasbourg
valentin barco,320760,strasbourg
abdoul ouattara,336794,strasbourg
maximillian oyedele,347919,strasbourg
pape diop,353378,strasbourg
mathis amougou,364764,strasbourg
rabby nzingoula,365932,strasbourg
diogo sousa,368325,strasbourg
pape diong,370415,strasbourg
samir el mourabet,378491,strasbourg
benjamin brantlind,380238,strasbourg
sekou mara,305797,strasbourg
diego moreira,340678,strasbourg
martial godo,348301,strasbourg
samuel amo-ameyaw,350501,strasbourg
joaquin panichelli,350961,strasbourg
milos lukovic,370771,strasbourg
gessime yassine,379012,strasbourg
rayane messi,394467,strasbourg
brice samba,164126,staderennais
nicolas lemaitre,217668,staderennais
hans hateboer,193448,staderennais
bryan reynolds,250758,staderennais
lilian brassier,290141,staderennais
anthony rouault,291614,staderennais
alidu seidu,305669,staderennais
quentin merlin,313890,staderennais
mahamadou nagida,372260,staderennais
abdelhamid ait boudlal,376339,staderennais
rayan bamba,382872,staderennais
goncalo oliveira,401410,staderennais
jordan james,97867,staderennais
adrien thomasson,173266,staderennais
glen kamara,175064,staderennais
seko fofana,184118,staderennais
przemyslaw frankowski,190806,staderennais
valentin rongier,207136,staderennais
sebastian szymanski,243844,staderennais
mahdi camara,268966,staderennais
djaoui cisse,355982,staderennais
ayanda sishuba,366814,staderennais
breel embolo,202099,staderennais
ludovic blas,223120,staderennais
arnaud nordin,242738,staderennais
mousa al-tamari,257489,staderennais
issa soumare,297743,staderennais
esteban lepaul,323850,staderennais
eliezer mayenda,332862,staderennais
yassir zabiri,390389,staderennais
nordan mukiele,409660,staderennais
elias legendre,415193,staderennais
yanis benchaouch,404659,asmonaco
wout faes,228421,asmonaco
caio henrique,240353,asmonaco
kassoum ouattara,345243,asmonaco
bradel kiwa,396631,asmonaco
krepin diatta,253992,asmonaco
matthias wamu oyatambwe,403930,asmonaco
ilane toure,411027,asmonaco
guillaume restes,324289,toulouse
mathys niflore,371559,toulouse
naime said mchindra,396620,toulouse
mark mckenzie,77072,toulouse
rasmus nicolaisen,238213,toulouse
charlie cresswell,307713,toulouse
nicolas wasbauer,344521,toulouse
ylies aradj,355979,toulouse
christ tape,385000,toulouse
dayann methalie,388070,toulouse
ismail diallo,397384,toulouse
seny koumbassa,408252,toulouse
frederic efuele ngoyala,408254,toulouse
gaetan bakhouche,408255,toulouse
niklas schmidt,225565,toulouse
aron donnum,252740,toulouse
cristian casseres jr.,271244,toulouse
abu francis,290030,toulouse
mario sauer,322205,toulouse
noah lahmadi,355975,toulouse
rafik messali,384162,toulouse
mathis saka,386251,toulouse
alexis vossah,408251,toulouse
darris zema,409214,toulouse
yann gboho,277383,toulouse
jacen russell-rowe,297121,toulouse
santiago hidalgo,338873,toulouse
julian vignolo,380400,toulouse
ilyas azizi,403310,toulouse
enzo faty,408253,toulouse
kevin trapp,122280,parisfc
obed nkambadio,301770,parisfc
hamari traore,196729,parisfc
thibault de smet,246805,parisfc
moustapha mbow,287474,parisfc
samir chergui,287572,parisfc
yoan kore,324325,parisfc
diego coppola,332549,parisfc
tuomas ollila,354865,parisfc
mathys tourraine,358732,parisfc
nhoa sangui,371471,parisfc
emmanuel mbemba,403843,parisfc
vincent marchetti,219153,parisfc
pierre lees-melou,221527,parisfc
maxime lopez,223122,parisfc
ilan kebbal,304918,parisfc
gabriel oualengbe,351291,parisfc
adama camara,364746,parisfc
zabi gueu,398780,parisfc
rudy matondo,402888,parisfc
ciro immobile,130123,parisfc
moses simon,187647,parisfc
jonathan ikone,225559,parisfc
alimani gory,238392,parisfc
jean-phillipe krasso,257126,parisfc
willem geubbels,259744,parisfc
lassine sinayoko,271137,parisfc
pablo pagis,334359,parisfc
luca koleosho,341333,parisfc
omar sissoko,368334,parisfc
zacharie boucher,150450,troyes
hillel konate,206835,troyes
patrick beach,335240,troyes
michel diaz,112988,troyes
adrien monfray,181582,troyes
paolo gozzi iweru,287576,troyes
ismael boura,304898,troyes
thierno balde,322891,troyes
lucas maronnier,334281,troyes
yvann titi,371562,troyes
tom akpakoun,388240,troyes
antoine mille,270173,troyes
alexandre philiponeau,283692,troyes
iron gomis,286972,troyes
mouhamed diop,346359,troyes
merwan ifnaoui,386387,troyes
roman murcy,408779,troyes
renaud ripart,176406,troyes
kandet diawara,298511,troyes
amar ahmed,330550,troyes
ibrahim traore,377495,troyes
elijah odede,405703,troyes
amadou diakite,406934,troyes
anis ouzenadji,408780,troyes
alexei rojas,341729,arsenal
khari ranson,386202,arsenal
jack porter,390095,arsenal
josh nichols,351059,arsenal
jaden dixon,374017,arsenal
marli salmon,400284,arsenal
harrison dudziak,351060,arsenal
max dowman,397263,arsenal
ife ibrahim,399894,arsenal
leandro trossard,174980,arsenal
ceadach o’neill,381341,arsenal
andre annous,390975,arsenal
brando bailey-joseph,411237,arsenal
piotr pardel,421471,atalanta
pietro comi,378618,atalanta
relja obric,399540,atalanta
albert navarro,421472,atalanta
sergej levak,387841,atalanta
federico cassa,388799,atalanta
henry camara,386832,atalanta
dominic vavassori,388801,atalanta
jonas omlin,238418,bayerleverkusen
jesper schlich,415131,bayerleverkusen
issa traore,99684,bayerleverkusen
ben hawighorst,397120,bayerleverkusen
ferdinand pohl,408701,bayerleverkusen
jeremiah mensah,403899,
naba mensah,415130,bayerleverkusen
emmanuel owen,419917,bayerleverkusen
diego kochen,368359,barcelona
eder aller,403587,barcelona
joao cancelo,176399,barcelona
juan hernandez,371565,barcelona
robert lewandowski,125824,barcelona
daniel rodriguez,363041,barcelona
inigo lekue,222369,athleticclub
aimar dunabeitia,388802,athleticclub
ander izagirre,401735,athleticclub
jon de luis,408483,athleticclub
ibon sanchez,411758,cadiz
eder garcia,415364,athleticclub
urko izeta,354205,athleticclub
endika bujan,374635,athleticclub
adrian perez,411759,athleticclub
asier hierro,414464,athleticclub
jannis bartl,409827,bayernmunich
leonard prescott,410636,bayernmunich
raphael guerreiro,176228,bayernmunich
cassiano kiala,405586,bayernmunich
deniz ofli,416461,bayernmunich
leon goretzka,174550,bayernmunich
david daiber,405585,bayernmunich
erblin osmani,420899,bayernmunich
wisdom mike,399864,bayernmunich
bara sapoko ndiaye,409016,bayernmunich
maarten paes,238919,ajaxamsterdam
paul reverson,362072,ajaxamsterdam
aymean el hani,389638,ajaxamsterdam
joeri heerkens,396040,ajaxamsterdam
valentijn van der velde,421783,ajaxamsterdam
oleksandr zinchenko,217482,ajaxamsterdam
takehiro tomiyasu,238004,ajaxamsterdam
kou itakura,238033,ajaxamsterdam
owen wijndal,241392,ajaxamsterdam
josip sutalo,305552,ajaxamsterdam
youri baas,305590,ajaxamsterdam
anton gaaei,333312,ajaxamsterdam
lucas rosa,351281,ajaxamsterdam
ethan butera,369869,ajaxamsterdam
avery appiah,375486,ajaxamsterdam
jorthy mokio,381074,ajaxamsterdam
aaron bouwman,384127,ajaxamsterdam
lucas jetten,386842,ajaxamsterdam
mylo van der lans,390073,ajaxamsterdam
ryan van de pavert,396638,ajaxamsterdam
marvyn muzungu,401532,ajaxamsterdam
kennynho kasanwirjo,410913,ajaxamsterdam
sesynijo tilborg,415090,ajaxamsterdam
davy klaassen,168993,ajaxamsterdam
youri regeer,297292,ajaxamsterdam
kian fitz-jim,305589,ajaxamsterdam
oscar gloukh,325609,ajaxamsterdam
don o`niel,384128,ajaxamsterdam
jinairo johnson,390071,ajaxamsterdam
mark verkuijl,390072,ajaxamsterdam
abdellah ouazane,403927,ajaxamsterdam
damian van der vaart,406914,ajaxamsterdam
tijn peters,406915,ajaxamsterdam
mohamed abdalla,417684,ajaxamsterdam
steven berghuis,149577,ajaxamsterdam
wout weghorst,177042,ajaxamsterdam
kasper dolberg,219284,ajaxamsterdam
oliver edvardsen,295861,ajaxamsterdam
mika godts,353363,ajaxamsterdam
skye vink,368816,ajaxamsterdam
maher carrizo,376476,ajaxamsterdam
emre unuvar,384371,ajaxamsterdam
don-angelo konadu,386841,ajaxamsterdam
rayane bounida,397492,ajaxamsterdam
pharell nash,406913,ajaxamsterdam
maximiliam ibrahimovic,414988,ajaxamsterdam
alvaro moreno,222956,atleticomadrid
mario de luis,304001,atleticomadrid
salvi esquivel,405502,atleticomadrid
clement lenglet,193917,atleticomadrid
ilias kostis,355900,atleticomadrid
daniel martinez,368593,atleticomadrid
javier bonar,373877,atleticomadrid
aleksa puric,386898,atleticomadrid
geronimo spina,388083,atleticomadrid
javier serrano,323840,atleticomadrid
jano monserrate,388080,atleticomadrid
taufik seidu,388081,atleticomadrid
javier morcillo,421310,atleticomadrid
antoine griezmann,140416,atleticomadrid
rayane belaid,377843,atleticomadrid
iker luque,417258,atleticomadrid
sergio esteban,417403,atleticomadrid
miguel cubo,421996,atleticomadrid
anatoliy trubin,286109,benfica
samuel soares,307631,benfica
diogo ferreira,405541,benfica
arnas voitinovicius,409962,benfica
nicolas otamendi,119289,benfica
alexander bah,265944,benfica
amar dedic,308979,benfica
joshua wynder,318374,benfica
samuel dahl,329653,benfica
tomas araujo,329691,benfica
sidny lopes cabral,332394,trabzonspor
antonio silva,346588,
joao fonseca,399408,benfica
daniel banjaqui,403874,benfica
jose neto,403878,benfica
kevin pinto,418792,benfica
rafa silva,192421,
fredrik aursnes,212900,benfica
leandro barreiro,271854,benfica
enzo barrenechea,292921,benfica
richard rios,301520,benfica
georgiy sudakov,308603,benfica
manu silva,358451,benfica
diogo prioste,364640,benfica
nuno felix,364654,benfica
joao rego,384419,benfica
tiago dias freitas,400474,benfica
joao veloso,403154,benfica
goncalo moreira,411353,benfica
miguel figueiredo,414316,benfica
bruma,183640,benfica
vangelis pavlidis,220819,benfica
dodi lukebakio,229443,benfica
andreas schjelderup,313415,benfica
henrique araujo,334530,casapia
gianluca prestianni,339191,benfica
franjo ivanovic,364180,benfica
anisio cabral,403873,benfica
rodrigo rego,415025,castellon
nikita haykin,217655,bodoglimt
julian faye lund,227625,bodoglimt
isak sjong,359286,bodoglimt
haitam aleesami,176883,bodoglimt
jostein gundersen,218466,bodoglimt
fredrik andre bjørkan,238088,bodoglimt
odin bjørtuft,269732,bodoglimt
isak dybvik maatta,302019,bodoglimt
fredrik sjøvold,333755,bodoglimt
villads nielsen,387380,bodoglimt
ulrik saltnes,203670,bodoglimt
patrick berg,205924,bodoglimt
sondre brunstad fet,208353,bodoglimt
jens petter hauge,235789,bodoglimt
hakon evjen,271088,bodoglimt
sondre auklend,303740,bodoglimt
anders klynge,303934,bodoglimt
ole didrik blomberg,307798,bodoglimt
magnus riisnaes,319066,bodoglimt
andreas helmersen,218561,bodoglimt
ola brynhildsen,255311,bodoglimt
kasper høgh,272624,bodoglimt
august mikkelsen,285947,bodoglimt
daniel bassi,340237,bodoglimt
mikkel hansen,399511,bodoglimt
hindrin chooly,418004,bodoglimt
simon mignolet,99829,clubbrugge
nordin jackers,202101,clubbrugge
dani van den heuvel,305931,clubbrugge
axl de corte,356107,clubbrugge
argus driessche,371691,clubbrugge
stefan ostoici,415442,clubbrugge
brandon mechele,191222,clubbrugge
bjorn meijer,304618,clubbrugge
hugo siquet,310023,clubbrugge
joel ordonez,336589,clubbrugge
jorne spileers,351301,clubbrugge
kyriani sabbe,351373,clubbrugge
joaquin seys,363068,clubbrugge
samuel gomez van hoogen,372316,clubbrugge
vince osuji,386578,clubbrugge
hans vanaken,193849,clubbrugge
hugo vetlesen,255261,clubbrugge
ludovit reis,261363,clubbrugge
cisse sandra,312758,clubbrugge
raphael onyedika,320882,clubbrugge
felix lemarechal,324419,clubbrugge
lynnt audoor,329449,clubbrugge
alejandro granados,363216,clubbrugge
tian nai koren,417829,clubbrugge
carlos forbs,78836,clubbrugge
gustaf nilsson,238183,clubbrugge
nicolo tresoldi,335201,clubbrugge
romeo vermant,360422,clubbrugge
mamadou diakhon,362875,clubbrugge
shandre campbell,366835,clubbrugge
max merrick,351335,chelsea
charlie holland,315532,chelsea
ollie harrison,374222,chelsea
mathis eboue,408510,chelsea
shim mheuka,372013,chelsea
jesse derry,373759,chelsea
niklas sule,186263,borussiadortmund
julian brandt,197628,borussiadortmund
salih ozcan,225563,borussiadortmund
danylo krevsun,387500,borussiadortmund
fabijan buntic,238538,fkqarabag
sahruddin mahammadaliyev,238971,fkqarabag
mateusz kochalski,305485,fkqarabag
amin ramazanov,327995,fkqarabag
badavi huseynov,176882,
samy mmaee,206782,fkqarabag
abbas huseynov,220892,fkqarabag
matheus silva,272537,fkqarabag
bahlul mustafazada,275695,fkqarabag
toral bayramov,290524,fkqarabag
kevin medina,296755,fkqarabag
daniel,243832,fcdallas
elvin cafarquliyev,305343,fkqarabag
jeremie gnali,375456,fkqarabag
hikmat cabrayilzada,407413,fkqarabag
abdellah zoubir,182528,fkqarabag
joni montiel,231779,fkqarabag
marko jankovic,236598,fkqarabag
kady,238827,fkqarabag
pedro bicalho,283749,fkqarabag
oleksiy kashchuk,288460,fkqarabag
leandro andrade,335157,fkqarabag
ramil sheydaev,195498,fkqarabag
musa qurbanly,292163,fkqarabag
emmanuel addai,353471,fkqarabag
camilo duran,367591,fkqarabag
temirlan anarbekov,306134,kairatalmaty
sherkhan kalmurza,406973,kairatalmaty
bakhtiyar aldashev,411025,kairatalmaty
danila buch,415473,kairatalmaty
alyaksandr martynovich,140152,kairatalmaty
luis mata,227259,kairatalmaty
lucas africo,276119,kairatalmaty
erkin tapalov,287874,kairatalmaty
aleksandr shirobokov,306131,kairatalmaty
aleksandr mrynskiy,326288,kairatalmaty
damir kasabulat,336780,kairatalmaty
lev kurgin,343368,kairatalmaty
daniyar tashpulatov,405644,kairatalmaty
amirbek bazarbayev,418002,kairatalmaty
akezhan kalikulov,422051,kairatalmaty
rayimbek kenesbekov,422052,kairatalmaty
mustafa shen,422056,kairatalmaty
sanat nurbolat,422057,kairatalmaty
adlan nurgaliev,422059,kairatalmaty
dan glazer,225494,kairatalmaty
jaakko oksanen,275994,kairatalmaty
adilet sadybekov,322548,kairatalmaty
olzhas baybek,345109,kairatalmaty
sebastian zeballos,379900,kairatalmaty
oiva jukkola,385789,kairatalmaty
azamat tuyakbayev,406968,kairatalmaty
mukhamedali abish,418001,kairatalmaty
yevgeniy petrik,421654,kairatalmaty
shyngys duysenbek,422053,kairatalmaty
karim makhametzhan,422055,kairatalmaty
tore ismagulov,422058,kairatalmaty
jorginho,165778,flamengo
ricardo viana filho,315300,kairatalmaty
edmilson,352291,kairatalmaty
ramazan bagdat,404943,kairatalmaty
ismail bekbolat,405661,kairatalmaty
abylay toleukhan,422054,kairatalmaty
alamgir smakov,422060,kairatalmaty
ermukhammad kerimkhan,422061,kairatalmaty
rasmus kristensen,234787,eintrachtfrankfurt
fousseny doumbia,404775,eintrachtfrankfurt
mahmoud dahoud,191098,eintrachtfrankfurt
marvin dills,406373,eintrachtfrankfurt
alexander staff,403767,eintrachtfrankfurt
simone scaglia,354804,juventus
matteo fuscaldo,408851,juventus
stefano mangiapoco,414157,juventus
raffaele huli,418135,juventus
riccardo radu,421739,juventus
bruno martinez,270400,juventus
niccolo rizzo,397463,juventus
lorenzo anghele,387439,juventus
runar runarsson,199330,fckbenhavn
dominik kotarski,239411,fckbenhavn
oscar gadeberg-buur,380427,fckbenhavn
tobias breum-harild,403042,fckbenhavn
mathias jørgensen,111177,fckbenhavn
marcos lopez,418332,banfield
birger meling,192115,fckbenhavn
pantelis hatzidiakos,223311,fckbenhavn
buta,238897,fckbenhavn
gabriel pereira,285142,fckbenhavn
rodrigo huescas,317453,fckbenhavn
junnosuke suzuki,333663,fckbenhavn
kenay myrie,399114,fckbenhavn
graham ankamafio,417998,fckbenhavn
kyung-hyun lee,422045,fckbenhavn
thomas delaney,151757,fckbenhavn
mohamed elyounoussi,162484,fckbenhavn
viktor claesson,172864,fckbenhavn
mads emil madsen,242850,fckbenhavn
magnus mattsson,262740,fckbenhavn
elias achouri,324510,fckbenhavn
william clem,332428,fckbenhavn
robert,337099,vascodagama
oliver højer,384302,fckbenhavn
jonathan moalem,405751,fckbenhavn
andreas cornelius,176668,fckbenhavn
jordan larsson,206530,fckbenhavn
youssoufa moukoko,305554,fckbenhavn
liam west,378954,fckbenhavn
viktor dadason,411168,fckbenhavn
geovanni vianney,418782,fckbenhavn
gunay guvenc,217267,galatasaray
ugurcan cakir,222922,galatasaray
batuhan ahmet sen,251702,galatasaray
enes buyuk,407654,galatasaray
arda yilmaz,415732,
kaan ayhan,159146,galatasaray
abdulkerim bardakci,193149,galatasaray
davinson sanchez,197105,galatasaray
ismail jakobs,268796,galatasaray
wilfried singo,286569,galatasaray
eren elmali,287678,galatasaray
metehan baltaci,345237,galatasaray
arda unyay,357512,galatasaray
yusuf kahraman,415123,galatasaray
ilkay gundogan,131424,galatasaray
mario lemina,181729,galatasaray
lucas torreira,212973,galatasaray
gabriel sara,268478,galatasaray
gokdeniz gurpuz,372817,galatasaray
furkan kocak,400113,galatasaray
renato nhaga,402986,galatasaray
ege arac,415121,galatasaray
eyup karasu,415122,galatasaray
necati yancel,416235,galatasaray
cihan akgun,416236,
mauro icardi,167411,galatasaray
leroy sane,202641,galatasaray
roland sallai,219444,galatasaray
victor osimhen,228296,galatasaray
ahmed kutucu,266562,galatasaray
yunus akgun,266575,galatasaray
yaser asprilla,311056,galatasaray
baris alper yilmaz,322538,galatasaray
can guner,403895,galatasaray
ada yuzgec,407331,galatasaray
yann sommer,93197,internazionale
alessandro calligaris,366428,internazionale
alain taho,400734,internazionale
matteo darmian,91873,internazionale
stefan de vrij,141443,internazionale
francesco acerbi,148842,internazionale
christos alexiou,387831,internazionale
matteo cocchi,387835,internazionale
simone cinquegrano,412248,internazionale
ivo kaczmarski,322311,internazionale
issiaka kamate,357109,internazionale
thomas berenbruch,387830,internazionale
leonardo bovo,409052,internazionale
matteo spinacce,402511,internazionale
armin pecsi,345673,liverpool
kornel misciur,389424,liverpool
rhys williams,340762,liverpool
carter pinnington,350664,liverpool
amara nallo,373758,liverpool
wellity lucky,379855,liverpool
tommy pilling,330608,liverpool
michael laffey,380624,liverpool
mohamed salah,173896,liverpool
kaide gordon,312241,liverpool
jayden danns,354737,liverpool
keyrol figueroa,371434,liverpool
nick olij,190976,psveindhoven
matej kovar,277313,psveindhoven
niek schiks,325076,psveindhoven
tijn smolenaars,343607,psveindhoven
armando obispo,245918,psveindhoven
mauro junior,259136,psveindhoven
sergino dest,266291,psveindhoven
kiliann sildillia,301279,psveindhoven
ryan flamingo,304478,psveindhoven
yarek gasiorowski,364814,psveindhoven
wessel kuhn,367997,psveindhoven
fabian merien,386881,psveindhoven
jerdy schouten,239998,psveindhoven
joey veerman,240912,psveindhoven
guus til,240965,psveindhoven
paul wanner,333399,psveindhoven
jordy bawuah,371409,psveindhoven
nicolas verkooijen,372317,psveindhoven
joel van den berg,384374,psveindhoven
noah fernandez,386885,psveindhoven
jim koller,388509,psveindhoven
ivan perisic,103485,psveindhoven
alassane plea,168318,psveindhoven
dennis man,245805,psveindhoven
myron boadu,259143,psveindhoven
ricardo pepi,289120,psveindhoven
couhaib driouech,304592,psveindhoven
esmir bajraktarevic,325410,psveindhoven
ruben van bommel,340252,psveindhoven
pladi n'zinga pambani,414358,marseille
mathis clement,414465,marseille
rayan bang na,414467,marseille
anis doubal,418016,marseille
kelyann bezahaf,422095,marseille
nouhoum kamissoko,421851,marseille
mason greenwood,276221,marseille
ange lago,414466,marseille
ugo el kadmiri,421853,marseille
john ruddy,42359,newcastleunited
aaron ramsdale,236015,newcastleunited
adam harrison,371336,newcastleunited
kieran trippier,143637,newcastleunited
emil krafth,172922,newcastleunited
adedamola alabi,412170,newcastleunited
john stones,157974,manchestercity
nathan ake,159248,manchestercity
kian noble,372014,manchestercity
kaden braithwaite,390094,manchestercity
charlie gray,137623,manchestercity
sverre nypan,334109,manchestercity
floyd samba,410320,
ryan mcaidoo,395463,manchestercity
tyrone samba,417985,manchestercity
mathias ferrante,410798,napoli
david spinelli,413630,napoli
juan jesus,170663,napoli
vincenzo prisco,403806,napoli
francisco barido,416154,napoli
emmanuele de chiara,416155,napoli
alexandros paschalakis,143223,olympiacos
konstantinos tzolakis,284199,olympiacos
nikolaos botis,351288,olympiacos
alexandros exarchos,387670,olympiacos
georgios kouraklis,387671,olympiacos
ruben vezo,173401,olympiacos
rodinei,182187,olympiacos
panagiotis retsos,233973,olympiacos
francisco ortega,268525,olympiacos
giulian biancone,283681,olympiacos
lorenzo pirola,290069,olympiacos
alexios kalogeropoulos,318799,olympiacos
bruno onyemaechi,347628,olympiacos
dani garcia,192734,olympiacos
gelson martins,215319,olympiacos
chiquinho,321359,alverca
santiago hezze,290539,olympiacos
lorenzo scipioni,340198,olympiacos
diogo nascimento,365808,olympiacos
theofanis bakoulas,387654,olympiacos
christos mouzakitis,387657,olympiacos
argyrios liatsikouras,387675,olympiacos
daniel podence,213924,olympiacos
mehdi taremi,219611,olympiacos
yusuf yazici,236158,olympiacos
ayoub el kaabi,269562,olympiacos
clayton,351447,internacional
andre luiz,324574,olympiacos
konstantinos angelakis,384146,olympiacos
rui silva,177898,
joao virginia,274284,sportingcp
diego callai,329031,sportingcp
francisco silva,3096801,temperley
nuno santos,124204,sportingcp
eduardo quaresma,290590,sportingcp
georgios vagiannidis,300514,sportingcp
goncalo inacio,304106,sportingcp
zeno debast,314473,sportingcp
ivan fresneda,333209,sportingcp
ousmane diomande,343964,sportingcp
joao muniz,366786,sportingcp
bruno ramos,373623,sportingcp
david moreira,402224,sportingcp
salvador blopa,414124,sportingcp
rodrigo dias,416643,sportingcp
giorgi kochorashvili,258923,sportingcp
pedro goncalves,262591,sportingcp
maxi araujo,287025,sportingcp
daniel braganca,290592,sportingcp
geny catamo,296969,sportingcp
rayan lucas,359450,sportingcp
samuel justo,364672,sportingcp
joao simoes,392622,sportingcp
eduardo felicissimo,398054,sportingcp
fotis ioannidis,266318,sportingcp
luis suarez,125088,intermiamicf
francisco trincao,274159,sportingcp
souleymane faye,297345,sportingcp
mauro couto,349812,sportingcp
luis guilherme,361429,sportingcp
rafael nel,380529,sportingcp
lucas anjos,400101,sportingcp
flavio goncalves,414123,
renato marin,379089,parissaintgermain
arthur vignaud,417263,parissaintgermain
bilal laurendon,422106,parissaintgermain
samba coulibaly,329465,parissaintgermain
david boly,403981,parissaintgermain
thomas cordier,422107,parissaintgermain
dimitri lucea,422192,parissaintgermain
wassim slama,403420,parissaintgermain
yanis khafi,411462,parissaintgermain
mathis jangeal,411463,parissaintgermain
noah nsoki,416441,parissaintgermain
pierre mounguengue,413849,parissaintgermain
javier navarro,84349,realmadrid
sergio mestre,350351,realmadrid
fran gonzalez,362874,
alvaro gonzalez,157375,tenerife
manuel serrano,28121,realmadrid
david alaba,118444,realmadrid
david jimenez,157965,realmadrid
dani carvajal,168531,realmadrid
mario rivas,330352,realmadrid
joan martinez,388339,realmadrid
diego aguado,396894,realmadrid
victor valdepenas,401558,realmadrid
jesus fortea,405544,realmadrid
lamini fati,419888,realmadrid
cesar palacios,12172,realmadrid
dani ceballos,202717,realmadrid
manuel angel,364812,realmadrid
pol fortuny,387498,realmadrid
thiago pitarch,409019,realmadrid
jorge cestero,415478,realmadrid
dani meso,418003,realmadrid
alvaro leiva,331761,realmadrid
daniel yanez,376422,realmadrid
luca gunter,359158,tottenhamhotspur
james rowswell,387932,tottenhamhotspur
jun'ai byfield,403835,tottenhamhotspur
yves bissouma,232810,tottenhamhotspur
callum olusesi,372016,tottenhamhotspur
james wilson,362560,tottenhamhotspur
tynan thompson,397881,tottenhamhotspur
ondrej kolar,159130,slaviaprague
jindrich stanek,199988,slaviaprague
jakub markovic,291407,slaviaprague
jan boril,176738,slaviaprague
igoh ogbu,271265,slaviaprague
tomas holes,280885,slaviaprague
tomas vlcek,283008,slaviaprague
david zima,290116,slaviaprague
dominik javorcek,304962,slaviaprague
david jurasek,335996,slaviaprague
stepan chaloupek,370744,slaviaprague
jakub kolisek,395008,slaviaprague
martin kovar,403971,slaviaprague
youssoupha mbodji,409820,slaviaprague
elias pitak,413940,slaviaprague
samuel isife,417931,slaviaprague
chinedu isaiah,418774,slaviaprague
oscar dorley,248263,slaviaprague
michal sadilek,249525,slaviaprague
david moses,256751,slaviaprague
muhammed-cham saracevic,293919,slaviaprague
lukas provod,294618,slaviaprague
simion michez,323034,slaviaprague
divine teah,328938,slaviaprague
david doudera,343937,slaviaprague
marek naskos,362070,slaviaprague
alexandr buzek,387802,slaviaprague
youssoupha sanyang,392578,slaviaprague
matous srb,403863,slaviaprague
adam rajnoha,414121,slaviaprague
bartosz szywala,414122,slaviaprague
mubarak suleiman,418535,slaviaprague
izuchukwu okonkwo,419800,slaviaprague
ivan schranz,175766,slaviaprague
erik prekop,239044,slaviaprague
tomas chory,257336,slaviaprague
vasil kusej,275818,slaviaprague
mojmir chytil,343733,slaviaprague
samuel pikolon,362894,slaviaprague
dan kohout,403638,slaviaprague
petr potmesil,403778,slaviaprague
jens teunckens,222717,unionstgilloise
vic chambaere,316278,unionstgilloise
giorgi kavlashvili,401048,unionstgilloise
adriaan van etten,407653,unionstgilloise
christian burgess,181403,unionstgilloise
mamadou barry,189988,unionstgilloise
guillaume francois,222568,unionstgilloise
kevin mac allister,234337,unionstgilloise
ross sykes,241066,unionstgilloise
louis patris,306031,unionstgilloise
fedde leysen,310140,unionstgilloise
massire sylla,389282,unionstgilloise
noah stassin,406908,unionstgilloise
rob schoofs,157133,unionstgilloise
ousseynou niang,256687,unionstgilloise
anouar ait el hadj,290809,unionstgilloise
adem zorgane,298901,unionstgilloise
ivan pavlic,314183,unionstgilloise
guilherme smith,330077,unionstgilloise
besfort zeneli,334024,unionstgilloise
soulaimane berradi,334101,unionstgilloise
nathan huygevelde,345625,unionstgilloise
yari stevens,366927,unionstgilloise
kamiel van de perre,385284,unionstgilloise
sekou keita,214312,unionstgilloise
kevin rodriguez,281316,unionstgilloise
promise david,318522,unionstgilloise
anan khalaili,332648,unionstgilloise
mohammed fuseini,344595,unionstgilloise
raul florucz,344857,unionstgilloise
mateo biondic,345526,unionstgilloise
marc giger,399471,unionstgilloise
youssef hamoutahar,406909,unionstgilloise
petros petrou,26731,pafos
neophytos michael,235291,
jay gorter,287740,pafos
athanasios-theologos papadoudis,345884,pafos
david luiz,98398,pafos
joao correia,107995,pafos
david goldar,202422,pafos
nicholas ioannou,205240,pafos
derrick luckassen,205737,pafos
kostas pileas,274671,pafos
axel guessand,325597,pafos
pedro henrique franklim martins,341413,pafos
ognjen mimovic,380332,pafos
pepe,256909,fcporto
ken sema,186004,pafos
ivan sunjic,194767,pafos
domingos quina,236708,pafos
vlad dragomir,266180,pafos
daniel silva,290083,
wilmer odefalk,356378,pafos
alexandre brito,397119,pafos
andreas mavroudis,410918,pafos
georgios michael,417366,pafos
anderson silva,36807,pafos
mislav orsic,194277,pafos
bruno,258886,pafos
mons bassouamina,276452,pafos
jaja,301185,remo
lele,333936,pafos
pedro henrique fontoura caldieraro,418017,pafos
arnau tenas,290043,villarreal
isma sierra,375393,villarreal
dani parejo,121020,villarreal
thomas partey,189972,villarreal
hugo lopez,194253,villarreal
joselillo,371619,villarreal
mahamoud barry,372072,villarreal
harley o'grady-macken,397462,blackburnrovers
max weiß,329987,burnley
connor edwards,3111864,
kyle walker,129358,burnley
connor roberts,177110,burnley
axel tuanzebe,229524,burnley
joe worrall,232291,burnley
jordan beyer,271218,burnley
lucas pires,285790,burnley
hjalmar ekdal,290413,burnley
shurandy sambo,301456,burnley
oliver sonne,322642,burnley
bashir humphreys,325541,burnley
murray campbell,347290,burnley
josh laurent,190936,burnley
josh cullen,207146,burnley
florentino,256607,burnley
hannibal mejbri,300007,burnley
aaron ramsey,332046,burnley
ugo raghouber,333319,burnley
ellis clark,366750,burnley
oliver pimlott,409739,burnley
george brierley,411241,burnley
ashley barnes,105405,burnley
marcus edwards,225552,burnley
jacob bruun larsen,233073,burnley
michael obafemi,251138,burnley
zian flemming,261598,burnley
lyle foster,264751,burnley
mike tresor,280895,burnley
armando broja,291535,burnley
enock agyei,299600,burnley
andreas hountondji,317322,burnley
zeki amdouni,320757,burnley
jaydon banel,333619,burnley
lluc castell,371566,burnley
kian mcmahon-brown,403872,burnley
ryan allsop,134929,birminghamcity
james beadle,329170,birminghamcity
bradley mayo,369486,birminghamcity
jack robinson,147255,birminghamcity
bright osayi-samuel,217071,birminghamcity
dael fry,223792,birminghamcity
phil neumann,238884,birminghamcity
alex cochrane,251627,birminghamcity
christoph klarer,263133,birminghamcity
lee buchanan,285108,birminghamcity
ethan laird,291434,birminghamcity
william burrell,416532,birminghamcity
patrick roberts,194118,birminghamcity
marc leonard,203095,birminghamcity
paik seung-ho,256598,birminghamcity
taylor gardner-hickman,282892,birminghamcity
kanya fujimoto,283859,birminghamcity
jhon solis,285048,birminghamcity
tomoki iwata,286056,birminghamcity
menzi mazwi,404908,birminghamcity
marvin ducksch,159150,birminghamcity
carlos vicente,172019,birminghamcity
demarai gray,194403,birminghamcity
scott wright,205696,birminghamcity
luis vazquez,285032,birminghamcity
jay stansfield,301248,birminghamcity
august priske,330460,birminghamcity
zaid betteka,393660,birminghamcity
briar bateman,417615,birminghamcity
jack bonham,169041,boltonwanderers
luke hutchinson,291812,boltonwanderers
nathan broome,335049,boltonwanderers
david harrington,341482,boltonwanderers
cyrus christie,150757,boltonwanderers
akin famewo,241449,boltonwanderers
gaizka larrazabal,248860,boltonwanderers
eoin toal,260007,boltonwanderers
max conway,308549,boltonwanderers
christian forino joseph,326207,boltonwanderers
sam inwood,373380,boltonwanderers
lewis temple,385567,boltonwanderers
ajay weston,390400,boltonwanderers
oliver smith,409918,boltonwanderers
david watson,103404,boltonwanderers
josh sheehan,187177,boltonwanderers
ethan erhahon,259884,boltonwanderers
joel randall,268552,boltonwanderers
xavier simons,296411,boltonwanderers
luca stephenson,326228,boltonwanderers
harley irwin,396113,boltonwanderers
daeshon lawrence,403194,boltonwanderers
tobias ritchie,414595,boltonwanderers
ruben rodrigues,12669,boltonwanderers
sam dalby,243385,boltonwanderers
john mcatee,255851,boltonwanderers
thierry gale,272245,boltonwanderers
kyliane dong,346835,boltonwanderers
charlie warren,379169,boltonwanderers
dave abimbola,393670,boltonwanderers
joe gauci,241429,lincolncity
george wickens,279794,lincolncity
james pardington,296403,lincolncity
sonny bradley,154794,lincolncity
adam jackson,159444,lincolncity
callum elder,191425,lincolncity
tendayi darikwa,223447,lincolncity
thomas hamer,263103,lincolncity
ryley towler,306847,lincolncity
ayodeji elerewe,324580,lincolncity
andrei coubis,342108,lincolncity
charlie parks,377143,lincolncity
joshua honohan,385406,lincolncity
noah simmons,409030,lincolncity
charlie carlisle,409314,lincolncity
adam reach,157747,lincolncity
conor mcgrandles,177166,lincolncity
recco hackett-fairchild,245522,lincolncity
tom bayliss,260816,lincolncity
dom jefferies,294382,lincolncity
ivan varfolomeev,376823,lincolncity
jack moylan,378638,lincolncity
james collins,5527,lincolncity
ben house,263120,lincolncity
freddie draper,312600,lincolncity
robert street,312940,lincolncity
oscar thorn,359710,lincolncity
daniel vanderpuye,409029,lincolncity
lewis thomas,172751,
bradley collins,243625,bristolcity
sam tickle,306811,bristolcity
robert atkinson,41966,bristolcity
robert dickie,229789,bristolcity
cameron pring,267325,bristolcity
george tanner,291438,bristolcity
noah eile,303608,bristolcity
luke mcnally,313212,bristolcity
sebastian naylor,365338,bristolcity
jamie knight-lebel,367146,bristolcity
josh campbell-slowey,394450,bristolcity
lisav eissat,406479,bristolcity
marley thelwell,419791,bristolcity
jason knight,41011,bristolcity
joe williams,112718,bristolcity
jed wallace,169337,bristolcity
scott twine,236014,bristolcity
max bird,251853,bristolcity
adam randell,283189,bristolcity
tomi horvat,289798,bristolcity
gibson yah,312141,bristolcity
adam murphy,342879,bristolcity
elijah morrison,354400,bristolcity
daniel ezendu,418093,bristolcity
louie derrick,420234,bristolcity
emil riis jakobsen,243406,bristolcity
trialist 1,252390,bristolcity
lorent tolaj,277172,bristolcity
sam greenwood,296614,bristolcity
sam bell,311108,bristolcity
ranel young,354739,bristolcity
olly thomas,358305,bristolcity
ephraim yeboah,367505,bristolcity
yu hirakawa,378851,bristolcity
richard o'donnell,85679,derbycounty
josh vickers,213852,derbycounty
jacob widell zetterstrom,286810,derbycounty
ragnheidur jonsdottir,410593,derbycounty
harley price,417882,derbycounty
charlie taylor,138821,
ryan nyambe,218482,derbycounty
craig forsyth,219593,derbycounty
matthew clarke,223451,derbycounty
dion sanderson,243581,derbycounty
derry john murkin,277870,derbycounty
max johnston,291513,derbycounty
sondre langas,366455,derbycounty
isaac gordon,407545,derbycounty
rio canoville,407553,derbycounty
charlie smith,169964,derbycounty
lewis travis,182136,derbycounty
kenzo goudmijn,271858,derbycounty
filip bilbija,291738,derbycounty
joe ward,308509,derbycounty
liam thompson,312539,derbycounty
oscar fraulo,320881,derbycounty
bobby clark,330607,derbycounty
cruz allen,374134,derbycounty
owen eames,401293,derbycounty
patrick agyemang,5289,derbycounty
carlton morris,194823,derbycounty
lars jorgen salvesen,209626,derbycounty
corey taylor,225430,derbycounty
rhian brewster,255765,derbycounty
dajaune brown,358408,derbycounty
vladan kovacevic,257938,norwichcity
daniel grimshaw,259837,norwichcity
vicente reyes,297139,norwichcity
jack stacey,206219,norwichcity
harry darling,246922,norwichcity
jose cordoba,286667,norwichcity
jakov medic,291947,norwichcity
benjamin chrisene,292004,norwichcity
ruairi mcconville,328008,norwichcity
kellen fisher,346906,norwichcity
lucien mahovo,361007,norwichcity
bruno alves,383090,norwichcity
theodore adelusi,410776,norwichcity
kenny mclean,141870,norwichcity
sam field,236119,norwichcity
paris maghoma,267458,norwichcity
pelle mattsson,290037,norwichcity
liam gibbs,298939,norwichcity
anis slimane,302944,norwichcity
mirko topic,306605,norwichcity
matej jurasek,310026,norwichcity
forson amankwah,324191,norwichcity
ali ahmed,340228,norwichcity
gabriel forsyth,347926,norwichcity
andre brooks,350353,norwichcity
jacob wright,365340,norwichcity
elliot myles,372018,norwichcity
zachary baumann,381056,norwichcity
mohamed toure,417803,sochaux
mathias kvistgaarden,304073,norwichcity
jovon makama,324586,norwichcity
oscar schwartau,345568,norwichcity
pape diallo,362253,norwichcity
ante crnac,369980,norwichcity
errol mundle-smith,402938,norwichcity
george evans,159449,millwall
max crocombe,168747,millwall
joel coleman,192472,millwall
lukas jensen,272911,millwall
jake cooper,190963,millwall
elkan baggott,308555,millwall
caleb taylor,308572,millwall
zak sturge,328014,millwall
kamarl grant,350356,millwall
tristan crama,353201,millwall
ryan leonard,146223,millwall
mark sykes,205701,millwall
casper de norre,225522,millwall
daniel kelly,227438,millwall
alfie doughty,277559,millwall
luke cundle,281730,millwall
mathis servais,314178,millwall
derek mazou-sacko,324659,millwall
jenson metcalfe,328018,millwall
benicio baker-boaitey,346703,millwall
rafiq lamptey,407324,millwall
femi azeez,308402,millwall
camiel neghli,310173,millwall
tairyk arconte,315189,millwall
josh coburn,316109,millwall
zak lovelace,333022,millwall
mihailo ivanovic,359214,millwall
kyrell lisbie,374682,millwall
ajay matthews,384065,millwall
raees bangura-williams,398124,millwall
sheldon kendall,398768,millwall
jaiden celestine-charles,407325,millwall
ben killip,243379,portsmouth
josef bursik,255621,portsmouth
nicolas schmid,258885,portsmouth
daniel bielica,275751,portsmouth
josh knight,137433,portsmouth
conor shaughnessy,191358,portsmouth
connor ogilvie,202333,portsmouth
regan poole,212275,portsmouth
zak swanson,293335,portsmouth
jacob farrell,329951,portsmouth
hayden matthews,354939,portsmouth
ibane bowat,357769,portsmouth
madiodio dia,369506,portsmouth
michael ani,398002,portsmouth
ashton sizer,414522,portsmouth
john swift,4775,portsmouth
marlon pack,126574,portsmouth
josh murphy,172838,portsmouth
ebrima adams,199193,portsmouth
keshi anderson,216186,portsmouth
odin bailey,272343,portsmouth
luke le roux,272404,portsmouth
mark kosznovszky,297191,portsmouth
rocco robert shein,307595,portsmouth
adrian segecic,320459,portsmouth
terry devlin,338292,portsmouth
eoin kenny,363973,portsmouth
fraser thomas,409048,portsmouth
chinedu agu,418015,portsmouth
marko milovanovic,97026,portsmouth
colby bishop,198187,portsmouth
harvey blair,330255,portsmouth
thomas waddingham,357086,portsmouth
franco umeh-chibueze,365355,portsmouth
luke brooke-smith,390608,portsmouth
olutayo singerr,398645,portsmouth
nathaniel chioma,409049,portsmouth
thomas kaminski,134909,charltonathletic
william mannion,236120,charltonathletic
tiernan brooks,308417,charltonathletic
lloyd jones,186298,charltonathletic
amari'i bell,192034,charltonathletic
reece burke,197924,charltonathletic
dan mcnamara,260748,charltonathletic
joshua edwards,262796,charltonathletic
kayne ramsay,274062,charltonathletic
ivan mesik,289548,charltonathletic
billy koumetio,296469,charltonathletic
collins sichenje,308447,charltonathletic
nathan asilmwe,362488,charltonathletic
greg docherty,184165,charltonathletic
joe rankin-costello,243354,charltonathletic
conor coventry,243543,charltonathletic
sonny carey,243713,charltonathletic
harvey knibbs,259283,charltonathletic
robert apter,310354,charltonathletic
joshua laqeretabua,362628,charltonathletic
kai enslin,396088,charltonathletic
ibrahim fullah,403300,charltonathletic
keenan gough,408857,charltonathletic
lyndon dykes,207538,charltonathletic
karlan grant,212520,charltonathletic
matthew godden,237985,charltonathletic
charlie kelman,283196,charltonathletic
isaac olaofe,303110,charltonathletic
millenic alli,324205,charltonathletic
daniel kanu,335872,charltonathletic
tyreece campbell,336361,charltonathletic
miles leaburn,346449,charltonathletic
micah mbick,376886,charltonathletic
pierce charles,352759,queensparkrangers
calum ward,352880,queensparkrangers
matteo salamon,379041,queensparkrangers
jake clark-salter,219781,queensparkrangers
liam morrison,250584,queensparkrangers
boy kemper,258967,queensparkrangers
jimmy dunne,259089,queensparkrangers
tariq lamptey,276039,queensparkrangers
ronnie edwards,300966,queensparkrangers
ziyad larkeche,307164,queensparkrangers
amadou salif mbengue,325989,queensparkrangers
hevertton santos,345768,queensparkrangers
kealey adamson,354937,queensparkrangers
joao henrique,361430,queensparkrangers
tylon smith,381619,queensparkrangers
timothy akindileni,388102,queensparkrangers
ilias chair,261089,queensparkrangers
nicolas madsen,272629,queensparkrangers
kwame poku,292221,queensparkrangers
harvey vale,306532,queensparkrangers
jonathan varane,318388,queensparkrangers
isak alemayehu,350206,queensparkrangers
jaylan pearman,355961,queensparkrangers
kieran morgan,392106,queensparkrangers
emmerson sutton,402857,queensparkrangers
paul smyth,231890,queensparkrangers
koki saito,265960,queensparkrangers
rumarn burrell,281722,queensparkrangers
alfie lloyd,310698,queensparkrangers
justin obikwu,367299,queensparkrangers
rayan kolli,367706,queensparkrangers
richard kone,378784,queensparkrangers
ashley trujillo,404166,queensparkrangers
kalen brunson,409047,queensparkrangers
leon scarlett,421480,queensparkrangers
seny dieng,205253,middlesbrough
jon mclaughlin,223544,middlesbrough
solomon brynn,243685,middlesbrough
luke ayling,136380,middlesbrough
sam edmundson,223919,middlesbrough
callum brittain,232311,middlesbrough
alfie jones,240589,middlesbrough
neto borges,272281,middlesbrough
alex bangura,284035,middlesbrough
adilson malanda,312130,middlesbrough
finley munroe,365342,middlesbrough
harley hunt,368548,middlesbrough
george mccormick,388528,middlesbrough
abdoulaye kante,232681,middlesbrough
riley mcgree,235096,middlesbrough
aidan morris,293826,middlesbrough
sebastian berhalter,295771,middlesbrough
myles peart-harris,306541,middlesbrough
jeremy sarmiento,328013,middlesbrough
leo castledine,347314,middlesbrough
finley cartwright,367444,middlesbrough
law mccabe,373375,middlesbrough
cruz ibeh,415129,middlesbrough
delano burgzorg,268606,middlesbrough
david strelec,289637,middlesbrough
morgan whittaker,292002,middlesbrough
sontje hansen,297299,middlesbrough
mamadou kaly sene,306297,middlesbrough
kyle joseph,306812,middlesbrough
micah hamilton,310597,middlesbrough
tommy conway,314791,middlesbrough
will lankshear,349181,middlesbrough
josh seary,324411,prestonnorthend
ryan one,345197,sheffieldunited
christian nwachukwu,385377,sheffieldunited
adam davies,45548,sheffieldunited
ivo grbic,194778,sheffieldunited
michael cooper,262792,sheffieldunited
tommy betts,414193,sheffieldunited
sam curtis,209485,sheffieldunited
japhet tanganga,256912,sheffieldunited
harrison burrows,263132,sheffieldunited
rhys norrington-davies,269276,sheffieldunited
jamie shackleton,277372,sheffieldunited
sam mccallum,280550,sheffieldunited
femi seriki,283798,sheffieldunited
mark mcguinness,290105,sheffieldunited
nils zatterstrom,380679,sheffieldunited
dovydas sasnauskas,380899,sheffieldunited
harry mcglinchey,398774,sheffieldunited
mihail polendakov,407781,sheffieldunited
jairo riedewald,195599,sheffieldunited
joe rothwell,215790,sheffieldunited
gustavo hamer,236912,sheffieldunited
callum o'hare,254023,sheffieldunited
tahith chong,276218,sheffieldunited
jamal baptiste,298957,sheffieldunited
oliver arblaster,337083,sheffieldunited
sydie peck,354729,sheffieldunited
billy blacker,380658,sheffieldunited
ehije ukaki,385365,sheffieldunited
patrick bamford,167114,sheffieldunited
tyrese campbell,227777,sheffieldunited
thomas cannon,328023,sheffieldunited
george long,154693,southampton
gavin bazunu,275735,southampton
daniel peretz,305926,southampton
dylan moody,408891,southampton
jack stephens,152475,southampton
james bree,204286,southampton
mads roerslev,249172,southampton
ryan manning,251399,southampton
yukinari sugawara,265965,southampton
nathan wood,277005,southampton
taylor harwood-bellis,281121,southampton
welington,300103,southampton
juan larios,325545,southampton
joshua quarshie,354014,southampton
tommy dobson-ventura,355357,southampton
joachim sanda,365718,southampton
finn azaz,251631,southampton
flynn downes,255916,southampton
samuel edozie,307119,southampton
tom fellows,308560,southampton
shea charles,324164,southampton
cameron bragg,328052,southampton
kuryu matsuki,333631,southampton
leo scienza,343995,southampton
caspar jander,386434,southampton
joseph o'brien-whitmarsh,390476,southampton
moses sesay,408883,southampton
barnaby williams,414523,southampton
cyle larin,205024,southampton
ben brereton diaz,251701,southampton
cameron archer,293347,southampton
lewis dobbin,296615,southampton
jay robinson,355359,southampton
damion downs,359707,southampton
rento takaoka,371598,southampton
nicholas oyekunle,413601,southampton
sufianu sillah dibaga,418978,southampton
paul farman,128965,swanseacity
lawrence vigouroux,195816,swanseacity
andrew fisher,243355,swanseacity
joel ward,136571,swanseacity
stephen welsh,168050,swanseacity
cameron burgess,207350,swanseacity
josh tymon,233348,swanseacity
joshua key,263129,swanseacity
ben cabango,275596,swanseacity
filip lissah,367446,swanseacity
daniel watts,388661,swanseacity
jay fulton,150603,swanseacity
oliver cooper,279144,swanseacity
marko stamenic,297798,swanseacity
goncalo franco,306826,swanseacity
leo walta,323176,swanseacity
ben lloyd,324616,swanseacity
melker widell,330240,swanseacity
cameron congreve,336762,swanseacity
moussa yeo,350646,swanseacity
thomas woodward,421991,swanseacity
liam cullen,250786,swanseacity
elijah just,266555,swanseacity
adam idah,288958,swanseacity
eom ji-sung,297791,swanseacity
zeidane inoussa,307402,swanseacity
florian bianchini,307854,swanseacity
ronald,319788,swanseacity
zan vipotnik,322158,swanseacity
bobby wales,346988,swanseacity
joseph opoku,406203,swanseacity
frank fielding,87309,stokecity
viktor johansson,258902,stokecity
joshua griffiths,281728,stokecity
luke graham,40299,stokecity
aaron cresswell,121473,stokecity
ben gibson,147131,stokecity
ben wilmot,246945,stokecity
eric bocat,301853,stokecity
junior tchamadeu,311116,stokecity
bosun lawal,323201,stokecity
maksym talovierov,326672,stokecity
jaden mears,408759,stokecity
josh bickerton,416530,stokecity
will smith,40424,stokecity
ethan galbraith,163274,stokecity
ben pearson,194822,stokecity
svante ingelsson,224342,stokecity
tatsuki seko,303044,stokecity
tomas rigo,310030,stokecity
george morrison,354036,stokecity
bae jun-ho,362208,stokecity
djibril soumare,366358,stokecity
ruben curley,376266,stokecity
gabriel kelly,412866,stokecity
raphael-pijus otegbayo,418877,stokecity
jerome osei kyremeh,419234,stokecity
lamine cisse,30173,stokecity
sam gallagher,196098,stokecity
sorba thomas,250478,stokecity
robert bozenik,277100,stokecity
million manhoef,305628,stokecity
milan smit,338861,stokecity
favour fawunmi,360829,stokecity
ato ampah,369484,stokecity
chinonso chibueze,379585,stokecity
daniel bachmann,197731,watford
egil selvik,286433,watford
alfie marriott,354010,watford
jeremy ngakia,243552,watford
marc bola,249112,watford
matthew pollock,281721,watford
jeremy petris,291712,watford
omar-haktab traore,291914,watford
kevin keben,313891,watford
albert eames,381629,watford
joshua mullins,409024,watford
edo kayembe,268986,watford
imran louza,283699,watford
hector kyprianou,289365,watford
edoardo bove,308737,watford
amar sanghrajka,403087,watford
mamadou doumbia,137393,watford
kwadwo baah,296530,watford
rocco vata,324213,watford
nestory irankunda,328535,watford
iker bravo,330242,watford
jack grieves,340666,watford
luca kjerrumgaard,345364,watford
michael adu-poku,356941,watford
othmane maamma,376535,watford
amin nabizada,380187,watford
matt ingram,152633,westbromwichalbion
max o'leary,195607,westbromwichalbion
joseph wallis,377844,westbromwichalbion
alex williams,4599,westbromwichalbion
conor townsend,168309,westbromwichalbion
krystian bielik,212257,westbromwichalbion
george campbell,231066,westbromwichalbion
chris mepham,251509,westbromwichalbion
nathaniel phillips,275109,westbromwichalbion
alfie gilchrist,325536,westbromwichalbion
nolan galves,330963,westbromwichalbion
noah dupont,376509,westbromwichalbion
idrissa amihere,388835,westbromwichalbion
alex mowatt,191596,westbromwichalbion
ousmane diakite,228558,westbromwichalbion
callum styles,236141,westbromwichalbion
jayson molumby,243465,westbromwichalbion
isaac price,317857,westbromwichalbion
harry whitwell,375954,westbromwichalbion
cole deeming,388834,westbromwichalbion
souleyman mandey,420926,westbromwichalbion
michael johnston,82568,westbromwichalbion
josh maja,243514,westbromwichalbion
aune heggebo,272749,westbromwichalbion
jimmy morgan,347415,westbromwichalbion
tammer bany,380144,westbromwichalbion
barney stewart,398165,westbromwichalbion
oliver bostock,398182,westbromwichalbion
daniel bentley,143007,wolverhamptonwanderers
sam johnstone,162338,wolverhamptonwanderers
jose sa,181278,wolverhamptonwanderers
alfie brooks,367668,wolverhamptonwanderers
josh gracey,396100,wolverhamptonwanderers
ladislav krejci,151714,wolverhamptonwanderers
hugo bueno,189777,
santiago bueno,241225,wolverhamptonwanderers
ki-jana hoever,284591,wolverhamptonwanderers
yerson mosquera,301462,wolverhamptonwanderers
rodrigo gomes,308456,
jackson tchatchoua,312186,wolverhamptonwanderers
david møller wolfe,313361,wolverhamptonwanderers
nasser djiga,319987,wolverhamptonwanderers
toti gomes,320848,wolverhamptonwanderers
pedro lima,307930,sportingcp
saheed olagunju,379587,wolverhamptonwanderers
boubacar traore,228563,wolverhamptonwanderers
jean-ricner bellegarde,240369,wolverhamptonwanderers
marshall munetsi,266096,wolverhamptonwanderers
tommy doyle,284641,wolverhamptonwanderers
andre,409662,corinthians
ethan sutherland,345845,wolverhamptonwanderers
luke rawlings,381539,wolverhamptonwanderers
fernando lopez,395625,wolverhamptonwanderers
jerome abbey,410685,wolverhamptonwanderers
raul jimenez,167060,wolverhamptonwanderers
adam armstrong,194116,wolverhamptonwanderers
hwang hee-chan,237224,wolverhamptonwanderers
sasa kalajdzic,259131,wolverhamptonwanderers
tawanda chirewa,298938,wolverhamptonwanderers
rafiki said,305692,wolverhamptonwanderers
enso gonzalez,349723,wolverhamptonwanderers
tom edozie,355915,wolverhamptonwanderers
mateus mane,380196,wolverhamptonwanderers
alphonse areola,148987,westhamunited
mads hermansen,281564,westhamunited
finlay herrick,361263,westhamunited
max kilman,229967,westhamunited
kyle walker-peters,235129,westhamunited
konstantinos mavropanos,242705,westhamunited
aaron wan-bissaka,250945,westhamunited
jean-clair todibo,277327,westhamunited
kaelan casey,328232,westhamunited
oliver scarles,350502,westhamunited
el hadji malick diouf,359796,westhamunited
ezra mayers,380182,westhamunited
airidas golambeckis,386204,westhamunited
james ward-prowse,163111,westhamunited
tomas soucek,230666,westhamunited
edson alvarez,241627,westhamunited
freddie potts,310325,westhamunited
soungoutou magassa,333240,westhamunited
keiber lamadrid,336864,westhamunited
george earthy,348777,westhamunited
lewis orford,351382,westhamunited
mohamadou kante,368333,westhamunited
niclas fullkrug,170257,westhamunited
maxwel cornet,187411,westhamunited
jarrod bowen,201089,westhamunited
valentin castellanos,252933,westhamunited
pablo,379269,vascodagama
callum marshall,346915,westhamunited
joshua ajala,379137,westhamunited
danny ward,17861,wrexham
callum burton,203860,wrexham
arthur okonkwo,280554,wrexham
conor coady,156365,wrexham
aaron james,194458,
dan scarr,229801,wrexham
dominic hyam,231572,wrexham
zak vyner,232415,wrexham
liberato cacace,266554,wrexham
lewis brunt,294311,wrexham
max cleworth,295012,wrexham
callum doyle,310598,wrexham
danny imray,326250,wrexham
dafydd vaughan edwards,3102543,wrexham
tommy stuart neil clayton,3102544,wrexham
elliott lee,26614,wrexham
matty james,135430,wrexham
josh windass,182338,wrexham
ben sheaf,229106,wrexham
george dobson,234449,wrexham
oliver rathbone,238486,wrexham
davis kellior-dunn,240688,wrexham
ryan barnett,251076,wrexham
ryan longman,266411,wrexham
lewis o'brien,269288,wrexham
george thomason,301285,wrexham
sebastian revan,307141,wrexham
harry ashfield,374147,wrexham
alexander james moore,408565,
joe gavin rees,3102541,wrexham
oliver jack wilson mctweed,3102542,wrexham
kieffer moore,189605,wrexham
ryan hardie,190576,wrexham
nathan broadhead,243334,wrexham
sam smith,243757,wrexham
bailey cadamarteri,352804,wrexham
james rainbird,388197,wrexham
rio lloyd owen,3098955,wrexham
bailey peacock-farrell,231265,blackpool
franco ravizzoli,292101,blackpool
michael ihiekwe,163162,blackpool
fraser horsfall,221990,blackpool
hayden coulson,223455,blackpool
jordan williams,251412,blackpool
andy lyons,279122,blackpool
oliver casey,300039,blackpool
zachary ashworth,308562,blackpool
oluchukwu nwankwo,395886,blackpool
ky-mani leliendal,395889,blackpool
george elder,412454,blackpool
george honeyman,172572,blackpool
josh bowler,255915,blackpool
ilmari niskanen,275713,blackpool
albie morgan,277029,blackpool
leighton clarkson,291642,blackpool
jordan brown,304057,blackpool
karoy anderson,349182,blackpool
spencer knight,390981,blackpool
theo upton,390982,blackpool
jack richardson,395884,blackpool
dion charles,192029,blackpool
christopher hamilton,225831,blackpool
niall ennis,227787,blackpool
tom bloxham,308012,blackpool
kylian kouassi,324597,blackpool
dale taylor,330627,blackpool
james butterworth,414598,blackpool
shay mannix,414600,blackpool
jake beesley,203649,bradfordcity
harry ibbitson,387483,bradfordcity
sam walker,157242,bradfordcity
jon mccracken,239250,bradfordcity
zac hadi,379898,bradfordcity
joe wright,190342,
matthew pennington,192197,bradfordcity
ibou touray,192360,bradfordcity
aden baldwin,212277,bradfordcity
macaulay gillesphey,227435,bradfordcity
antoni sarcevic,148519,bradfordcity
nick powell,150469,bradfordcity
adam phillips,206250,bradfordcity
callum connolly,234695,bradfordcity
george lapslie,249814,bradfordcity
kayden jackson,191598,bradfordcity
stephen humphrys,251071,bradfordcity
josh neufville,266424,bradfordcity
tyreik wright,290346,bradfordcity
will swan,310821,bradfordcity
bobby pointon,366331,bradfordcity
clayton taylor,336928,barnsley
fabio jalo,347335,barnsley
kieran flavell,340546,barnsley
rogan ravenhill,381545,barnsley
corey o'keefe,250881,barnsley
joshua earl,258452,barnsley
kacper lopata,324819,barnsley
isaac smith,328491,barnsley
mael durand de gevigney,332168,barnsley
georgie gent,355362,barnsley
jack shepherd,367134,barnsley
robson woodcock,408325,barnsley
patrick kelly,20016,barnsley
cameron mcgeehan,199824,barnsley
kelechi nwakali,228309,barnsley
luca connell,284355,barnsley
jonathan bland,367457,barnsley
vimal yoganathan,367458,barnsley
reyes cleary,332529,barnsley
charlie lennon,382781,barnsley
leo farrell,388494,barnsley
kieran graham,403186,barnsley
corey addai,234323,burtonalbion
kamil dudek,388198,burtonalbion
spencer tootel,414602,burtonalbion
curtis tilt,241131,burtonalbion
toby sibbick,251918,burtonalbion
kyran lofthouse,286355,burtonalbion
jack armer,290868,burtonalbion
jason sraha,324829,burtonalbion
finn delap,349546,burtonalbion
cameron gilbert,388358,
william earley,414599,burtonalbion
charlie webster,177335,burtonalbion
kgagelo chauke,294286,burtonalbion
ciaran gilligan,305899,burtonalbion
tomas kalinauskas,326487,burtonalbion
daniel matthews,367509,burtonalbion
bodi thistleton,409544,burtonalbion
matty lay,412065,burtonalbion
samuel oyemade,414604,burtonalbion
kairo piper,414605,burtonalbion
jack willow,3111262,burtonalbion
caden gilbert,3111265,burtonalbion
tyrese shade,255481,burtonalbion
matthew dennis,307075,burtonalbion
kain adom,379514,burtonalbion
sulyman krubally,409548,burtonalbion
millar matthews-lewis,412491,burtonalbion
zac scutt,414601,burtonalbion
robbie meakin,414603,burtonalbion
gbemi kingslyn arubi,3098400,burtonalbion
william hetheridge,3111263,burtonalbion
miles henry,3111267,burtonalbion
joshua clarke,338401,doncasterrovers
jake oram,354017,doncasterrovers
tommy simkin,366485,doncasterrovers
jacob bryant,408228,doncasterrovers
james husband,153078,doncasterrovers
neill byrne,164088,doncasterrovers
matty pearson,169615,doncasterrovers
jamie sterry,218567,doncasterrovers
jack senior,221992,doncasterrovers
jay mcgrath,306801,doncasterrovers
sean grehan,321899,doncasterrovers
thomas nixon,324836,doncasterrovers
kasper williams,390972,doncasterrovers
lincoln pawlak,3100713,doncasterrovers
jordan thomas,167865,doncasterrovers
harry clifton,223633,doncasterrovers
glenn middleton,243378,doncasterrovers
owen bailey,263123,doncasterrovers
isaac hutchinson,263140,doncasterrovers
robbie gotts,284070,doncasterrovers
george broadbent,306716,doncasterrovers
darren robinson,333838,doncasterrovers
will flint,354039,doncasterrovers
sam straughan brown,368049,doncasterrovers
ashton swales,422102,doncasterrovers
hakeeb adelakun,181385,doncasterrovers
brandon hanlan,241085,doncasterrovers
alfie may,251432,doncasterrovers
francis okoronkwo,346911,doncasterrovers
leon ayinde,367504,doncasterrovers
ethan hodgett,409938,doncasterrovers
shamal george,239343,bromley
grant smith,241086,bromley
dillon addai,397582,bromley
richard taylor,29239,
omar sowunmi,213128,bromley
jacob mendy,308420,bromley
nathan paul-lavely,369477,bromley
deon woodman,380195,bromley
chanse headman,388466,bromley
freddie taylor,409031,bromley
freddie cowin,3110074,bromley
jonathan haftom,3110075,bromley
ben thompson,39188,bromley
mitchell pinnock,229917,bromley
ashley charles,285952,bromley
markus ifill,292408,bromley
william hondermarck,294326,bromley
kamil conteh,333000,bromley
jj mckiernan,346821,bromley
alex iwumene,353305,bromley
ethon archer,386930,bromley
hayden bullas,391759,bromley
victor adeboyejo,213187,bromley
michael cheek,223853,bromley
corey whitely,241159,bromley
nicke kabamba,251855,bromley
saul kader,366838,bromley
nathan baxter,240587,leytonorient
killian cahill,346710,leytonorient
sean clare,234701,leytonorient
william forrester,243503,leytonorient
rarmani edmonds-green,276660,leytonorient
joseph olowu,280559,leytonorient
james morris,298684,leytonorient
fin stevens,306889,leytonorient
somtochukwu boniface,369482,leytonorient
phillip chinedu,383914,leytonorient
dan carter,107920,leytonorient
isaac hayden,192031,leytonorient
demetri mitchell,194113,leytonorient
tyreeq bakinson,236124,leytonorient
theo archibald,241395,leytonorient
diallang jaiyesimi,243381,leytonorient
idris el mizouni,286877,leytonorient
dylan levitt,288838,leytonorient
oliver o'neill,307166,leytonorient
charlie wellens,308226,
michael craig,319973,leytonorient
zech obiero,324667,leytonorient
zack hambury,398782,leytonorient
alfie wellens,398783,leytonorient
zak o’keefe,414070,leytonorient
aaron connolly,127104,leytonorient
armando dobra,290873,leytonorient
tony springett,307175,leytonorient
dominic ballard,328040,leytonorient
yusuf akhamrich,350633,leytonorient
lemar gordon,365352,leytonorient
jakob lowe,421481,leytonorient
jake eastwood,260876,cambridgeunited
ben hughes,301424,cambridgeunited
j j briggs,376378,cambridgeunited
patrick bauer,163928,cambridgeunited
liam bennett,249727,cambridgeunited
kelland watts,276038,cambridgeunited
mamadou jobe,324436,cambridgeunited
zak bradshaw,346904,cambridgeunited
callum perry,367507,cambridgeunited
pelly ruddock mpanzu,169338,cambridgeunited
dominic ball,202331,cambridgeunited
shane mcloughlin,233070,cambridgeunited
ben knight,281120,cambridgeunited
glenn mcconnell,330593,cambridgeunited
george hoddle,354641,cambridgeunited
lohan mcdougald,412067,cambridgeunited
sullay kaikai,210245,cambridgeunited
ryan loft,234863,cambridgeunited
louis appere,241578,cambridgeunited
shayne lavery,243641,cambridgeunited
gassan ahadme,295808,cambridgeunited
isaac heath,351122,cambridgeunited
callum stead,365006,cambridgeunited
joe mcdonnell,144376,afcwimbledon
nathan bishop,254194,afcwimbledon
dan sweeney,22125,afcwimbledon
ryan johnson,75642,afcwimbledon
steven sessegnon,261086,afcwimbledon
steve seddon,270304,afcwimbledon
joe lewis,279145,afcwimbledon
isaac ogundere,324680,afcwimbledon
riley moran,393669,afcwimbledon
sam goma,409926,afcwimbledon
jake reeves,157669,afcwimbledon
myles hippolyte,197233,afcwimbledon
marcus browne,233847,afcwimbledon
callum maycock,241311,afcwimbledon
alistair smith,282750,afcwimbledon
zack nelson,347289,afcwimbledon
delano mccoy-splatt,360322,afcwimbledon
kai jennings,369507,afcwimbledon
harry hedges,393668,afcwimbledon
mathew stevens,211297,afcwimbledon
james tilley,218824,afcwimbledon
antwoine hackford,306714,afcwimbledon
aron sasu,330236,afcwimbledon
robert junior nkeng,376394,afcwimbledon
edward leach,379023,afcwimbledon
asmir begovic,92885,leicestercity
alex mccarthy,107542,leicestercity
fran vieites,271914,leicestercity
jakub stolarczyk,296398,leicestercity
harry french,369194,leicestercity
harry souttar,207461,leicestercity
luke thomas,227706,leicestercity
caleb okoli,284081,leicestercity
woyo coulibaly,290581,leicestercity
ben nelson,307110,leicestercity
christian mcfarlane,328239,leicestercity
thomas wilson-brown,345222,leicestercity
mirsad ali,359219,leicestercity
olabade aluko,371701,leicestercity
tommy neale,374138,leicestercity
kevon gray,391455,leicestercity
ryan donnelly,126291,leicestercity
hamza choudhury,234320,leicestercity
oliver skipp,261448,leicestercity
will alves,273839,leicestercity
sammy braybrooke,333417,leicestercity
michael golding,351338,leicestercity
jayden joseph,356073,leicestercity
louis page,391457,leicestercity
bobby de cordova-reid,142055,leicestercity
conor chaplin,211756,leicestercity
stephy mavididi,225549,leicestercity
jake evans,235538,leicestercity
nathaniel opoku,358490,leicestercity
kirsten otchere,379124,leicestercity
lorenz william lucas hutchinson,3102198,leicestercity
riley carr,3102199,leicestercity
max dickov,409312,mansfieldtown
liam roberts,223596,
harry lewis,223980,mansfieldtown
owen mason,332320,mansfieldtown
anthony nunez,385241,mansfieldtown
mila shaw,414416,mansfieldtown
jordan bow,124266,mansfieldtown
elliott hewitt,157988,mansfieldtown
stephen mclaughlin,158919,mansfieldtown
deji oshilaja,164778,mansfieldtown
baily cargill,190939,mansfieldtown
george cooper,207494,mansfieldtown
ryan sweeney,214017,mansfieldtown
kyle knoyle,221050,mansfieldtown
frazer blake-tracy,290875,mansfieldtown
taylor anderson,356294,mansfieldtown
darien wauchope,359372,mansfieldtown
ronnie kokkinos,395464,mansfieldtown
regan hendry,199732,mansfieldtown
louis reed,200960,mansfieldtown
george maris,205982,mansfieldtown
luke bolton,256911,mansfieldtown
nathan moriah-welsh,316545,mansfieldtown
jakub kruszynski,369500,mansfieldtown
finn flanagan,373376,mansfieldtown
ollie taylor,376395,mansfieldtown
jayden chambers,395465,mansfieldtown
elliot hartmann,409036,mansfieldtown
lucas akins,98512,mansfieldtown
will evans,150835,mansfieldtown
rhys oates,182065,mansfieldtown
tyler roberts,219391,mansfieldtown
jack goodman,330590,mansfieldtown
james belshaw,131819,nottscounty
kelle roos,196577,nottscounty
harry griffiths,349548,nottscounty
rod mcdonald,182150,nottscounty
james gibbons,241041,nottscounty
jacob bedeau,241450,nottscounty
matthew platt,243350,nottscounty
nicholas tsaroulla,264269,nottscounty
lewis macari,319095,nottscounty
lucas ness,330601,nottscounty
matthew baker,350352,nottscounty
luke browne,389327,nottscounty
conor grant,116200,nottscounty
jack evans,158188,nottscounty
matthew palmer,177167,nottscounty
daniel emmanuel,179506,nottscounty
maziar kouhyar,234128,nottscounty
max sanders,251626,nottscounty
scott robertson,271178,nottscounty
darius lipsiuc,342949,nottscounty
madou cisse,375118,nottscounty
ryley reynolds,388520,nottscounty
kameron muir,392673,nottscounty
nikos szczesny,414415,nottscounty
callum roberts,21074,nottscounty
jodi jones,215765,nottscounty
lee ndlovu,233982,nottscounty
emile acauah,287090,nottscounty
mai traore,324418,nottscounty
luka smyth,346474,nottscounty
beck-ray enoru,387253,nottscounty
harrison iwunze,409920,nottscounty
joseph taylor,207774,huddersfieldtown
ashley fletcher,232282,huddersfieldtown
matt young,42369,huddersfieldtown
jak alnwick,163197,huddersfieldtown
nik tzanev,219496,huddersfieldtown
litherland riding,410405,huddersfieldtown
murray wallace,150605,huddersfieldtown
jack whatmough,203336,huddersfieldtown
lynden gooch,217187,huddersfieldtown
lasse sorenson,250785,huddersfieldtown
bali mumba,272855,huddersfieldtown
radinio balker,278424,huddersfieldtown
sean roughan,306818,huddersfieldtown
joe low,325200,huddersfieldtown
max murray,328865,huddersfieldtown
george lorpenda,411698,huddersfieldtown
ian togo,411700,huddersfieldtown
ryan ledson,194119,huddersfieldtown
herbie kane,204350,huddersfieldtown
marcus mcguane,231169,huddersfieldtown
david kasumu,236018,huddersfieldtown
antony evans,243637,huddersfieldtown
ethan brierley,296620,huddersfieldtown
tom iorpenda,375565,huddersfieldtown
cameron ashia,390396,huddersfieldtown
daniel vost,390971,huddersfieldtown
marcus myers-harness,191026,huddersfieldtown
bojan radulovic,280813,huddersfieldtown
george sebine,395548,huddersfieldtown
craig macgillivray,180343,miltonkeynesdons
connal trueman,213184,miltonkeynesdons
sebastian stacey,349087,miltonkeynesdons
curtis nelson,147130,miltonkeynesdons
gethin jones,214546,miltonkeynesdons
charlie goode,223588,miltonkeynesdons
kane wilson,239344,miltonkeynesdons
cohen bramall,259479,miltonkeynesdons
marvin ekpiteta,270591,miltonkeynesdons
jack sanders,306823,miltonkeynesdons
callum tripp,330472,miltonkeynesdons
charlie waller,366752,miltonkeynesdons
jack burke,410972,miltonkeynesdons
dylan fry,412061,miltonkeynesdons
elisha boateng,417554,miltonkeynesdons
alex gilbey,175003,miltonkeynesdons
daniel crowley,194117,miltonkeynesdons
daniel barlaser,194129,miltonkeynesdons
ryan wintle,223831,miltonkeynesdons
will collar,243470,miltonkeynesdons
jay matete,296464,miltonkeynesdons
liam kelly,16264,rangers
keon lewis-burgess,377129,miltonkeynesdons
rian silver,377132,miltonkeynesdons
damerai singh-hurditt,388844,miltonkeynesdons
simone troso,396095,miltonkeynesdons
laike favier,412071,miltonkeynesdons
kian osborne,414594,miltonkeynesdons
nathaniel mendez-laing,140008,miltonkeynesdons
callum paterson,176834,miltonkeynesdons
aaron collins,212351,miltonkeynesdons
rushian hepburn-murphy,217485,miltonkeynesdons
sam nombe,241329,miltonkeynesdons
ben wiles,260289,miltonkeynesdons
chase medwynter,377130,miltonkeynesdons
jack perniskie,413937,miltonkeynesdons
brooklyn kazungu,3105317,miltonkeynesdons
james shea,141147,lutontown
charlie booth,294796,lutontown
joshua keeley,342864,lutontown
lucas thomas,408324,lutontown
kal naismith,152200,lutontown
joseph johnson,200911,lutontown
hakeem odofin,227709,lutontown
mads andersen,236457,lutontown
thomas holmes,243741,lutontown
george johnston,277138,lutontown
harrison ashby,294344,lutontown
teden mengi,296618,lutontown
reuell walters,327168,lutontown
christian chigozie,383168,lutontown
finley evans,414064,lutontown
liam walsh,16040,lutontown
jordan clark,157473,lutontown
george saville,175323,lutontown
kasey palmer,235695,lutontown
shandon baptiste,263113,lutontown
jayden luker,356971,lutontown
jake richards,367452,lutontown
sverre sandal,378942,lutontown
joshua phillips,398107,lutontown
harry fox,412068,lutontown
zacharias ioannides,415283,lutontown
nahki wells,155228,lutontown
devante cole,179476,lutontown
jerry yates,214801,lutontown
isaiah jones,294280,lutontown
shayden morris,296466,lutontown
lasse nordas,319226,lutontown
gideon kodua,352196,lutontown
dawid gawel,417729,lutontown
alex bass,207804,peterboroughunited
collin andeng-ndi,327991,peterboroughunited
bastian smith,355865,peterboroughunited
sam hughes,227008,peterboroughunited
rio adebisi,290857,peterboroughunited
carl johnston,296465,peterboroughunited
david okagbue,347286,peterboroughunited
george nevett,362389,peterboroughunited
james dornelly,369491,peterboroughunited
harley mills,369499,peterboroughunited
evan weir,378639,peterboroughunited
lucca mendonca,395774,peterboroughunited
thomas o'connor,231273,peterboroughunited
klaidi lolos,273269,peterboroughunited
matthew garbett,297803,peterboroughunited
owura edwards,306855,peterboroughunited
chris conn-clarke,309689,peterboroughunited
brandon khela,336358,peterboroughunited
ben woods,357243,peterboroughunited
donay o'brien-brady,369498,peterboroughunited
harrison jones,381475,peterboroughunited
patryk sykut,418092,peterboroughunited
declan frith,325538,peterboroughunited
harry leonard,345631,peterboroughunited
david kamara,393126,peterboroughunited
bolu shofowoke,403191,peterboroughunited
ruben roosken,290180,oxfordunited
nik prelec,307060,oxfordunited
simon eastwood,75836,oxfordunited
jamie cumming,246933,oxfordunited
sam long,18973,oxfordunited
greg leigh,179466,oxfordunited
jack currie,179557,oxfordunited
frankie kent,195606,oxfordunited
michal helik,257117,oxfordunited
ciaron brown,269461,oxfordunited
peter kioso,277039,oxfordunited
james golding,330222,oxfordunited
brodie spencer,341407,oxfordunited
will vaulks,171575,oxfordunited
cameron brannagan,196686,oxfordunited
siriki dembele,259032,oxfordunited
se-jin jeon,270477,oxfordunited
louie sibley,276899,oxfordunited
brian de keersmaecker,287353,oxfordunited
stanley mills,328022,oxfordunited
marselino ferdinan,334257,oxfordunited
jamie mcdonnell,366234,oxfordunited
leo snowden,376377,oxfordunited
mark harris,68601,oxfordunited
ole romeny,269541,oxfordunited
tyler goodrham,293339,oxfordunited
gatlin o'donkor,311183,oxfordunited
aidomo emakhu,320328,oxfordunited
mo missanga,418444,oxfordunited
joel pereira,228638,reading
john ryan,32570,reading
paudie o'conner,262514,reading
udoka godwin-malife,268928,reading
hayden roberts,277176,reading
jeriel dorsett,301486,reading
kelvin abrefa,330440,reading
benn ward,366996,reading
ashqar ahmed,376755,reading
abraham kanu,388557,reading
emmanuel osho,388680,reading
boyd beacroft,395866,reading
phillip duah,395868,reading
randell williams,240870,reading
andy rinomhota,243401,reading
liam fraser,252901,reading
lewis wing,262513,reading
charlie savage,325557,reading
joshua stokes,330313,reading
daniel kyerewaa,337893,reading
tyler sackey,388836,reading
carter bowdery,411687,reading
luke howard,422016,reading
jack marriott,186160,reading
jacob brown,215716,reading
paddy lane,324691,reading
sean patton,348341,reading
shay spencer,389681,reading
jeremiah okine-peters,395865,reading
joe barough,395867,reading
kyreece lisbie,401428,reading
james storer,330427,plymouthargyle
murphy cooper,335402,plymouthargyle
jack flower,409026,plymouthargyle
alex mitchell,129749,plymouthargyle
joe edwards,135863,plymouthargyle
julio pleguezuelo,241504,plymouthargyle
alex hartridge,257736,plymouthargyle
wes harding,260874,plymouthargyle
jack mackenzie,261459,plymouthargyle
matthew sorinola,267335,plymouthargyle
mathias ross,372859,plymouthargyle
joe mwaro,409032,plymouthargyle
sam hayman,414596,plymouthargyle
joe ralls,164777,plymouthargyle
ronan curtis,234917,plymouthargyle
michael baidoo,258492,plymouthargyle
harvey white,279789,plymouthargyle
brendan sarpong-wiredu,285956,plymouthargyle
caleb watts,290574,plymouthargyle
malachi boateng,324706,plymouthargyle
caleb roberts,329621,plymouthargyle
bradley ibrahim,334717,plymouthargyle
seb campbell,409033,plymouthargyle
xavier amaechi,290807,plymouthargyle
frederick issaka,326239,plymouthargyle
aribim pepple,346807,plymouthargyle
owen oseni,388624,plymouthargyle
tegan finn,393380,plymouthargyle
stuart moore,190964,wycombewanderers
matt macey,214199,wycombewanderers
conor hazard,239241,wycombewanderers
mikki van sas,324320,wycombewanderers
mohamed keita,41415,wycombewanderers
steve cook,43187,wycombewanderers
dan casey,127035,wycombewanderers
jack grimmer,146331,wycombewanderers
connor taylor,172014,wycombewanderers
daniel harvie,219160,wycombewanderers
anders hagelskjaer,289520,wycombewanderers
taylor allen,290859,wycombewanderers
sam parker,375120,wycombewanderers
jack matton,388228,wycombewanderers
josh scowen,157232,wycombewanderers
luke leahy,176449,wycombewanderers
aaron morley,241089,wycombewanderers
andre vidigal,260804,wycombewanderers
ewan henderson,261440,wycombewanderers
caolan boyd-munce,291527,wycombewanderers
junior quitirna,308239,wycombewanderers
jamie mullins,321902,wycombewanderers
mekhi savage,409741,wycombewanderers
chris lutonadio,409930,wycombewanderers
cauley woodrow,153570,wycombewanderers
fred onyedinma,190962,wycombewanderers
silko thomas,325539,wycombewanderers
emre tezgel,333591,wycombewanderers
bradley fink,340465,wycombewanderers
cameron stones,409044,wycombewanderers
micah olabiyi,409545,wycombewanderers
nsemi bassega,412070,wycombewanderers
kyle cross,412074,wycombewanderers
oliver whatmuff,374218,stockportcounty
andrew wogan,382372,stockportcounty
jack lewis,133045,stockportcounty
eoghan o'connell,197321,stockportcounty
tayo edun,225548,stockportcounty
joshua dacres-cogley,259150,stockportcounty
ryan rydel,280499,stockportcounty
arttu hoskonen,289723,stockportcounty
kyron gordon,306713,stockportcounty
brad hills,311184,stockportcounty
ethan pye,324206,stockportcounty
owen dodgson,325364,stockportcounty
joe hillary,374155,stockportcounty
nathaniel mapengu,388821,stockportcounty
john lawless williams,388845,stockportcounty
ben osborn,133588,stockportcounty
oliver norwood,143378,stockportcounty
callum camps,185783,stockportcounty
owen moxon,207537,stockportcounty
jade jay mingi,243564,stockportcounty
lewis fiorini,281118,stockportcounty
harry wood,293213,stockportcounty
lewis bate,304196,stockportcounty
ryan glover,324168,stockportcounty
saul gardner,388847,
jason adigun,391742,stockportcounty
kyle wootton,207796,stockportcounty
jack diamond,243507,stockportcounty
benony andresson,321911,stockportcounty
malik mothersille,332021,stockportcounty
adama sidibeh,380022,stockportcounty
che gardner,388548,stockportcounty
rhys watson,388827,stockportcounty
bruno cina,388829,stockportcounty
marcus kouam,402336,stockportcounty
joe astles,409942,stockportcounty
jack phillips,178425,sheffieldwednesday
joe lumley,190931,sheffieldwednesday
liam cooper,118381,sheffieldwednesday
liam palmer,143632,sheffieldwednesday
max lowe,194108,
ricardo santos,223573,sheffieldwednesday
yan valery,240588,sheffieldwednesday
di'shon bernard,291440,sheffieldwednesday
sil swinkels,310606,sheffieldwednesday
guilherme leal siqueira,378566,sheffieldwednesday
gabriel otegbayo,387770,sheffieldwednesday
cole mcghee,400733,sheffieldwednesday
joe emery,409130,sheffieldwednesday
ernie weaver,409131,sheffieldwednesday
james kay,102648,sheffieldwednesday
barry bannan,130079,sheffieldwednesday
callum slattery,227781,sheffieldwednesday
billy mitchell,287894,sheffieldwednesday
jordi liongola,308315,sheffieldwednesday
sean fusire,352803,sheffieldwednesday
jarvis thornton,408682,sheffieldwednesday
jamal lowe,178089,sheffieldwednesday
ike ugbo,225545,sheffieldwednesday
george brown,250648,sheffieldwednesday
louie barry,281729,sheffieldwednesday
charlie mcneill,325548,sheffieldwednesday
harry gray,374129,sheffieldwednesday
will grainger,409133,sheffieldwednesday
devlan moses,416514,sheffieldwednesday
filip marschall,294318,stevenage
max woodford,376769,stevenage
carl piergianni,146631,stevenage
dan butler,182066,stevenage
terence vancooten,229810,stevenage
luther wildin,235773,stevenage
lewis freestone,243373,stevenage
jasper pattenden,345112,stevenage
saxon earley,346504,stevenage
alfie thornett,388517,stevenage
elijah saji,412057,stevenage
divine okwara,413037,stevenage
louis thompson,168711,stevenage
jordan houghton,206152,stevenage
daniel kemp,243433,stevenage
terry taylor,290187,stevenage
chem campbell,298574,stevenage
daniel phillips,307307,stevenage
joe knight,374056,stevenage
riley england,389679,stevenage
dylan suleiman,409035,stevenage
jordan roberts,92155,stevenage
josh magennis,112423,stevenage
jamie reid,180459,stevenage
phoenix patterson,283194,stevenage
jovan malcolm,308561,stevenage
oliver sanderson,352892,stevenage
lenny brown,388516,stevenage
frank norris,409034,stevenage
joe walsh,43468,wiganathletic
morgan fox,178052,wiganathletic
jon mellish,242722,wiganathletic
jeremiah mullen,307133,wiganathletic
james carragher,324607,wiganathletic
connor barrett,352890,wiganathletic
k'marni miller,393646,wiganathletic
sam bolland,409933,wiganathletic
james knott,409934,wiganathletic
llyton chapman,416529,wiganathletic
matthew smith,126276,
callum mcmanaman,135249,wiganathletic
max power,150039,wiganathletic
jon smith,238481,wiganathletic
fraser murray,245266,wiganathletic
jensen weir,267880,wiganathletic
joe adams,270981,wiganathletic
ronan darcy,287983,wiganathletic
jack rogers,312534,wiganathletic
babajide adeeko,326190,wiganathletic
ryan trevitt,348305,wiganathletic
kai payne,366902,wiganathletic
hindolo mustapha,371700,wiganathletic
tobias brenan,408280,wiganathletic
leo graham,408281,wiganathletic
harrison rimmer,409931,wiganathletic
joe gilbertson,412073,wiganathletic
christian saydee,299915,wiganathletic
joseph hungbo,301245,wiganathletic
chris sze,326189,wiganathletic
sonny perkins,328231,wiganathletic
dara costelloe,340214,wiganathletic
akeel higgins,374931,wiganathletic
reece greenhalgh,409936,wiganathletic
adam moseley,417558,wiganathletic
diego marino,140342,albacete
carlos marin,240648,
javier moreno,101307,
jesus vallejo,209592,albacete
lluis lopez,236153,albacete
fran gamez,276637,albacete
carlos neva,283862,albacete
pepe sanchez,300877,albacete
lorenzo aguado,388337,albacete
daniel bernabeu,403331,albacete
agus medina,207352,albacete
jose corpas,264181,albacete
victor san bartolome,274015,albacete
antonio pacheco ruiz,297361,albacete
ortu,331513,albacete
capi,371567,albacete
javi villar,374612,albacete
antonio moreno,411953,
higinio marin,178547,albacete
antonio puertas,184803,albacete
samuel obeng,279526,albacete
mario soberon,279697,albacete
victor valverde da silva,356770,albacete
marcos moreno,368435,albacete
alex rubio,375419,albacete
fran gomez,419556,albacete
andres fernandez,87897,almeria
fernando martinez,317313,centralcordobasantiagodelestero
bruno aleman,364743,almeria
edgar gonzalez,128669,almeria
nelson monte,141666,almeria
jorge pulido,152557,almeria
rodrigo ely,155584,almeria
alex munoz,178896,almeria
chumi,268439,almeria
federico bonini,283833,almeria
daijiro chirino,297291,almeria
marcos luna marcos ruiz,347438,almeria
pedro fidel,400740,almeria
alejandro pozo,22315,almeria
andre horta,214565,almeria
iddrisu baba,278206,almeria
dion lopy,287477,almeria
nicolas melamed,290565,almeria
sergio arribas,399240,cadiz
guilherme borges guedes,324005,almeria
quim junyent,376425,almeria
stefan dzodic,389437,almeria
ibrahim kone,41549,almeria
leo baptistao,175010,almeria
adri embarba,193130,almeria
serge patrick njoh,260078,almeria
miguel de la fuente,277717,almeria
arvin appiah,279183,almeria
alex sola,286167,almeria
jon morcillo,306578,almeria
brian cipenga,352285,almeria
thalys,361458,almeria
ander cantero,189960,
oier luengo,245822,burgos
gregorio sierra,259821,burgos
sergio gonzalez,216523,racingcordoba
brais martinez,331721,burgos
alex lizancos,375963,burgos
hugo pascual,388527,burgos
pablo galdames,34390,burgos
curro,231344,burgos
kevin appin,276262,burgos
fermin garcia,279504,burgos
jose gragera,288761,burgos
saul del cerro,332595,burgos
david gonzalez,346404,burgos
marcelo exposito,388525,burgos
mario cantero,395588,burgos
victor mollejo,261183,burgos
mateo mejia,325552,burgos
javi llabres,331154,burgos
alberto dadie,333167,burgos
jon mikel magunagoitia,290751,eibar
luis lopez,304321,eibar
anaitz arbilla,150806,eibar
juan bernat,164194,eibar
jair amador silos,238894,eibar
alvaro rodriguez perez,251661,
aritz arambarri,292229,eibar
sergio cubero,300512,eibar
imanol garcia de albeniz,320987,eibar
sergio alvarez,87963,eibar
oscar carrasco,103563,eibar
lander olaetxea,224587,eibar
peru nolaskoain,271822,eibar
lucas nunez,307986,eibar
angel troncho,324950,eibar
jon magunacelaya,325010,eibar
ivan gil,331283,eibar
aleix garrido,361257,eibar
ander madariaga,367721,eibar
jon guruzeta,376033,eibar
jon bautista,234335,eibar
pejino,270597,eibar
javier marton,324351,eibar
malcom adu ares,347412,eibar
eric perez,385027,eibar
juan palomares,331424,eldense
antonio pina,367943,eldense
jordi martin,331710,eldense
floris smand,346837,eldense
alex serra,375724,eldense
julien yanda,396893,eldense
oscar vega,398886,eldense
david ruiz montero,412135,eldense
justin smith,113146,eldense
javier martinez,399852,almirantebrown
marcos bustillo,354251,eldense
borja calvo,354252,eldense
guillermo macho,393755,eldense
fidel,147491,eldense
manuel nieto,299935,eldense
jesus clemente,311264,eldense
rodrigo val,311365,eldense
jorge rastrojo,374618,eldense
mariano carmona,395201,eldense
alex ibarrondo,407406,eldense
lorenzo santillan,413968,eldense
diego fuoli,306293,cdsabadell
jose ortega,311302,cdsabadell
carlos aleman,131088,cdsabadell
juan carlos lazaro cervera,242434,cdsabadell
pipa,260245,cdsabadell
gerard fornes,300270,cdsabadell
miquel codina,356085,cdsabadell
jose luis catala vazquez,376662,cdsabadell
hudson davis,412023,cdsabadell
marc garcia sabado,3100034,cdsabadell
oscar sanz,155283,cdsabadell
pere pons,178565,cdsabadell
arthur bonaldo,253008,cdsabadell
quadri liameed,287445,cdsabadell
alain ribeiro,300303,cdsabadell
eneko aguilar,300776,cdsabadell
urri,345216,cdsabadell
lluis estebe,395054,cdsabadell
agustin coscia,243084,cdsabadell
yanis rahmani,245840,cdsabadell
rodrigo escudero,300175,cdsabadell
ton ripoll,300272,cdsabadell
joel priego,307709,cdsabadell
miguelete,311296,cdsabadell
xavi moreno,403617,cdsabadell
quim utges,412261,cdsabadell
fran rivera clavero,3100035,cdsabadell
pau lopez,203061,
nico ratti,207729,fcandorra
diego alende,219073,fcandorra
andoni lopez,236593,fcandorra
thomas carrique,267058,fcandorra
marti vila garcia,278214,fcandorra
javier vicario,307862,fcandorra
gael alonso,319228,fcandorra
marc bombardo,347509,fcandorra
juan sebastian serrano,370603,fcandorra
sergio molina,171552,fcandorra
randy schneider,320854,fcandorra
theo le normand,323742,fcandorra
jordi cano,331370,fcandorra
alberto solis,331809,fcandorra
nacho quintana,332016,fcandorra
efe akman,345239,fcandorra
hugo solozabal,353815,fcandorra
marc domenech,389455,fcandorra
christos albanis,262114,fcandorra
lautaro de leon,310973,fcandorra
moro sidibe,331382,fcandorra
julian rijkhoff,344667,fcandorra
josep cerda,354218,fcandorra
alex calvo,359907,fcandorra
aron rodrigo,360931,fcandorra
bilal achhiba,394304,fcandorra
aitor uzkudun,407405,fcandorra
amir saipi,288729,castellon
romain matthys,290546,castellon
sergi torner,375517,castellon
alberto,192132,castellon
fabrizio brignani,251774,castellon
juanjo,185866,tenerife
jeremy mellot,289894,castellon
agustin sienra,303324,castellon
martin conde,354041,castellon
santi boriko,375890,castellon
lucas alcazar,388057,castellon
michal willmann,407949,castellon
antonio gala,89223,castellon
francisco castillo,97583,castellon
awer mabil,181707,castellon
inigo cordoba,227414,castellon
diego hernandez barriuso,261186,castellon
jari vlak,272720,castellon
israel suero,278015,castellon
albert lottin,287259,castellon
marc-oliver doue,291262,castellon
alvaro martin,331546,castellon
alvaro marti,412381,castellon
raul sanchez,264285,castellon
adam jakobsen,274984,castellon
douglas aurelio,285986,castellon
david,219005,vascodagama
varo,311793,castellon
pablo santiago,375769,castellon
hamza bellari,401594,castellon
david gil,195604,cadiz
jokin ezkieta,209578,cadiz
nando almodovar,324483,cadiz
victor aznar,335230,cadiz
ruben dominguez,400253,
javier castro,128374,cadiz
iker ortega,310837,cadiz
kenan toubibou,319121,cadiz
bojan kovacevic,342140,cadiz
mario climent,354651,cadiz
benat de jesus,374633,cadiz
juan diaz,397417,cadiz
noah ukwuije,415372,cadiz
manuel rivera dominguez,3105656,cadiz
roberto rosado marquez,3105657,cadiz
jose andujar berenguer,3105658,cadiz
suso,164800,cadiz
moussa diakite,228546,cadiz
javi ontiveros,230894,cadiz
rominigue kouame,241661,cadiz
joaquin felipe gonzalez rodriguez,354788,cadiz
iuri tabatadze,289438,cadiz
francisco mwepu,306830,cadiz
jeronimo domina,339007,cadiz
jose antonio de la rosa,362125,cadiz
antonio cordero,375875,cadiz
borja vazquez,384598,cadiz
vladyslav kopotun,394420,cadiz
garcia pascual,397997,cadiz
marcos denia,403294,cadiz
ismael alvarez martin,403295,cadiz
efe ugiagbe,409298,cadiz
usher lobede,413651,cadiz
iker alvarez,24278,cordoba
ramon vila,354450,cordoba
guilherme fernandes,362882,cordoba
ruben gonzalez,240592,cordoba
carlos albarran,264083,cordoba
ignasi vilarrasa,279554,cordoba
alex martin,289625,cordoba
franck fomeyem,300765,cordoba
dani tasende,332007,cordoba
juan gutierrez,284845,defensayjusticia
egoitz munoz,378408,cordoba
jacobo marti,412147,cordoba
isma ruiz,108464,cordoba
theo zidane,297164,cordoba
damian,312005,cordoba
youssouf diarra,354360,cordoba
victor sanchez,113187,cordoba
adilson,300214,cordoba
cristian carracedo,300285,cordoba
diego bri,303809,cordoba
kevin villodres,311040,cordoba
percan,331812,cordoba
ibai sanz,353812,cordoba
enol rodriguez,359361,cordoba
salim el jebari,363063,cordoba
adnane ghailan,395130,cordoba
george andrews,412175,cordoba
dawda camara,329667,girona
oleksandr pishchur,406305,girona
paulo gazzaniga,164469,girona
vladyslav krapyvtsov,367976,girona
alex moreno,30377,girona
david lopez,371688,mallorca
alejandro frances,297825,girona
arnau martinez,308728,girona
antal yaakobishvili,376127,girona
donny van de beek,215717,girona
fran beltran,242383,girona
azzedine ounahi,291552,girona
ivan martin,330545,girona
joel roca,333232,girona
gabriel misehouy,335208,girona
izan gonzalez,375753,girona
cristhian stuani,113737,girona
portu,152166,girona
viktor tsygankov,212231,girona
abel ruiz,261613,girona
bryan gil,284429,girona
vladyslav vanat,314176,girona
pedro lopez,183413,ceuta
guillermo,218218,ceuta
peri,394315,ceuta
carlos hernandez,414179,sportinggijon
matos,223097,ceuta
redru,261110,ceuta
alex petxarroman,320874,ceuta
capa,354257,ceuta
yann bodiger,207568,ceuta
anuar,213068,ceuta
alejandro camacho,279875,ceuta
alejandro melendez,300952,ceuta
marino illescas,357345,ceuta
victor corral,394312,ceuta
salvi,231221,ceuta
kuki zalazar,250658,ceuta
jordi escobar,276349,ceuta
cedric teguia,276645,ceuta
kialy kone,331653,ceuta
omar sadik,376041,ceuta
kenneth mamah,387345,ceuta
raul lizoain,153481,granada
luca zidane,225561,granada
sergio lopez,173611,granada
diego pampin,264488,granada
manu lama,312144,granada
baila diallo,313347,granada
pau casadesus,332011,granada
diego hormigo,356227,granada
oscar naasei oppong,384575,granada
gerard gumbau,186181,granada
ruben alcaraz,214317,granada
pedro aleman,330246,granada
mario jimenez gambin,409385,granada
stoichkov,225633,granada
jose arnaiz,229522,granada
kader bamba,269263,granada
alejandro marques,271900,granada
jorge pascual medina,343634,granada
antoniu roca,368332,granada
sergio rodelas,384447,granada
ivan cuellar,32501,mallorca
lucas bergstrom,296406,mallorca
johan mojica,173247,mallorca
martin valjent,193397,mallorca
antonio raillo,222333,mallorca
toni lato,232275,mallorca
mateu morey,265992,mallorca
aboubaka soumahoro,381633,mallorca
alex sala,119310,mallorca
sergi darder,165519,mallorca
samu costa,183466,mallorca
pablo torre,206110,mallorca
manu morlanes,268753,mallorca
antonio sanchez,291114,atlas
arnau puigmal,291437,mallorca
daniel luna,302590,mallorca
jan salas,390026,mallorca
abdon prats,155935,mallorca
zito luvumbo,297035,mallorca
fuentes,331787,mallorca
justin-noel kalumba,361266,mallorca
jan virgili,403592,mallorca
raul fernandez,113097,leganes
juan soriano,212327,leganes
alvaro abajas,367963,leganes
gonzalo aguilar,123864,leganes
ignasi miquel,153442,leganes
ruben pena,177803,leganes
alvaro tejero,231405,leganes
enric franquesa,290824,leganes
ruben pulido penas,300350,leganes
sebastian figueredo,336951,leganes
marvel,356366,leganes
gonzalo melero,119045,leganes
dani rodriguez,144587,leganes
amadou diawara,224418,leganes
miguel atienza,264124,leganes
zico buurmeester,306400,leganes
roberto lopez,308145,leganes
yassine kechta,319290,leganes
carlos guirao,389266,leganes
marcos leiva,415411,leganes
alex millan,312013,leganes
ismael gharbi,317473,leganes
naim garcia,325005,leganes
benjamin pauwels,385189,leganes
andres campos,406399,leganes
david osei,415458,leganes
alfred gøthler,3099572,leganes
caro,239387,laspalmas
dinko horkas,262603,laspalmas
adri suarez,406376,
alex suarez,121611,laspalmas
enrique clemente,292217,laspalmas
marvin,307916,laspalmas
cristian gutierrez,331977,laspalmas
saliou mandiang,354786,laspalmas
juanma herzog,367729,laspalmas
andres rodriguez,375799,
valentin pezzolesi,388727,laspalmas
sergio ruiz,184759,laspalmas
viti,236458,laspalmas
enzo loiodice,272870,laspalmas
kirian rodriguez,288936,laspalmas
manu fuster,292774,laspalmas
ale garcia,325873,laspalmas
edward cedeno,363153,laspalmas
inaki gonzalez,367731,laspalmas
aboubacar bassinga,379136,laspalmas
jeremia recoba,380670,laspalmas
jese,162453,laspalmas
jefte,318136,palmeiras
sandro,188165,laspalmas
taisei miyashiro,265959,laspalmas
adam arvelo,409288,laspalmas
aaron escandell,200964,realoviedo
dani calvo,123743,realoviedo
david costas,192796,realoviedo
nacho vidal,240102,realoviedo
samu rodriguez,395613,realoviedo
chukwuma eze,396031,realoviedo
leander dendoncker,182680,realoviedo
alberto reina,253732,realoviedo
luka ilic,259108,realoviedo
kwasi sibo,274697,realoviedo
daniel villahermosa,303968,realoviedo
brandon domingues,305781,realoviedo
alex cardero,318019,realoviedo
aritz aldasoro,320768,realoviedo
youness lachhab,347357,realoviedo
aisar,354340,realoviedo
carlos fernandez,197906,realoviedo
ovie ejaria,238723,realoviedo
jacobo gonzalez,242382,realoviedo
chris ramos,269266,realoviedo
haissem hassan,276440,realoviedo
ilyas chaira,304332,realoviedo
alexandru mihai isfan,304881,realoviedo
daniel paraschiv,320728,realoviedo
pablo saenz,353537,realoviedo
victor garcia mingo,3108501,realoviedo
aitor fraga,368327,realsociedadii
luken beitia,396607,realsociedadii
jon balda,396608,realsociedadii
unax agote,406377,realsociedadii
eneko astigarraga,406378,realsociedadii
iker calderon,411583,realsociedadii
unax larranaga,415441,realsociedadii
alex lebarbier,366886,realsociedadii
jon eceizabarrena,406385,realsociedadii
jon garro,406386,realsociedadii
gorka gorosabel,406389,realsociedadii
lander astiazaran,406390,realsociedadii
tomas carbonell,406396,realsociedadii
dario ramirez,313827,realsociedadii
daniel diaz,387496,realsociedadii
ekain orobengoa,396609,realsociedadii
arkaitz mariezkurrena,396610,realsociedadii
alex marchal,396613,realsociedadii
job ochieng,406379,realsociedadii
gorka carrera,406383,realsociedadii
coke carrillo,329669,rcceltafortuna
caio albado barone,357201,rcceltafortuna
joel lopez salguero,308763,rcceltafortuna
jan oliveras,333981,rcceltafortuna
seyni ndiaye,408018,rcceltafortuna
anxo rodriguez,421889,rcceltafortuna
anthony michel khayat,3100791,rcceltafortuna
frank germain jonathan miller,3100792,rcceltafortuna
pablo gavian alonso,3100793,rcceltafortuna
enrique ribes,3100794,rcceltafortuna
adria capdevila,374626,rcceltafortuna
aldrine kibet,386167,rcceltafortuna
noah rodriguez guallar,3100798,rcceltafortuna
hugo gonzalez,163150,toluca
alvaro marin,367442,rcceltafortuna
angel arcos,415036,rcceltafortuna
hugo perez sanudo,3100788,rcceltafortuna
bernard sarppong somuah,3100789,rcceltafortuna
jorge perez-lafuente rey,3100796,rcceltafortuna
cristian roberto carro arceo,3100797,rcceltafortuna
angel davila outerelo,3107949,rcceltafortuna
ruben yanez,192718,sportinggijon
egoitz arana,333166,sportinggijon
alex diego,77179,sportinggijon
pablo vazquez,128372,sportinggijon
jorge,209736,sportinggijon
emanuel gularte,217524,sportinggijon
guillermo rosas,303933,sportinggijon
yann kembo,318387,sportinggijon
diego sanchez,380171,tigresuanl
mamadou loum,124228,sportinggijon
alex corredera,261615,sportinggijon
hugo guillamon,265985,sportinggijon
cesar gelabert,265991,sportinggijon
gaspar campos,303829,sportinggijon
ignacio martin,311586,sportinggijon
manu rodriguez,394376,sportinggijon
juan otero,206554,sportinggijon
konrad de la fuente,287498,sportinggijon
nikita iosifov,304369,sportinggijon
andres ferrari,359913,sportinggijon
alejo sarco,371484,sportinggijon
enol prendes,409509,sportinggijon
xavier lenogue,224795,boulogne
blondy nna noukeu,304207,boulogne
azamat uriev,333414,boulogne
julien boyer,270146,boulogne
theo brusco,305141,boulogne
adrien pinot,313086,boulogne
sonny duflos,315361,boulogne
aurelien platret,333238,boulogne
oscar lenne,398737,boulogne
jonathan kapenga,408572,boulogne
louis siliadin,408574,boulogne
jonas martin,148986,boulogne
zoran moco,393733,boulogne
abdel hbouch,397378,boulogne
joffrey bultel,397379,boulogne
sohan paillard,397382,boulogne
nolan binet,408571,boulogne
antoine kerriou,415919,boulogne
aymane nassiri,416134,boulogne
benjamin besic,307420,boulogne
noah fatar,315629,boulogne
martin lecolier,362840,boulogne
christian kitenge,378144,boulogne
zanga kone,408575,boulogne
sergio padilla,146977,tenerife
dani martin,264077,tenerife
gabriel lozano,400058,tenerife
jorge moreno,84064,
marc mateu,130137,tenerife
jose leon,204899,tenerife
anthony landazuri,235018,tenerife
david rodriguez ramos,308453,tenerife
neal viereck,355507,tenerife
cesar alvarez,377597,
pau fernandez,412262,
jesus alvarez,102805,tenerife
victor moreno,195785,tenerife
mauro pitton,220073,tenerife
nacho gil,231574,tenerife
martin pecar,311533,tenerife
anes krdzalic,363722,tenerife
daniel fernandez,384650,tenerife
fabricio,287767,redbullbragantino
enric gallego,276634,tenerife
jesus de miguel,279899,tenerife
grant-leon ranos,323935,tenerife
ivan chapela,324482,tenerife
noel lopez,331987,tenerife
alassan manjam gutierrez,350640,tenerife
francisco sabina,392576,tenerife
mahamadou balde,399224,tenerife
baba diocou,412103,tenerife
jonathan hernandez jones,3100039,tenerife
adam yahi,401530,annecy
florian escales,227304,annecy
thomas callens,276130,annecy
mateo gonzalez,388238,annecy
aymerick nedelec,408542,annecy
francois lajugie,219151,annecy
matteo veillon,309629,annecy
thibault delphis,367197,annecy
julien kouadio,386379,annecy
axel drouhin,386389,annecy
esteban riou,397579,annecy
esteban marre,416133,annecy
sacha lima,3099598,annecy
ahmed kashi,121996,annecy
antoine larose,251313,annecy
clement billemaz,272616,annecy
dion moise sahi,317401,annecy
nolan ferro,365930,annecy
ibrahim raache,397699,annecy
paul venot,406418,annecy
thibault rambaud,290755,annecy
ben toure,362491,annecy
quentin paris,390611,annecy
kilyan veniere,398159,annecy
bobby allain,169646,grenoble
alexandre olliero,227051,grenoble
clement vidal,275654,grenoble
allan tchaptchet,281692,grenoble
loris mouyokolo,312014,grenoble
farouq limouri,313980,grenoble
mattheo xantippe,319283,grenoble
efe sarikaya,337078,grenoble
ange loic n’gatta,367718,grenoble
mathieu mion,377871,grenoble
sakhalou niakate,397400,grenoble
abdel medroub,408778,grenoble
mael corboz,231073,grenoble
yohann magnin,276441,grenoble
lucas bernadou,304419,grenoble
mamady bangre,317493,grenoble
baptiste mouazan,330411,grenoble
samba diba,345311,grenoble
matteo d'antona,363013,grenoble
charlie dressel,408777,grenoble
moussa djitte,275008,grenoble
ugo bonnet,290160,grenoble
dillion hoogerwerf,296623,grenoble
nesta zahui,323057,grenoble
yadaly diaby,331644,grenoble
ze leite,351589,grenoble
evans maurin,364133,grenoble
arthur lallias,377887,grenoble
mohamed bechikh,379052,grenoble
paul delecroix,113289,dijonfco
ylann marie-rose,413851,dijonfco
boubacar diallo,24020,dijonfco
quentin bernard,170261,dijonfco
waly diouf,256678,dijonfco
lenny lacroix,300971,dijonfco
ismail bouleghcha,312400,dijonfco
ylan aka,403396,dijonfco
axel bargain,3098679,dijonfco
michael barreto,154616,dijonfco
jordan marie,182143,dijonfco
hugo vargas rios,284514,dijonfco
brandon nsimba ndezi,302023,dijonfco
samy chouchane,307132,dijonfco
adel lembezat,328989,dijonfco
ben-chayeel hamada,341732,dijonfco
paul bellon,349186,dijonfco
cesar obongo,404841,dijonfco
anass benyahya,3098550,dijonfco
julio tavares,170183,dijonfco
yanis barka,257130,dijonfco
julien domingues,333033,dijonfco
moussa faty,347524,dijonfco
alexis ntamack,355974,dijonfco
abd-elmajid djae,397387,dijonfco
florian rombogouera gouzele,3098490,dijonfco
tyris dong,3098491,dijonfco
alvaro aceves,347431,realvalladolid
carlos clerc,168363,realvalladolid
clement michelin,238918,realvalladolid
pablo tomeo,324949,realvalladolid
trilli,331988,realvalladolid
ramon martinez,332089,realvalladolid
guillermo bueno,340464,realvalladolid
david torres,347433,realvalladolid
ivan garriel,367677,realvalladolid
mohamed jaouab,368990,realvalladolid
julien ponceau,276450,realvalladolid
stanko juric,276578,realvalladolid
victor meseguer,300361,realvalladolid
mathis lachuer,313340,realvalladolid
thiago ojeda,318125,realvalladolid
alex balboa,332009,realvalladolid
daniel perez,353854,realvalladolid
victor fernandez,367679,realvalladolid
ibrahim alani,403460,realvalladolid
amath ndiaye,162264,realvalladolid
ivan alejo,206473,realvalladolid
marcos andre,264168,realvalladolid
kaj de rooij,271345,realvalladolid
vegard østraat erlien,293362,realvalladolid
lucas sanseviero,301541,realvalladolid
stipe biuk,319496,realvalladolid
luis rodriguez,331411,realvalladolid
juan latasa,335235,realvalladolid
yeray cabanzon,353477,realvalladolid
victor barbera,363540,realvalladolid
robin van duiven,364090,realvalladolid
adrian arnun,371617,realvalladolid
jorge delgado,406398,realvalladolid
enzo basilio,181712,asnancylorraine
yannis kouini,334960,asnancylorraine
almami toure,403410,asnancylorraine
kenzo noel,406423,asnancylorraine
nicholas saint-ruf,167176,asnancylorraine
logan ndenbe,259925,asnancylorraine
nehemiah fernandez,322882,asnancylorraine
yannis nahounou,340127,asnancylorraine
elydjah mendy,378257,asnancylorraine
heliodino tavares,388894,asnancylorraine
enzo tacafred,406421,asnancylorraine
mamadou fofana,164551,asnancylorraine
cazim suljic,214309,asnancylorraine
jeremy gelin,227888,asnancylorraine
brandon bokangu,315543,asnancylorraine
oumar sidibe,331070,asnancylorraine
chafik el hansar,408534,asnancylorraine
yanis delaveau,408789,asnancylorraine
mattheo guendez,415418,asnancylorraine
hugo barbier,415699,asnancylorraine
issam bouaoune,3099643,asnancylorraine
youssouf tandia,3100787,asnancylorraine
adrian dabasse,165874,asnancylorraine
sidi cisse,323994,asnancylorraine
walid bouabdelli,332819,asnancylorraine
ilyes housni,355969,asnancylorraine
zakaria fdaouch,406416,asnancylorraine
zakaria ztouti,408788,asnancylorraine
kouroufia kebe,415448,asnancylorraine
teddy averlant,355271,guingamp
jasser chamakh,3099610,guingamp
adria ortola,165665,guingamp
teddy bartouche,282679,guingamp
noah marec,366904,guingamp
gaspard messobo,415908,guingamp
erwin koffi,212510,guingamp
akim abdallah,251550,guingamp
nelson sissoko,265640,guingamp
albin demouchy,323187,guingamp
donatien gomis,345226,guingamp
vimoj muntu wa mungu,355973,guingamp
idriss planeix,388873,guingamp
jeremie matumona,397393,guingamp
brice seymour,397853,guingamp
nathan fondja,422004,guingamp
dylan lousierre,212513,guingamp
darly nlandu,304763,guingamp
amine hemia,332894,guingamp
stanislas kielt,333031,guingamp
tresor matondo,333230,
tanguy ahile,399718,guingamp
eden gassama,402966,guingamp
ibrahima diakite,409009,guingamp
joel matondo,416396,guingamp
samir ben brahim,3099608,guingamp
gauthier ott,303295,guingamp
amadou samoura,330493,guingamp
youssef n'gapout,407199,guingamp
ilias miraoui,416397,guingamp
theo guivarch,221518,clermontfoot
massamba ndiaye,324924,clermontfoot
joan raynaud,409799,clermontfoot
ibrahim coulibaly,159525,clermontfoot
kenji-van boto,214164,clermontfoot
yoann salmier,214458,clermontfoot
vital n'simba,215028,clermontfoot
andy pelmard,265910,clermontfoot
matys donavin,367620,clermontfoot
ivan m'bahia,382856,clermontfoot
ethan kabeya,384280,clermontfoot
adrien hunou,186278,clermontfoot
yuliwes bellache,340207,clermontfoot
stan berkani,360221,clermontfoot
julien astic,363128,clermontfoot
mohamed-amine bouchenna,367618,clermontfoot
abdellah baallal,367619,clermontfoot
allan ackra,377893,clermontfoot
ilhan fakili,384290,clermontfoot
el hadj kone,397452,clermontfoot
marouane admar,414501,clermontfoot
maidine douane,333928,clermontfoot
ousmane diop,390032,clermontfoot
enzo cantero,408579,clermontfoot
maxence prevot,214457,dunkerque
moha ramos,266946,dunkerque
mouhamed sissokho,416258,dunkerque
opa sangante,197881,dunkerque
lenny vallier,251494,dunkerque
allan linguet,283608,dunkerque
bram lagae,333766,dunkerque
victor mayela,389357,dunkerque
maedine makhloufi,398043,dunkerque
lenny loussilaho,404997,dunkerque
souleymane keita,105727,dunkerque
adrien lebeau,290652,dunkerque
antoine sekongo,387789,dunkerque
thena massock,408329,dunkerque
franck atoen,409542,dunkerque
jordan morel,415330,dunkerque
marco decherf,416266,dunkerque
pape dieng,422178,dunkerque
thomas robinet,217119,dunkerque
egor prutsev,308139,dunkerque
alex daho,362842,dunkerque
enzo mayilla,381064,dunkerque
zaid seha,409795,dunkerque
mathieu michel,174898,montpellier
simon ngapandouentnbu,291747,montpellier
viktor dzodic,408775,montpellier
kevin kamdem kamgaing,417656,montpellier
julien laporte,217170,montpellier
theo sainte-luce,264354,montpellier
daylam meddah,290580,montpellier
yael mouanga,333219,montpellier
enzo tchato,334986,montpellier
lucas mincarelli davin,367924,montpellier
wilfried ndollo bille,401301,montpellier
isyak mohamed,410916,montpellier
alexandre ebener,415439,montpellier
florien tardieu,173559,montpellier
everson,223953,atleticomg
khalil fayad,344231,montpellier
nabil homssa,372652,montpellier
theo chennahi,379054,montpellier
lucas da silva,411444,montpellier
noah vidal,415928,montpellier
yvan mbappe,415929,montpellier
mohamed zeghadi,416404,montpellier
mamadou camara,73342,montpellier
axel gueguin,349562,montpellier
yanis issoufou,371561,montpellier
nicolas pays,377969,montpellier
junior ndiaye,380089,montpellier
fayssal el mahboub,409631,montpellier
robin thiland-herard,417358,montpellier
daryll benlahlou,3104884,montpellier
gregory ayem,3115001,montpellier
ousmane ba,297350,metz
pape sy,370419,metz
jonathan fischer,379948,metz
romain jean baptsiste,414158,metz
maxime colin,150283,metz
bouna sarr,163922,metz
florian miguel,213890,metz
jean ruiz,225560,metz
koffi kouao,257052,metz
urie-michel mboula,370501,metz
idris mohamed,405177,metz
cleo melieres,408953,metz
moustapha diop,414159,metz
tahirys dos santos,416420,metz
gauthier hein,239905,metz
jessy deminguet,265200,metz
alpha toure,376483,metz
believe munongo,403997,metz
habib diallo,223376,metz
giorgi abuashvili,289555,metz
ibou sane,362281,metz
morgan bokele,382759,metz
pape fall,388196,metz
joseph mangondo,397493,metz
nathan mbala,416422,metz
jahyann pandore,420467,metz
brice maubleu,120496,pau
esteban salles,204017,pau
georges grimaud,397581,pau
matis duval,420189,pau
maxime adam,3099397,pau
gaetan paquiez,193274,pau
anthony briancon,204777,pau
axel bamba,266935,pau
ousmane kante,276374,pau
souleymane basse,362287,pau
joseph kalulu kyatengwa,377899,pau
robin verhaeghe,389337,pau
rony mimb baheng,396743,pau
cheikh fall,193806,pau
jessy benet,207002,pau
antonin bobichon,213103,pau
quentin daubin,245912,pau
tom pouilly,344519,pau
kylian gasnier,390612,pau
alexis lefebvre,312974,pau
tom saettel,356229,pau
giovani versini,359402,pau
royce openda,379061,pau
titouan nihouarn,402863,pau
abdoulaye mbaye,421694,pau
babacar leye,3110417,pau
mouez hassen,174624,redstarfc93
gaetan poussin,259711,redstarfc93
pierre lemonnier,206892,redstarfc93
bradley danger,225553,redstarfc93
matthieu huard,290722,redstarfc93
ryad hachem,332829,
theo magnin,334979,redstarfc93
dylan durivaux,346392,redstarfc93
josue escartin,366507,redstarfc93
rayane doucoure,384823,redstarfc93
mohafidh ahamada,398056,redstarfc93
sekou guindo,408568,redstarfc93
saif-eddine khaoui,192989,redstarfc93
samuel renel,298815,redstarfc93
balthazar pierret,301429,redstarfc93
guilaume trani,344610,redstarfc93
cheick konate,359153,redstarfc93
islamdine halifa,409687,redstarfc93
kevin cabral,281523,redstarfc93
damien durand,315033,redstarfc93
jovany ikanga,332146,redstarfc93
hacene benali,332739,redstarfc93
kemo cisse,386386,redstarfc93
abdelsamad hachem,406933,redstarfc93
malik diawakana,417900,redstarfc93
gautier larsonneur,227416,saintetienne
issiaka toure,381640,saintetienne
dennis appiah,148173,saintetienne
maxime bernauer,225558,saintetienne
mickael nade,251557,saintetienne
joao ferreira,290154,saintetienne
ebenezer annan,314780,saintetienne
julien le cardinal,323063,saintetienne
jules mouton,353152,saintetienne
chico lamba,353187,saintetienne
sohaib nair,366337,saintetienne
lassana traore,371546,saintetienne
kevin pedro,389353,saintetienne
strahinja stojkovic,399634,saintetienne
axel dodote,414526,saintetienne
ewan hornech,416256,saintetienne
aimen moueffek,291401,saintetienne
pierre ekwah,307159,saintetienne
mahmoud jaber,321174,saintetienne
igor miladinovic,342144,saintetienne
paul eymard,404533,saintetienne
luan gadegbeku,408785,saintetienne
nadir el jamali,408786,saintetienne
samy achour,416255,saintetienne
adam baallal,422110,saintetienne
irvin cardona,252441,saintetienne
zuriko davitashvili,285666,saintetienne
ben old,297802,saintetienne
lucas stassin,323033,saintetienne
augustine boakye,326183,saintetienne
joshua duffus,328005,saintetienne
djylian n'guessan,398380,saintetienne
marten-chris paalberg,412186,saintetienne
issam cheikh,416257,saintetienne
mylan toty,416277,saintetienne
noah moulin,416287,saintetienne
quentin braat,231381,rodezaveyron
lucas margueron,304184,rodezaveyron
enzo crombez,364748,rodezaveyron
jean lambert evans,291714,rodezaveyron
ryan ponti,301249,rodezaveyron
mathis magnin,323044,rodezaveyron
raphael lipinski,358733,rodezaveyron
cheick mohamed doumbia,364905,rodezaveyron
antonin cartillier,366714,rodezaveyron
loni quenabio,386378,rodezaveyron
luzolo vangi vungele,406419,rodezaveyron
clement jolibois,406422,rodezaveyron
damjan pavlovic,304202,rodezaveyron
samy benchama,304900,rodezaveyron
octave joly,333032,rodezaveyron
jordan mendes,406778,rodezaveyron
yanis dahalani,408576,rodezaveyron
kenny nagera,304737,rodezaveyron
hermann tebily,318030,rodezaveyron
ibrahima balde,324565,rodezaveyron
mehdi baaloudj,346458,rodezaveyron
mathis touho,362756,rodezaveyron
morgan corredor,393346,rodezaveyron
corentin issanchou,394414,rodezaveyron
mehdi jeannin,164113,sochaux
alexandre pierre,310715,sochaux
matthis schubler-lecart,398048,sochaux
mathieu peybernes,127527,sochaux
benjaloud youssouf,215540,sochaux
jules mendy,252157,sochaux
saad agouzoul,299908,sochaux
dylan tavares,310000,sochaux
arthur vitelli,334280,sochaux
elie n'gatta,398777,sochaux
jonathan mexique,223123,sochaux
julien masson,254167,sochaux
victor lobry,277515,sochaux
honore bayanginisa,397408,sochaux
boubacar fofana,176914,sochaux
bakary diawara,269237,sochaux
kapitbafan djoco,269306,sochaux
samy baghdadi,270188,sochaux
benjamin gomel,270564,sochaux
mathis claricia,332870,sochaux
julien vetro,346396,sochaux
landry nomel,349421,sochaux
aboubacar sidibe,396766,sochaux
victor monthieu,415335,sochaux
ethan cortes,3099644,sochaux
ignacio de arruabarrena,217556,arouca
nico mantl,261222,arouca
jakub vinarcik,356001,arouca
martim silva duarte,3100743,
javi sanchez,191899,arouca
tiago esgaio,291193,arouca
jose fontan,301904,arouca
boris popovic,307191,arouca
diogo monteiro,312132,arouca
matias rocha,359911,arouca
mateo flores,285232,arouca
pablo gozalbez,300121,arouca
taichi fukui,316899,arouca
lee hyun-ju,346774,arouca
pedro santos,370133,fcfamalicao
espen van ee,367717,arouca
barbero,178579,arouca
brian mansilla,217150,arouca
nais djouahra,281113,arouca
alfonso trezza,284853,arouca
miguel puche,324959,arouca
vladislav morozov,326572,arouca
romualdas jansonas,359824,arouca
fally mayulu,364534,arouca
dylan nandin,381385,arouca
bruno duarte,419553,arouca
si-hoo park,3105756,arouca
malcolm jeng,361267,stadedereims
marcos lavin,262096,academicodeviseu
ewerton,286700,academicodeviseu
matheus sampaio,384019,academicodeviseu
nikos michelis,278901,academicodeviseu
anthony paulo correia,303126,academicodeviseu
ruben pereira,340896,academicodeviseu
tomas domingos,344846,academicodeviseu
pedro barcelos,351547,academicodeviseu
igor milioransa,351550,academicodeviseu
gu costa,411414,academicodeviseu
luis silva,192419,
cristian ferreira,252098,academicodeviseu
soufiane messeguem,321256,academicodeviseu
andre ceitil,351479,academicodeviseu
silva,351598,
joao guilherme,384207,academicodeviseu
simao silva,411404,academicodeviseu
alejandro mestanza,416642,academicodeviseu
andre clovis,270648,academicodeviseu
robinho,357717,estrela
dominik steczyk,288486,academicodeviseu
nils mortimer moreno,297367,academicodeviseu
alvaro zamora,350718,academicodeviseu
issoufi maiga,351610,academicodeviseu
chamito alfandega,386087,academicodeviseu
lorougnon gohi,411406,academicodeviseu
jonas wind,271215,braga
gabriel silva,297080,
tiago sa,151272,braga
lukas hornicek,319267,braga
joao carvalho,185343,estoril
romario cunha,403884,braga
paulo oliveira,92335,braga
sikou niakate,255249,braga
victor gomez,265984,braga
bright arrey-mbi,301417,braga
sergio barcia,310231,braga
adrian leon barisic,322209,braga
gustaf lagerbielke,324930,braga
adrian bajrami,338057,braga
bartlomiej wdowik,341444,braga
leonardo lelo,344843,braga
diogo travassos,352651,braga
francisco chissumba,379620,braga
nuno matos,379945,braga
jonatas noro,389772,braga
afonso sousa,307519,samsunspor
joao moutinho,50959,braga
carvalho,250906,braga
jean-baptiste gorby,326029,braga
demir ege tiknaz,328795,braga
denis huseinbasic,343969,braga
joao marques,347073,braga
mario dorgeles,347459,braga
thiago helguera,361369,braga
yanis da rocha,364669,braga
diego rodrigues,398386,braga
luis teixeira pinto,421767,braga
gabriel martinez,98573,braga
ricardo horta,184423,braga
fran navarro,285434,braga
pau victor,303808,braga
rodrigo silva,362876,braga
sandro vidigal,400353,braga
joao aragao,403877,braga
mamadou samassa,84982,stadelaval
maxime hautbois,145022,stadelaval
mathis ntessa,404846,stadelaval
lucas droyaux,409292,stadelaval
moise adilehou,243175,stadelaval
william bianda,259017,stadelaval
aboubacar lo,291741,stadelaval
jules gaudin,318597,stadelaval
sidi bane,343359,stadelaval
matteo commaret,407198,stadelaval
joseph layousse,407737,stadelaval
esteban mouton,415331,stadelaval
alessio beaudouin,416398,stadelaval
mamadou sidibe,95960,stadelaval
francis coquelin,121406,stadelaval
cyril mandouki,215124,stadelaval
teddy bouriaud,274182,stadelaval
sam sanna,291851,stadelaval
hermann esmel,301747,stadelaval
malik sellouki,306837,stadelaval
julien maggiotti,332875,stadelaval
chafik gourichy,378106,stadelaval
ethan clavreul,408533,stadelaval
aboubakary kante,223119,stadelaval
corentin fatou,305356,stadelaval
noa mupemba,366901,stadelaval
trevis dago,380900,stadelaval
aymeric faurand-tournaire,397553,stadelaval
mathys houdayer,416399,stadelaval
andre paulo,85096,alverca
jhonatan,202442,alverca
matheus mendes,302601,
mateus oliveira,307666,alverca
noah raveyre,346393,alverca
sergi gomez,120708,alverca
julian martinez,360071,alverca
steven baseya,364697,alverca
bastien meupiyou,367550,alverca
yahya bojang,373196,alverca
isaac james,380857,alverca
diogo spencer,381436,alverca
ikker julian,385396,alverca
sabit abdulai,303812,alverca
lucca giuntini,394357,alverca
davy gui,399003,alverca
vasco moreira,411399,alverca
zakaria kessary,417824,alverca
tiago andre facho octavio,3101754,alverca
junior mendes,4365,alverca
stephan diarra,234912,alverca
nabili touaizi,276256,alverca
marco essimi,290756,alverca
lucas figueiredo,314864,alverca
vivaldo semedo,349681,alverca
samy merheg,380621,alverca
cedric nuozzi,406867,alverca
toni tamarit,409256,alverca
rafael obrador,304217,benfica
jakub kaminski,304933,benfica
gabriel indio,338713,benfica
jhon duran,285629,benfica
tiago gouveia,290081,benfica
joel robles,141624,estoril
martin turk,309597,estoril
diogo dias,365799,estoril
ferro,238901,estoril
ricard sanchez,290047,estoril
antef tsoungui,294295,estoril
felix bacher,320945,estoril
fernando medrano gastanaga,323837,estoril
goncalo costa,345515,estoril
pedro carvalho,373605,
philippe lanquetin,398970,estoril
tiago parente,401300,estoril
diogo brasido,408532,estoril
jordan holsgrove,243734,estoril
rafik guitane,245913,estoril
xeka,249093,estoril
jandro orellana,290048,estoril
tiago brito,361726,estoril
yanis begraoui,272488,estoril
khayon edwards,308760,estoril
peixinho,365812,estoril
fabricio andrade,367588,estoril
israel salazar piriz,377763,estoril
andre lacximicant,379981,estoril
joao goncalves,364653,santaclara
kevyn,368528,cdnacional
leo santos,225543,
ivanildo fernandes,264019,cdnacional
ulisses,269954,cdnacional
ze vitor,383950,
daniel de la cruz,336876,cdnacional
jose gomes,351497,cdnacional
francisco goncalves,351581,cdnacional
filipe soares,183972,cdnacional
matheus dias,384025,coritiba
liziero,228403,cdnacional
stavros gavriel,305923,cdnacional
miguel baeza,306580,cdnacional
chiheb labidi,318755,cdnacional
daniel junior,335241,cdnacional
danel dongmo,345371,cdnacional
joel silva,346832,cdnacional
martim gustavo,351579,cdnacional
markus jensen,362770,cdnacional
josue souza dos santos,374726,cdnacional
mateus iseppe,383036,cdnacional
deivison,406871,cdnacional
jesus ramirez,82009,cdnacional
pablo ruan,369840,cdnacional
motez nourani,379304,cdnacional
alfonso pastor,265987,maritimo
pedro teixeira,324493,maritimo
kimiss,328306,maritimo
goncalo tabuaco,338297,maritimo
igor juliao,200659,maritimo
paulo henrique,234842,vascodagama
romain correia,274283,maritimo
nathanael ogbeta,276255,maritimo
tomas tavares,288899,maritimo
rafael fernandes,346675,maritimo
noah madsen,379259,maritimo
raphael guzzo,219235,maritimo
maxime dominguez,233707,maritimo
vladan danilovic,305116,maritimo
rodrigo andrade,324713,maritimo
martin tejon,367656,maritimo
pedro silva,384246,maritimo
nelio batista,412218,maritimo
carlos daniel,156809,maritimo
enrique pena zauner,290758,maritimo
adrian butzke,300872,maritimo
simo,331788,maritimo
francisco gomes,346717,maritimo
jose miguel reis melro,3100744,maritimo
maurice osei boakye,3106155,maritimo
alexandre parsemain,306836,moreirense
joel jorquera,311592,moreirense
koby mottoh,353954,moreirense
michael dacosta gonzalez,357254,moreirense
andre ferreira,75433,moreirense
aranha,382967,moreirense
jobson maracas,219004,moreirense
fabiano,304065,moreirense
dinis pinto,333090,moreirense
gilberto batista,365774,moreirense
kevyn monteiro,381522,moreirense
alvaro martinez,393761,moreirense
leandro santos,395893,moreirense
janderson,358165,goztepe
kiko,406868,moreirense
guilherme liberato,301820,moreirense
nile john,314574,moreirense
rodri alonso,343635,moreirense
jimi gower,351061,moreirense
miguel rebelo,352284,moreirense
mateja stjepanovic,359248,moreirense
afonso assis,398750,moreirense
miguel silva,417362,coritiba
kiko bondoso,321375,moreirense
landerson,359433,moreirense
yan maranhao,394475,moreirense
francisco meixedo,288975,estrela
dudu,339115,vitoria
leo linck,310822,estrela
diogo pinto,362113,estrela
david grilo,373606,estrela
rafa,219663,estrela
jefferson encada,295087,estrela
luan patrick,297764,estrela
bernardo schappo,303631,estrela
issiar drame,328921,estrela
atanas chernev,338229,estrela
stefan lekovic,342146,estrela
max scholze,352178,estrela
georgii tunguliiadi,388471,estrela
tom moustier,340086,estrela
lovro zvonarek,346760,estrela
kevin hoog jansson,364988,estrela
pape fuhrer,405687,estrela
eddy doue,418107,estrela
beni yvan roy loussakou souza,3100742,
rodrigo pinho,216290,estrela
ianis stoica,267578,estrela
sydney van hooijdonk,276819,estrela
abraham marcus,319827,estrela
leandro antonetti,332252,estrela
chilohem onuoha,357091,estrela
alisson souza,399173,estrela
henrique poniewas,418460,estrela
lucao,266667,gilvicente
andre picornell,345832,gilvicente
ricardo esgaio,169400,gilvicente
jonathan buatu,183070,gilvicente
ghislain konan,250888,gilvicente
weverson,266675,gilvicente
marvin elimbi,313888,gilvicente
antonio espigares,354375,gilvicente
arthur tchaptchet,376504,gilvicente
jose augusto silva,400593,
facundo caseres,309575,gilvicente
santiago garcia,417991,midland
ze carlos,338296,gilvicente
martin fernandez,288736,atlante
gui beleza,388696,gilvicente
gil martins,405552,gilvicente
guilherme freitas,408148,gilvicente
goncalo maia,409513,gilvicente
andreas sejr lausen,3100746,gilvicente
hector hernandez,123865,gilvicente
murilo,252609,palmeiras
sergio bermejo,279658,gilvicente
joelson mendes,303866,gilvicente
carlos eduardo,218974,mirassol
jucelio ferreira da silva,358236,gilvicente
tidjany toure,358444,gilvicente
bassco soyer,366579,gilvicente
walace,398521,vascodagama
agustin moreira,407341,gilvicente
ivan zlobin,240259,fcfamalicao
lazar carevic,330458,fcfamalicao
gabriel cabral,335033,fcfamalicao
leonardo realpe,287018,fcfamalicao
gustavo,303474,coritiba
pedro bondo,313915,fcfamalicao
finn van breemen,340623,fcfamalicao
leny meyer,343906,fcfamalicao
vojin serafimovic,347632,fcfamalicao
renan santana,359417,fcfamalicao
rodrigo pinheiro,366785,fcfamalicao
tommie van de looi,261366,fcfamalicao
marcos pena,338888,fcfamalicao
tamas szucs,343966,fcfamalicao
gustavo sa,347406,fcfamalicao
paulo moreira,351541,fcfamalicao
mathias de amorim,368008,fcfamalicao
gonzalo pastor,395627,fcfamalicao
lamine beye,410373,fcfamalicao
gil dias,229573,fcfamalicao
oscar aranda,297368,fcfamalicao
georgios koutsias,304317,fcfamalicao
sorriso,382869,santaclara
romeo beney,362774,fcfamalicao
umar abubakar,407398,fcfamalicao
rudi almeida,418828,fcfamalicao
ricardo batista,46976,casapia
patrick sequeira,228458,casapia
andre gomes,175108,columbuscrew
ivan mandic,358088,casapia
daniel azevedo,373547,casapia
andre geraldes,149660,casapia
abdu conte,258918,casapia
kaique rocha,283147,casapia
joao goulart,328225,casapia
pedro rosas,373713,casapia
kaly,386143,casapia
sebastian perez,156818,casapia
raul blanco,158004,casapia
lawrence ofori,285846,casapia
david sousa,301593,casapia
iyad mohamed,324002,casapia
silvi clua,367661,casapia
gabi pereira,373716,casapia
abdu dafe,421533,casapia
cassiano,201763,casapia
rochinha,215742,casapia
jeremy livolant,231196,casapia
max svensson,239216,casapia
kelian nsona wa saka,297156,casapia
clau mendes,303822,casapia
alassana jatta,321068,casapia
oluwakorede osundina,337004,casapia
kevin prieto,380131,casapia
miguel neves,408555,casapia
tim,396749,rioave
kevin chamorro,265901,rioave
cezary miszta,275479,rioave
ennio van der gouw,298877,rioave
anxhelo sina,385110,rioave
jakub brabec,206601,rioave
nelson abbey,306864,rioave
andreas ntoi,325226,rioave
francisco petrasso,358393,rioave
julien lomboto,360362,rioave
joao tome,361902,rioave
jorge karseladze,362381,rioave
gustavo mancha,400882,rioave
georgios liavas,278788,rioave
brandon aguilera,310001,rioave
ryan,314907,rioave
georgios okkas,341487,rioave
ole pohlmann,345224,rioave
tobias medina,361313,rioave
tamas nikitscher,364176,rioave
marios vrousai,249163,rioave
dario spikic,277705,rioave
diogo bezerra,335153,rioave
tamble monteiro,353127,rioave
rafael lobato,361652,rioave
jalen blesa,380563,rioave
joao costa,386928,santaclara
claudio ramos,142670,fcporto
diogo costa,238903,
joao afonso,396599,fcporto
jan bednarek,221788,fcporto
nehuen perez,268437,fcporto
moura,274289,fcporto
zaidu sanusi,289513,fcporto
jakub kiwior,304965,fcporto
dominik prpic,345752,fcporto
alberto costa,346111,fcporto
martim fernandes,364657,fcporto
pablo rosario,223776,fcporto
stephen eustaquio,270505,fcporto
hwang in-beom,280061,fcporto
gabri veiga,307381,fcporto
alan varela,307601,fcporto
vasco sousa,332687,fcporto
victor froholdt,373520,fcporto
rodrigo mora,387204,fcporto
andre silva,270578,saopaulo
borja sainz,292268,fcporto
deniz gul,350513,fcporto
samu aghehowa,364815,fcporto
oskar pietuszewski,375383,fcporto
william gomes,376664,fcporto
ibrahima ba,105237,sportingcp
rodrigo zalazar,287494,sportingcp
koba koindredi,288920,sportingcp
sotiris alexandropoulos,290210,sportingcp
sergi altimira,331426,sportingcp
silas andersen,355408,sportingcp
issa doumbia,386592,sportingcp
charles,240557,corinthians
oliwier zych,312523,vitoriadeguimaraes
juan castillo,341739,vitoriadeguimaraes
gui,359933,vitoriadeguimaraes
rodrigo abascal,218262,vitoriadeguimaraes
orest lebedenko,286545,vitoriadeguimaraes
miguel maga,324007,vitoriadeguimaraes
oscar rivas,332660,vitoriadeguimaraes
joao mendes,332686,vitoriadeguimaraes
miguel nobrega,345742,vitoriadeguimaraes
yeimar mosquera,361427,vitoriadeguimaraes
thiago balieiro,361500,vitoriadeguimaraes
tony strata,362062,vitoriadeguimaraes
samu,206714,vitoriadeguimaraes
beni,297037,vitoriadeguimaraes
telmo arcanjo,304076,vitoriadeguimaraes
lohann doucet,333208,vitoriadeguimaraes
goncalo nogueira,345751,
matija mitrovic,370770,vitoriadeguimaraes
marco cruz,386265,vitoriadeguimaraes
santi verdi,403885,vitoriadeguimaraes
miguel nogueira,409828,vitoriadeguimaraes
oumar camara,252095,vitoriadeguimaraes
fabio gomez,320918,vitoriadeguimaraes
alioune ndoye,322491,vitoriadeguimaraes
vando felix,324487,vitoriadeguimaraes
gustavo da silva,351586,vitoriadeguimaraes
vignon ouotro,384523,vitoriadeguimaraes
dieu-merci michel,397537,vitoriadeguimaraes
ejike opara,405929,vitoriadeguimaraes
niclas thiede,274892,adodenhaag
kilian nikiema,294425,adodenhaag
sem eekhout,378247,adodenhaag
caleb kramer,408844,adodenhaag
connor ratford,409511,adodenhaag
sekou sylla,281140,adodenhaag
matteo waem,306880,adodenhaag
pascal mulder,330170,adodenhaag
milan hokke,338118,adodenhaag
lasse wilhelm,377594,adodenhaag
illaijh de ruijter,395146,adodenhaag
sanyika bergtop,409797,adodenhaag
jan zamburek,286352,adodenhaag
jalen hawkins,304046,adodenhaag
mylian jimenez,317286,adodenhaag
juho kilo,338244,adodenhaag
finn de bruin,378488,adodenhaag
dani van loenen,416390,adodenhaag
daryl van mieghem,164263,adodenhaag
nigel thomas,284787,adodenhaag
cameron peupion,297069,adodenhaag
evan rottier,304576,adodenhaag
barany donat,312908,adodenhaag
luka reischl,329481,adodenhaag
yannick eduardo,357092,adodenhaag
jesse bal,373792,adodenhaag
lucas franca,236200,santaclara
helio neneca,338678,santaclara
pedro pacheco,141692,santaclara
frederico venancio,177918,santaclara
lucas soares,271772,santaclara
diogo calila,285112,santaclara
douglas borel,285884,santaclara
alysson silva,289904,
mt,314863,santaclara
thauan lara,318172,santaclara
italo cabelinho,358771,santaclara
kamika,365815,santaclara
sidney,376490,bahia
edney silva,373813,
henrique silva,383095,
jose franco,417943,santaclara
emanuel moreira fernandes,3100806,santaclara
pedro ferreira,399075,
mateus ferreira,316658,santaclara
daniel borges,156502,mirassol
isaac,421506,palmeiras
andrey,334240,santaclara
tiago ribeiro,334366,santaclara
miguel pires,373599,santaclara
vitinho,287903,internacional
pedro jesus,392826,santaclara
jose tavares,403567,santaclara
luiz otavio ferreira viana,417262,santaclara
afonso ferreira duarte,3105950,
goncalo paciencia,215726,santaclara
welinton,290439,santaclara
vinicius,298067,santaclara
rildo,304530,santaclara
jader,322656,santaclara
brenner,257744,vascodagama
frederico silva,354100,santaclara
fernando,267902,redbullbragantino
henrique pereira,386925,santaclara
adriel,388806,santaclara
vital maia,399533,santaclara
tiago duarte,412880,santaclara
remko pasveer,83802,fctwente
lars unnerstall,148868,fctwente
issam el maach,264945,fctwente
yannick gerritsen,402998,fctwente
robin propper,169050,fctwente
bart van rooij,277855,fctwente
mees hilgers,304908,fctwente
max bruns,310724,fctwente
stav lemkin,340691,fctwente
aske adelgaard,347026,fctwente
krzysztof kurowski,371984,fctwente
ruud nijstad,399213,fctwente
guilherme peixoto,406780,fctwente
arno verschueren,214666,fctwente
thomas van den belt,277315,fctwente
ramiz zerrouki,290517,fctwente
mathias kjølø,293644,fctwente
kristian hlynsson,311168,fctwente
daouda weidmann,345579,fctwente
gijs besselink,359745,fctwente
harrie kuster,366306,fctwente
sondre ørjasaeter,379956,fctwente
marko pjaca,187956,fctwente
sam lammers,224042,fctwente
taylor booth,265872,fctwente
naci unuvar,297298,fctwente
daan rots,304905,fctwente
younes taha,324583,fctwente
sayfallah ltaief,342952,fctwente
lucas vennegoor of hesselink,379839,fctwente
etienne vaessen,227420,fcgroningen
rijk janse,306435,fcgroningen
lovro stubljar,347069,fcgroningen
stijn petiet,362898,fcgroningen
daan erdman,3116727,fcgroningen
marco rente,261212,fcgroningen
thijmen blokzijl,319298,fcgroningen
wouter prins,371412,fcgroningen
tyrique mercera,375666,fcgroningen
sven bouland,379550,fcgroningen
nikolas brandis,386562,fcgroningen
elvis laan,400799,fcgroningen
pelle clement,218947,fcgroningen
stije resink,310482,fcgroningen
tika de jonge,319297,fcgroningen
travis hearnes,349089,fcgroningen
jorg schreuders,352987,fcgroningen
tygo land,355957,fcgroningen
david van der werff,385716,fcgroningen
jismerai dillema,408836,fcgroningen
yenio holder,408839,fcgroningen
oskar zawada,206463,fcgroningen
brynjolfur willumsson,289883,fcgroningen
noam emeran,308228,fcgroningen
thom van bergen,351290,fcgroningen
nils eggens,378250,fcgroningen
mark hoekstra,408838,fcgroningen
ryan metu,417934,fcgroningen
stijn van gassel,196688,excelsior
celton biai,288895,excelsior
tijmen holla,395979,excelsior
simon janssen,278383,excelsior
hamdi akujobi,291225,excelsior
casper widell,303840,excelsior
rick meissen,305597,excelsior
stan hendrikx,324740,excelsior
jan plug,386880,excelsior
nolan martens,399246,excelsior
osman turay,403896,excelsior
marlon van de wetering,408214,excelsior
gijs van den berg,246424,excelsior
mathijs tielemans,310133,excelsior
lennard hartjes,321080,excelsior
noah naujoks,321341,excelsior
daniel van vianen,328957,excelsior
irakli yegoian,343207,excelsior
valentin sulzbacher,365032,excelsior
guilliano cairo,388590,excelsior
noa el hamdaoui,413914,excelsior
yacqub hassan muse finey,3100786,excelsior
david garden,328982,excelsior
gyan de regt,332656,excelsior
nesto groen,344197,excelsior
kasey bos,366388,excelsior
ilano silva timas,387986,excelsior
jeroen zoet,130177,azalkmaar
hobie verhulst,150166,azalkmaar
jari de busser,255740,azalkmaar
rome-jayden owusu-oduro,332466,azalkmaar
jur schipper,360261,azalkmaar
mees de wit,261596,azalkmaar
denso kasius,299530,azalkmaar
alexandre penetra,306510,azalkmaar
maxim dekker,318531,azalkmaar
wouter goes,329972,azalkmaar
seiya maikuma,333892,azalkmaar
lewis schouten,334064,azalkmaar
billy van duijl,340532,azalkmaar
elijah dijkstra,343924,azalkmaar
rion ichihara,362961,azalkmaar
mateo chavez,379193,azalkmaar
sam de grand,384654,azalkmaar
andrea natali,386238,azalkmaar
mathijs menu,394410,azalkmaar
jesper zwart,409683,azalkmaar
jordy clasie,150199,azalkmaar
calvin stengs,248677,azalkmaar
peer koopmeiners,269610,azalkmaar
dave kwakman,346269,azalkmaar
kees smit,353365,azalkmaar
rio robbemond,380172,azalkmaar
matej sin,382643,azalkmaar
ibrahim sadiq,266593,azalkmaar
jizz hornkamp,268688,azalkmaar
troy parrott,279790,azalkmaar
mayckel lahdo,304257,azalkmaar
isak jensen,309651,azalkmaar
sem van duijn,325219,azalkmaar
mexx meerdink,332465,azalkmaar
ro-zangelo daal,338775,azalkmaar
weslley patati,338959,azalkmaar
jasper hartog,347443,azalkmaar
ayoub oufkir,389354,azalkmaar
wassim bouziane,398766,azalkmaar
bendeguz kovacs,408528,azalkmaar
nick marsman,150070,goaheadeagles
kjetil haug,261423,goaheadeagles
nando verdoni,334352,goaheadeagles
gerrit nauber,153764,goaheadeagles
joris kramer,218424,goaheadeagles
alfons sampsted,237839,goaheadeagles
dean james,304868,goaheadeagles
julius dirksen,312142,goaheadeagles
giovanni van zwam,318573,goaheadeagles
pim saathof,346986,goaheadeagles
eus waayers,361534,goaheadeagles
melle meulensteen,258453,goaheadeagles
evert linthorst,272716,goaheadeagles
soren tengstedt,289301,goaheadeagles
jakob breum,303769,goaheadeagles
calvin twigt,307375,goaheadeagles
mathis suray,308091,goaheadeagles
robbin weijenberg,346985,goaheadeagles
yassir rahmouni,406247,goaheadeagles
richonell margaret,285014,goaheadeagles
stefan ingi sigurdarson,293395,goaheadeagles
oskar siira sivertsen,303498,goaheadeagles
thibo baeten,308986,goaheadeagles
victor edvardsen,313972,goaheadeagles
ofosu boakye,400957,goaheadeagles
dani tijman,415246,goaheadeagles
charlie setford,317284,ajaxamsterdam
daley blind,126489,ajaxamsterdam
ahmetcan kaplan,306806,ajaxamsterdam
tristan gooijer,336542,ajaxamsterdam
dies janse,368818,ajaxamsterdam
fouad zahouani,376342,ajaxamsterdam
jahyendrow amour,415089,ajaxamsterdam
marcos leonardo,304571,ajaxamsterdam
tolu arokodare,305372,ajaxamsterdam
michael brouwer,177022,fcutrecht
vasilios barkas,223162,fcutrecht
kevin gadellaa,313006,fcutrecht
mees eppink,359675,fcutrecht
justin eversen,397993,fcutrecht
siebe horemans,240351,fcutrecht
arthur zagre,266190,fcutrecht
mike eerdhuijzen,278644,fcutrecht
guus offerhaus,304595,fcutrecht
matisse didden,315705,fcutrecht
niklas vesterlund,319262,fcutrecht
neville nwankwo,352629,fcutrecht
emeka adeile,358580,fcutrecht
per kloosterboer,365391,fcutrecht
jamie schuldes,388684,fcutrecht
viggo plantinga,406251,fcutrecht
joris van overeem,159252,fcutrecht
kevin paredes,183529,fcutrecht
dani de wit,250528,fcutrecht
victor jensen,263618,fcutrecht
davy van den berg,291665,fcutrecht
can bozdogan,303790,fcutrecht
alonzo engwanda,321347,fcutrecht
zidane iqbal,325549,fcutrecht
rafik el arguioui,337056,fcutrecht
oualid agougil,355506,fcutrecht
jaygo van ommeren,399048,fcutrecht
david min,251979,fcutrecht
yoann cathline,305670,fcutrecht
noah ohio,312759,fcutrecht
miliano jonathans,340232,fcutrecht
adrian blake,340665,fcutrecht
angel alarcon,357698,fcutrecht
artem stepanov,390471,fcutrecht
bjorn menzo,399047,fcutrecht
dani bouchta,422003,fcutrecht
ilyes hamache,323989,sccambuur
thijs jansen,298565,sccambuur
jasper meijster,343579,sccambuur
matthijs kalisvaart,406925,sccambuur
jannick coehoorn,414176,sccambuur
rik mulders,292770,sccambuur
jamal amofa,306047,sccambuur
jorn berkhout,306401,sccambuur
ismael baouf,364402,sccambuur
jelte priem,391955,sccambuur
morgan costarelli,394751,sccambuur
amar bakkati,397118,sccambuur
buddy vogelzang,406926,sccambuur
fabian kvam,418062,sccambuur
nicky souren,259186,sccambuur
daan visser,402838,sccambuur
wiebe van der heide,408553,sccambuur
yme bruinsma,412287,sccambuur
danyello look,416391,sccambuur
ethan apkakou,416657,sccambuur
wessel van der goot,421840,sccambuur
nicolas binder,338919,sccambuur
wiebe kooistra,364992,sccambuur
iwan henstra,370607,sccambuur
liam bossin,226979,feyenoordrotterdam
tjark ernst,335870,feyenoordrotterdam
mannou berger,345509,feyenoordrotterdam
bart nieuwkoop,215172,feyenoordrotterdam
jerry st. juste,215524,feyenoordrotterdam
mats deijl,218529,feyenoordrotterdam
jordan lotomba,238878,feyenoordrotterdam
gijs smal,240911,feyenoordrotterdam
anel ahmedhodzic,245857,feyenoordrotterdam
tsuyoshi watanabe,276279,feyenoordrotterdam
neraysho kasanwirjo,292393,feyenoordrotterdam
thomas beelen,324952,feyenoordrotterdam
jordan bos,328541,feyenoordrotterdam
mika marmol,332573,feyenoordrotterdam
givairo read,337084,feyenoordrotterdam
tijme wessels,3102195,feyenoordrotterdam
twan schens,3106341,feyenoordrotterdam
luka ivanusec,228334,feyenoordrotterdam
charles vanhoutte,276260,feyenoordrotterdam
sem steijn,277106,feyenoordrotterdam
jakub moder,287461,feyenoordrotterdam
oussama targhaline,313354,feyenoordrotterdam
luciano valente,319296,feyenoordrotterdam
thijs kraaijeveld,343202,feyenoordrotterdam
gjivai zechiel,365021,feyenoordrotterdam
tobias van den elshout,399714,feyenoordrotterdam
hakeem agboluaje,415968,feyenoordrotterdam
jerayno schaken,415969,feyenoordrotterdam
arman nahany,417645,feyenoordrotterdam
illai grootfaam,421381,feyenoordrotterdam
ilian hadidi,422403,feyenoordrotterdam
ayase ueda,274277,feyenoordrotterdam
casper tengstedt,306664,feyenoordrotterdam
goncalo borges,332362,feyenoordrotterdam
anis hadj moussa,341711,feyenoordrotterdam
nacho ferri,364582,feyenoordrotterdam
stephano carrillo,371478,feyenoordrotterdam
aymen sliti,388327,feyenoordrotterdam
gaoussou diarra,402344,feyenoordrotterdam
jivayno zinhagel,406923,feyenoordrotterdam
matteo malasomma,408540,feyenoordrotterdam
shaqueel van persie,415052,feyenoordrotterdam
izu onunta,3106342,feyenoordrotterdam
andries noppert,190983,heerenveen
jan bekkema,239685,heerenveen
bernt klaverboer,358318,heerenveen
timo schreuder,408546,heerenveen
sam kersten,241526,heerenveen
vasilios zagaritis,290209,heerenveen
hristiyan petrov,323268,heerenveen
maas willemsen,324484,heerenveen
nikolai hopland,333779,heerenveen
oliver braude,364727,heerenveen
mats egbring,367664,heerenveen
darling bladi,377851,heerenveen
robin bouw,397714,heerenveen
ingmar mulder,418502,heerenveen
luuk brouwers,218528,heerenveen
ringo meerveld,291972,heerenveen
dirk proper,296510,heerenveen
maxence rivera,301323,heerenveen
levi smans,324739,heerenveen
marcus linday,378834,heerenveen
kai jansen,401302,heerenveen
nolhan courtens,407207,heerenveen
dylan vente,253396,heerenveen
luca oyen,303548,heerenveen
jacob trenskow,308051,heerenveen
lanroy machine,403320,heerenveen
jermaine rijssel,408544,heerenveen
kirayno schaken,415191,heerenveen
clayton bonevacia,422190,heerenveen
luuk koopmans,151900,fortunasittard
mattijs branderhorst,155965,fortunasittard
ramazan bayram,384165,fortunasittard
lars van parys,418498,fortunasittard
ivo pinto,132666,fortunasittard
daley sinkgraven,190986,fortunasittard
nick de groot,195965,fortunasittard
ivan marquez,250659,fortunasittard
shawn adewoye,277375,fortunasittard
syb van ottele,297295,fortunasittard
jasper dahlhaus,305616,fortunasittard
siebe wylin,328988,fortunasittard
justin hubner,346817,fortunasittard
alhaji bah,403414,fortunasittard
alen halilovic,179195,fortunasittard
mohamed ihattaren,284701,fortunasittard
yassin oukili,300592,fortunasittard
edouard michut,304738,fortunasittard
philip brittijn,324486,fortunasittard
sven simons,336547,fortunasittard
shiloh ’t zand,338120,fortunasittard
luka tunjic,387950,fortunasittard
hasip korkmazyurek,392583,fortunasittard
moussa gbemou,408556,fortunasittard
amin laoukili,411886,fortunasittard
wassim elasri,415966,fortunasittard
ganni buyukhan,422189,fortunasittard
kristoffer peterson,196353,fortunasittard
anthony descotte,299929,fortunasittard
lequincio zeefuik,318386,fortunasittard
owen johnson,376042,fortunasittard
ronald koeman,79505,telstar
daan reiziger,284790,telstar
tyrick bodak,297542,telstar
finn mulder,399284,telstar
marvin peersman,179181,telstar
jeff hardeveld,200158,telstar
nigel ogidi nwankwo,281027,telstar
abdelnour soualhia,356706,telstar
mano olfers,367650,telstar
gerald alders,368817,telstar
abdelraffie benzzine,388595,telstar
rojendro oudsten,408545,telstar
amin bouchouari,419027,telstar
tyrone owusu,306461,telstar
nils rossen,332709,telstar
prince aning,344668,telstar
isaiah ahmed,388723,telstar
rayyan koubini,404628,telstar
noach shenkman,411548,telstar
kay tejan,240916,telstar
patrick brouwer,306445,telstar
rui mendes,324448,telstar
emirhan demircan,352177,telstar
soufiane hetli,372971,telstar
jelani seedorf,397194,telstar
fabiano rust,406918,telstar
gonzalo crettaz,292223,necnijmegen
martijn overmars,388586,necnijmegen
freek entius,398044,necnijmegen
bram nuytinck,140350,necnijmegen
thomas ouwejan,223312,necnijmegen
perr schuurs,233894,necnijmegen
philippe sandler,239999,necnijmegen
brayann pereira,332960,necnijmegen
deveron fonville,335203,necnijmegen
tobias storm,345556,necnijmegen
yassin moslih,409658,necnijmegen
douwe vernooij,418005,necnijmegen
mees rensen,420331,necnijmegen
tjaronn chery,116893,necnijmegen
jamiro monteiro,227441,necnijmegen
darko nejasmic,276579,necnijmegen
willum thor willumsson,285471,necnijmegen
isak hansen-aarøen,308227,necnijmegen
noe lebreton,340685,necnijmegen
kodai sano,341715,necnijmegen
sami ouaissa,346896,necnijmegen
adam tahaui,388585,necnijmegen
yousri sbai,399545,necnijmegen
sam de laat,408764,necnijmegen
merijn van de wiel,411167,necnijmegen
dusan tadic,122575,necnijmegen
bryan linssen,122954,necnijmegen
vito van crooij,200194,necnijmegen
emre mor,231279,necnijmegen
koki ogawa,238016,necnijmegen
kaj sierhuis,250529,necnijmegen
kevin kers,363412,necnijmegen
clement bischoff,372851,necnijmegen
jesaja mustapha,414285,necnijmegen
joel drommel,207780,psveindhoven
khadim ngom,388575,psveindhoven
kane aerts,3114964,psveindhoven
adamo nagalo,316073,psveindhoven
madi monamay,354895,psveindhoven
essien bassey,365392,psveindhoven
sven mijnans,287279,psveindhoven
sol sidibe,366851,psveindhoven
boet mulders,397193,psveindhoven
shuryjano cornecion,416395,psveindhoven
sami bouhoudane,381613,psveindhoven
gino verhulst,406903,psveindhoven
fabio kluit,406997,psveindhoven
austyn jones,410911,psveindhoven
amir bouhamdi,414396,psveindhoven
jasper schendelaar,263619,peczwolle
duke verduin,321101,peczwolle
tom de graaff,330425,peczwolle
nick dobben,398717,peczwolle
len bakker,410790,peczwolle
scott calderwood,67437,peczwolle
nick viergever,131354,peczwolle
sherel floranus,224786,peczwolle
simon graves,271210,peczwolle
tijs velthuis,295628,peczwolle
tobias sommer,313342,peczwolle
olivier aertssen,333618,peczwolle
damian van der haar,333760,peczwolle
dylan ruward,379188,peczwolle
jayden holtman,414069,peczwolle
ryan thomas,156146,peczwolle
odysseus velanas,239353,peczwolle
thijs oosting,272329,peczwolle
nick fichtinger,365026,peczwolle
gabriel reiziger,386853,peczwolle
givaro rahajaan,408619,peczwolle
jadiel pereira da gama,408620,peczwolle
lasse aelbers,414063,peczwolle
corean drost,414363,peczwolle
gilles van der wal,415365,peczwolle
younes namli,215159,peczwolle
koen kostons,241527,peczwolle
elias sorensen,279756,peczwolle
dylan mbayo,286854,peczwolle
ibrahim cissoko,297340,peczwolle
maxim de troije,422249,peczwolle
filip bednarek,167731,spartarotterdam
pascal kuiper,308016,spartarotterdam
rik suur,422191,spartarotterdam
bruno martins indi,149301,spartarotterdam
bas kuipers,188458,spartarotterdam
boyd reith,272032,spartarotterdam
teo quintero,300260,spartarotterdam
nick verschuren,368324,spartarotterdam
max de ligt,372845,spartarotterdam
marvin young,388712,spartarotterdam
giannino vianello,408790,spartarotterdam
justice esser,422248,spartarotterdam
jens toornstra,142517,spartarotterdam
julian baas,304485,spartarotterdam
alwande roaldsoy,364725,spartarotterdam
ayoni santos,405673,spartarotterdam
robin van cruijsen,408739,spartarotterdam
lushendry martes,415046,spartarotterdam
younes el meftahi,415459,spartarotterdam
mitchell van bergen,231832,spartarotterdam
shunsuke mito,297252,spartarotterdam
joel ideho,310292,spartarotterdam
casper terho,320298,spartarotterdam
milan zonneveld,324585,spartarotterdam
nokkvi thorisson,356979,spartarotterdam
wouter van der steen,152989,willemii
thomas didillon,188221,willemii
karst de leeuw,397856,willemii
boet van der linden,408847,willemii
vince van der bas,409823,willemii
tygo kotte,414529,willemii
hidde ter avest,208840,willemii
alessandro ciranni,232390,willemii
justin hoogma,234375,willemii
nathan tjoe-a-on,291612,willemii
finn stam,320464,willemii
mats lemmens,347344,willemii
amine et-taibi,363130,willemii
jens mathijsen,388667,willemii
feliciano de ruijeter,408845,willemii
kayen scheepens,418777,willemii
jari schuurman,215171,willemii
amine lachkar,352535,willemii
kasper boogaard,380174,willemii
anass zarrouk,388593,willemii
per van loon,388668,willemii
uriel van aalst,397219,willemii
julian van esdonk,421271,willemii
stef schreuders,3099043,willemii
thomas verheydt,195865,willemii
devin haen,315631,willemii
jaden slory,344195,willemii
eser gurbuz,395480,willemii
lasse abildgaard,402840,willemii
pieter van maarschalkerwaard,408846,willemii
armin culum,409864,willemii
yahia fofana,261595,caykurrizespor
zafer gorgen,292144,caykurrizespor
efe dogan,400055,caykurrizespor
tayyib talha sanuc,245506,caykurrizespor
attila mocsi,260782,caykurrizespor
modibo sagnan,266162,caykurrizespor
khusniddin alikulov,303122,caykurrizespor
anil yasar,322822,caykurrizespor
huseyincan kirikci,367569,caykurrizespor
taha sahin,367665,caykurrizespor
siaka bakayoko,373422,caykurrizespor
habil ozbakir,384648,caykurrizespor
zakaria ariss,388794,caykurrizespor
furkan orak,406846,caykurrizespor
taylan antalyali,218618,caykurrizespor
qazim laci,226180,caykurrizespor
dal varesanovic,291634,caykurrizespor
mithat pala,306808,caykurrizespor
altin zeqiri,326656,caykurrizespor
mame faye,362282,caykurrizespor
muhamed buljubasic,364028,caykurrizespor
eren emre aydin,367640,caykurrizespor
muhammed baltaci,404751,caykurrizespor
yakup ayan,413228,caykurrizespor
ali sowe,174010,caykurrizespor
valentin mihaila,267008,caykurrizespor
ibrahim olawoyin,299572,caykurrizespor
adedire mebude,328463,caykurrizespor
emrecan bulut,365404,caykurrizespor
paulo victor,252544,botafogo
yusuf karagoz,324707,alanyaspor
mert bayram,387503,alanyaspor
fidan aliti,202173,alanyaspor
florent hadergjonaj,212334,alanyaspor
fatih aksoy,240971,alanyaspor
nuno lima,324561,alanyaspor
bedirhan ozyurt,337894,alanyaspor
umit akdag,340741,alanyaspor
batuhan yavuz,400057,alanyaspor
ianis hagi,240062,alanyaspor
enes keskin,290205,alanyaspor
gaius makouta,297014,alanyaspor
maestro,297033,alanyaspor
yusuf ozdemir,308850,alanyaspor
izzet celik,322811,alanyaspor
emirhan cavus,368001,alanyaspor
meschack elia,232492,alanyaspor
hwang ui-jo,236628,alanyaspor
veysel unal,291659,alanyaspor
ruan,268693,atleticomg
ibrahim kaya,387821,alanyaspor
arda usluoglu,392055,alanyaspor
omar ben ali,397071,alanyaspor
mert gunok,124880,fenerbahce
irfan can egribayat,241797,fenerbahce
tarik cetin,275128,fenerbahce
engin biterge,396411,fenerbahce
milan skriniar,175195,fenerbahce
nelson semedo,222670,fenerbahce
caglar soyuncu,230757,fenerbahce
rodrigo becao,231291,fenerbahce
mert muldur,266002,fenerbahce
munir mercan,290511,fenerbahce
jayden oosterwolde,304866,fenerbahce
archie brown,320982,fenerbahce
yigit demir,340186,
fred,161559,fenerbahce
n'golo kante,173556,fenerbahce
marco asensio,195821,fenerbahce
talisca,201625,fenerbahce
irfan can kahveci,211923,fenerbahce
emre demir,238638,fenerbahce
matteo guendouzi,248676,fenerbahce
mert yandas,261302,fenerbahce
ismail yuksek,305629,fenerbahce
bartug elmaz,311984,fenerbahce
abdou fall,371538,fenerbahce
cengiz under,239706,fenerbahce
vedat muriqi,240209,fenerbahce
anthony musaba,286947,fenerbahce
kerem akturkoglu,306789,fenerbahce
oguz aydin,322813,fenerbahce
nene dorgeles,329486,fenerbahce
cagri fedai,360883,fenerbahce
sidiki cherif,366817,fenerbahce
amara diouf,370414,fenerbahce
alaettin ekici,416476,fenerbahce
adem yesilyurt,3100680,fenerbahce
kacper tobiasz,320305,gaziantepfk
yusuf nacar,404757,gaziantepfk
ibrahim alk&#305;s,404758,gaziantepfk
cemilhan aslan,415406,gaziantepfk
luis perez,110633,gaziantepfk
myenty abena,200981,gaziantepfk
florin stefan,259647,gaziantepfk
nazim sangare,261361,gaziantepfk
salem m'bakata,276378,gaziantepfk
arda kizildag,292078,gaziantepfk
kerim calhanoglu,310965,gaziantepfk
onur basyigit,367658,gaziantepfk
sabahattin destici,3115974,gaziantepfk
alexandru maxim,173816,gaziantepfk
juninho bacuna,216287,gaziantepfk
ulrich meleke,257066,gaziantepfk
drissa camara,281531,gaziantepfk
kacper kozlowski,316281,gaziantepfk
ogun ozcicek,325025,gaziantepfk
victor gidado,385702,gaziantepfk
taha gunes,397774,gaziantepfk
karamba gassama,405892,gaziantepfk
burak yikici,408564,gaziantepfk
muhammet akmelek,415407,gaziantepfk
yusuf delen,3115973,gaziantepfk
deian sorescu,240542,gaziantepfk
fuat bavuk,296839,gaziantepfk
mirza cihan,308860,gaziantepfk
enver kulasin,321151,gaziantepfk
trivante stewart,354198,gaziantepfk
ali ablak,388784,gaziantepfk
ali osman kalin,403697,gaziantepfk
jankat yilmaz,324895,
cem efe eroglu,3102520,galatasaray
victor nelsson,241138,galatasaray
kazimcan karatas,301345,galatasaray
elias jelert,329755,galatasaray
ali bulbul,345238,galatasaray
yusuf sivaslıoglu,3102519,galatasaray
lesley ugochukwu,309563,galatasaray
eyup aydin,346757,galatasaray
sirachan nas,367713,galatasaray
berat yilmaz,407330,
halil dervisoglu,273296,galatasaray
recep dilek,390401,galatasaray
berat lus,392690,galatasaray
arda tagay,3102518,galatasaray
veysel sapan,225652,amedsfk
alban lafont,231282,amedsfk
adbulsamed damlu,271165,amedsfk
mustafa burak boznan,297997,amedsfk
yakup girisen,3105618,amedsfk
david bates,190262,amedsfk
kahraman demirtapa,240381,amedsfk
umut meras,272195,amedsfk
mehmet yesil,275141,amedsfk
lumbardh dellova,289594,amedsfk
amadou cisse,397220,amedsfk
celal hanalp,3105613,amedsfk
erkan sasa,3105615,amedsfk
mirac acer,3105616,amedsfk
ayaz arslan,3105617,amedsfk
furkan soyalp,204793,amedsfk
sinan kurt,210791,amedsfk
rayan raveloson,213101,amedsfk
cekdar orhan,324708,amedsfk
cem ustundag,345431,amedsfk
muhammed hasan yıldırım,3105622,amedsfk
cıvan suer,3105626,amedsfk
daniel moreno,106065,amedsfk
dia saba,168385,amedsfk
mbaye diagne,193526,amedsfk
florent hasani,257900,amedsfk
ermal krasniqi,342759,amedsfk
berk kizildemir,350957,amedsfk
gift orban,356402,amedsfk
emrullah ertus,3105620,amedsfk
emre bilgin,164414,besiktas
alexander nubel,205750,besiktas
dogan alemdar,278790,besiktas
emir yasar,368542,besiktas
amir murillo,216420,besiktas
felix uduokhai,233499,besiktas
emir han topcu,280711,besiktas
tiago djalo,283682,besiktas
ridvan yilmaz,283691,
emmanuel agbadou,308449,besiktas
yasin ozcan,346213,
taylan bulut,372033,besiktas
cumali gursel,3107401,besiktas
wilfred ndidi,187638,besiktas
milot rashica,220705,besiktas
amir hadziahmetovic,221961,besiktas
orkun kokcu,272700,besiktas
kartal kayra yilmaz,283930,besiktas
junior olaitan,319985,besiktas
fahri kerem ay,384013,besiktas
vaclav cerny,217476,besiktas
oh hyeon-gyu,302434,besiktas
semih kilicsoy,345212,besiktas
mustafa hekimoglu,368543,besiktas
devrim sahin,411065,besiktas
ahmet bircan,416475,besiktas
luka gugeshashvili,258926,goztepe
mehmet ozturk,266196,goztepe
arda ozcimen,284251,goztepe
noah sonko sundberg,195086,goztepe
santos,153754,athleticopr
malcom bokele,319440,goztepe
novatus miroshi,320217,goztepe
furkan bayir,324812,goztepe
taha altikardes,330711,goztepe
amine cherni,364744,goztepe
ogun bayrak,387304,goztepe
ege yildirim,387319,goztepe
efkan bekiroglu,271737,goztepe
alexis antunes,290184,goztepe
rhaldney,303072,goztepe
musah mohammed,325867,goztepe
alex matos,335913,goztepe
izzet furkan,340586,goztepe
anthony dennis,387315,goztepe
yusuf ali sirin,422021,goztepe
juan,297074,goztepe
arda okan kurtulan,325022,goztepe
sinclair armstrong,330006,goztepe
andre henrique,361901,goztepe
ibrahim sabra,369432,goztepe
tibet durakcay,398495,goztepe
guilherme luiz,400878,goztepe
horatiu moldovan,285799,eyupspor
umut keseci,418730,eyupspor
arda yavuz,123069,eyupspor
jawad el yamiq,232461,eyupspor
zak jules,241321,eyupspor
calegari,290135,eyupspor
fethi ozer,291771,eyupspor
talha ulvan,346890,eyupspor
erdem gokce,387305,eyupspor
gilbert mendy,410758,eyupspor
berhan satli,415391,eyupspor
diabel ndoye,418612,eyupspor
tashkin ilter,196296,eyupspor
konrad michalak,249364,eyupspor
mete demir,259114,eyupspor
chandrel geraud massanga,318659,eyupspor
hamza akman,340085,eyupspor
david costa,373611,eyupspor
charles-andre raux yao,378017,eyupspor
erdem calik,379306,eyupspor
bugra cagliyan,406833,eyupspor
christ sadia,410757,eyupspor
ismaila manga,418609,eyupspor
dorin rotariu,239835,eyupspor
lenny pintor,266284,eyupspor
metehan altunbas,287207,eyupspor
berkay kumlu,387328,eyupspor
abdou sy,418611,eyupspor
bahad&#305;r han gungordu,275956,konyaspor
deniz ertas,356185,konyaspor
egemen aydin,392695,konyaspor
josip calusic,188002,konyaspor
yhoan andzouana,229690,konyaspor
chidozie awaziem,233720,konyaspor
adil demirbag,274270,konyaspor
ugurcan yazgili,277382,konyaspor
rayyan baniya,324814,konyaspor
arif bosluk,355367,konyaspor
da mata,371495,konyaspor
muzaffer eris,395437,konyaspor
enis bardhi,218104,konyaspor
diogo goncalves,238896,konyaspor
berkan kutlu,292252,konyaspor
melih ibrahimoglu,296563,konyaspor
morten bjorlo,333792,konyaspor
adem kabak,345774,konyaspor
deniz turuc,177065,konyaspor
jackson muleka,273223,konyaspor
ebrima colley,287077,konyaspor
blaz kramer,290216,konyaspor
tunahan tasci,306552,konyaspor
mehmet ali buyuksayar,347076,konyaspor
emir bars,365038,konyaspor
onurcan piri,187744,kocaelispor
aleksandar jovanovic,206033,kocaelispor
serhat oztasdelen,408090,kocaelispor
massadio haidara,154532,kocaelispor
anfernee dijksteel,246924,kocaelispor
tayfur bingol,261307,kocaelispor
onur oztonga,290462,kocaelispor
ugur kaan yildiz,295169,
emir ortakaya,310848,kocaelispor
tanguy zoukrou,324657,kocaelispor
muharrem cinan,406835,kocaelispor
mikdat cil,406854,kocaelispor
deniz ceylan,419590,kocaelispor
makana baku,269467,kocaelispor
show,272027,kocaelispor
habib keita,308517,kocaelispor
joseph nonge,355998,kocaelispor
mahamadou susoho,365331,kocaelispor
samet yalcin,387309,kocaelispor
ege bilim,406849,kocaelispor
haydar karatas,415162,kocaelispor
daniel agyei,142521,kocaelispor
bruno petkovic,182097,kocaelispor
rigoberto rivas,256895,kocaelispor
ahmet sagat,365739,kocaelispor
bedirhan yildiz,406842,kocaelispor
arda ozyar,419831,kocaelispor
andreas gianniotis,178360,kasimpasa
ramazan ozkanli,324125,kasimpasa
ali yanar,366757,kasimpasa
kamil ahmet corekci,154362,kasimpasa
claudio winck,159052,kasimpasa
nicholas opoku,256836,kasimpasa
matei ilie,307848,kasimpasa
godfried frimpong,323039,kasimpasa
taylan aydin,361678,kasimpasa
adnan aktas,369479,kasimpasa
ayberk karapo,369974,kasimpasa
jakob jessen,406539,kasimpasa
adem arous,410358,kasimpasa
ahmet taha dagbasi,418731,kasimpasa
kerem demirbay,188053,kasimpasa
haris hajradinovic,191946,kasimpasa
cafu,193180,kasimpasa
mortadha ben ouanes,273170,kasimpasa
andri fannar baldursson,298404,kasimpasa
atakan mujde,324810,kasimpasa
oguzhan yilmaz,345867,kasimpasa
elson mendes da silva,378253,kasimpasa
burak gultekin,418729,kasimpasa
stann elysee dalo,3114976,kasimpasa
fousseni diabate,219463,kasimpasa
kubilay kanatsizkus,236378,kasimpasa
mamadou fall,387925,stlouiscitysc
habib gueye,256674,kasimpasa
guven yalcin,266003,kasimpasa
ali yavuz kol,276799,kasimpasa
yusuf barasi,284718,kasimpasa
adrian benedyczak,288482,kasimpasa
sarp yavrucu,333932,kasimpasa
erdem cetinkaya,345866,kasimpasa
marcus rafferty,364830,kasimpasa
emirhan yi&#287;it,367548,kasimpasa
sinan alkas,372924,kasimpasa
thiemoko diarra,378208,kasimpasa
berk yildizli,403338,kasimpasa
emirhan boz,3114977,kasimpasa
mecit sercan deniz,3114978,kasimpasa
okan kocuk,217643,samsunspor
bilal biyazit,282774,samsunspor
efe toruz,397294,samsunspor
efe ustun,408771,samsunspor
toni borevkovic,275239,samsunspor
logi tomasson,305194,samsunspor
josafat mendes,323272,samsunspor
yunus emre cift,338308,samsunspor
bedirhan cetin,365745,samsunspor
enes albak,365761,samsunspor
haluk tan,377770,samsunspor
kerem fidan,379309,samsunspor
ali tarkan,395640,samsunspor
ali diabate,417377,
elliot watt,252392,samsunspor
emre kilinc,261298,samsunspor
antoine makoumbou,269143,samsunspor
celil yuksel,272734,samsunspor
yalcin kayan,277435,samsunspor
samed onur,311429,samsunspor
emre koroglu,376456,samsunspor
ebrima ceesay,408769,samsunspor
tahsin bulbul,410999,samsunspor
cheick tidiane diabate,3108683,samsunspor
cherif ndiaye,251924,samsunspor
arbnor muja,257897,samsunspor
fatih kaya,273301,samsunspor
marius mouandilmadji,276831,samsunspor
elayis tavsan,283431,samsunspor
tanguy coulibaly,290726,samsunspor
richie omorowa,316173,samsunspor
kouadou assoumou,345372,samsunspor
alper efe pazar,365748,samsunspor
saikuba jarju,417378,samsunspor
volkan babacan,108303,istanbulbasaksehir
muhammed sengezer,241800,istanbulbasaksehir
deniz dilmen,307274,istanbulbasaksehir
luca stancic,406478,istanbulbasaksehir
onur bulut,173335,istanbulbasaksehir
christopher operi,249072,istanbulbasaksehir
ousseynou ba,260231,istanbulbasaksehir
jerome opoku,261505,istanbulbasaksehir
festy ebosele,290106,istanbulbasaksehir
emin bayram,299391,istanbulbasaksehir
michal karbownik,305864,istanbulbasaksehir
hamza gureler,379645,istanbulbasaksehir
edin visca,154647,istanbulbasaksehir
omer sahiner,193147,istanbulbasaksehir
olivier kemen,212149,istanbulbasaksehir
berkay ozcan,241168,istanbulbasaksehir
umut gunes,266576,istanbulbasaksehir
berat ozdemir,292081,istanbulbasaksehir
onur ergun,305571,istanbulbasaksehir
abbosbek fayzullaev,317793,istanbulbasaksehir
jakub kaluzinski,341702,istanbulbasaksehir
mohamed fofana,368002,istanbulbasaksehir
abdoulaye yoro,399694,istanbulbasaksehir
davie selke,196032,istanbulbasaksehir
eldor shomurodov,216937,istanbulbasaksehir
nuno da costa,224798,istanbulbasaksehir
andreas skov olsen,259707,istanbulbasaksehir
yusuf sari,262947,istanbulbasaksehir
matchoi djolo,290503,istanbulbasaksehir
ivan brnic,306611,istanbulbasaksehir
bertug yildirim,324813,istanbulbasaksehir
berkay aslan,406782,istanbulbasaksehir
kieran o'hara,226137,dundee
harrison sharp,277565,dundee
owen goodman,330618,dundee
brad halliday,191368,dundee
ryan astley,281115,dundee
imari samuels,306493,dundee
idris odutayo,307167,dundee
owen bevan,348298,
charley oosenbrugh,408829,dundee
drey wright,175005,dundee
callum jones,192641,dundee
ethan hamilton,271166,dundee
finlay robertson,288581,dundee
ryan finnigan,310358,dundee
zan besir,342852,dundee
joe bevan,352390,dundee
ethan crombie,407316,dundee
simon murray,155542,dundee
alan forrest,190289,dundee
charlie reilly,280216,dundee
joe westley,379622,dundee
ashley hay,398284,dundee
ryan bland,408834,dundee
ahmet yildirim,31006,trabzonspor
andre onana,215340,trabzonspor
onuralp cevikkan,365027,trabzonspor
erol colak,403336,trabzonspor
stefan savic,150541,trabzonspor
mustafa eskihellac,270325,trabzonspor
cenk ozkacar,301348,trabzonspor
samet akaydin,322807,trabzonspor
wagner pina,365810,trabzonspor
chibuike nwaiwu,391744,trabzonspor
taha ince,404648,trabzonspor
ahmet tekke,417814,trabzonspor
mustafa kuzey akcay,3112088,trabzonspor
john lundstram,159450,trabzonspor
okay yokuslu,169512,trabzonspor
ozan tufan,177084,trabzonspor
ruslan malinovskyi,208789,trabzonspor
batista mendy,265917,trabzonspor
aral simsir,303000,trabzonspor
benjamin bouchouari,304683,trabzonspor
ernest muci,305542,trabzonspor
melih kabasakal,305565,trabzonspor
goktan gurpuz,306932,trabzonspor
tim jabol-folcarelli,315227,trabzonspor
arsenii batahov,326671,trabzonspor
salih malkocoglu,363186,trabzonspor
yigithan cubukcu,403175,trabzonspor
oguzhan ertem,417813,trabzonspor
paul onuachu,221738,trabzonspor
mehmet umut nayir,224357,trabzonspor
umut bozok,252159,trabzonspor
denis dragus,262595,trabzonspor
cihan canak,321113,trabzonspor
metehan mimaroglu,323056,trabzonspor
zekeriya bulut,387391,trabzonspor
rene muteba,403318,trabzonspor
noah saviolo,410817,trabzonspor
thierry darnel karadeniz,3100704,trabzonspor
marcos felipe,191997,corumfk
erhan erenturk,330710,corumfk
arif simsir,387502,corumfk
cemali sertel,287209,corumfk
kerem kalafat,290198,corumfk
hrvoje smolcic,292170,corumfk
serdar saatci,308739,corumfk
andrei borza,335861,corumfk
sinan osmanoglu,344560,corumfk
taha ibrahim rencber,3106688,corumfk
arda hilmi sengul,3106689,corumfk
fredy,205323,corumfk
ferhat yazgan,212272,corumfk
atakan akkaynak,231175,corumfk
ylber ramadani,237455,corumfk
ahmed ildiz,249073,corumfk
gokhan sazdagi,292231,corumfk
furkan cetinkaya,296471,corumfk
hasan yesilyurt,310851,corumfk
hasan abdulkareem,331620,corumfk
kenan fakılı,3106690,corumfk
serdar gurler,141884,corumfk
geraldo,153875,corumfk
mame thiam,174979,corumfk
huseyin bulut,266015,corumfk
eren karadag,282386,corumfk
burak coban,291836,corumfk
emircan gurluk,364422,corumfk
hasanege akdogan,376207,corumfk
semih akyıldız,3106685,corumfk
polat abay,3106687,corumfk
marius muller,172005,aberdeen
dimitar mitov,209577,aberdeen
nick suman,250844,aberdeen
rodrigo vitols,366769,aberdeen
nicky devlin,147108,aberdeen
emmanuel gyamfi,221950,aberdeen
lewis mayo,239322,aberdeen
daniel happe,253749,aberdeen
kristers tobers,274560,aberdeen
nesta guinness-walker,282970,aberdeen
mats knoester,284741,aberdeen
jack milne,322761,aberdeen
dylan lobban,324733,aberdeen
mitchel frame,354877,aberdeen
gavin molloy,385545,aberdeen
stuart armstrong,153572,aberdeen
brad lyons,217499,aberdeen
connor ronan,222453,aberdeen
aremu afeez,266493,aberdeen
ante palaversa,276581,aberdeen
findlay marshall,324755,aberdeen
alexander briedl,364525,aberdeen
kjartan kjartansson,385601,aberdeen
lewis smith,192094,aberdeen
kevin nisbet,223369,aberdeen
toyosi olusanya,236121,aberdeen
kusini yengi,291695,aberdeen
kenan bilalovic,353250,aberdeen
peter ambrose,387288,aberdeen
tony yogane,387787,aberdeen
ayoub mouloua,408153,aberdeen
andrew fasanya,3110061,aberdeen
ross doohan,227283,celtic
viljami sinisalo,307098,celtic
marcus gill,403108,celtic
kieran tierney,214794,celtic
cameron carter-vickers,219273,celtic
anthony ralston,224305,celtic
auston trusty,228619,celtic
adam montgomery,287698,celtic
liam scales,288959,celtic
dane murray,291504,celtic
alistair johnston,293691,celtic
colby donovan,387200,celtic
callum mcgregor,84049,celtic
james forrest,141303,celtic
alex oxlade-chamberlain,145392,celtic
luke mccowan,259208,celtic
reo hatate,288891,celtic
paulo bernardo,310802,celtic
arne engels,314177,celtic
francis turley,354874,celtic
thomas hatton,378558,celtic
sean mcardle,387202,celtic
jota,258915,celtic
benjamin nygren,274522,celtic
sebastian tounekti,303702,celtic
michel-ange balikwisha,304204,celtic
johnny kenny,318052,celtic
yang hyun-jun,350711,celtic
callum osmand,365343,celtic
matty connolly,291429,motherwell
alex paulsen,297800,motherwell
jack mcconnell,347925,motherwell
paul mcginn,126345,motherwell
dylan williams,139655,motherwell
jordan mcghee,186166,motherwell
stephen o'donnell,197372,motherwell
johnny koutroumbis,240956,motherwell
emmanuel longelo,243554,motherwell
ewan wilson,322901,motherwell
martin moormann,330297,motherwell
jake girdwood-reich,336926,motherwell
aaron thomson,409123,motherwell
jack dalziel,409128,motherwell
samuel ngandu,3107823,motherwell
lukas fadinger,274022,motherwell
alexander lowry,291487,motherwell
tom sparrow,319094,motherwell
oscar priestman,336927,motherwell
luca ross,347021,motherwell
mikey booth,366702,motherwell
olly whyte,366706,motherwell
zander mcallister,388127,motherwell
aaron buchanan,409125,motherwell
regan charles-cook,223826,motherwell
callum hendry,243609,motherwell
apostolos stamatelopoulos,264656,motherwell
ibrahim sa'id,297816,motherwell
lucas weir,298219,motherwell
tawanda maswanhise,307108,motherwell
eythor bjørgolfsson,362500,motherwell
robbie hunter,409126,motherwell
willy gabriel vogt veigantes,3103163,motherwell
scott bain,141859,falkirk
nicky hogarth,271187,falkirk
joe hastings,418883,falkirk
liam henderson,107568,falkirk
coll donaldson,168217,falkirk
scott tanser,186054,falkirk
jack mcmillan,215154,falkirk
tom lang,223794,falkirk
ryan strain,248437,falkirk
leon mccann,261457,falkirk
lewis neilson,302077,falkirk
connor allan,322991,falkirk
keelan adams,353068,falkirk
craig sibbald,162891,falkirk
aidan nesbitt,215384,falkirk
brad spencer,261533,falkirk
finn yeats,324745,falkirk
deniss melniks,326507,falkirk
ben krauhaus,346908,falkirk
leo harris,3102258,falkirk
joe gardner,168811,falkirk
ethan ross,229761,falkirk
ross maciver,239331,falkirk
alfredo agyeman,259809,falkirk
ethan laidlaw,317785,falkirk
ben parkinson,350651,falkirk
aodhan doherty,356911,falkirk
paul mcgovern,3098399,falkirk
jack walton,218225,dundeeunited
jordan amissah,346553,dundeeunited
ross graham,7331,dundeeunited
joshua rawlins,289966,dundeeunited
michael forbes,310321,dundeeunited
iurie iovu,326717,dundeeunited
bert esselink,342893,dundeeunited
dario naamo,363867,dundeeunited
vicko sevelj,387281,dundeeunited
will ferry,255854,dundeeunited
panutche camara,257735,dundeeunited
julius eskesen,259165,dundeeunited
dylan tait,285386,dundeeunited
zachary sapsford,297060,dundeeunited
emmanuel agyei,377338,dundeeunited
cohen leiper,408968,dundeeunited
mehdi merghem,241303,dundeeunited
jesse randall,297794,dundeeunited
neil farrugia,306392,dundeeunited
lachlan rose,312246,dundeeunited
miller thomson,324759,dundeeunited
idjessi metoko,346829,dundeeunited
daniel bennie,358656,dundeeunited
lorenzo sassetti,3103360,dundeeunited
zander clark,135183,heartofmidlothian
ryan fulton,222211,heartofmidlothian
beau reus,277882,heartofmidlothian
stephen kingsley,150601,heartofmidlothian
craig halkett,180078,heartofmidlothian
stuart findlay,198906,heartofmidlothian
jamie mccart,225632,heartofmidlothian
harry milne,228805,heartofmidlothian
christian borchgrevink,252741,heartofmidlothian
malachi walcott,279791,heartofmidlothian
adam forrester,350934,heartofmidlothian
jordi altena,367663,heartofmidlothian
mj kamara,390977,heartofmidlothian
blair spittal,178894,heartofmidlothian
oisin mcentee,284643,heartofmidlothian
tom renaud,290218,heartofmidlothian
sander kartum,312900,heartofmidlothian
finlay pollock,318357,heartofmidlothian
ageu,334759,heartofmidlothian
tomas magnusson,405748,heartofmidlothian
laurent mendy,408614,heartofmidlothian
calvin miller,199731,heartofmidlothian
yan dhanda,204352,heartofmidlothian
elton kabangu,254275,heartofmidlothian
joshua mcpake,271194,heartofmidlothian
alexandros kyziridis,298350,heartofmidlothian
pierre landry kabore,315335,heartofmidlothian
rogers mato,333609,heartofmidlothian
amadou ba-sy,356917,heartofmidlothian
severin sabri guendouz,366334,heartofmidlothian
claudio braga,405624,heartofmidlothian
sabah kerjota,407780,heartofmidlothian
max stryjek,215161,kilmarnock
calum ferie,240492,kilmarnock
jamie brandon,239256,kilmarnock
robbie deas,261438,kilmarnock
george stanger,267784,kilmarnock
michael schjonning-larsen,326607,kilmarnock
ruairi ellis,350932,kilmarnock
euan bowie,366585,kilmarnock
ethan brown,366796,kilmarnock
rory mckenzie,156232,kilmarnock
aaron tshibola,175104,kilmarnock
mark o'hara,177854,kilmarnock
greg kiltie,198162,kilmarnock
shaun thomson,229717,kilmarnock
tom lowery,246775,kilmarnock
erik ring,307503,kilmarnock
bailey rice,354402,kilmarnock
cole coughlin,411249,kilmarnock
scott tiffoney,223795,kilmarnock
tyreece john-jules,280553,kilmarnock
djenario daniels,297290,kilmarnock
joe hugill,308225,kilmarnock
nicky clescenco,319855,kilmarnock
roshaun mathurin,346813,kilmarnock
cole burke,388266,kilmarnock
ieuan owen,390043,kilmarnock
jordan smith,164513,hibernian
raphael sallinger,218661,hibernian
freddie owens,366869,hibernian
grant hanley,146577,hibernian
jordan obita,150970,hibernian
christopher cadden,191442,
jason kerr,212372,hibernian
felix passlack,225573,hibernian
rocky bushiri,259924,hibernian
jack iredale,260280,hibernian
warren o'hora,277173,hibernian
k. megwa,347065,hibernian
callum wright,145819,hibernian
joe newell,157670,hibernian
nicky cadden,194180,hibernian
jamie mcgrath,220683,hibernian
alasana manneh,237204,hibernian
josh campbell,259074,hibernian
josh mulligan,288580,hibernian
azeem abdulai,324615,hibernian
miguel chaiwa,330824,hibernian
j. macintyre,347064,hibernian
rudi molotnikov,347068,hibernian
martin boyle,139748,hibernian
thibault klidje,272137,hibernian
nathan lowe,282449,hibernian
adam major,348287,hibernian
owen elding,418350,hibernian
ante suto,418566,hibernian
damian las,297379,austinfc
oleksandr svatok,196666,austinfc
mikkel desler,213250,austinfc
jon gallagher,231047,austinfc
brendan hines-ike,238438,austinfc
jon bell,257193,austinfc
zan kolmanic,259805,austinfc
guilherme biro,304696,austinfc
riley thomas,308642,austinfc
mateja djordjevic,322966,austinfc
ilie sanchez,150185,austinfc
besard sabovic,225834,austinfc
joseph rosales,286669,austinfc
przemyslaw placheta,287466,austinfc
owen wolff,304535,austinfc
cj fodrey,318486,austinfc
micah burton,365828,austinfc
jorge alastuey,374611,austinfc
nicolas dubersarsky,377602,austinfc
ervin torres,381219,
facundo torres,67518,austinfc
brandon vazquez,228620,austinfc
christian ramirez,235061,austinfc
myrto uzuni,275500,austinfc
jayden nelson,280612,austinfc
ruari paton,252063,stjohnstone
unax alvarez,412127,stjohnstone
ross sinclair,240727,stjohnstone
kyle thomson,256417,stjohnstone
craig hepburn,324855,stjohnstone
liam smith,41258,stjohnstone
cheick diabate,74694,stjohnstone
jack baird,191448,stjohnstone
matty foulds,224271,stjohnstone
bozo mikulic,263340,stjohnstone
morgan boyes,291644,stjohnstone
jason holt,158139,stjohnstone
samuel stanton,169557,stjohnstone
matthew todd,230018,stjohnstone
logan chalmers,259952,stjohnstone
reece mcalear,294322,stjohnstone
jack robertson,325701,stjohnstone
taylor steven,225203,stjohnstone
james gullan,261453,stjohnstone
louis lloyd,307843,stjohnstone
kai fotheringham,308606,stjohnstone
josh fowler,406335,stjohnstone
ivor pandur,277234,rangers
john souttar,181394,rangers
ross mccrorie,206581,rangers
ben godfrey,212953,rangers
dujon sterling,231170,rangers
emmanuel fernandez,322732,rangers
tuur rommens,323129,rangers
olwethu makhanya,351372,rangers
nedim bajrami,252559,rangers
nicolas raskin,260027,rangers
cameron devlin,276917,rangers
daniel neil,283179,rangers
connor barron,291455,rangers
tochi phil chukwuani,293872,rangers
mohammed diomande,303049,rangers
thelo aasgaard,307477,rangers
vanja dragojevic,405692,rangers
lawrence shankland,173306,rangers
bojan miovski,326077,rangers
djeidi gassama,340208,rangers
youssef chermiti,346819,rangers
findlay curtis,368045,rangers
ryan naderi,392280,rangers
tyler miller,219661,charlottefc
kristijan kahlina,221408,charlottefc
isaac walker,316838,charlottefc
nathan byrne,156506,charlottefc
harry toffolo,172833,charlottefc
david schnegg,271242,charlottefc
henry kessler,294222,charlottefc
andrew privett,319014,charlottefc
mikah thomas,360850,charlottefc
jack neeley,360934,charlottefc
andrew johnson,400471,charlottefc
will cleary,419194,charlottefc
morrison agyemang,419242,charlottefc
luca de la torre,225609,charlottefc
brandt bronico,246371,charlottefc
djibril diani,282755,charlottefc
baye coulibaly,372070,charlottefc
aron john,381698,charlottefc
liel abada,312976,charlottefc
archie goodwin,314343,charlottefc
kerwin vargas,340596,charlottefc
idan toklomati,340698,charlottefc
nimfasha berchimas,355456,charlottefc
tyger smalls,383890,charlottefc
rodolfo aloko,405394,charlottefc
ryan mullen,261437,stmirren
peter urminsky,275483,stmirren
jacob chapman,302503,stmirren
declan john,133463,stmirren
marcus fraser,168398,stmirren
alexander gogic,243535,stmirren
jayden richardson,291306,stmirren
richard king,326192,stmirren
henry fieldson,388604,stmirren
thomas falconer,407000,stmirren
marcello de barros,3102214,stmirren
ryan carr,84041,stmirren
stephen mallan,191447,stmirren
liam donnelly,204932,stmirren
keanu baccus,251147,stmirren
chris mochrie,287931,stmirren
killian phillips,319132,stmirren
fraser taylor,324844,stmirren
paul nsio,349119,stmirren
carrick mcevoy,366801,stmirren
samuel ramos,375676,stmirren
roland idowu,378637,stmirren
luke douglas,184850,stmirren
jonah ayunga,243616,stmirren
jake young,304274,stmirren
malik dijksteel,324900,stmirren
jalmaro calvin,380731,stmirren
theo mccormick,388256,stmirren
eseosa sule,388850,stmirren
zack steffen,219276,coloradorapids
nico hansen,293342,coloradorapids
adam beaudry,360855,coloradorapids
zackory campagnolo,376512,coloradorapids
rob holding,218188,coloradorapids
keegan rosenberry,233045,coloradorapids
reggie cannon,251369,coloradorapids
miguel navarro,285613,
kosi thompson,319389,coloradorapids
noah cobb,319441,coloradorapids
loic williams,324001,coloradorapids
jackson travis,380895,coloradorapids
jabari de coteau,420363,coloradorapids
grant gilmore,3100697,coloradorapids
joshua atencio,277851,coloradorapids
ted ku-dipietro,288873,coloradorapids
hamzat ojediran,298078,coloradorapids
paxten aaronson,304129,coloradorapids
ali fadal,377767,coloradorapids
wayne frederick,380600,coloradorapids
nathan tchoumba,421802,coloradorapids
alex harris,179245,coloradorapids
rafael navarro,288791,coloradorapids
darren yapi,304623,coloradorapids
dante sealy,307221,coloradorapids
bryce jamison,350873,coloradorapids
georgi minoungou,362501,coloradorapids
kimani stewart-baynes,380601,coloradorapids
sydney wathuta,381753,coloradorapids
donavan phillip,385082,coloradorapids
mamadou billo diop,420362,coloradorapids
evan bush,171562,columbuscrew
nicholas hagen,224640,columbuscrew
patrick schulte,275080,columbuscrew
luke pruter,290563,columbuscrew
stanislav lapkes,382614,columbuscrew
rudy camacho,152660,columbuscrew
eric bailly,212342,columbuscrew
brooks lennon,252778,columbuscrew
malte amundsen,271075,columbuscrew
andres herrera,286389,columbuscrew
mohamed farsi,317021,columbuscrew
owen presthus,391430,columbuscrew
cesar ruvalcaba,392011,columbuscrew
tristan brown,399918,columbuscrew
amar sejdic,231052,columbuscrew
daniel gazdag,257844,columbuscrew
brais mendez,262729,columbuscrew
dylan chambost,270189,columbuscrew
sean zawadzki,296221,columbuscrew
laurtaro giaccone,309474,columbuscrew
johann chirinos,322632,columbuscrew
sekou tidiany bangoura,346869,columbuscrew
hugo picard,351379,columbuscrew
taha habroune,362812,columbuscrew
cole mrowka,381406,columbuscrew
tarun karumanchi,3106012,columbuscrew
jamal thiare,197351,columbuscrew
wessam abou ali,270819,columbuscrew
nariman akhundzade,346634,columbuscrew
chase adams,399994,columbuscrew
kevin gbamble,403375,columbuscrew
lucas hoyos,109193,atlantaunitedfc
jayden hibbert,385044,atlantaunitedfc
matt edwards,138636,atlantaunitedfc
junior alonso,181657,atlantaunitedfc
paulo diaz,184465,atlantaunitedfc
stian gregersen,188454,atlantaunitedfc
ronald hernandez,240783,atlantaunitedfc
enea mihaj,243195,atlantaunitedfc
tomas jacob,330082,atlantaunitedfc
elias baez,361498,atlantaunitedfc
dominik chong qui,400742,atlantaunitedfc
toto majub,419246,atlantaunitedfc
alexey miranchuk,185897,atlantaunitedfc
steven alzate,243384,atlantaunitedfc
tristan muyumba,255802,atlantaunitedfc
will reilly,290024,atlantaunitedfc
jay fortune,304153,atlantaunitedfc
luke brennan,308892,atlantaunitedfc
adrian gill,371431,atlantaunitedfc
adyn torres,380821,atlantaunitedfc
cooper sanchez,402315,atlantaunitedfc
santiago pita,416552,atlantaunitedfc
ignacio suarez-couri,3102525,atlantaunitedfc
miguel almiron,48128,atlantaunitedfc
fafa picault,211678,atlantaunitedfc
sergio santos,214446,atlantaunitedfc
cayman togashi,235093,atlantaunitedfc
emmanuel latte lath,242439,atlantaunitedfc
arif kovac,3106014,atlantaunitedfc
jonathan sirois,303555,fcdallas
michael collodi,379566,fcdallas
eryk dymora,401844,fcdallas
shaq moore,219275,fcdallas
sebastien ibeagha,233460,fcdallas
lalas abubakar,251801,fcdallas
osaze urhoghide,268731,fcdallas
geovane jesus,314829,fcdallas
nolan norris,356357,fcdallas
slade starnes,369029,fcdallas
enzo newman,400216,fcdallas
alvaro augusto,400247,fcdallas
joshua torquato,405592,fcdallas
kaka scabin,417399,fcdallas
ramiro,157285,fcdallas
clay holstad,279821,fcdallas
tsiki ntsabeleng,280931,fcdallas
christian cappis,283864,fcdallas
patrickson delgado,297142,fcdallas
herman johansson,312876,fcdallas
diego garcia,114255,defensoresdebelgrano
joaquin valiente,359922,fcdallas
ran binyamin,362657,fcdallas
kaick,380441,fcdallas
caleb swann,417400,fcdallas
ricky louis,419187,fcdallas
anderson julio,199822,fcdallas
santiago moreno,285201,fcdallas
louicius deedson,291608,fcdallas
bernard kamungo,318373,fcdallas
enes sali,324809,fcdallas
samuel sarver,348652,fcdallas
logan farrington,348870,fcdallas
nicholas simmonds,365850,fcdallas
daniel baran,398754,fcdallas
jaidyn contreras,417398,fcdallas
evan louro,242975,fccincinnati
roman celentano,315972,fccincinnati
fabian mrozek,330606,fccincinnati
alvas powell,159296,fccincinnati
matt miazga,187273,fccincinnati
nick hagglund,201354,fccincinnati
teenage hadebe,232755,fccincinnati
bryan ramirez,236049,fccincinnati
kyle smith,236641,fccincinnati
andrei chirila,399987,
ayoub lajhar,419469,fccincinnati
tah anunga,254292,fccincinnati
obinna nwobodo,275106,fccincinnati
pavel bucha,279180,fccincinnati
stiven jimenez,353751,fccincinnati
gerardo valenzuela,362895,fccincinnati
samuel gidi,363908,fccincinnati
stefan chirila,398300,fccincinnati
ademar chavez,401364,fccincinnati
tom barlow,249926,fccincinnati
kevin denkey,251694,fccincinnati
ayoub jabbari,305664,fccincinnati
kristian fletcher,340690,fccincinnati
ender echenique,361138,fccincinnati
kenji mboma dem,388854,fccincinnati
sean johnson,141316,dcunited
alex bono,217514,dcunited
jordan farr,271514,dcunited
grant leveille,410619,dcunited
silvan hefti,227891,dcunited
kye rowles,228416,dcunited
sean nealis,230822,dcunited
conner antley,273974,dcunited
keisuke kurokawa,288348,dcunited
matti peltola,320300,dcunited
lucas bartlett,333699,dcunited
kimito nono,379749,dcunited
nikola markovic,418069,dcunited
andre dozzell,227789,dcunited
brandon servania,269158,dcunited
jared stroud,271884,dcunited
caden clark,302991,dcunited
hosei kijima,308772,dcunited
jackson hopkins,324048,dcunited
gavin turner,336970,dcunited
louis munteanu,286999,dcunited
gabriel segal,289300,dcunited
joao peglow,297079,dcunited
tai baribo,313068,dcunited
nathan ordaz,340613,dcunited
jacob murrell,380712,dcunited
oscar avilez,412984,dcunited
josh cohen,254291,chicagofirefc
chris brady,303693,chicagofirefc
jeff gal,313969,chicagofirefc
mauricio pineda,160971,chicagofirefc
jack elliott,233813,chicagofirefc
joel waterman,236890,chicagofirefc
andrew gutman,245068,chicagofirefc
samual rogers,254300,chicagofirefc
jonathan dean,293671,chicagofirefc
viktor radojevic,355245,chicagofirefc
christopher cupps,382779,chicagofirefc
jack sandmeyer,396933,chicagofirefc
leonardo barroso,399516,chicagofirefc
mbekezeli mbokazi,400594,chicagofirefc
anton saletros,193105,chicagofirefc
robin lod,195992,chicagofirefc
maren haile-selassie,259951,chicagofirefc
andre franco,321363,chicagofirefc
sergio oregel,330207,chicagofirefc
d'avilla dje tah,335605,chicagofirefc
david poreba,362678,chicagofirefc
robert turdean,399344,chicagofirefc
jonathan bamba,210538,chicagofirefc
chris mueller,249943,chicagofirefc
jason shokalook,314665,chicagofirefc
puso dithejane,365549,chicagofirefc
dylan borso,381210,chicagofirefc
dean boltz,400475,chicagofirefc
sebastian breza,252607,cfmontreal
thomas gillier,318238,cfmontreal
emil gazdov,342164,cfmontreal
samsy keita,413767,cfmontreal
brayan vera,270238,cfmontreal
luca petrasso,271816,cfmontreal
bode hidalgo,295620,cfmontreal
jalen neal,303469,cfmontreal
brandan craig,304135,cfmontreal
efrain morales,304154,cfmontreal
brayan ceballos,322977,cfmontreal
dawid bugaj,364675,cfmontreal
samuel piette,87387,cfmontreal
matthew longstaff,279758,cfmontreal
frankie amaya,283228,cfmontreal
wikelman carmona,315924,cfmontreal
dani pereira,316077,cfmontreal
victor loturi,343641,cfmontreal
noah streit,362775,cfmontreal
ivan losenko,370126,cfmontreal
hennadii synchuk,384984,cfmontreal
josh-duc nteziryayo,413750,cfmontreal
fabian herbers,233047,cfmontreal
prince owusu,275798,cfmontreal
daniel rios,351302,cfmontreal
olger escobar,377044,cfmontreal
owen graham-roache,400462,cfmontreal
luis barraza,256444,intermiamicf
rocco rios novo,297047,intermiamicf
sergio reguilon,231241,intermiamicf
facundo mura,285473,intermiamicf
maximiliano falcon,310279,intermiamicf
micael,314952,intermiamicf
gonzalo lujan,315617,intermiamicf
ian fray,316269,intermiamicf
noah allen,316344,intermiamicf
israel boatwright,359239,intermiamicf
tyler hall,364401,intermiamicf
cesar abadia-reda,399951,intermiamicf
daniel sumalla,401415,intermiamicf
fricio caicedo,402696,intermiamicf
casemiro,173666,intermiamicf
rodrigo de paul,174466,intermiamicf
santiago morales,199032,intermiamicf
david ruiz,229289,intermiamicf
david ayala,290715,intermiamicf
telasco segovia,315594,intermiamicf
joseph convers,399922,intermiamicf
ian urkidi,399971,intermiamicf
preston plambeck,401414,intermiamicf
alexander shaw,406938,intermiamicf
lionel messi,45843,intermiamicf
german berterame,228394,intermiamicf
tadeo allende,315801,intermiamicf
mateo silvetti,387661,intermiamicf
daniel pinter,399970,intermiamicf
diego rey,401418,intermiamicf
jonathan bond,65434,houstondynamofc
jimmy maurer,156197,houstondynamofc
blake gillingham,331136,houstondynamofc
logan erb,416548,houstondynamofc
antonio carlos,421386,fluminense
erik sviatchenko,218058,houstondynamofc
franco negri,242613,houstondynamofc
sam vines,260912,houstondynamofc
lucas halter,266281,houstondynamofc
felipe andrade,315455,houstondynamofc
reese miller,354162,houstondynamofc
agustin resch,419253,houstondynamofc
vinicius rodrigues da silva,422114,houstondynamofc
hector herrera,146866,houstondynamofc
duane holmes,182070,houstondynamofc
diadie samassekou,219466,houstondynamofc
agustin bouzat,233725,houstondynamofc
artur,236596,saopaulo
ondrej lingr,257090,houstondynamofc
mateusz bogusz,287841,houstondynamofc
jack mcglynn,303512,houstondynamofc
matthew arana,419255,houstondynamofc
ezequiel ponce,194553,houstondynamofc
ibrahim aliyu,287444,houstondynamofc
duncan mcguire,294071,houstondynamofc
lawrence ennali,323199,houstondynamofc
nelson quinones,323247,houstondynamofc
nicholas markanich,333738,houstondynamofc
joe willis,156217,nashvillesc
xavier valdez,336586,nashvillesc
jeisson palacios,167061,nashvillesc
daniel lovitz,201353,nashvillesc
jack maher,255501,nashvillesc
josh bauer,266454,nashvillesc
maxwell woledzi,290031,nashvillesc
reed baker-whiting,304120,nashvillesc
thomas williams,316325,nashvillesc
jordan knight,388342,nashvillesc
chris applewhite,398878,nashvillesc
bryan acosta,201136,nashvillesc
alex muyl,233041,nashvillesc
edvard tagseth,290109,nashvillesc
patrick yazbek,315524,nashvillesc
matthew corcoran,318341,nashvillesc
shakur mohammed,325936,nashvillesc
charles-emile brunet,419163,nashvillesc
warren madrigal,310068,nashvillesc
ahmed qasim,313976,nashvillesc
woobens pacius,324768,nashvillesc
matt turner,303794,newenglandrevolution
jd gunn,384152,newenglandrevolution
donovan parisian,396928,newenglandrevolution
andrew farrell,183796,newenglandrevolution
tanner beason,231150,newenglandrevolution
cody baker,318520,newenglandrevolution
william sands,334227,newenglandrevolution
ilay feingold,343191,newenglandrevolution
ethan kohler,360133,newenglandrevolution
damario mcintosh,360216,newenglandrevolution
peyton miller,376513,newenglandrevolution
mimy schinieder,401481,newenglandrevolution
gabe dahlin,403643,newenglandrevolution
chris mbai assem,409883,newenglandrevolution
diego fagundez,156187,newenglandrevolution
matt polster,216609,newenglandrevolution
jackson yueill,251806,newenglandrevolution
alhassan yusuf,276684,newenglandrevolution
brooklyn raines,329364,newenglandrevolution
allan oyirwoth,376802,newenglandrevolution
carlos zarzalejo,381729,newenglandrevolution
eric klein,400745,newenglandrevolution
cristiano oliveira,403366,newenglandrevolution
javaun mussenden,419597,newenglandrevolution
jack harrison,199850,newenglandrevolution
wilson harris,272161,newenglandrevolution
leonardo campana,284834,newenglandrevolution
griffin yow,286757,newenglandrevolution
dor turgeman,305755,newenglandrevolution
jayden da,327959,newenglandrevolution
luca langoni,338883,newenglandrevolution
shuma sasaki,382167,newenglandrevolution
marcos zambrano-delgado,404655,newenglandrevolution
judah siqueira,3099028,newenglandrevolution
jt marcinkowski,242928,lagalaxy
brady scott,256614,lagalaxy
novak micovic,322058,lagalaxy
maya yoshida,105803,lagalaxy
carlos garces,133963,lagalaxy
jose magana,167059,lagalaxy
sebastian hernandez,189574,lagalaxy
john nelson,225615,lagalaxy
miki yamane,238050,lagalaxy
chris rindov,294201,lagalaxy
julian aude,297050,lagalaxy
riley dalgado,352194,lagalaxy
harbor miller,366047,lagalaxy
marco reus,122356,lagalaxy
erik thommy,199926,lagalaxy
lucas sanabria,230580,lagalaxy
ricard puig,270611,lagalaxy
justin haak,285383,lagalaxy
edwin cerrillo,286198,lagalaxy
elijah wynder,287568,lagalaxy
isaiah parente,293694,lagalaxy
dylan vanney,388199,lagalaxy
troy elgersma,421655,lagalaxy
joao klauss,150409,lagalaxy
robert taylor,237823,lagalaxy
joseph paintsil,256843,lagalaxy
kyogo furuhashi,276904,lagalaxy
ruben ismael,321370,lagalaxy
julian placias,366046,lagalaxy
javier otero,316317,orlandocitysc
tristan himes,330021,orlandocitysc
robin jansson,147256,orlandocitysc
adrian marin,210228,orlandocitysc
griffin dorsey,267116,orlandocitysc
david brekalo,311532,orlandocitysc
iago teodoro,340588,orlandocitysc
nolan miller,349254,orlandocitysc
tahir reid-brown,376511,orlandocitysc
clovis archange,403752,orlandocitysc
wilder cartagena,181558,orlandocitysc
martin ojeda,233401,
eduard atuesta,241473,orlandocitysc
ivan angulo,250448,orlandocitysc
braian ojeda,265977,orlandocitysc
gustavo caraballo,356098,orlandocitysc
luis otavio,382896,orlandocitysc
colin guske,388445,orlandocitysc
joran gerbet,390621,orlandocitysc
ignacio gomez,399674,orlandocitysc
zakaria taifi,401054,orlandocitysc
dylan judelson,403760,orlandocitysc
daryl dike,294211,orlandocitysc
marco pasalic,324270,orlandocitysc
tyrese spicer,329273,orlandocitysc
pedro leao,379317,orlandocitysc
tiago,319507,coritiba
justin ellis,403425,orlandocitysc
bernardo rhein goncalves,408267,orlandocitysc
harvey sarajian,418358,orlandocitysc
drake callender,245083,minnesotaunitedfc
alec smir,256253,minnesotaunitedfc
kayne rizvanovich,399962,minnesotaunitedfc
kyle duncan,252481,minnesotaunitedfc
d.j. taylor,260213,minnesotaunitedfc
nicolas romero,313955,minnesotaunitedfc
nectarios triantis,328543,minnesotaunitedfc
devin padelford,337030,minnesotaunitedfc
morris duggan,337922,minnesotaunitedfc
jefferson diaz,358517,minnesotaunitedfc
kieran chandler,403365,minnesotaunitedfc
wil trapp,183726,minnesotaunitedfc
joaquin pereyra,233943,minnesotaunitedfc
julian gressel,251800,minnesotaunitedfc
dominik fitz,270543,minnesotaunitedfc
peter stroud,280811,minnesotaunitedfc
carlos harvey,285452,minnesotaunitedfc
owen gene,327355,minnesotaunitedfc
tomas chancalay,261168,minnesotaunitedfc
jordan adebayo-smith,279779,minnesotaunitedfc
bongokuhle hlongwane,287784,minnesotaunitedfc
kelvin yeboah,289941,minnesotaunitedfc
marcus caldeira,324297,minnesotaunitedfc
mauricio gonzalez,353246,minnesotaunitedfc
alisa randell,381237,minnesotaunitedfc
mamadou dieng,381418,minnesotaunitedfc
troy putt,411044,minnesotaunitedfc
tomas romero,184786,newyorkcityfc
greg ranjitsingh,220434,newyorkcityfc
maclean learned,417566,newyorkcityfc
thiago martins,185792,newyorkcityfc
kevin o'toole,254450,newyorkcityfc
raul gustavo,276051,newyorkcityfc
kai trewin,291697,newyorkcityfc
tayvon gray,297380,newyorkcityfc
kamran acito,301470,newyorkcityfc
mitja ilenic,321979,newyorkcityfc
andrew baiera,366218,newyorkcityfc
nico cavallo,400718,newyorkcityfc
maxi moralez,70624,newyorkcityfc
nicolas fernandez,319601,tristansuarez
aiden o'neill,241031,newyorkcityfc
james sands,258855,newyorkcityfc
andres perea,259199,newyorkcityfc
keaton parks,268192,newyorkcityfc
cooper flax,301472,newyorkcityfc
jonathan shore,358680,newyorkcityfc
maxi carrizo,358681,newyorkcityfc
jacob arroyave,381209,newyorkcityfc
peter molinari,381250,newyorkcityfc
kevin pierre,419228,newyorkcityfc
hannes wolf,250852,newyorkcityfc
talles magno,288930,newyorkcityfc
alonso martinez,310827,newyorkcityfc
benie traore,312850,newyorkcityfc
agustin ojeda,337149,newyorkcityfc
luighi hanri,376480,newyorkcityfc
malachi jones,379908,newyorkcityfc
seymour reid,402322,newyorkcityfc
arnau farnos,421313,newyorkcityfc
rafael,199013,saopaulo
mason stajduhar,231193,realsaltlake
max kerkvliet,400330,realsaltlake
luis rivera,73591,realsaltlake
juan arias,137565,realsaltlake
deandre yedlin,183778,realsaltlake
justen glad,203329,realsaltlake
alexandros katranis,243168,realsaltlake
samuel junqua,256489,realsaltlake
philip quinton,294874,realsaltlake
kobi henry,304126,realsaltlake
lukas engel,311520,realsaltlake
gio villa,399188,realsaltlake
ruben messalles,401637,realsaltlake
stijn spierings,216288,realsaltlake
pablo ruiz,228390,realsaltlake
juan manuel sanabria,287497,realsaltlake
emeka eneli,296109,realsaltlake
griffin dillon,319083,realsaltlake
zach booth,326258,realsaltlake
noel caliskan,362114,realsaltlake
luca moisa,380794,realsaltlake
owen anderson,399119,realsaltlake
antonio riquelme,401641,realsaltlake
saba lobjanidze,221128,realsaltlake
victor olatunji,292912,realsaltlake
morgan guilavogui,305777,realsaltlake
ariath piol,358654,realsaltlake
dominik marczuk,364658,realsaltlake
chance cowell,380005,realsaltlake
omar marquez,399189,realsaltlake
aiden hezarkhani,399190,realsaltlake
lineker rodrigues,401803,realsaltlake
van parker,413763,realsaltlake
sergi solans,418187,realsaltlake
hugo lloris,43372,lafc
thomas hasal,262728,lafc
cabral carter,337443,lafc
ryan hollingshead,183758,lafc
eddie segura,199904,lafc
aaron long,201103,lafc
sergi palencia,218252,lafc
ryan porteous,239175,lafc
yevhen cheberko,264469,lafc
nkosi tafari,283453,lafc
kenny nielsen,319023,lafc
mark delgado,193171,lafc
timothy tillman,231192,lafc
mathieu choiniere,274296,lafc
ryan raposo,295727,lafc
jude terry,398302,lafc
david martinez,115713,lafc
tyler boyd,179237,lafc
denis bouanga,213304,lafc
jeremy ebobisse,251805,lafc
jacob shaffelburg,286214,lafc
sebastian nava,303620,lafc
marius aiyenero,399932,lafc
trey muse,254340,portlandtimbers
james pantemis,257619,portlandtimbers
hunter sulte,277661,portlandtimbers
ian smith,29447,portlandtimbers
eric miller,187782,
brandon bye,245451,portlandtimbers
kamal miller,249756,portlandtimbers
juan mosquera,302672,portlandtimbers
zac mcgraw,302907,portlandtimbers
finn surman,332367,portlandtimbers
alex bonetig,340652,portlandtimbers
charles ondo,351975,portlandtimbers
sawyer jura,371458,portlandtimbers
diego chara,71042,portlandtimbers
joao ortiz,156564,portlandtimbers
jose caicedo,199782,portlandtimbers
cole bassett,277392,portlandtimbers
jimer fory,301463,portlandtimbers
david da costa,303579,portlandtimbers
eric izoita,386932,portlandtimbers
vincent janssen,188402,portlandtimbers
felipe mora,202539,portlandtimbers
ariel lassiter,222765,portlandtimbers
omir fernandez,252818,portlandtimbers
kristoffer velde,255418,portlandtimbers
alexander aravena,297127,portlandtimbers
kevin kelsy,354979,portlandtimbers
noah santos,381216,portlandtimbers
gage guerra,391712,portlandtimbers
andre blake,186943,philadelphiaunion
george marks,255097,philadelphiaunion
andrew rick,365853,philadelphiaunion
kai wagner,261317,philadelphiaunion
nathan harriel,286778,philadelphiaunion
japhet sery,288688,philadelphiaunion
giovanny sequera,361156,philadelphiaunion
frankie westfield,366034,philadelphiaunion
neil pierre,366558,philadelphiaunion
philippe ndinga ossibadjouo,378634,philadelphiaunion
finn sundstrom,384323,philadelphiaunion
geiner martinez,418595,philadelphiaunion
alejandro bedoya,134066,philadelphiaunion
indiana vassilev,266026,philadelphiaunion
jesus bueno,271536,philadelphiaunion
jeremy rafanello,274002,philadelphiaunion
ben bender,288060,philadelphiaunion
quinn sullivan,304130,
jovan lukic,322063,philadelphiaunion
danley jean jacques,333939,philadelphiaunion
cavan sullivan,384397,philadelphiaunion
kellan leblanc,403750,philadelphiaunion
milan iloski,263585,philadelphiaunion
bruno damiani,322680,philadelphiaunion
edward davis,338175,philadelphiaunion
augustin anello,364774,philadelphiaunion
sal olivas,376494,philadelphiaunion
ezekiel alladoh,399426,philadelphiaunion
stas korzeniowski,402321,philadelphiaunion
malik jakupovic,412100,philadelphiaunion
ethan horvath,192027,redbullnewyork
john mccarthy,217162,redbullnewyork
anthony marcucci,318476,redbullnewyork
tim parker,217009,redbullnewyork
dylan nealis,242942,redbullnewyork
justin che,282582,redbullnewyork
jahkeele marshall-rutty,302060,redbullnewyork
robert voloder,303521,redbullnewyork
juan gonzalez,338899,redbullnewyork
omar valencia,342198,redbullnewyork
julian bazan,361422,redbullnewyork
matthew dos santos,385287,redbullnewyork
emil forsberg,148641,redbullnewyork
gustaf beggren,238420,redbullnewyork
nehuen benedetti,336443,redbullnewyork
nathan worth,343042,redbullnewyork
ronald donkor,362442,redbullnewyork
tanner rosborough,381248,redbullnewyork
adri mehmeti,381687,redbullnewyork
eric maxim choupo-moting,102254,redbullnewyork
cameron harper,270302,redbullnewyork
cade cowell,285698,redbullnewyork
julian hall,288041,redbullnewyork
roald mitchell,304159,redbullnewyork
jorge ruvalcaba,329917,redbullnewyork
dennis gjengaar,336755,redbullnewyork
rafael mosquera,362940,redbullnewyork
andy rojas,378895,redbullnewyork
mohammed sofo,380923,redbullnewyork
mijahir ameth jimenez murillo,3106013,redbullnewyork
cj dos santos,265874,sandiegofc
pablo sisniega,286424,sandiegofc
marcus ryu alstrup,304149,sandiegofc
duran ferree,336963,sandiegofc
andres reyes,182014,sandiegofc
christopher mcvey,257114,sandiegofc
dagur thorhallsson,285939,sandiegofc
ian murphy,296216,sandiegofc
william kumado,329734,sandiegofc
oscar verhoeven,365859,sandiegofc
kieran sargeant,380677,sandiegofc
luca bombino,381072,sandiegofc
wilson eisner,398859,sandiegofc
ian pilcher,399756,sandiegofc
osvald søe,418058,sandiegofc
anibal godoy,116825,sandiegofc
emmanuel boateng,191693,sandiegofc
jeppe tverskov,214371,sandiegofc
onni valakari,277212,sandiegofc
bryce duke,302238,sandiegofc
gabriel pirani,307475,sandiegofc
david vazquez,365854,sandiegofc
pedro soma,371488,sandiegofc
manu duah,400713,sandiegofc
lewis morgan,181028,sandiegofc
marcus ingvartsen,186324,sandiegofc
hirving lozano,200161,sandiegofc
amahl pellegrino,207638,sandiegofc
alex mighten,291999,sandiegofc
alejandro alvarado jr.,303619,sandiegofc
bryan zamble,419201,sandiegofc
william yarbrough,174703,torontofc
luka gavran,294040,torontofc
adisa de rosario,359271,torontofc
walker zimmerman,183764,torontofc
benjamin kuscevic,204888,torontofc
raheem edwards,237164,torontofc
kobe franklin,298072,torontofc
matheus pereira,216098,cruzeiro
zane monlouis,310293,torontofc
nickseon gomis,337361,torontofc
jackson gilman,353137,torontofc
lazar stefanovic,364702,torontofc
richard chukwu,371470,torontofc
reid fisher,381755,torontofc
stefan kapor,413762,torontofc
micah chisholm,422109,torontofc
luca costabile,422239,torontofc
nelson palacio,82716,torontofc
jonathan osorio,184221,torontofc
niklas dorsch,225567,torontofc
djordje mihailovic,252351,torontofc
malik henry,308639,torontofc
markus cimermancic,359270,torontofc
alonso coello,359272,torontofc
antone bossenberry,403775,torontofc
fletcher bank,422108,torontofc
derrick etienne jr.,231098,torontofc
daniel salloi,233050,torontofc
josh sargent,256613,torontofc
theo corbeanu,290190,torontofc
deandre kerr,298071,torontofc
jules-anthony vilsaint,323130,torontofc
emilio aristizabal,366744,torontofc
dekwon barrow,403288,torontofc
jahmarie nolan,421738,torontofc
roman burki,175906,stlouiscitysc
benjamin lundt,178054,stlouiscitysc
christian olivares,288874,stlouiscitysc
colin welsh,422918,stlouiscitysc
timo baumgartl,198189,stlouiscitysc
rafael santos,203974,stlouiscitysc
tomas totland,252749,stlouiscitysc
jaziel orozco,308481,stlouiscitysc
kyle hiebert,319055,stlouiscitysc
lukas macnaughton,334716,stlouiscitysc
fallou fall,355253,
eduard lowen,189505,stlouiscitysc
christopher durkin,220478,stlouiscitysc
marcel hartel,234125,stlouiscitysc
alexandru matan,239736,stlouiscitysc
tomas ostrak,289938,stlouiscitysc
dante polvara,296222,stlouiscitysc
daniel edelman,304164,stlouiscitysc
conrad wallem,312934,stlouiscitysc
miguel perez,338133,stlouiscitysc
celio pompeu,338135,stlouiscitysc
mykhi joyner,346651,stlouiscitysc
tyson pearce,380672,stlouiscitysc
zach zengue,381750,stlouiscitysc
simon becher,208341,stlouiscitysc
carlo holse,255313,stlouiscitysc
jeong sang-bin,297256,stlouiscitysc
palmer ault,337005,stlouiscitysc
caden glover,354887,stlouiscitysc
brendan mcsorley,385759,stlouiscitysc
stefan cleveland,249729,sportingkansascity
john pulskamp,272505,sportingkansascity
ryan schewe,319016,sportingkansascity
jack kortkamp,398299,sportingkansascity
ian james,217816,sportingkansascity
emir karic,274906,sportingkansascity
zorhan bassong,286194,sportingkansascity
jansen miller,286804,sportingkansascity
jayden reid,303894,sportingkansascity
moises mosquera,307520,sportingkansascity
ethan bartlow,315921,sportingkansascity
or blorian,316648,sportingkansascity
justin reynolds,357792,sportingkansascity
diego borges,379846,sportingkansascity
wyatt meyer,389905,sportingkansascity
jacob bartlett,395357,sportingkansascity
pierre lurot,401233,sportingkansascity
manu garcia,222659,sportingkansascity
lasse berg johnsen,286434,sportingkansascity
jacob davis,286760,sportingkansascity
cielo tschantret,388191,sportingkansascity
johann ortiz,399957,sportingkansascity
shane donovan,399958,sportingkansascity
zamir loyo reynaga,411674,sportingkansascity
kwaku agyabeng,417725,sportingkansascity
dejan joveljic,240110,sportingkansascity
shapi suleymanov,259070,sportingkansascity
calvin harris,293695,sportingkansascity
capita,297034,sportingkansascity
stephen afrifa,362459,sportingkansascity
taylor calheira,381688,sportingkansascity
adrian zendejas,223042,vancouverwhitecaps
yohei takaoka,272338,vancouverwhitecaps
isaac boehmer,305783,vancouverwhitecaps
sam adekugbe,193452,vancouverwhitecaps
tristan blackmon,256476,vancouverwhitecaps
mathias laborda,286523,vancouverwhitecaps
ranko veselinovic,302798,vancouverwhitecaps
tate johnson,338836,vancouverwhitecaps
edier ocampo,341727,vancouverwhitecaps
belal halbouni,343994,vancouverwhitecaps
mihail gherasimencov,365829,vancouverwhitecaps
nikola djordjevic,391991,vancouverwhitecaps
ryan gauld,173404,vancouverwhitecaps
jean-claude ngando,277302,vancouverwhitecaps
ralph priso-mbongue,297118,vancouverwhitecaps
oliver larraz,315920,vancouverwhitecaps
liam mackenzie,371467,vancouverwhitecaps
jeevan badwal,371482,vancouverwhitecaps
brian white,249490,vancouverwhitecaps
emmanuel sabbi,256209,vancouverwhitecaps
cheick sabaly,276451,vancouverwhitecaps
kenji cabrera,309232,vancouverwhitecaps
bruno caicedo,365154,vancouverwhitecaps
johnny selemani,403773,vancouverwhitecaps
rayan elloumi,405591,vancouverwhitecaps
angus gunn,181299,sanjoseearthquakes
earl edwards,216999,sanjoseearthquakes
francesco montali,279112,sanjoseearthquakes
nate crockford,331104,sanjoseearthquakes
luca ulrich,403710,sanjoseearthquakes
dave romney,222188,sanjoseearthquakes
vitor costa,223355,sanjoseearthquakes
paul marie,229876,sanjoseearthquakes
dejuan jones,249985,sanjoseearthquakes
jack jasinski,304134,sanjoseearthquakes
max floriani,331616,sanjoseearthquakes
jamar ricketts,380800,sanjoseearthquakes
reid roberts,398860,sanjoseearthquakes
jonathan gonzalez,66955,sanjoseearthquakes
ronaldo vieira,235593,sanjoseearthquakes
jack skahan,246337,sanjoseearthquakes
ian harkes,249699,sanjoseearthquakes
noel buck,317465,sanjoseearthquakes
niko tsakiris,333752,sanjoseearthquakes
edwyn mendoza,371459,sanjoseearthquakes
beau leroux,382638,sanjoseearthquakes
kaedren spivey,399104,sanjoseearthquakes
nick fernandez,400722,sanjoseearthquakes
rohan rajagopal,416549,sanjoseearthquakes
timo werner,191088,sanjoseearthquakes
darius johnson,290745,sanjoseearthquakes
preston judd,295339,sanjoseearthquakes
ousseni bouda,300420,sanjoseearthquakes
benjamin kikanovic,302893,sanjoseearthquakes
luka jovanovic,346468,sanjoseearthquakes
nonso adimabua,389884,sanjoseearthquakes
stefan frei,131979,seattlesoundersfc
andy thomas,268173,seattlesoundersfc
max anchor,341343,seattlesoundersfc
kim kee-hee,175922,seattlesoundersfc
yeimar gomez,206682,
nouhou tolo,252474,seattlesoundersfc
alex roldan,256514,
antino lopez,299188,seattlesoundersfc
ryan sailor,319038,seattlesoundersfc
stuart hawkins,371080,seattlesoundersfc
gallatin sandnes,399992,seattlesoundersfc
albert rusnak,171573,seattlesoundersfc
cristian roldan,216617,seattlesoundersfc
hassani dotson,245570,seattlesoundersfc
peter kingston,272039,seattlesoundersfc
kalani kossa-rienzi,319045,seattlesoundersfc
nikola petkovic,322064,seattlesoundersfc
snyder brunell,384356,seattlesoundersfc
sebastian gomez,128368,coritiba
paul arriola,159491,seattlesoundersfc
jordan morris,210252,seattlesoundersfc
jesus ferreira,251571,seattlesoundersfc
paul rothrock,254382,seattlesoundersfc
daniel musovski,256450,seattlesoundersfc
pedro de la vega,280721,seattlesoundersfc
osaze de rosario,301856,seattlesoundersfc
jordan silkowitz,277796,bayfc
emmie allen,327198,bayfc
camryn miller,327923,bayfc
kelli hubly,209537,bayfc
abby dahlkemper,248779,bayfc
emily menges,249631,bayfc
alyssa malonson,261773,bayfc
aldana cometti,284172,bayfc
caprice dydasco,290254,bayfc
anouk denton,310225,bayfc
heather gilchrist,347797,bayfc
sydney collins,360857,bayfc
brooklyn courtnall,368728,bayfc
maddie moreau,382426,bayfc
dorian bailey,230901,bayfc
cristiana girelli,255464,bayfc
joelle anderson,261840,bayfc
caroline conti,292607,bayfc
jamie shepherd,292687,bayfc
taylor huff,327090,bayfc
claire hutton,344404,bayfc
hannah bebar,400034,bayfc
tess boade,263894,bayfc
racheal kundananji,310652,bayfc
keira barry,337076,bayfc
onyeka gamero,344408,bayfc
alex pfeiffer,379822,bayfc
karlie lema,389058,bayfc
abby smith,211130,denversummitfc
pauline peyraud-magnin,255451,denversummitfc
jordan nytes,351088,denversummitfc
kaleigh kurtz,209367,denversummitfc
megan reid,211044,denversummitfc
carson pickett,211615,denversummitfc
janine sonis,213918,denversummitfc
camryn biegalski,243911,denversummitfc
eva gaetino,307790,denversummitfc
ayo oke,408716,denversummitfc
emma regan,274482,denversummitfc
delanie sheehan,279307,denversummitfc
jordan baggett,290261,denversummitfc
lourdes bosch,295964,denversummitfc
natalie means,347785,denversummitfc
meg boade,347834,denversummitfc
devin lynch,348488,denversummitfc
yuna mccormack,374081,denversummitfc
ally brazier,225083,denversummitfc
yazmeen ryan,263902,denversummitfc
nahikari garcia,282851,denversummitfc
melissa kossler,292487,denversummitfc
natasha flint,323491,denversummitfc
yuzuki yamamoto,344279,denversummitfc
olivia thomas,370498,denversummitfc
jasmine aikey,418203,denversummitfc
casey murphy,209771,bostonlegacyfc
hannah stambaugh,317516,bostonlegacyfc
laurel ivory,335325,bostonlegacyfc
lais araujo,300441,bostonlegacyfc
jorelyn carabali,325886,bostonlegacyfc
emerson elgin,327196,bostonlegacyfc
laurel ansbrow,329056,bostonlegacyfc
nicki hernandez,331323,bostonlegacyfc
lilly reale,349350,bostonlegacyfc
kaka,393349,bostonlegacyfc
barbara olivieri,308484,bostonlegacyfc
josefine hasbo,314818,bostonlegacyfc
annie karich,348546,bostonlegacyfc
sophia lowenberg,350843,bostonlegacyfc
alba cano,351070,bostonlegacyfc
chloe ricketts,360896,bostonlegacyfc
nichelle prince,225339,bostonlegacyfc
ella stevens,242965,bostonlegacyfc
aleigh gambone,292711,bostonlegacyfc
bianca st-georges,303707,bostonlegacyfc
amanda gutierres,344300,bostonlegacyfc
amanda allen,344429,bostonlegacyfc
aissata traore,347112,bostonlegacyfc
sammy smith,351693,bostonlegacyfc
fauzia najjemba,418585,bostonlegacyfc
shelby hogan,264637,gothamfc
ann-katrin berger,312479,gothamfc
teagan wy,389070,gothamfc
ryan campbell,399713,gothamfc
emily sonnett,211034,gothamfc
tierna davidson,243052,gothamfc
mandy freeman,245160,gothamfc
jess carter,255453,gothamfc
kayla duran,282395,gothamfc
bruninha,328199,gothamfc
savannah mccaskill,209383,gothamfc
rose lavelle,209984,gothamfc
denise o'sullivan,219065,gothamfc
jaelin howell,277747,gothamfc
taryn torres,280976,gothamfc
sarah schupansky,328590,gothamfc
talia sommer,339446,gothamfc
jaedyn shaw,346600,gothamfc
sofia cook,349338,gothamfc
sam kerr,158683,gothamfc
midge purce,226566,gothamfc
guro reiten,257483,gothamfc
katie lampson,290269,gothamfc
andrea kitahata,326363,gothamfc
khyah harper,348028,gothamfc
jordynn dudley,368241,gothamfc
mak whitham,388168,gothamfc
ally sentnor,327195,angelcityfc
hannah seabert,211963,angelcityfc
faith nguyen,349348,angelcityfc
angelina anderson,358742,angelcityfc
emily sams,262615,angelcityfc
sarah gorden,290263,angelcityfc
sophia mattice,318047,angelcityfc
gisele thompson,344350,angelcityfc
savy king,344363,angelcityfc
karsyn cherry,350852,angelcityfc
nealy martin,242159,angelcityfc
hina sugita,276709,angelcityfc
ary borges,319246,angelcityfc
taylor suarez,344364,angelcityfc
carina lageyre,348487,angelcityfc
evelyn shores,370496,angelcityfc
maiara niehues,402432,angelcityfc
sydney leroux,174410,angelcityfc
claire emslie,226053,angelcityfc
jun endo,283105,angelcityfc
sveindis jonsdottir,317692,angelcityfc
riley tiernan,329955,angelcityfc
prisca chilufya,351425,angelcityfc
casey phair,363460,angelcityfc
kailen sheridan,209278,northcarolinacourage
madison white,299437,northcarolinacourage
molly pritchard,349799,northcarolinacourage
natalie jacobs,227090,northcarolinacourage
dani weatherholt,230877,northcarolinacourage
feli rauch,231205,northcarolinacourage
cameron brooks,281309,northcarolinacourage
ryan williams,290275,northcarolinacourage
maycee bell,292713,northcarolinacourage
uno shiragaki,351718,northcarolinacourage
ivy younce,376540,northcarolinacourage
natalia staude,381595,northcarolinacourage
sydney schmidt,405104,northcarolinacourage
carly wickenheiser,225706,northcarolinacourage
riley jackson,344358,northcarolinacourage
shinomi koyama,351354,northcarolinacourage
manaka matsukubo,369002,northcarolinacourage
oli pena,410794,northcarolinacourage
hannah betfort,261813,northcarolinacourage
olivia wingate,278948,northcarolinacourage
ashley sanchez,279297,northcarolinacourage
cortnee vine,300517,northcarolinacourage
evelyn ijeh,311199,northcarolinacourage
payton linnehan,318583,northcarolinacourage
chioma okafor,348614,northcarolinacourage
ally schlegel,360894,northcarolinacourage
lauryn thompson,394072,northcarolinacourage
cosette morche,225678,orlandopride
mckinley crone,279335,orlandopride
anna moorhouse,336536,orlandopride
cara martin,347784,orlandopride
rafaelle,158720,orlandopride
haley mccutcheon,227076,orlandopride
kerry abello,262759,orlandopride
nicole payne,293932,orlandopride
kylie nadaner,295635,orlandopride
hannah anderson,299426,orlandopride
zara chavoshi,329064,orlandopride
oihane hernandez,333486,orlandopride
zoe matthews,394440,orlandopride
hailie mace,243017,orlandopride
luana,258821,orlandopride
viviana villacorta,279296,orlandopride
julie doyle,279438,orlandopride
angelina,316035,orlandopride
ally lemos,349344,orlandopride
cori dyke,381596,orlandopride
marta,158712,orlandopride
summer yates,277937,orlandopride
lizbeth ovalle,279197,orlandopride
barbra banda,310645,orlandopride
reagan raabe,327270,orlandopride
seven castain,347852,orlandopride
solai washington,359235,orlandopride
simone jackson,368732,orlandopride
mackenzie arnold,219821,portlandthornsfc
mackenzie wood,279190,portlandthornsfc
bella bixby,290245,portlandthornsfc
erin mckinney,297410,portlandthornsfc
morgan messner,327930,portlandthornsfc
daiane,109120,portlandthornsfc
m.a. vignola,242457,portlandthornsfc
reyna reyes,292699,portlandthornsfc
sam hiatt,306701,portlandthornsfc
isabella obaze,328084,portlandthornsfc
carolyn calzada,347670,portlandthornsfc
jayden perry,349349,portlandthornsfc
marie muller,380040,portlandthornsfc
jessie fleming,219768,portlandthornsfc
morgan weaver,261920,portlandthornsfc
mallie mckenzie,293006,portlandthornsfc
nina nijstad,316075,portlandthornsfc
olivia moultrie,321118,portlandthornsfc
renee lyles,325974,portlandthornsfc
shae harvey,344359,portlandthornsfc
jennie immethun,368269,portlandthornsfc
cassandra bogere,417043,portlandthornsfc
sophia wilson,43770,portlandthornsfc
deyna castellanos,242145,portlandthornsfc
reilyn turner,318869,portlandthornsfc
julie dufour,347115,portlandthornsfc
caiya hanks,348225,portlandthornsfc
maddie padelski,388042,portlandthornsfc
pietra tordin,396456,portlandthornsfc
valerin loboa,406262,portlandthornsfc
marisa jordan,279251,kansascitycurrent
lorena,328196,kansascitycurrent
kaylin williams-mosier,351760,kansascitycurrent
clare gagne,391209,kansascitycurrent
elizabeth ball,214254,kansascitycurrent
kayla sharples,226777,kansascitycurrent
alana cook,230970,kansascitycurrent
laney rouse,307429,kansascitycurrent
gabrielle robinson,310203,kansascitycurrent
izzy rodriguez,337181,
ellie bravo-young,381632,kansascitycurrent
katie scott,386623,kansascitycurrent
kolo suliafu,396709,kansascitycurrent
meila brewer,407399,kansascitycurrent
rocky rodriguez,168043,kansascitycurrent
lo'eau labonta,212192,kansascitycurrent
bayley feist,225383,kansascitycurrent
debinha,239984,kansascitycurrent
vanessa dibernardo,290266,kansascitycurrent
croix bethune,296207,kansascitycurrent
haley hopkins,262418,kansascitycurrent
penelope hocking,279445,kansascitycurrent
michelle cooper,325236,kansascitycurrent
amelia white,347793,kansascitycurrent
gianna paul,348481,kansascitycurrent
temwa chawinga,379824,kansascitycurrent
mary long,388041,kansascitycurrent
alyssa naeher,219043,chicagostarsfc
katie atkinson,250051,chicagostarsfc
halle mackiewicz,307451,chicagostarsfc
taylor rath,348634,chicagostarsfc
sam staab,225687,chicagostarsfc
michelle alozie,225731,chicagostarsfc
natalia kuikka,226064,chicagostarsfc
kathrin hendrich,234766,chicagostarsfc
leila ouahabi,249105,chicagostarsfc
sam angel,294788,chicagostarsfc
tessa dellarose,348792,chicagostarsfc
aaliyah farmer,368730,chicagostarsfc
elise evans,396657,chicagostarsfc
brianna pinto,253820,chicagostarsfc
julia grosso,261984,chicagostarsfc
taylor wood,262043,chicagostarsfc
bea franklin,295596,chicagostarsfc
maitane,296893,chicagostarsfc
emma egizii,349339,chicagostarsfc
manaka hayashi,399641,chicagostarsfc
mallory swanson,233163,chicagostarsfc
jordyn huitema,255413,chicagostarsfc
ryan gareis,261670,chicagostarsfc
jenna bike,262820,chicagostarsfc
jameese joseph,292430,chicagostarsfc
ivonne chacon,349415,chicagostarsfc
nadia gomes,372751,chicagostarsfc
micayla johnson,388040,chicagostarsfc
natalie marceline bain,3101213,houstondash
jane campbell,212207,houstondash
hillary beall,262772,houstondash
caroline delisle,327411,houstondash
christen westphal,208915,houstondash
paige nielsen,211496,houstondash
allysha chapman,219771,houstondash
malia berkely,242144,houstondash
lisa boattin,255475,houstondash
jyllissa harris,277982,houstondash
avery patterson,307766,houstondash
leah klenke,350449,houstondash
evelina duljan,351723,houstondash
mary hardin,419712,houstondash
sophie schmidt,95131,houstondash
danielle colaprico,211037,houstondash
sarah puntigam,252344,houstondash
maggie graham,307781,houstondash
kiki van zanten,329760,houstondash
kat rader,348490,houstondash
kate faasse,348793,houstondash
linda ullmark,391215,houstondash
makenzy robbe,211048,houstondash
emina ekic,263556,houstondash
messiah bright,279452,houstondash
clarissa laris­ey,349219,houstondash
jordyn bloomer,243919,racinglouisvillefc
cristina roque,307787,racinglouisvillefc
olivia sekany,318852,racinglouisvillefc
erynn floyd,350855,racinglouisvillefc
maddie prohaska,401204,racinglouisvillefc
arin wright,209538,racinglouisvillefc
ellie jean,226085,racinglouisvillefc
courtney petersen,246596,racinglouisvillefc
ella hase,347840,racinglouisvillefc
quincy mcmahon,349347,racinglouisvillefc
mirann gacioch,349793,racinglouisvillefc
macy blackburn,352330,racinglouisvillefc
marisa digrande,226779,racinglouisvillefc
taylor flint,243230,racinglouisvillefc
maddie pokorny,262443,racinglouisvillefc
savannah demelo,263693,racinglouisvillefc
kayla fischer,277805,racinglouisvillefc
lauren milliet,280127,racinglouisvillefc
emma sears,293305,racinglouisvillefc
makenna morris,307452,racinglouisvillefc
macey hodge,307834,racinglouisvillefc
katie o'kane,318853,racinglouisvillefc
avery ciorbu,327759,racinglouisvillefc
natalie mitchell,348013,racinglouisvillefc
rachel hill,250340,racinglouisvillefc
taylor white,263856,racinglouisvillefc
sarah weber,327278,racinglouisvillefc
maja lardner,347782,racinglouisvillefc
audrey mckeen,405115,racinglouisvillefc
kaylie collins,245178,washingtonspirit
aubrey kingsbury,290259,washingtonspirit
sandy maciver,293329,washingtonspirit
sara wojdelko,325293,washingtonspirit
gabrielle carle,235713,washingtonspirit
casey krueger,248778,washingtonspirit
rebeca bernal,259180,washingtonspirit
tara rudd,263690,washingtonspirit
madison haugen,308174,washingtonspirit
esme morgan,311198,washingtonspirit
lucia di guglielmo,317694,washingtonspirit
kate wiesner,318592,washingtonspirit
elisabeth tse,365578,washingtonspirit
andi sullivan,212209,washingtonspirit
leicy santos,219866,washingtonspirit
hal hershfelt,292603,washingtonspirit
monique ngock,343760,washingtonspirit
deborah abiodun,349550,washingtonspirit
molly skurcenski,352342,washingtonspirit
melissa bethi,353007,washingtonspirit
paige metayer,360895,washingtonspirit
ashley hatch,210318,washingtonspirit
trinity rodman,317423,washingtonspirit
sofia cantore,317685,washingtonspirit
gift monday,320403,washingtonspirit
rosemonde kouassi,347222,washingtonspirit
claudia martinez,387216,washingtonspirit
emma gaines-ramos,391256,washingtonspirit
tamara bolt,399645,washingtonspirit
juan espinola,186085,barracascentral
marcelo mino,256553,barracascentral
juan insua,400265,
fernando tobio,116588,barracascentral
damian martinez,120501,barracascentral
gaston campi,194034,barracascentral
rafael barrios,206618,barracascentral
yonatthan rak,237040,barracascentral
nicolas de martini,262496,barracascentral
elias pereyra,269817,barracascentral
rodrigo insua,292094,barracascentral
kevin jappert,341509,barracascentral
nicolas capraro,357496,barracascentral
carlos arce,86163,barracascentral
dardo miloc,136483,barracascentral
yeison gordillo,147009,barracascentral
rodrigo bogarin,217154,barracascentral
gonzalo maroni,224098,barracascentral
ivan tapia,292028,barracascentral
maximiliano puig,312315,barracascentral
tomas porra,315615,barracascentral
enzo taborda,316295,barracascentral
manuel duarte,318201,barracascentral
ivan guaraz,397557,barracascentral
javier morales,105868,barracascentral
lucas gamba,137566,barracascentral
norberto briasco,240421,barracascentral
jhonatan candia,252705,barracascentral
juan ignacio barbieri,290714,barracascentral
wilfredo rivera,313285,barracascentral
valentino gandin,395798,barracascentral
tomas lavezzi,403467,barracascentral
joaquin molina,233689,banfield
facundo sanguinetti,309411,banfield
gino santilli,317426,banfield
juan alfaro,215564,banfield
danilo arboleda,215932,banfield
nicolas meriano,302033,banfield
luis abraham,335674,banfield
santiago daniele,387389,banfield
brandon oviedo,396512,banfield
favio alvarez,184817,banfield
neyder moreno,262948,banfield
santiago lopez garcia,283756,banfield
ignacio pais,317231,banfield
lautaro villegas,317814,banfield
tomas adoryan,338907,banfield
lucas palavecino,353205,banfield
federico medina,379901,banfield
lautaro gomez,384351,banfield
santiago esquivel,393533,banfield
david salazar,163064,banfield
federico anselmo,210884,banfield
thomas rodriguez,227959,banfield
bruno sepulveda,287687,banfield
lisandro pinero,390387,banfield
tiziano perrota,406297,banfield
valentin gonzalez,418041,banfield
jeremiah ezekiel acosta bobadilla,3109206,banfield
cassie miller,211609,seattlereignfc
claudia dickey,283705,seattlereignfc
neeku purcell,306702,seattlereignfc
evan o'steen,388037,seattlereignfc
phoebe mcclernon,246593,seattlereignfc
ryanne brown,261816,seattlereignfc
sofia huerta,264964,seattlereignfc
shae holmes,277930,seattlereignfc
emily mason,329958,seattlereignfc
jordyn bugg,351697,seattlereignfc
madison curry,381979,seattlereignfc
keeley dockter,420892,seattlereignfc
angharad james-turner,259307,seattlereignfc
jess fishlock,259621,seattlereignfc
maddie mercado,292574,seattlereignfc
sally menti,318888,seattlereignfc
ruby hladek,325398,seattlereignfc
sam meza,380041,seattlereignfc
ainsley mccammon,386620,seattlereignfc
sofia cedeno,408801,seattlereignfc
brittany ratcliffe,211049,seattlereignfc
lynn biyendolo,211968,seattlereignfc
nerilia mondesir,227354,seattlereignfc
mia fishel,293176,seattlereignfc
holly ward,327572,seattlereignfc
emeri adames,351694,seattlereignfc
maddie dahlien,399727,seattlereignfc
tomas durso,263086,atleticotucuman
luis ingolotti,268218,atleticotucuman
patricio albornoz,276230,atleticotucuman
leonel di placido,176379,atleticotucuman
juan infante,179877,atleticotucuman
gabriel compagnucci,207650,atleticotucuman
gaston suso,240418,atleticotucuman
maxi villa,268526,atleticotucuman
gianluca ferrari,277358,atleticotucuman
ignacio galvan,313958,atleticotucuman
moises brandan,331073,atleticotucuman
clever ferreira,381162,atleticotucuman
luciano vallejo,399375,atleticotucuman
ramiro paunero,403094,atleticotucuman
julian fernandez,335238,rosariocentral
martin benitez,200272,atleticotucuman
ezequiel ham,202476,atleticotucuman
renzo tesuri,216727,atleticotucuman
javier dominguez,285804,atleticotucuman
ezequil godoy,309483,
kevin ortiz,335515,atleticotucuman
lautaro godoy,387848,atleticotucuman
leonel vega,414543,atleticotucuman
tomas jung,3112470,atleticotucuman
leandro diaz,206959,atleticotucuman
ramiro ruiz rodriguez,273430,atleticotucuman
nicolas lamendola,276224,atleticotucuman
franco albanell,335314,atleticotucuman
lucas roman,336525,atleticotucuman
facundo pimienta,339199,atleticotucuman
manuel brondo,357495,atleticotucuman
carlos abeldano,410727,atleticotucuman
rodrigo granillo,420954,atleticotucuman
sandra panos,219988,sandiegowavefc
didi haracic,290255,sandiegowavefc
luisa agudelo,352082,sandiegowavefc
kristen mcnabb,211051,sandiegowavefc
perle morroni,264724,sandiegowavefc
daniela arias,298692,sandiegowavefc
kennedy wesley,326356,sandiegowavefc
nya harrison,326364,sandiegowavefc
amelia van zanten,375059,sandiegowavefc
trinity armstrong,386679,sandiegowavefc
kenza dali,219119,sandiegowavefc
kiki pickett,261577,sandiegowavefc
gia corley,306037,sandiegowavefc
laurina fazer,306044,sandiegowavefc
lia godfrey,307433,sandiegowavefc
jordan fusco,327082,sandiegowavefc
tatum wynalda,348635,sandiegowavefc
kimmi ascanio,382797,sandiegowavefc
adriana leon,219769,sandiegowavefc
ludmila,258819,sandiegowavefc
catarina macario,261568,sandiegowavefc
trinity byars,327571,sandiegowavefc
gabi portilho,339855,sandiegowavefc
dudinha,351900,sandiegowavefc
melanie barcenas,360902,sandiegowavefc
lucas acosta,84273,aldosivi
sebastian moyano,195760,aldosivi
ignacio chicco,233918,aldosivi
leonardo sigali,108478,aldosivi
lucas rodriguez,222158,
nestor breitenbruch,206619,aldosivi
nicolas zalazar,249300,aldosivi
santiago moya,257734,aldosivi
rodrigo gonzalez,316071,mitresantiagodelestero
guillermo enrique,276854,aldosivi
elias lopez,290173,aldosivi
matias morello,309394,aldosivi
joaquin pombo,312192,aldosivi
federico laurelli,347611,aldosivi
mateo sebastian vales,3102527,aldosivi
lucas castro,130004,aldosivi
roberto bochi,150153,aldosivi
federico acevedo,182032,aldosivi
franco leys,187918,aldosivi
esteban rolon,227730,aldosivi
nicolas linares,261122,aldosivi
lautaro chavez,270873,
martin garcia,278985,atlanta
augusto fernandez,75887,
andres chavez,200259,aldosivi
alan sosa,204737,aldosivi
andres vombergar,212843,aldosivi
nicolas cordero,240423,aldosivi
matias godoy,272678,aldosivi
tomas fernandez,277593,aldosivi
emanuel guzman,317378,aldosivi
blas palavecino,329754,aldosivi
bautista dadin,405537,aldosivi
felipe anso,420160,aldosivi
mandy mcglynn,303941,utahroyals
mia justus,325281,utahroyals
deaira jackson,371893,utahroyals
kaleigh riehl,226080,utahroyals
tatumn milazzo,242259,utahroyals
kate del fava,264922,utahroyals
nuria rabano,335813,utahroyals
ana tejada,335826,utahroyals
kameron simmonds,348086,utahroyals
miyabi moriya,359225,utahroyals
alex loera,156434,utahroyals
mina tanaka,223464,utahroyals
madison hammond,261809,utahroyals
narumi miura,276099,utahroyals
janni thomsen,285177,utahroyals
cece delzer,290278,utahroyals
courtney brown,316581,utahroyals
cloe lacasse,317623,utahroyals
dayana pierre-louis,340423,utahroyals
aria nagai,391216,utahroyals
kiana palacios,210325,utahroyals
paige monaghan,227520,utahroyals
brecken mozingo,293177,utahroyals
lara prasnikar,339657,utahroyals
kalea eichenberger,396697,utahroyals
kherrington ream,399691,utahroyals
thiago cardozo,194993,belgranocordoba
manuel vincentini,195651,belgranocordoba
matias daniele,382793,belgranocordoba
santiago ferez,389574,belgranocordoba
lisandro lopez,189456,belgranocordoba
federico ricca,192410,belgranocordoba
adrian sporle,205532,belgranocordoba
leonardo morales,234348,belgranocordoba
alexis maldonado,235794,belgranocordoba
alcides benitez,268135,belgranocordoba
alvaro ocampo,401795,belgranocordoba
agustin falcon,402987,belgranocordoba
agustin griguol,418562,belgranocordoba
adrian sanchez,3494,belgranocordoba
franco vazquez,118787,belgranocordoba
lucas zelarayan,172267,
emiliano rigoni,178062,belgranocordoba
francisco gonzalez metilli,234997,belgranocordoba
santiago longo,290766,belgranocordoba
ramiro hernandes,382886,belgranocordoba
ramiro tulian,404542,belgranocordoba
lucas passerini,204908,belgranocordoba
juan velazquez,325528,belgranocordoba
jeremias lucco,366938,belgranocordoba
gonzalo zelarayan,382902,belgranocordoba
lautaro gutierrez,382906,belgranocordoba
agustin melano,406307,belgranocordoba
diego rodriguez,200275,argentinosjuniors
brayan cortes,200687,argentinosjuniors
gonzalo siri payer,335365,argentinosjuniors
erik godoy,172540,argentinosjuniors
sebastian prieto,218629,argentinosjuniors
luciano sanchez,220097,argentinosjuniors
claudio bravo,235873,argentinosjuniors
francisco alvarez,269818,argentinosjuniors
franco paredes,290507,argentinosjuniors
kevin coronel,361410,argentinosjuniors
thiago gomez,382930,
facundo carrizo,414355,argentinosjuniors
santino gianini,419107,argentinosjuniors
facundo gutierrez,142172,argentinosjuniors
hernan lopez,160646,argentinosjuniors
nicolas oroz,195711,argentinosjuniors
gabriel florentin,288739,argentinosjuniors
gino infantino,309471,argentinosjuniors
joaquin gho,311120,argentinosjuniors
emiliano viveros,318247,argentinosjuniors
alan lescano,336485,argentinosjuniors
lucas gomez,361411,argentinosjuniors
alan alcaraz,422526,argentinosjuniors
matias gimenez,101537,argentinosjuniors
tomas molina,233932,argentinosjuniors
ivan morales,242437,argentinosjuniors
gaston veron,270364,argentinosjuniors
ryoga kida,345269,argentinosjuniors
diego porcel,382948,argentinosjuniors
facundo jainikoski,404537,argentinosjuniors
javier garcia,145617,bocajuniors
alvaro montero,166323,bocajuniors
agustin marchesin,195663,bocajuniors
leandro brey,335580,bocajuniors
fernando rodriguez,309477,estudiantesderiocuarto
jorge figal,189952,bocajuniors
marcelo weigandt,282589,bocajuniors
juan barinaga,285026,bocajuniors
ayrton costa,286902,bocajuniors
lautaro blanco,290542,bocajuniors
marco pellegrino,303633,bocajuniors
leandro lozano,338991,bocajuniors
lautaro di lollo,341457,bocajuniors
dylan gorosito,371485,bocajuniors
facundo herrera,400357,bocajuniors
matias satas,403948,bocajuniors
gian paoli,404709,bocajuniors
baltazar blum macias,3103365,bocajuniors
camilo rey,104506,bocajuniors
rodrigo battaglia,152706,bocajuniors
leandro paredes,153115,bocajuniors
carlos palacios,202025,bocajuniors
santiago ascacibar,233734,bocajuniors
tomas belmonte,256199,bocajuniors
malcom braida,259166,bocajuniors
william alarcon,274298,bocajuniors
alan velasco,286516,bocajuniors
kevin zenon,290593,bocajuniors
milton delgado,382978,bocajuniors
dante gonzalez,400358,bocajuniors
tomas aranda,400359,bocajuniors
gonzalo tomas marquez,3103366,bocajuniors
lautaro mendieta,3103368,bocajuniors
sebastian villa,141790,bocajuniors
angel romero,193634,bocajuniors
adam bareiro,252629,bocajuniors
miguel merentiel,260812,bocajuniors
exequiel zeballos,297051,bocajuniors
milton gimenez,310767,bocajuniors
juan payal,382976,bocajuniors
iker zufiaurre,382977,bocajuniors
joaquin ruiz,392903,bocajuniors
leonel flores,400360,bocajuniors
joaquin pineyro,404208,bocajuniors
kevin ferreira,404539,bocajuniors
gonzalo gelini,418278,bocajuniors
rodrigo bacidalupe,421348,bocajuniors
miguel ventos,421349,bocajuniors
ignacio arce,146637,deportivoriestra
ivan lopez,235821,deportivoriestra
marino arzamendia,251884,deportivoriestra
carlos quintana,105823,deportivoriestra
yaison murillo,176757,deportivoriestra
juan cruz randazzo,190565,deportivoriestra
eric tovo,193982,deportivoriestra
pedro ramirez,194848,deportivoriestra
cristian paz,206671,deportivoriestra
nicolas sansotre,233726,deportivoriestra
jonathan goitia,271228,deportivoriestra
mariano bracamonte,278608,deportivoriestra
rodrigo gallo,298577,deportivoriestra
ignacio gariglio,309401,deportivoriestra
facundo mino,315728,deportivoriestra
manuel aiello,399376,deportivoriestra
matias garcia,103293,deportivoriestra
milton celiz,195672,deportivoriestra
brian sanchez,213487,deportivoriestra
nicolas watson,283894,deportivoriestra
angel almada,335356,deportivoriestra
pablo monje,337014,deportivoriestra
benjamin perez,372010,deportivoriestra
gabriel obredor,379677,deportivoriestra
thiago lauro,379995,deportivoriestra
alexander diaz,114767,deportivoriestra
miguel graneros,224050,deportivoriestra
nicolas benegas,235785,deportivoriestra
gonzalo flores,285038,deportivoriestra
antony alonso,310778,deportivoriestra
angel stringa,335528,deportivoriestra
tomas gonzalez,379699,estudiantesderiocuarto
mauro smarra,365825,deportivoriestra
lautaro duarte,418709,deportivoriestra
lautaro amade,264960,defensayjusticia
matias borgogno,273253,defensayjusticia
damian fernandez,383014,
emiliano amor,214198,defensayjusticia
fernando roman,225153,defensayjusticia
hector martinez,228387,
dario caceres,269809,defensayjusticia
lucas souto,292176,defensayjusticia
esteban lucero,336114,defensayjusticia
nazareno roselli,384316,defensayjusticia
mateo lopez,384773,
valentin loza,418765,defensayjusticia
julian lopez,106758,defensayjusticia
ever banega,113734,defensayjusticia
ruben botta,123409,defensayjusticia
cesar perez,192087,defensayjusticia
domingo blanco,195729,defensayjusticia
maximo rodriguez,204779,defensayjusticia
santiago sosa,271473,defensayjusticia
santiago toloza,301982,defensayjusticia
aaron molinas,303319,defensayjusticia
ayrton portillo,310786,defensayjusticia
nicolas palavecino,324104,defensayjusticia
mateo aguiar,384512,defensayjusticia
maximo jonas cabrera,3102501,defensayjusticia
leandro miguel fernandez,40376,
david barbona,186887,defensayjusticia
facundo altamira,206740,defensayjusticia
agustin hausch,301971,defensayjusticia
david fernandez,366575,defensayjusticia
alan coria,420695,defensayjusticia
ramiro gagliardi,3102499,defensayjusticia
emiliano cantero,3102500,defensayjusticia
thiago lionel martinez,3107948,defensayjusticia
lucas bruera,248687,estudiantesderiocuarto
agustin lastra,318083,estudiantesderiocuarto
francisco gualtieri,318303,estudiantesderiocuarto
sergio ojeda,200271,estudiantesderiocuarto
facundo cobos,233928,estudiantesderiocuarto
raul lozano,257742,estudiantesderiocuarto
matias ruiz diaz,259534,estudiantesderiocuarto
juan antonini,283928,estudiantesderiocuarto
alejandro cabrera,287690,estudiantesderiocuarto
gonzalo maffini,292106,estudiantesderiocuarto
gonzalo gonzalez,341980,
agustin quiroga,361259,estudiantesderiocuarto
tomas olmos,361311,estudiantesderiocuarto
matias valenti,379092,estudiantesderiocuarto
jeremias ramponi,399666,estudiantesderiocuarto
matias pagliaricci,400798,estudiantesderiocuarto
francisco romero,47057,estudiantesderiocuarto
gabriel alanis,206678,estudiantesderiocuarto
nicolas talpone,233925,estudiantesderiocuarto
francesco lo celso,287394,estudiantesderiocuarto
ibrahim hesar,287691,estudiantesderiocuarto
siro rosane,309482,estudiantesderiocuarto
ezequiel forclaz,335372,estudiantesderiocuarto
lautaro cepeha,403440,estudiantesderiocuarto
juan garro,150341,estudiantesderiocuarto
yeison murillo,172658,estudiantesderiocuarto
javier ferreira,188914,estudiantesderiocuarto
ramon abila,200301,estudiantesderiocuarto
mauro molina,268845,estudiantesderiocuarto
mateo bajamich,278611,estudiantesderiocuarto
mauro valiente,280382,estudiantesderiocuarto
martin garnerone,288428,estudiantesderiocuarto
francisco galvan,309481,estudiantesderiocuarto
valentin fenoglio,363204,estudiantesderiocuarto
benjamin moyano,421206,estudiantesderiocuarto
nelson insfran,255403,gimnasialaplata
harlen castillo,301464,gimnasialaplata
julian kadijevic,379657,gimnasialaplata
patricio schroeder,418087,gimnasialaplata
maximo cabrera,418088,gimnasialaplata
enzo martinez,403151,almagro
german conti,185458,gimnasialaplata
pedro silva torrejon,233913,gimnasialaplata
matias melluso,263085,gimnasialaplata
renzo giampaoli,307598,gimnasialaplata
gonzalo errecalde,307982,gimnasialaplata
diego mastrangelo,309127,gimnasialaplata
bautista barros schelotto,309128,
juan cortazzo,379658,gimnasialaplata
fabricio corbalan,387563,gimnasialaplata
alejo gelsomino,414554,gimnasialaplata
mariano ojeda,3109150,gimnasialaplata
jeremias ezequiel langa,3109151,gimnasialaplata
ignacio fernandez,106583,gimnasialaplata
augusto max,136511,gimnasialaplata
santiago villarreal,233952,gimnasialaplata
leandro mamut,309442,gimnasialaplata
ignacio miramon,310476,gimnasialaplata
mateo seoane,336537,gimnasialaplata
alexis steimbach,346867,gimnasialaplata
juan perez,359265,gimnasialaplata
nicolas schelotto,366024,gimnasialaplata
jeremias merlo,387564,gimnasialaplata
facundo di biasi,397601,gimnasialaplata
pablo aguiar,412289,gimnasialaplata
marcelo torres,85513,
lucas janson,176813,gimnasialaplata
maximiliano zalazar,307925,gimnasialaplata
manuel panaro,309117,gimnasialaplata
ivo mammini,309443,gimnasialaplata
franco torres,312612,gimnasialaplata
agustin auzmendi,334165,gimnasialaplata
jorge de asis,403273,gimnasialaplata
fernando muslera,108622,estudiantesdelaplata
fabricio iacovich,336441,estudiantesdelaplata
rodrigo borzone,361522,estudiantesdelaplata
tiziano van der tuin,402564,estudiantesdelaplata
ramiro funes mori,151953,estudiantesdelaplata
leandro gonzalez pirez,154748,estudiantesdelaplata
santiago arzamendia,250467,estudiantesdelaplata
eric meza,276020,estudiantesdelaplata
gaston benedetti,301955,estudiantesdelaplata
eros mancuso,318082,estudiantesdelaplata
santiago nunez,331043,estudiantesdelaplata
valente pierani,376472,estudiantesdelaplata
faustino messina,383028,estudiantesdelaplata
matias magdaleno,383029,estudiantesdelaplata
maximo desabato,402554,estudiantesdelaplata
tomas palacios,403329,
jorge georgieff,421458,estudiantesdelaplata
jose sosa,102240,estudiantesdelaplata
alexis castro,234873,estudiantesdelaplata
ezequiel piovi,240401,estudiantesdelaplata
gabriel neves,254141,estudiantesdelaplata
facundo farias,298592,estudiantesdelaplata
tiago palacios,302051,estudiantesdelaplata
bautista kociubinski,309429,estudiantesdelaplata
alexis castillo manyoma,334205,estudiantesdelaplata
thiago gonzalez,361416,estudiantesdelaplata
axel atum,361515,estudiantesdelaplata
lucas cornejo,383024,estudiantesdelaplata
franco basualdo,383026,estudiantesdelaplata
leonardo naser,402557,estudiantesdelaplata
bautista molinari,402563,estudiantesdelaplata
ciro spalletta,421455,estudiantesdelaplata
benjamin maliani,421459,estudiantesdelaplata
agustin traina,421467,estudiantesdelaplata
guido carrillo,154738,estudiantesdelaplata
lucas alario,158918,estudiantesdelaplata
edwin cetre,264844,estudiantesdelaplata
adolfo gaich,276024,estudiantesdelaplata
mauro mendez,287026,estudiantesdelaplata
brian aguirre,309131,estudiantesdelaplata
fabricio perez,316649,estudiantesdelaplata
joaquin tobio burgos,383022,estudiantesdelaplata
benjamin sagues,383223,estudiantesdelaplata
franco dominguez,408595,estudiantesdelaplata
santino crego,421456,estudiantesdelaplata
juan fernandez soler,421457,estudiantesdelaplata
enzo sanabria,421464,estudiantesdelaplata
thiago serrano,421465,estudiantesdelaplata
francisco silvetti,421466,estudiantesdelaplata
alan aguerre,149387,centralcordobasantiagodelestero
javier vallejos,365265,centralcordobasantiagodelestero
felipe aguilar,181496,centralcordobasantiagodelestero
alejandro maciel,262493,centralcordobasantiagodelestero
leonardo marchi,278508,centralcordobasantiagodelestero
facundo mansilla,309577,centralcordobasantiagodelestero
juan pablo pignani,334989,centralcordobasantiagodelestero
jose gomez,340104,centralcordobasantiagodelestero
lucas bernabeu,368151,centralcordobasantiagodelestero
yuri casermeiro,382884,centralcordobasantiagodelestero
agustin romero,418045,centralcordobasantiagodelestero
matias vera,218440,centralcordobasantiagodelestero
fernando juarez,233324,centralcordobasantiagodelestero
lucas gonzalez,276229,centralcordobasantiagodelestero
marco iacobellis,292018,centralcordobasantiagodelestero
thiago cravero,318767,centralcordobasantiagodelestero
juan cardozo,335363,centralcordobasantiagodelestero
federico rodriguez,418046,centralcordobasantiagodelestero
michael santos,131758,centralcordobasantiagodelestero
horacio tijanovich,222156,centralcordobasantiagodelestero
diego barrera,266508,centralcordobasantiagodelestero
lucas varaldo,297758,centralcordobasantiagodelestero
ezequiel naya,322987,centralcordobasantiagodelestero
joaquin flores,360999,centralcordobasantiagodelestero
bautista gerez,399244,centralcordobasantiagodelestero
alan laprida,407279,centralcordobasantiagodelestero
martin francisco cuitino,3108989,centralcordobasantiagodelestero
cesar rigamonti,122884,gimnasiamendoza
lautaro petruchi,287343,gimnasiamendoza
ezequiel munoz,117843,gimnasiamendoza
juan franco,120800,gimnasiamendoza
imanol gonzalez,254176,gimnasiamendoza
diego mondino,263351,gimnasiamendoza
german guiffrey,276290,gimnasiamendoza
franco saavedra,336915,gimnasiamendoza
ismael cortez,337979,gimnasiamendoza
luciano paredes,339037,gimnasiamendoza
martin ubeda,385174,gimnasiamendoza
geronimo patritti,420924,gimnasiamendoza
fermin antonini,234996,gimnasiamendoza
tomas ortiz,283787,gimnasiamendoza
ulises sanchez,292037,gimnasiamendoza
esteban fernandez,307334,gimnasiamendoza
facundo lencioni,318398,gimnasiamendoza
matias recalde,319190,gimnasiamendoza
tomas o'connor,342002,gimnasiamendoza
nahuel barboza,358523,gimnasiamendoza
julian ceballos,379466,gimnasiamendoza
lautaro carrera,379599,gimnasiamendoza
santiago rodriguez,83178,gimnasiamendoza
brian andrada,217089,gimnasiamendoza
blas armoa,255347,gimnasiamendoza
nicolas romano,281446,gimnasiamendoza
luciano cingolani,309461,gimnasiamendoza
brian nicolas ferreyra,310726,gimnasiamendoza
ignacio charparin,312136,gimnasiamendoza
agustin modica,371423,gimnasiamendoza
valentino simoni,382975,gimnasiamendoza
hernan galindez,207921,huracan
sebastian meza,301961,huracan
nazareno duran,365128,huracan
hugo nervo,133922,huracan
nehuen paz,189800,huracan
lucas carrizo,240430,huracan
lucas blondel,241547,huracan
fabio pereyra,278504,huracan
federico vera,288431,huracan
cesar ibanez,289737,huracan
daniel zabala,360998,huracan
leandro lescano,368879,huracan
ignacio campo,392883,huracan
maximo palazzo,396513,huracan
leonardo gil,139679,huracan
oscar romero,192234,huracan
emmanuel ojeda,236365,huracan
facundo waller,241479,huracan
silvio martinez,315796,huracan
luca babino,399245,huracan
thaiel peralta,402647,huracan
facundo kalinger,402652,huracan
leonardo sequeira,216663,huracan
jordy caicedo,217079,huracan
juan bisanz,318418,huracan
oscar cortes,334106,huracan
lautaro mora,402644,huracan
tomas natanael uribe sanders,3109239,huracan
gabriel arias,124520,newellsoldboys
josue reinatti,361297,newellsoldboys
rodrigo herrera,121876,newellsoldboys
lautaro giannetti,172771,newellsoldboys
franco escobar,199690,newellsoldboys
saul salcedo,234429,newellsoldboys
martin ortega,270402,newellsoldboys
armando mendez,276061,newellsoldboys
oscar salomon,292216,newellsoldboys
nicolas goitea,310750,newellsoldboys
martin luciano,317362,newellsoldboys
ivan glavinovich,343370,newellsoldboys
bruno cabrera,310734,sanmartintucuman
alejo montero,269821,newellsoldboys
alan sonora,288740,newellsoldboys
marcelo esponda,318277,newellsoldboys
david sotelo,350386,newellsoldboys
valentino acuna,371518,newellsoldboys
fabricio tirado,382943,newellsoldboys
luca regiardo,397602,newellsoldboys
jeronimo mattar,407376,newellsoldboys
blas benedetto,408998,newellsoldboys
juan ramirez,82010,newellsoldboys
walter mazzantti,250387,newellsoldboys
matias coccaro,263095,newellsoldboys
lautaro rios,309409,newellsoldboys
walter nunez,341510,newellsoldboys
jeronimo russo,361305,newellsoldboys
facundo gauch,400805,newellsoldboys
francisco scarpeccio,401595,newellsoldboys
leonardo sosa,158493,rosariocentral
axel werner,176808,rosariocentral
jeremias ledesma,195621,rosariocentral
ezequiel zapata,421599,rosariocentral
juan komar,199960,rosariocentral
alexis soto,202499,rosariocentral
facundo mallo,255382,rosariocentral
emanuel coronel,262567,rosariocentral
santiago burgos,263550,rosariocentral
sebastian zaracho,270968,rosariocentral
gaston avila,285885,rosariocentral
lucas ramos,290803,rosariocentral
agustin sandez,307599,rosariocentral
ulises ciccioli,318288,rosariocentral
juan gimenez,338923,rosariocentral
luca raffin,372662,rosariocentral
ignacio ovando,400123,rosariocentral
elias veron,414503,rosariocentral
leonardo rios,414749,rosariocentral
marco vicente,414750,rosariocentral
alvaro guich,418072,rosariocentral
juan scaglia,419227,rosariocentral
asael oviedo,421600,
franco castorani,421772,rosariocentral
angel di maria,108223,rosariocentral
kevin gutierrez,171453,rosariocentral
guillermo fernandez,172427,
franco cervi,204014,rosariocentral
jaminton campaz,255295,rosariocentral
federico navarro,279977,rosariocentral
vicente pizarro,289076,rosariocentral
franco ibarra,300115,rosariocentral
gaspar duarte,383010,
giovanni cantizano,383012,rosariocentral
santiago segovia,383017,rosariocentral
ignacio moreno,383020,rosariocentral
tomas salteno,383130,rosariocentral
paolo giaccone,418071,rosariocentral
bautista cantero,421315,rosariocentral
juan guzman,421602,rosariocentral
joaquin espina,421605,rosariocentral
marco ruben,114906,rosariocentral
marcelo cabrera,146689,rosariocentral
enzo copetti,241544,rosariocentral
tomas badaloni,271226,rosariocentral
fabricio oviedo,342003,rosariocentral
thiago ponce,383018,rosariocentral
lisandro duarte,421603,rosariocentral
paulo bustos,421604,rosariocentral
gino pavoni,3107888,rosariocentral
valentino felici,3107889,rosariocentral
nahuel losada,199641,lanus
franco petroli,228391,lanus
evaristo dieguiz,383113,lanus
martin diaz,411257,lanus
tomas silva,335371,deportivomaipu
gonzalo perez,131563,lanus
carlos izquierdoz,142720,lanus
luciano romero,193659,lanus
jose canale,227682,lanus
tomas lopez,236060,
tomas guidara,255944,lanus
nicolas morgantini,276009,lanus
sasha marcich,292050,lanus
ronaldo de jesus,312137,lanus
sebastian leiva,318237,lanus
octavio ontivero,371486,lanus
facunda sanchez,383105,lanus
tobias quiroz,402610,lanus
mateo ramirez,233427,colegiales
elian acosta,421449,
elias prieto,421451,lanus
gabriel aguirre,421452,lanus
juan mujica,79072,lanus
felipe pena,114995,lanus
eduardo salvio,124364,lanus
matias sepulveda,179904,lanus
ramiro carrera,189810,lanus
raul loaiza,197573,lanus
marcelino moreno,199651,lanus
agustin cardozo,246213,lanus
franco watson,292118,lanus
ian lopez,336893,lanus
mariano gerez,371520,lanus
thiago laplace,376477,lanus
agustin medina,382831,lanus
tiago dominguez,421453,lanus
walter bou,202801,lanus
alexis duarte,265974,lanus
allan wlk,307981,lanus
lucas besozzi,309456,lanus
mateo peralta,359997,lanus
dylan aquino,363516,lanus
benjamin acosta,371517,lanus
thiago balbuena,383108,lanus
jeremias chavero,383111,lanus
thomas de martis,402608,lanus
yoshan valois,407235,lanus
gonzalo lobos,419156,lanus
dante blanco,421448,lanus
ezequiel centurion,254324,riverplate
santiago beltran,361402,
jeremias martinet,402585,riverplate
franco jaroszewicz,412313,riverplate
german pezzella,138341,riverplate
marcos acuna,157557,riverplate
juan carlos portillo,184658,riverplate
giovanni gonzalez,208642,
lucas martinez quarta,219086,riverplate
gonzalo montiel,228262,riverplate
fabricio bustos,242711,riverplate
matias vina,254032,riverplate
brian gutierrez,303577,riverplate
ulises gimenez,361356,riverplate
tobias palacio,371487,riverplate
lautaruo rivero,382912,riverplate
lucas obregon,402581,riverplate
angel susano,421512,riverplate
lucas flores,129379,racingcordoba
thiago salvatierra,421520,riverplate
juan meza,164158,riverplate
mauro arambarri,199775,riverplate
giuliano galoppo,270889,riverplate
fausto vera,272319,riverplate
lucas beltran,280381,riverplate
anibal moreno,286406,riverplate
matias galarza,297328,riverplate
tomas galvan,307332,riverplate
kevin castano,307756,riverplate
kendry paez,358746,riverplate
santiago lencina,388441,riverplate
thiago acosta,411158,riverplate
santiago espindola,413765,riverplate
jonathan spiff,421515,riverplate
lucas silva,108103,cruzeiro
ignacio zaballa,421517,riverplate
valentin lucero,421518,riverplate
maximiliano soria,421519,riverplate
sebastian driussi,195334,riverplate
angel correa,195681,riverplate
rafael borre,197052,riverplate
maximiliano salas,233392,riverplate
facundo colidio,275941,riverplate
agustin ruberto,371483,riverplate
ian subiabre,371489,riverplate
alex woiski,404710,riverplate
felipe esquivel,413752,riverplate
joaquin freitas,414769,riverplate
lautaro pereyra,421410,riverplate
tobias goytia,422529,riverplate
rodrigo rey,154747,independiente
joaquin blazquez,276303,independiente
lucas lavagnino,361401,independiente
santiago arias,164756,independiente
leonardo godoy,187848,independiente
sebastian valdez,236681,
juan fedorco,293381,independiente
kevin lomonaco,297052,independiente
facundo zabala,310003,independiente
jonathan de irastorza,387568,independiente
gonzalo bordon,400883,independiente
juan migue arrayago,3112633,independiente
ivan marcone,127893,independiente
rodrigo fernandez,147183,independiente
luciano cabral,158304,independiente
mateo perez,317219,independiente
ruben martinez,361260,independiente
tomas parmo,379664,independiente
lautaro millan,384667,independiente
joel medina,400225,independiente
josias palais,414360,independiente
facundo lionel cruz,3112632,independiente
maximiliano meza,172539,independiente
ignacio pussetto,187845,independiente
gabriel avalos,208421,independiente
maximiliano gutierrez,208650,independiente
santiago montiel,307331,independiente
matias abaldo,359827,independiente
facundo valdez,401383,independiente
simon bodnar,407281,independiente
felipe tempone,420706,independiente
gonzalo nuccio,3110764,tallerescordoba
ezequiel unsain,200935,tallerescordoba
jeremias florentin,376475,tallerescordoba
santino barbi,383134,tallerescordoba
franco yennerich,402604,tallerescordoba
jose palomino,139390,tallerescordoba
matias catalan,173449,tallerescordoba
gabriel baez,192847,tallerescordoba
rodrigo guth,266669,tallerescordoba
alex vigo,276021,tallerescordoba
augusto schott,276302,tallerescordoba
roman riquelme,318179,tallerescordoba
santiago fernandez,358648,tallerescordoba
valentin fascendini,379507,tallerescordoba
alexandro maidana,399687,tallerescordoba
timoteo chamorro,402177,tallerescordoba
lucio ferrari,404540,tallerescordoba
thiago baroni,3110765,
federico fattori,187475,tallerescordoba
franco cristaldo,204873,tallerescordoba
juan sforza,297055,tallerescordoba
mateo caceres,307620,tallerescordoba
alejandro galarza,309398,tallerescordoba
martin rio,318333,tallerescordoba
matias gomez,354980,losandes
giovanni baroni,402605,tallerescordoba
lautaro ortiz,418077,tallerescordoba
bruno trey,3110763,tallerescordoba
diego valoyes,215986,tallerescordoba
ronaldo martinez,252617,tallerescordoba
rick,288678,tallerescordoba
valentin depietri,292245,tallerescordoba
bruno barticciotto,301553,tallerescordoba
valentin davila,396616,tallerescordoba
ignacio alastra,402602,tallerescordoba
emiliano chiavassa,402606,tallerescordoba
ramiro macagno,227881,independienterivadavia
emmanuel gomez riga,301990,independienterivadavia
nicolas bolcato,414351,independienterivadavia
fernando bravo,421353,independienterivadavia
kevin pagliaroli,421359,independienterivadavia
alexander lucero,180967,independienterivadavia
ezequiel bonifacio,207235,independienterivadavia
luciano gomez,233841,independienterivadavia
juan manuel elordi,236006,independienterivadavia
ivan villalba,252053,independienterivadavia
sheyko studer,301978,independienterivadavia
alejo osella,336665,independienterivadavia
leonard costa,358754,independienterivadavia
luciano suarez,363517,independienterivadavia
santiago cena,417406,independienterivadavia
matias salvo,421296,independienterivadavia
amaro maya,421354,independienterivadavia
tiago sosa,421364,independienterivadavia
matias fernandez,185434,independienterivadavia
luis sequeira,213509,independienterivadavia
jose florentin,217153,independienterivadavia
kevin vazquez,219074,independienterivadavia
sebastian munoz,274495,independienterivadavia
leonel bucca,290595,independienterivadavia
diego crego,290741,independienterivadavia
tomas bottari,302053,independienterivadavia
stefano moreyra,309424,independienterivadavia
gonzalo rios,315719,independienterivadavia
alessandro riep,321195,independienterivadavia
alex aguado,353534,independienterivadavia
tobias ganduglia,402562,independienterivadavia
facundo ortiz,421295,independienterivadavia
tomas arias,421356,independienterivadavia
agustin dominguez,421357,independienterivadavia
benjamin olivarez,421358,independienterivadavia
agustin rognoni,421362,independienterivadavia
julian reyna,421363,independienterivadavia
victorio ramis,205224,independienterivadavia
alex arce,257754,independienterivadavia
fabrizio sartori prieto,309496,independienterivadavia
rodrigo atencio,338874,independienterivadavia
lautaro torres,382761,independienterivadavia
luciano sabato,417947,independienterivadavia
axel leiva,421360,independienterivadavia
roman ruiz,421361,independienterivadavia
juan dadin,3107533,independienterivadavia
tomas sultani,290733,tigre
felipe zenobio,292055,tigre
luka fuster,387565,tigre
maximo leguizamon,421331,tigre
juan villalba,104108,tigre
ramon arias,175964,tigre
federico alvarez,186572,tigre
guillermo soto,204887,tigre
joaquin laso,215871,tigre
nahuel banegas,292059,tigre
alan barrionuevo,315722,tigre
gonzalo requena,360436,tigre
thiago sanchez,361642,tigre
valentin moreno,361651,tigre
angelo marchese,384423,tigre
luciano minniti,406298,tigre
bautista feversani,421335,tigre
alex gonzalez,421336,
lucas molas,421337,tigre
roman saravia,421340,tigre
fabricio cordoba,421343,tigre
gonzalo martinez,146941,tigre
marco rivas,163875,tigre
jalil elias,220094,tigre
gaston perez,285760,tigre
hector garay,292042,tigre
sebastian medina,310747,tigre
bruno leyes,323250,tigre
simon rivero,324035,tigre
elias cabrera,339197,tigre
jabes saralegui,351815,tigre
joaquin mosqueira,358259,tigre
santiago gonzalez,361648,tigre
tiago serrago,380193,tigre
sebastian lezcano,412253,tigre
nicolas afonso,421332,tigre
lucian carracedo,421334,tigre
roman pesolilla,421339,tigre
alfio oviedo,252578,tigre
jose romero,301980,tigre
ignacio russo,309475,tigre
santiago lopez,365862,pumasunam
ignacio peluffo,412975,tigre
jordan andrusisen,421333,tigre
benjamin figueredo,421338,tigre
brandon leszczuk,421341,tigre
santino galesio,421342,tigre
brian bustos,258437,platense
juan pablo cozzani,271254,platense
nicolas sumavil,285022,platense
joaquin giudice,421583,platense
santino cambiasso,421584,platense
ignacio vazquez,3518,platense
victor cuesta,200303,platense
gonzalo goni,255711,platense
agustin lagos,292394,platense
juan ignacio saborido,319195,platense
santiago quiros,357498,platense
eugenio raggio,358106,platense
mateo mendia,382974,platense
celias ingenthron,406528,platense
agustin maglione,409377,platense
lucas testa,409863,platense
thiago currado,414399,platense
ivan gomez,166297,platense
leonardo heredia,204346,platense
pablo ferreira,274441,platense
martin barrios,287496,platense
agustin funes,318306,platense
franco zapiola,322911,platense
maximiliano amarfil,379729,platense
franco minerva,379789,platense
santiago dalmasso,382979,platense
felipe bussio,387782,platense
demian troya,403332,platense
santiago bouhet,421585,platense
salvador rixner,421586,platense
nico lopez,123859,platense
alejandro vera,187885,platense
augusto lotti,206681,platense
guido mainero,213170,platense
bautista merlini,233948,platense
tomas gimenez,263163,platense
juan gauto,285245,platense
gonzalo lencina,285380,platense
hector bobadilla,301515,platense
nicolas retamar,310736,platense
manuel tucker,377572,platense
tomas nasif,382915,platense
lucas zelaya,421587,platense
matias ramirez,421588,platense
luca bastilla,421589,platense
fausto san pedro,421590,platense
axel guzman,421595,platense
marcos ledesma,213108,institutocordoba
emanuel sittaro,292120,institutocordoba
raul maldonado,292184,institutocordoba
diego sosa,76156,institutocordoba
jonathan galvan,157500,institutocordoba
fernando alarcon,157910,institutocordoba
leonel mosevich,229641,institutocordoba
hernan de la fuente,268229,institutocordoba
ivan erquiaga,272725,institutocordoba
agustin bravo,302030,institutocordoba
juan meli,309444,institutocordoba
giuliano cerato,335865,institutocordoba
agustin massaccesi,379694,institutocordoba
genaro ordonez,418048,institutocordoba
alex luna,70912,institutocordoba
juan mendez,131717,institutocordoba
jhon cordoba,176058,institutocordoba
gustavo abregu,242672,institutocordoba
franco moyano,264514,institutocordoba
jonas acevedo,264953,institutocordoba
gaston lodico,269808,institutocordoba
wilder viera,297325,institutocordoba
matias gallardo,361003,institutocordoba
jeremias lazaro,379598,institutocordoba
ignacio rossi,399859,institutocordoba
joaquin medina,406775,institutocordoba
pedro baster,3109148,institutocordoba
augusto coronel,3116025,institutocordoba
matias tissera,241622,institutocordoba
nicolas guerra,258808,institutocordoba
facundo suarez,292010,institutocordoba
matias fonseca,298852,institutocordoba
lorenzo albarracin,402480,institutocordoba
luca rafaelli,418050,institutocordoba
facundo cambeses,233910,racingclub
matias tagliamonte,258304,racingclub
francisco gomez,339802,racingclub
thiago de bellis,383148,racingclub
marcos rojo,129426,racingclub
agustin garcia basso,186254,racingclub
pacha espino,199790,racingclub
nazareno colombo,268534,racingclub
marco di cesare,301950,racingclub
gaston martirena,302209,racingclub
ezequiel cannavo,311747,racingclub
tobias rubio,339805,racingclub
gonzalo escudero,361553,racingclub
mateo martinez,400994,
alejandro tello,70303,racingclub
gonzalo sosa,166678,racingclub
matias kranevitter,195645,racingclub
matias zaracho,241988,racingclub
matko miljevic,276283,racingclub
diego ortegoza,285696,racingclub
adrian fernandez,376561,america
ignacio agustin rodriguez,317430,
baltasar rodriguez,339804,racingclub
alan forneris,384887,racingclub
santino benjamin aguirre,3102498,racingclub
adrian martinez,3038,racingclub
duvan vergara,226105,racingclub
tomas conechny,228388,racingclub
lautaro diaz,292041,racingclub
santiago solari,315926,racingclub
valentin carboni,337972,racingclub
elias torres,346184,racingclub
tomas perez,361299,racingclub
ivan arboleda,216877,sarmientojunin
thyago ayala,365450,sarmientojunin
juan insaurralde,118725,sarmientojunin
nicolas pasquini,167354,sarmientojunin
lucas suarez,202225,sarmientojunin
joel godoy,218780,sarmientojunin
renzo orihuela,276062,sarmientojunin
gaston arturia,301960,sarmientojunin
juan manuel cabrera,318177,sarmientojunin
thiago santamaria,335361,sarmientojunin
jeremias vallejos,379715,sarmientojunin
agustin seyral,384383,sarmientojunin
jonathan gomez,126945,sarmientojunin
mauricio martinez,188476,sarmientojunin
manuel garcia,200174,sarmientojunin
yair arismendi,233331,sarmientojunin
cristian zabala,279074,sarmientojunin
carlos villalba,285967,sarmientojunin
gabriel diaz,367190,
julian contrera,361303,sarmientojunin
osmar gimenez,379469,
julian mavilla,379769,sarmientojunin
elian gimenez,399171,sarmientojunin
jhon renteria,402942,sarmientojunin
facundo alaggia,418331,sarmientojunin
alexis gonzalez,87673,acassuso
diego churin,113309,sarmientojunin
jonathan herrera,155955,sarmientojunin
pablo magnin,200207,sarmientojunin
junior marabel,253308,sarmientojunin
gaston gonzalez,233686,deportivomoron
santiago salle,356976,sarmientojunin
brandon marquez,385064,sarmientojunin
jose devecchi,195679,sanlorenzo
orlando gill,301648,sanlorenzo
mateo clemente,335403,sanlorenzo
daniel herrera,40945,
gaston hernandez,217521,
guzman corujo,254142,sanlorenzo
maximiliano zelaya,276296,sanlorenzo
franco lorenzon,336434,sanlorenzo
ezequiel herrera,338915,sanlorenzo
mathias de ritis,338975,sanlorenzo
oscar arias,361312,sanlorenzo
alejo cordoba,383076,sanlorenzo
lautaro montenegro,383080,sanlorenzo
ramiro pedroza,393392,sanlorenzo
teo rodriguez,401538,
nicolas blanco,418076,sanlorenzo
nicolas tripichio,195337,sanlorenzo
juan alvarez,228146,sanlorenzo
nahuel barrios,254146,sanlorenzo
carlos insaurralde,276025,sanlorenzo
gonzalo abrego,309129,sanlorenzo
gonzalo alassia,312188,sanlorenzo
francisco perruzzi,318143,
mauricio cardillo,339799,sanlorenzo
uriel ojeda,378809,sanlorenzo
juan rattalino,399291,sanlorenzo
ignacio perruzzi,402849,sanlorenzo
facundo gulli,406931,sanlorenzo
ezequiel cerutti,147573,sanlorenzo
diego herazo,223044,sanlorenzo
facundo bruera,264821,sanlorenzo
alexis cuello,283675,sanlorenzo
gregorio rodriguez,302046,sanlorenzo
matias reali,335510,sanlorenzo
matias hernandez,341929,sanlorenzo
rodrigo auzmendi,364366,sanlorenzo
agustin ladstatter,396010,sanlorenzo
branco salinardi,399292,sanlorenzo
federico gomes,307619,unionsantafe
matias mansilla,310768,unionsantafe
lucas meuli,339013,unionsantafe
bruno pitton,222738,unionsantafe
juan pintado,270997,unionsantafe
juan luduena,346282,unionsantafe
lautaro vargas,361298,unionsantafe
mateo aimar,385119,unionsantafe
maizon rodriguez,408110,unionsantafe
tomas fagioli,421273,unionsantafe
ignacio isla,3109241,unionsantafe
nazareno garcia fazzi,3109242,unionsantafe
lucas santiago,3109245,unionsantafe
augusto solari,155009,unionsantafe
lucas menossi,156284,unionsantafe
franco fragapane,167140,unionsantafe
victor malcorra,200353,unionsantafe
braian cuello,243287,unionsantafe
mauro luna diale,252199,unionsantafe
julian palacios,298859,unionsantafe
santino vera,361559,unionsantafe
emilio giaccone,397600,unionsantafe
santiago grella,411355,unionsantafe
mateo peresutti,3109240,unionsantafe
lucas cacciabue,3109244,unionsantafe
marcelo estigarribia,96687,unionsantafe
cristian tarragona,212444,unionsantafe
eric ramirez,217572,unionsantafe
agustin colazo,310879,unionsantafe
ricardo solbes,343347,unionsantafe
jose vanetta,391962,unionsantafe
misael aguirre,411864,unionsantafe
valentin jesus cerrudo,3109243,unionsantafe
tomas marchiori,216697,velezsarsfield
agustin cortez,402595,velezsarsfield
alvaro busso,402599,velezsarsfield
emanuel mammana,195034,velezsarsfield
lisandro magallan,195714,velezsarsfield
elias gomez,196592,velezsarsfield
joaquin garcia,213346,velezsarsfield
jano gordon,387780,velezsarsfield
thiago silveor,387781,velezsarsfield
leo cristaldo,402586,velezsarsfield
demian dominguez,402600,velezsarsfield
simon escobar,413772,velezsarsfield
alexis pereyra,420136,velezsarsfield
diego valdes,70983,velezsarsfield
manuel lanzini,149381,velezsarsfield
rodrigo aliendro,172387,velezsarsfield
claudio baeza,177279,velezsarsfield
lucas robertone,241823,velezsarsfield
maximiliano porcel,371519,velezsarsfield
luca feler,419308,velezsarsfield
matias pellegrini,276287,velezsarsfield
florian monzon,309574,velezsarsfield
alex veron,402582,velezsarsfield
dilan godoy,402596,velezsarsfield
tobias andrada,402601,velezsarsfield
matias arias,407157,velezsarsfield
thiago aguirre,422210,velezsarsfield
juan policella,422531,velezsarsfield
lautaro piola,3109149,velezsarsfield
cristo lozada echenique,3098998,allboys
mateo arrieta,3099001,allboys
juan pablo noce,233936,allboys
nicolas carrizo,242673,allboys
lukas ramil sauer,398815,allboys
adriano sofio,402984,allboys
hernan grana,120821,allboys
maximiliano coronel,130868,allboys
emiliano purita,242612,allboys
franco quiroz,261167,allboys
yago de vito,290583,allboys
alejo tabares,309459,allboys
ivan zafarana,326081,allboys
alejo rodriguez,362068,
tiago arraygada,421202,allboys
matias rodriguez,84127,allboys
gustavo turraca,216803,allboys
ricardo blanco,233393,allboys
santiago caseres,246845,allboys
ignacio palacio,300635,allboys
tomas assennato,302118,allboys
thiago calone,315170,allboys
santiago apa,316926,allboys
alexis melo,341239,allboys
lionel jara,395849,allboys
luciano leguizamon,403451,allboys
matias nouet,212278,allboys
bruno medina,268777,allboys
claudio campostrini,316293,allboys
agustin gallo,323238,allboys
tiago pucciarelli,384752,allboys
agustin fernandez,408102,allboys
natanael pereyra,3112557,agropecuario
german salort,264826,agropecuario
luciano acosta,199958,fluminense
alan perez,145382,
alan aguirre,173176,
matias molina,184979,agropecuario
fernando gonzalez,131697,
milton gonzalo ramos,204739,agropecuario
tomas lecanda,297045,agropecuario
facundo sanchez,361513,agropecuario
enzo aguirre,400048,agropecuario
danilo actis,418914,agropecuario
rodrigo castro,83309,agropecuario
damian lemos,118743,agropecuario
santiago gallucci,159753,agropecuario
jorge valdez,186183,agropecuario
antonio napolitano,314239,agropecuario
rodrigo mosqueira,379582,agropecuario
federico perez,379731,agropecuario
brian rojas,383955,agropecuario
juan cruz vega,390497,agropecuario
braian aranda,400046,agropecuario
jarol heritier,404800,agropecuario
martin corda,418917,agropecuario
marcos benitez,47784,agropecuario
alejandro gagliardi,118574,agropecuario
carlos auzqui,143289,agropecuario
brian blando,264816,agropecuario
diego vasquez,358646,agropecuario
danilo ruiz diaz,402894,agropecuario
lorenzo barrera,418916,agropecuario
marcos millanes,421953,agropecuario
santiago bogace,3101225,acassuso
mariano monllor,194552,acassuso
cesar atamanuk,335522,acassuso
alex ruiz,186446,acassuso
joel ghirardello,335526,acassuso
juan ponce,358542,acassuso
santiago bellatti,361567,acassuso
valentin serrano,377603,acassuso
natan acosta,379606,acassuso
santiago borges,399753,acassuso
nicolas stepanovitch,399796,acassuso
bruno dordoni,418912,acassuso
franco riente,418920,acassuso
lucas pioli,418921,acassuso
matias favale,418922,acassuso
roman etcheverri,418927,acassuso
patricio perez,128323,acassuso
david escalante,139560,acassuso
lazaro romero,225439,
franco cortes,320529,acassuso
german garcia,351801,acassuso
ramiro reynoso,364863,acassuso
jonathan raccio,365636,acassuso
joaquin cancio,399769,acassuso
diego roberts,401380,acassuso
matias gutierrez,418923,acassuso
nahuel petillo,418925,acassuso
pedro mamed,418926,acassuso
teo santaliz,418928,acassuso
fabricio sena,421208,acassuso
maximo santoro,422236,acassuso
kevin dubini,241616,acassuso
felipe senn,364848,acassuso
lautaro rodriguez,400015,acassuso
lucas rey,401388,acassuso
agustin hermoso,418911,acassuso
david de estefano,418913,acassuso
francisco lara marin,418915,acassuso
martin schlotthauer,418924,acassuso
yair gomez,418929,acassuso
bruno galvan,159373,almirantebrown
augusto bottini,257455,almirantebrown
gustavo cabral,44473,almirantebrown
leonardo jara,136146,almirantebrown
maximo levi,269781,almirantebrown
ulises abreliano,272621,almirantebrown
ramiro fernandez,292025,almirantebrown
tomas villoldo,310776,almirantebrown
agustin dattola,315725,almirantebrown
leonardo escalante,319124,almirantebrown
gerardo alegre,339801,almirantebrown
enzo cardozo,358544,almirantebrown
giovanni ferraina,401284,almirantebrown
alan ramirez,418952,almirantebrown
jonathan goya,145290,almirantebrown
joaquin ibanez,421355,almirantebrown
facundo quignon,200937,almirantebrown
santiago vera,265520,almirantebrown
gaston moreyra,311030,almirantebrown
gabriel altamirano,318202,almirantebrown
leandro iglesias,318293,almirantebrown
pedro velurtas,330574,almirantebrown
mariano santiago,345712,almirantebrown
luciano pascual,363481,almirantebrown
joaquin borja,365454,almirantebrown
santiago gauna,379604,almirantebrown
tobias quinteros,384153,almirantebrown
uriel arena,418954,almirantebrown
ramon gonzalez,82547,almirantebrown
facundo garcia,256876,almirantebrown
nazareno bazan,268713,almirantebrown
tobias zarate,302025,almirantebrown
matias belloso,309120,almirantebrown
tomas almada,379608,almirantebrown
lucas vega,403313,almirantebrown
milton zanotti,418953,almirantebrown
jorge sanguina,253657,colonsantafe
maximo ingravidi,3098413,colonsantafe
jeronimo buosi,3098530,colonsantafe
matias budino,316029,colonsantafe
tomas paredes,401621,colonsantafe
pier barrios,118760,colonsantafe
federico rasmussen,164494,colonsantafe
nicolas thaller,228711,colonsantafe
facundo castet,264959,colonsantafe
emanuel beltran,271442,colonsantafe
conrado ibarra,309420,
mauro peinipil,318427,colonsantafe
sebastian olmedo,345550,colonsantafe
lucas picech,380146,colonsantafe
zahir ibarra,400126,colonsantafe
federico lertora,127873,colonsantafe
matias munoz,205116,colonsantafe
ignacio antonio,207570,colonsantafe
alan bonansea,264797,colonsantafe
julian marcioni,276022,colonsantafe
ignacio lagos,309132,colonsantafe
agustin toledo,316388,colonsantafe
leandro allende,335537,colonsantafe
zahir yunis,392522,colonsantafe
agustin gimenez,399799,colonsantafe
matias cordoba,402917,colonsantafe
bautista maillier,403128,colonsantafe
lautaro gaitan,406992,colonsantafe
lucas cano,170731,colonsantafe
dario sarmiento,296304,colonsantafe
ivan ojeda,404799,colonsantafe
nicolas solveyra,3096150,
mayco bergia,335669,atleticorafaela
maximo spesso,418859,atleticorafaela
gabriel fernandez,115447,cruzazul
leonardo flores,201060,atleticorafaela
fernando ponce,277647,atleticorafaela
roque ramirez,285700,atleticorafaela
nicolas ramos,321128,atleticorafaela
agustin solveyra,335392,atleticorafaela
ariel gonzalez,353188,atleticorafaela
nicolas utrera,364974,atleticorafaela
luciano echeverria,384521,atleticorafaela
enzo wattier,385118,atleticorafaela
ignacio grandoli,418858,atleticorafaela
nicolas wabeke,418860,atleticorafaela
valentin mondino,418862,atleticorafaela
esteban pepino,173102,atleticorafaela
juan capurro,187889,atleticorafaela
facundo soloa,242766,atleticorafaela
nahuel cainelli,287689,atleticorafaela
pablo nicolas furtado gimenez,356352,atleticorafaela
damiano jaime,390093,atleticorafaela
valentino arro,418861,atleticorafaela
rodrigo suarez,421299,atleticorafaela
joel bonifacio,421300,atleticorafaela
matias pardo,141788,atleticorafaela
mauro quiroga,152090,atleticorafaela
lucas albertengo,172403,atleticorafaela
ijiel protti,207341,atleticorafaela
francisco nouet,264961,atleticorafaela
agustin obando,269800,atleticorafaela
agustin alfano,340646,atleticorafaela
martiniano moreno,361521,atleticorafaela
lorenzo moscoloni,383015,atleticorafaela
emiliano gonzalez,15039,almagro
juan zozaya,309437,almagro
franco mangudo,418869,almagro
mattia ciancaglini,421746,almagro
francisco marco,95007,almagro
matias cortave,188474,almagro
gonzalo asis,252201,almagro
brian negro,290717,almagro
enzo silcan,316387,almagro
nicolas tolosa,335364,almagro
lautaro busto,390845,almagro
aldo rimbelitti,399759,almagro
facundo faija,418868,almagro
leonel retamar,418870,almagro
pedro blanco,418871,almagro
santiago chamorro,418873,almagro
matias laba,146902,almagro
julian marchioni,200106,almagro
julian vitale,216522,almagro
franco bustamante,279420,almagro
david puca,317433,almagro
tobias macies,336526,almagro
joel orlando,363058,almagro
juan fernandez pinto,365457,almagro
roman sanchez,418872,almagro
santino colangelo,418874,almagro
tobias canale,418875,almagro
uriel villalobos,418876,almagro
jeremias bustos,421193,almagro
luciano sandoval,421745,almagro
claudio salto,228263,almagro
pablo palacio,285966,almagro
facundo de la vega,336095,almagro
tiziano dornell,357493,almagro
thiago lopez,399035,almagro
alejandro medina,188062,defensoresdebelgrano
alexis nocetti,289057,defensoresdebelgrano
lautaro daus,341274,defensoresdebelgrano
ian perez,292016,defensoresdebelgrano
martin rodriguez,292174,defensoresdebelgrano
nicolas vaquer,316028,defensoresdebelgrano
diego magallanes,342273,defensoresdebelgrano
patricio moyano,364613,defensoresdebelgrano
leonel gonzalez,379683,
nicolas morro,399737,defensoresdebelgrano
valentin pisacreta,418908,defensoresdebelgrano
luis jerez silva,144688,defensoresdebelgrano
juan de tomasso,202484,defensoresdebelgrano
leonardo landriel,214423,defensoresdebelgrano
leandro ciccollni,241549,defensoresdebelgrano
sergio sanchez,307614,defensoresdebelgrano
jonathan dellarossa,320075,defensoresdebelgrano
agustin benitez,335518,defensoresdebelgrano
gonzalo gamarra,358534,defensoresdebelgrano
ignacio gutierrez,359397,defensoresdebelgrano
nicolas borsotti,380148,defensoresdebelgrano
enzo gonzalez,120673,defensoresdebelgrano
ezequiel aguirre,193883,defensoresdebelgrano
joaquin ardaiz,251890,defensoresdebelgrano
brian gomez,261515,defensoresdebelgrano
gonzalo aquilino,276005,defensoresdebelgrano
francisco tcherkaski,380069,defensoresdebelgrano
dilan acosta,409666,defensoresdebelgrano
agustin rufinetti,285024,ciudaddebolivar
enzo alvarez,401858,ciudaddebolivar
jorge ruiz,419057,ciudaddebolivar
jonathan chacon,141089,ciudaddebolivar
nahuel yeri,200261,ciudaddebolivar
elias martinez,287549,ciudaddebolivar
ezequiel navarro,290541,ciudaddebolivar
axel carrion,331907,ciudaddebolivar
facundo mucignat,364837,ciudaddebolivar
federico peralta,378754,ciudaddebolivar
joel ledesma,401863,ciudaddebolivar
carlos cuello,418881,ciudaddebolivar
gonzalo valderrama,418882,ciudaddebolivar
cristian vega,116821,ciudaddebolivar
arnaldo gonzalez,128437,ciudaddebolivar
alex diaz,196645,
elias romero,241461,ciudaddebolivar
tobias fernandez,343235,ciudaddebolivar
brian quintana,379316,ciudaddebolivar
thiago rodriguez,381393,ciudaddebolivar
agustin paredes,401841,ciudaddebolivar
tomas alegre,401866,ciudaddebolivar
marcos sotelo,411998,ciudaddebolivar
guillermo sanchez,138385,ciudaddebolivar
camilo garcia,150102,ciudaddebolivar
jonathan maciel,155416,ciudaddebolivar
braian duarte,254174,ciudaddebolivar
khalil caraballo,290716,ciudaddebolivar
tomas rambert,338870,ciudaddebolivar
agustin diaz,379508,ciudaddebolivar
facundo beretta,401859,ciudaddebolivar
jose abentin,401862,ciudaddebolivar
valentin lachalde,419058,ciudaddebolivar
emilio di fulvio,199208,colegiales
augusto alcorcel,313872,colegiales
gustavo calderari,383103,colegiales
emanuel insua,173175,colegiales
leandro martinez,200376,colegiales
franco malagueno,262883,colegiales
facundo rivero,342799,colegiales
franco hanashiro,399766,colegiales
leo ortiz,252316,flamengo
gaston cortes,420476,colegiales
fernando miranda,198685,colegiales
enzo trinidad,202727,colegiales
federico marin,240420,colegiales
franco zicarelli,378755,colegiales
elias ocampo,379734,colegiales
facundo montiel,399767,colegiales
ignacio buenrostro,418885,
tomas buenrostro,418888,colegiales
leonardo gonzalez,72413,colegiales
mauro albertengo,234720,colegiales
mateo jose mamani,309491,colegiales
nicolas toloza,324346,colegiales
lucio castillo,339795,colegiales
rodrigo monserrat,388469,colegiales
tomas perri,409850,colegiales
lucas juarez,418886,colegiales
lucas ricciotti,418887,colegiales
enrique bologna,44391,chacaritajuniors
sebastian anchoverri,240426,chacaritajuniors
federico losas,292095,chacaritajuniors
gaston fernandez,336668,chacaritajuniors
sergio vittor,128744,chacaritajuniors
nicolas pantaleone,185978,chacaritajuniors
nicolas chaves,286368,chacaritajuniors
brian calderara,309466,chacaritajuniors
milton leyendeker,317075,chacaritajuniors
santiago acosta,336894,chacaritajuniors
tomas perez serra,344501,chacaritajuniors
francisco facello,366525,chacaritajuniors
dylan duran,388087,chacaritajuniors
ezequiel moya,389318,chacaritajuniors
tomas migliore,400044,chacaritajuniors
juan cuevas,78935,chacaritajuniors
cristian guanca,149938,chacaritajuniors
miguel mellado,179971,chacaritajuniors
luciano perdomo,229854,chacaritajuniors
lucas alfonzo,270660,chacaritajuniors
alvaro cuello,287685,chacaritajuniors
mario sanabria,343775,chacaritajuniors
maximiliano melendez,380588,chacaritajuniors
lucas bustos,382883,chacaritajuniors
gonzalo dell aquila,399735,chacaritajuniors
thiago dos santos,422039,chacaritajuniors
andre maldonado,3098531,chacaritajuniors
mauricio cuero,168276,chacaritajuniors
alexis dominguez,302718,chacaritajuniors
misael jaime,317870,chacaritajuniors
pablo ortiz,381648,chacaritajuniors
lorenzo brun,382879,chacaritajuniors
exequiel gerez,394466,chacaritajuniors
francisco cristaldo,418951,chacaritajuniors
senna oosterhof,422111,chacaritajuniors
lautaro lopez,290585,atlanta
juan rago,292024,atlanta
francisco villafane,422193,atlanta
rodrigo moreira,75513,atlanta
leonel galeano,144796,atlanta
tomas rojas,250473,atlanta
javier osatchuk,311144,atlanta
santino pasini,324397,atlanta
roman herrera,325183,atlanta
dylan arguello,400087,atlanta
rodrigo sosa,400379,atlanta
gustavo mendoza,128872,atlanta
kevin benitez,157276,atlanta
cristian bernardi,176695,atlanta
braian rivero,227767,atlanta
nicolas previtali,265782,atlanta
tomas castro ponce,307335,atlanta
federico bisanz,318417,atlanta
jere rodriguez,335548,
nahuel urtasun,341450,atlanta
mateo araujo,381024,atlanta
thiago ruiz,394112,atlanta
julian aquino,398336,atlanta
tiago romero,403701,atlanta
matias ibarra,421303,atlanta
alejandro quintana,143456,atlanta
federico castro,216219,atlanta
gonzalo miranda,235643,atlanta
lautaro fedele,319128,atlanta
ignacio rodriguez,382973,atlanta
leandro fernandez,241573,chacoforever
lisandro alfonso,3098942,chacoforever
gaston canuto,335540,chacoforever
nicolas andres caprio,336229,chacoforever
eduardo garcete,380046,chacoforever
david valdez,181101,chacoforever
lucas pruzzo,255538,chacoforever
jorge zules,263217,chacoforever
alan luque,269810,chacoforever
ricardo garay,274045,chacoforever
bahiano garcia,357924,chacoforever
mathias silvera,366099,chacoforever
lucas mihovilcevich,385070,chacoforever
gonzalo melgarejo,418930,chacoforever
franco molina,421253,chacoforever
juan carrizo,128160,chacoforever
german pacheco,149493,
agustin alonso,250012,chacoforever
brian guerra,256172,chacoforever
enzo gaggi,256871,chacoforever
andres lioi,269814,chacoforever
brian nievas,286987,chacoforever
joaquin jara,320138,chacoforever
leandro espejo,335101,chacoforever
leandro ojeda,338893,chacoforever
santiago valenzuela,342241,chacoforever
santiago villalba,364831,chacoforever
tiago chamorro,385184,chacoforever
ezequiel pacheco,418995,chacoforever
tomas bolzicco,203850,chacoforever
imanol enriquez,302518,chacoforever
juan cruz cerrudo,318295,chacoforever
agustin zabaleta,358189,chacoforever
mateo diaz chaves,361413,chacoforever
joaquin hass,285472,centralnorte
enzo vazquez,378739,centralnorte
emilio vargas,382623,centralnorte
tobias pantoja,418855,centralnorte
pablo rosales,154736,centralnorte
maximiliano padilla,159264,centralnorte
arian pucheta,240435,centralnorte
agustin aleo,271734,centralnorte
leonardo felissia,316303,centralnorte
joaquin vaquero,339193,centralnorte
elias calderon,358892,centralnorte
ramiro enriquez,368094,centralnorte
mauro matorras,382618,centralnorte
gonzalo romero,399847,centralnorte
gonzalo castilla,399848,centralnorte
martin lucero,418852,centralnorte
matias villareal,138388,centralnorte
gianluca mancuso,228383,centralnorte
maximiliano ribero,264302,centralnorte
maximiliano alvez,309493,centralnorte
agustin lamosa,315614,centralnorte
tomas alejandro castro,358593,centralnorte
matias moravec,399846,centralnorte
pedro sanz,399850,centralnorte
tiziano cabrera,418854,centralnorte
sergio quiroga,129393,centralnorte
ramiro costa,154555,centralnorte
kevin isa,287263,centralnorte
joaquin mateo,289736,centralnorte
erik bodencer,324036,centralnorte
franco vedoya,358736,centralnorte
francisco borda,418851,centralnorte
paolo dorini,418853,centralnorte
tiago taobas,418856,centralnorte
luciano peraggini,309457,deportivomaipu
nahuel galardi,399889,deportivomaipu
agustin pavon,418592,deportivomaipu
juan de la reta,330564,deportivomaipu
lucas faggioli,335552,deportivomaipu
mateo ortale,358134,deportivomaipu
luciano arnijas,362412,deportivomaipu
juan arno,379690,deportivomaipu
tiago ferreyra,379726,deportivomaipu
agustin leiva,408103,deportivomaipu
victor barrera,411155,deportivomaipu
fausto montero,135976,deportivomaipu
matias viguet,290449,deportivomaipu
juan pablo gobetto,310755,deportivomaipu
aron aguero,318323,deportivomaipu
gaston mansilla,321820,deportivomaipu
marcelo eggel,335549,deportivomaipu
santiago paulini,379692,deportivomaipu
mirko bonfigli,389573,deportivomaipu
franco saccone,399886,deportivomaipu
julian vera,418710,deportivomaipu
lisandro cabrera,276299,deportivomaipu
juan cruz giacone,348284,deportivomaipu
luca landriel,383025,deportivomaipu
juan manuel lungarzo,183285,estudiantesbuenosaires
rodrigo fumo,312833,estudiantesbuenosaires
facundo vila,317817,estudiantesbuenosaires
jorge benitez,205227,estudiantesbuenosaires
nicolas caro,240398,estudiantesbuenosaires
franco quinteros,270890,estudiantesbuenosaires
facundo ardiles,310718,estudiantesbuenosaires
balthazar bernardi,324039,estudiantesbuenosaires
martin albarracin,356397,estudiantesbuenosaires
tomas nunez,361516,
andres berizovsky,366523,estudiantesbuenosaires
tomas squie,399755,estudiantesbuenosaires
gabriel barca,417819,estudiantesbuenosaires
rodrigo melo,130933,estudiantesbuenosaires
enzo acosta,233940,
santiago camacho,264820,estudiantesbuenosaires
juan sanchez,286111,estudiantesbuenosaires
matias nunez,307474,estudiantesbuenosaires
roman rodriguez,361618,estudiantesbuenosaires
valentino pereyra,373788,estudiantesbuenosaires
fernando dure,378753,estudiantesbuenosaires
federico sena,378763,estudiantesbuenosaires
bautista degregorio,399752,estudiantesbuenosaires
teo cohen,399754,estudiantesbuenosaires
tobias salas,408183,estudiantesbuenosaires
jorge correa,153112,estudiantesbuenosaires
mateo acosta,216741,estudiantesbuenosaires
dario rostagno,302031,estudiantesbuenosaires
ezequiel almiron,324040,estudiantesbuenosaires
ian vera,364471,estudiantesbuenosaires
juan cruz vergara,3094490,estudiantesbuenosaires
yair bonnin,195658,deportivomadryn
mauricio nievas,276853,deportivomadryn
matias montero,278509,deportivomadryn
roberto leon,316427,deportivomadryn
lucas toffoletti,382937,deportivomadryn
diego martinez,112845,
alexis cossio,193424,deportivomadryn
victor cabrera,199723,deportivomadryn
nicolas ortiz,235168,deportivomadryn
alejandro gutierrez,240433,deportivomadryn
franco godoy,258300,deportivomadryn
agustin sosa,269820,deportivomadryn
facundo giacopuzzi,301759,deportivomadryn
thiago yossen,364975,deportivomadryn
marcelo meli,180908,deportivomadryn
facundo ospitaleche,195004,deportivomadryn
nazareno solis,200954,deportivomadryn
federico recalde,217433,deportivomadryn
gabriel gudino,240403,deportivomadryn
camilo machado,282860,deportivomadryn
yvo calleros,302220,deportivomadryn
estanislao jara,317728,deportivomadryn
elias ayala,318073,deportivomadryn
alvaro dionisio,358714,deportivomadryn
adriano martinez,422256,deportivomadryn
luis silba,206636,deportivomadryn
ezequiel montagna,216152,deportivomadryn
nicolas servetto,235731,deportivomadryn
nicolas barrientos,317017,deportivomadryn
juan peinipil,318246,deportivomadryn
yamil garcia,418934,deportivomadryn
milton alvarez,241171,gimnasiayesgrimajujuy
matias ramos mingo,311619,gimnasiayesgrimajujuy
nicolas dematei,155865,gimnasiayesgrimajujuy
guillermo cosaro,170854,gimnasiayesgrimajujuy
sebastian sanchez,200280,gimnasiayesgrimajujuy
jesus endrizzi,200346,gimnasiayesgrimajujuy
hector varela,268511,gimnasiayesgrimajujuy
delfor minervino,279970,gimnasiayesgrimajujuy
juan pablo cordoba,342802,gimnasiayesgrimajujuy
franco camargo,345252,gimnasiayesgrimajujuy
martin lazarte,393534,gimnasiayesgrimajujuy
gonzalo villarreal,398310,gimnasiayesgrimajujuy
facundo maldonado,418830,gimnasiayesgrimajujuy
hugo soria,173424,gimnasiayesgrimajujuy
claudio pombo,216723,gimnasiayesgrimajujuy
francisco molina,276910,gimnasiayesgrimajujuy
francisco maidana,317016,gimnasiayesgrimajujuy
federico paradela,318786,gimnasiayesgrimajujuy
hector zapatiel,399844,gimnasiayesgrimajujuy
pablo toledo,399845,gimnasiayesgrimajujuy
emiliano zambrano,402407,gimnasiayesgrimajujuy
cristian menendez,119030,gimnasiayesgrimajujuy
david gallardo,209669,gimnasiayesgrimajujuy
maximiliano casa,217597,gimnasiayesgrimajujuy
juan franzoni,263088,gimnasiayesgrimajujuy
pablo arganaraz,301954,gimnasiayesgrimajujuy
mauro daniel cachi,310735,gimnasiayesgrimajujuy
octavio bianchi,335964,gimnasiayesgrimajujuy
rodrigo velazquez,340649,gimnasiayesgrimajujuy
gonzalo puntano,386071,gimnasiayesgrimajujuy
julio cesar salva,224132,deportivomoron
federico diaz,233423,deportivomoron
maximo casalinuovo,407493,deportivomoron
mariano bittolo,132071,deportivomoron
brian salvareschi,243087,deportivomoron
emanuel iniguez,263932,deportivomoron
francisco flores,297053,deportivomoron
leonel ramirez,364850,
ivan vaquero,379673,deportivomoron
leonel cardozo,388599,deportivomoron
joaquin livera,399890,deportivomoron
maximiliano gonzalez,186779,
juan manuel olivares,200313,deportivomoron
emiliano franco,233687,deportivomoron
mauro burruchaga,279418,deportivomoron
elias contreras,292092,deportivomoron
franco fagundez,318097,deportivomoron
santiago kubiszyn,318769,deportivomoron
tomas ramirez,337436,deportivomoron
valentino huertas,403004,deportivomoron
franco toloza,213878,deportivomoron
fernando benitez,217506,deportivomoron
gonzalo berterame,233949,deportivomoron
mateo levato,259535,deportivomoron
juan cruz esquivel,285702,deportivomoron
joaquin zappacosta,418905,deportivomoron
fernando monetti,88689,ferrocarriloeste
lucas ruiz,167587,ferrocarriloeste
gustavo canto,216217,ferrocarriloeste
juan orellana,248630,ferrocarriloeste
fernando torrent,263207,ferrocarriloeste
sebastian corda,310749,ferrocarriloeste
misael taron,315730,ferrocarriloeste
federico tevez,331594,ferrocarriloeste
matias zubowicz,388470,ferrocarriloeste
nazareno kihm,402541,ferrocarriloeste
leandro pena biafore,418918,ferrocarriloeste
gonzalo castellani,118581,ferrocarriloeste
angel gonzalez,137060,
nicolas gomez,185940,ferrocarriloeste
emiliano ozuna,222704,ferrocarriloeste
matias kabalin,257457,ferrocarriloeste
enzo hoyos,287501,ferrocarriloeste
martin campos,345261,ferrocarriloeste
tiago esidin gonzalez,386342,ferrocarriloeste
laureano marra,399770,ferrocarriloeste
felipe obradovich,408875,ferrocarriloeste
francisco cuzzani,411593,ferrocarriloeste
sebastian pepe,421311,ferrocarriloeste
emanuel dening,136458,ferrocarriloeste
jonathan menendez,196343,ferrocarriloeste
franco garcia,254035,ferrocarriloeste
lautaro parisi,277732,ferrocarriloeste
federico cosentino,123194,gimnasiaytirosalta
joaquin papaleo,209608,gimnasiaytirosalta
gonzalo soto,126195,gimnasiaytirosalta
juan oviedo,205293,gimnasiaytirosalta
manuel guanini,219665,gimnasiaytirosalta
lautaro montoya,233944,
juan galetto,276228,gimnasiaytirosalta
adolfo tallura,318324,gimnasiaytirosalta
joel gordillo,421769,
ruben villarreal,77271,gimnasiaytirosalta
roberto birge,126981,gimnasiaytirosalta
jonas aguirre,157570,gimnasiaytirosalta
nicolas rinaldi,193481,gimnasiaytirosalta
walter montoya,195715,gimnasiaytirosalta
ivo chaves,211671,gimnasiaytirosalta
franco sivetti,276288,gimnasiaytirosalta
tiago banega,301756,gimnasiaytirosalta
tiago borquez,402168,gimnasiaytirosalta
ignacio batista,421284,gimnasiaytirosalta
pablo rodriguez,422047,gimnasiaytirosalta
felipe karabulut,422075,gimnasiaytirosalta
leandro contin,211309,gimnasiaytirosalta
lautaro gordillo,272497,gimnasiaytirosalta
juan rocca,335504,gimnasiaytirosalta
fabricio rojas,378740,gimnasiaytirosalta
juan capano,387388,gimnasiaytirosalta
camilo pantoja,402167,gimnasiaytirosalta
juan turletti,419251,gimnasiaytirosalta
alan gonzalez,248825,guemes
leonardo finochietto,252366,guemes
laureano lezcano,309492,guemes
tomas palleres,418945,guemes
matias martinez,99170,guemes
marcelo benitez,200214,guemes
facundo rizzi,250921,guemes
facundo melillan,272379,guemes
axel bordon,287653,guemes
oscar vanegas,301571,guemes
tomas oneto,302173,guemes
emilio lazza,360995,guemes
rodrigo arnay,419123,guemes
fernando godoy,118848,guemes
axel pinto,286370,guemes
maico quiroz,307985,guemes
david veliz,324329,guemes
gianfranco baier,357419,guemes
walter juarez,379686,
milton gerez,379889,guemes
franco berges,379996,guemes
santiago farrera,382945,guemes
lucas guinazu,401946,guemes
jonas carranza,419124,guemes
julian juarez,419125,guemes
juan sanchez sotelo,200428,guemes
gianluca pugliese,276010,guemes
thomas amilivia,283893,guemes
gaston esposito,292048,guemes
ivan ortigoza,310762,guemes
santiago gabriel sala,310769,guemes
ciro leineker,418857,guemes
roberto ramirez,184686,godoycruzantoniotomba
juan strumia,318296,godoycruzantoniotomba
nicolas claa,339798,godoycruzantoniotomba
juan moran,72265,godoycruzantoniotomba
diego viera,93274,godoycruzantoniotomba
esteban burgos,188469,godoycruzantoniotomba
federico milo,189809,godoycruzantoniotomba
mateo mendoza,199840,godoycruzantoniotomba
francisco gerometta,301987,godoycruzantoniotomba
leandro quiroz,309425,godoycruzantoniotomba
lucas arce,315950,godoycruzantoniotomba
tomas rossi,316307,godoycruzantoniotomba
nahuel brunet,335742,godoycruzantoniotomba
geronimo montivero,396969,godoycruzantoniotomba
matias funes,402609,godoycruzantoniotomba
gonzalo quinteros,402612,godoycruzantoniotomba
gaston gil romero,195639,godoycruzantoniotomba
juan andrada,240419,godoycruzantoniotomba
valentin burgoa,269806,godoycruzantoniotomba
brian orosco,277606,godoycruzantoniotomba
felipe cairus,307468,godoycruzantoniotomba
vicente poggi,320741,godoycruzantoniotomba
benjamin schamine,361293,godoycruzantoniotomba
claudio valverde,362073,godoycruzantoniotomba
misael sosa,379691,godoycruzantoniotomba
santiago martinez,392255,godoycruzantoniotomba
camilo alessandria,400829,godoycruzantoniotomba
ezequiel tejada,402611,godoycruzantoniotomba
antonio guerrero,402613,godoycruzantoniotomba
julian ernesto alberti,3098991,godoycruzantoniotomba
benjamin rojas moya,3101215,godoycruzantoniotomba
axel rodriguez,227035,godoycruzantoniotomba
martin pino,251839,godoycruzantoniotomba
juan bautista cejas,252047,godoycruzantoniotomba
silvio ulariaga,309445,godoycruzantoniotomba
enzo barrionuevo,402615,godoycruzantoniotomba
willian riquelme,418867,godoycruzantoniotomba
kevin valdez,421862,godoycruzantoniotomba
joaquin ledesma,216661,mitresantiagodelestero
ignacio pietrobono,310773,mitresantiagodelestero
gaston unrein,399851,mitresantiagodelestero
franco ferrari,158935,
yonathan cabral,199923,
brian mieres,233947,mitresantiagodelestero
daniel abello,264832,mitresantiagodelestero
pablo minissale,301951,mitresantiagodelestero
gonzalo valdivia,336414,mitresantiagodelestero
maximiliano romero,378645,mitresantiagodelestero
gianfranco lillo,379791,mitresantiagodelestero
luciano correa,399860,mitresantiagodelestero
segundo rodriguez,402259,mitresantiagodelestero
mateo maldonado,418932,mitresantiagodelestero
martin vazquez,418933,mitresantiagodelestero
mauro barraza,216669,mitresantiagodelestero
juan alessandroni,216772,mitresantiagodelestero
oscar garrido,292177,mitresantiagodelestero
matias ferrari,295054,mitresantiagodelestero
mateo montenegro,299987,mitresantiagodelestero
alan lopez,418931,mitresantiagodelestero
santiago lugones,423027,mitresantiagodelestero
marcos machado,130888,mitresantiagodelestero
santiago rosales,213154,mitresantiagodelestero
juan zarate,270888,mitresantiagodelestero
agustin ramirez,287352,mitresantiagodelestero
favio cabral,301983,mitresantiagodelestero
enzo avaro,315707,mitresantiagodelestero
lautaro ezequiel mendoza,3102223,mitresantiagodelestero
brian olivera,184782,racingcordoba
gonzalo laborda,242668,racingcordoba
lucas soto,318765,racingcordoba
valentin dutruel,421204,racingcordoba
alejandro rebola,200374,racingcordoba
jonathan bay,233325,racingcordoba
chamorro,301967,racingcordoba
gabriel aranda,324038,racingcordoba
matias sanchez,331831,racingcordoba
santiago rinaudo,342800,racingcordoba
marcio gomez,342808,racingcordoba
tomas kummer,358333,racingcordoba
fabrizio ghiggia,387397,racingcordoba
guido pache,399878,racingcordoba
matias machado,399880,racingcordoba
ciro rivas,418957,racingcordoba
francisco martin,418958,racingcordoba
gaspar iniguez,195690,racingcordoba
facundo juarez,261469,racingcordoba
gaspar vega,265783,racingcordoba
abel bustos,301493,racingcordoba
exequiel oviedo,380035,racingcordoba
luciano viano,385919,racingcordoba
francisco monticelli,399876,racingcordoba
franco tossen,399877,racingcordoba
martin szumik,399881,racingcordoba
lautaro avila,411476,racingcordoba
fernando ortiz,418959,racingcordoba
catriel pena,419245,racingcordoba
pablo chavarria,150230,racingcordoba
ricardo centurion,193851,racingcordoba
ignacio valsangiacomo,205209,racingcordoba
facundo taborda,233683,racingcordoba
alan olinick,364835,racingcordoba
leandro cordoba,418960,racingcordoba
franco rivasseau,312418,patronato
matias caballero,379941,patronato
roman peralta,403423,patronato
fernando moreyra,165356,patronato
fernando evangelista,178046,patronato
juan salas,290729,patronato
franco meritello,292179,patronato
facundo heredia,316143,patronato
nahuel genez,324032,patronato
federico bravo,183279,
agustin araujo,245772,patronato
facundo diaz,260679,patronato
brandon cortes,287301,patronato
walter rueda,292021,patronato
marcos enrique,301993,patronato
valentin pereyra,336508,patronato
santiago piccioni,341940,patronato
benjamin bravo,343828,patronato
bartolome velasquez,365016,patronato
alejo miro,365051,patronato
augusto picco,365161,patronato
luciano pacco,399778,patronato
luciano strey,420364,patronato
franco soldano,212338,patronato
hernan rivero,217368,patronato
tomas attis,251085,patronato
renzo reynaga,268224,patronato
joaquin barolin,346903,patronato
ramon villarreal,365162,patronato
agustin cardoso,399777,patronato
matias escobar,353401,sanmiguel
andres sosa,358278,sanmiguel
mateo reynoso,378771,sanmiguel
facundo cardozo,159375,sanmiguel
kevin ceceri,235732,sanmiguel
damian adin,271793,sanmiguel
dixon renteria,285192,sanmiguel
franco aguirre,302054,sanmiguel
felipe coronel,318280,sanmiguel
lucio perez,380049,sanmiguel
alexis cruz,418849,
david muller,122371,sanmiguel
leandro ortiz,141079,sanmiguel
ivan ramirez,181660,sanmiguel
leandro desabato,186450,sanmiguel
jorge ferrer,189021,sanmiguel
tomas diaz grassano,302510,sanmiguel
matias benitez,378769,sanmiguel
mateo serra,395264,sanmiguel
fabricio almeida,399818,sanmiguel
thomas carosio,399870,sanmiguel
tiago gordillo,411594,sanmiguel
elian de la cruz,412311,sanmiguel
daniel juarez,68339,sanmiguel
bruno nasta,216714,sanmiguel
lucas delgado,268527,sanmiguel
lucas brochero,309123,sanmiguel
tomas jerez,379991,sanmiguel
maximo oses,382901,sanmiguel
sebastian lopez,88276,losandes
javier bustillos,269798,losandes
marko brey,399788,losandes
julian rodriguez,172029,
daniel franco,200005,losandes
julian navas,234360,losandes
gabriel carrasco,254140,losandes
nazareno fernandez colombo,277733,losandes
brian leizza,301758,losandes
peter martinez grance,335967,losandes
cristian linares,412043,losandes
gonzalo cozzoni,135232,losandes
franco rodriguez,153285,losandes
aaron sandoval,176176,losandes
juan manuel vazquez,208627,losandes
gabriel canete,294448,losandes
benjamin garay,300921,losandes
tomas diaz,324042,losandes
sergio ortiz,338871,losandes
facundo villarreal,399782,losandes
leandro alegre,420920,losandes
thiago cicerone,420927,losandes
mauricio asenjo,201195,losandes
tomas blanco,279075,losandes
mario galeano,313993,losandes
matias gonzalez,335965,losandes
camilo viganoni,361655,losandes
luciano jachfe,278512,nuevachicago
juan carranza,302298,nuevachicago
facundo masuero,309423,nuevachicago
lucas bersce,419604,nuevachicago
dylan gissi,150232,nuevachicago
guillermo ferracuti,189913,nuevachicago
ivan antunes,284861,nuevachicago
elias machuca,301757,nuevachicago
rodrigo ramirez,309576,nuevachicago
bruno palazzo,312145,nuevachicago
gonzalo paz,315927,nuevachicago
gonzalo trindade,360997,nuevachicago
diego arroyo,363096,nuevachicago
roman zalazar,396963,nuevachicago
geronimo velozo,401384,nuevachicago
gabriel reta,418946,nuevachicago
emerson silveira,418947,nuevachicago
enzo carrizo,422260,nuevachicago
emiliano mendez,147487,nuevachicago
alan ruiz,154912,nuevachicago
lucas lopez,186458,nuevachicago
mauro perez,216671,nuevachicago
evelio cardozo,285034,nuevachicago
tomas rodriguez,288563,nuevachicago
enzo roldan,303318,nuevachicago
ramiro balbuena,310223,nuevachicago
maximiliano rogoski,313871,nuevachicago
gabriel vega,324041,nuevachicago
german mansilla,399732,nuevachicago
tomas orqueida,399734,nuevachicago
javier pereyra,401864,nuevachicago
braian toloza,403341,nuevachicago
leonel ortiz,408793,nuevachicago
nazareno petrecca,408795,nuevachicago
alejo gonzalez,411176,
joaquin gonzalez,418948,nuevachicago
facundo castro,202487,nuevachicago
lucas ambrogio,290713,nuevachicago
sebastian cocimano,301957,nuevachicago
diego barros,382941,nuevachicago
gonzalo marinelli,128752,quilmes
mateo rodriguez,258694,quilmes
esteban glellel,285703,quilmes
joaquin canadell,405587,quilmes
leonel vangioni,91536,quilmes
nicolas colazo,136168,quilmes
ariel kippes,212861,quilmes
agustin bindella,278516,quilmes
joaquin novillo,283899,quilmes
thomas ortega,301964,
martin vallejos,335369,quilmes
lucas romeo,388730,quilmes
julian gurzi,388732,quilmes
agustin ortega,395345,quilmes
tiago marghetich,395346,quilmes
santiago luna,403201,quilmes
pedro paredes,74008,quilmes
ramiro martinez,208646,quilmes
agustin bolivar,262488,quilmes
agustin lavezzi,278609,quilmes
juan yangali,335866,quilmes
ulises vera,358117,quilmes
mirko juarez,380004,quilmes
mauro fernandez,162587,quilmes
aaron spetale,332517,quilmes
axel batista,338689,quilmes
pio bonacci,358116,quilmes
jano coronel,401598,quilmes
gabriel vazquez,403737,quilmes
sebastian diaz,204911,sanmartinsanjuan
federico bonansea,216786,sanmartinsanjuan
maximiliano velazco,233941,sanmartinsanjuan
lautaro garzon,339192,sanmartinsanjuan
francisco emanuel valenzuela baron,3112558,sanmartinsanjuan
emanuel aguilera,149462,sanmartinsanjuan
leonel alvarez,235161,sanmartinsanjuan
federico murillo,251837,sanmartinsanjuan
mauro osores,259442,sanmartinsanjuan
facundo nadalin,268605,sanmartinsanjuan
hernan zuliani,335366,sanmartinsanjuan
lucas veron,418949,sanmartinsanjuan
sebastian gonzalez,128222,sanmartinsanjuan
guillermo acosta,181820,
leonardo monje,199805,sanmartinsanjuan
nicolas pelaitay,200290,sanmartinsanjuan
carlo lattanzio,223078,sanmartinsanjuan
diego mercado,268844,sanmartinsanjuan
gonzalo lucero,276912,sanmartinsanjuan
sebastian jaurena,277735,sanmartinsanjuan
luciano ferreyra,297046,sanmartinsanjuan
ramiro rumbolo,316130,sanmartinsanjuan
manuel cocca,354627,sanmartinsanjuan
luciano riveros,380147,sanmartinsanjuan
nicolas iachetti,418950,sanmartinsanjuan
rodrigo nieva,3101226,sanmartinsanjuan
gabriel hachen,169177,sanmartinsanjuan
franco coronel,258593,sanmartinsanjuan
nahuel acosta,317952,sanmartinsanjuan
genaro rossi,318278,sanmartinsanjuan
nazareno funez,318281,sanmartinsanjuan
bruno juncos,368338,sanmartinsanjuan
francisco valenzuela,376556,sanmartinsanjuan
lautaro aguero,421861,sanmartinsanjuan
mauro leguiza,147550,midland
lucas escobar,339194,midland
luciano recalde,234983,midland
emilio porro,242653,midland
pablo casarico,336818,midland
mariano penepil,338142,midland
bautista lamosa,400808,midland
mirko olavarria,400814,midland
pedro castoran,400818,midland
genaro cepeda,401406,midland
tomas muia,417989,midland
joel canalda,417990,midland
mauro frattini,146346,midland
gonzalo gomez,264094,midland
ramiro luna,309121,midland
matias flores,316070,midland
jesus camano,345262,midland
matias abbruzzese,358730,midland
lautaro diaz laharque,378768,midland
dylan aguilar,400809,midland
nicolas violini,400817,midland
facundo marin,402903,midland
rodrigo cao,302052,midland
amos perales,309405,midland
marcos roseti,316285,midland
matteo cucinotta,360193,midland
santino primante,388462,midland
uriel guzman,417992,midland
valentino madalon,417993,midland
david bulacio,418906,midland
juan rial,107409,santelmo
joaquin enrico,338909,santelmo
facundo roncaglia,99484,santelmo
patricio romero,206669,santelmo
emanuel diaz,233445,santelmo
martin gonzalez,336487,
carlos casas,342276,santelmo
juan motroni,399733,santelmo
lazaro britez,418909,
rodrigo dinocco,418910,santelmo
lautaro buteler,3098411,santelmo
cristian nunez,200334,santelmo
fabian henriquez,227699,santelmo
javier iritier,249224,santelmo
matias ledesma,262486,santelmo
juan zurbriggen,269804,santelmo
inaki lartirigoyen,324011,santelmo
elias britez,333704,santelmo
gabriel paredes,342199,santelmo
ian pardo,342277,santelmo
leonel pollacchi,358394,santelmo
evan alvarez,368687,santelmo
cristian ortiz,379788,santelmo
roman gamarra,385918,santelmo
renzo uriburu,399738,santelmo
joel gonzalez,170703,santelmo
nicolas molina,188381,santelmo
facundo baez,234460,santelmo
jeronimo porto,315618,santelmo
martin batallini,315727,santelmo
gaston viera,327005,santelmo
elias peralta,361414,santelmo
matias salerno,380045,santelmo
mateo cardozo,421741,santelmo
juan jaime,118892,sanmartintucuman
dario sand,264825,sanmartintucuman
nahuel manganelli,301956,sanmartintucuman
nicolas ferreyra,180904,sanmartintucuman
victor salazar,184044,sanmartintucuman
ezequiel parnisari,199029,sanmartintucuman
rodrigo ayala,216059,sanmartintucuman
nahuel gallardo,267577,sanmartintucuman
jorge emanuel juarez,310760,sanmartintucuman
thiago penalba,358111,sanmartintucuman
guillermo rodriguez,359185,
laureano rodriguez,379680,
alejandro galvan,421297,sanmartintucuman
nicolas castro,57149,sanmartintucuman
anibal paz,78802,sanmartintucuman
matias ariel garcia,176235,sanmartintucuman
gabriel carabajal,200429,sanmartintucuman
leonardo monroy,241623,sanmartintucuman
jesus soraire,278505,sanmartintucuman
kevin lopez,324349,sanmartintucuman
milton rios,359441,sanmartintucuman
alan cisnero,393465,sanmartintucuman
agustin graneros,399776,sanmartintucuman
octavio zamora,421298,sanmartintucuman
juan valdez,421676,sanmartintucuman
diego diellos,180322,sanmartintucuman
gonzalo rodriguez,242669,sanmartintucuman
santiago brinone,277209,sanmartintucuman
alvaro veliez,277731,sanmartintucuman
nicolas moreno,315803,sanmartintucuman
lautaro ovando,318178,sanmartintucuman
mauro veron,335513,sanmartintucuman
luca arfaras,402556,sanmartintucuman
leonel sir,422170,sanmartintucuman
ezequiel mastriola,195684,temperley
jeronimo pourtau,254138,temperley
valentin diaz,380091,
lisandro morrone,395651,temperley
rodrigo mazur,188942,temperley
pedro souto,287502,temperley
lucas angelini,292133,temperley
santiago flores,309434,temperley
valentino werro,339019,temperley
valentin aguinagalde,340892,temperley
matias calzon,384972,temperley
franco tirotta,3102242,temperley
luciano nieto,126566,temperley
adrian arregui,184039,temperley
geronimo tomasetti,285025,temperley
franco diaz,287505,
nicolas avalos,336415,temperley
lucas richarte,384053,temperley
lorenzo monti azpiazu,399705,temperley
gabriel hauche,83587,temperley
brandan fernando,84281,temperley
jonathan diaz,124734,temperley
eduardo melo,187476,temperley
marcos echeverria,197040,temperley
franco benitez,206644,temperley
oswaldo pacheco,358113,temperley
facundo kruger,358118,temperley
julian carrasco,359444,temperley
bautista fernandez,421302,temperley
roman quiroga,3098919,temperley
tiziano lionel noriega,3102218,tristansuarez
daniel monllor,206706,tristansuarez
joaquin mendive,253971,tristansuarez
joaquin bigo,292104,tristansuarez
marcos funes,418935,tristansuarez
nicolas henry,255645,tristansuarez
alejandro molina,264954,tristansuarez
matias olguin,289049,tristansuarez
mauricio guzman,303580,tristansuarez
brian caraballo,318298,tristansuarez
ayrton sanchez,335493,
manuel agustin guillen,361002,tristansuarez
nicolas sanchez,83555,tristansuarez
diego becker,255930,tristansuarez
nicolas del priore,276006,tristansuarez
joaquin trasante,276060,tristansuarez
agustin baldi,292058,tristansuarez
maximiliano luayza,307318,tristansuarez
walter berrondo,358889,tristansuarez
maximo ferulano,358895,tristansuarez
fernando alvarez,361412,
gianluca banuera,364403,tristansuarez
kevin colli,388341,tristansuarez
santiago aquino,399793,tristansuarez
cesar romero,403333,tristansuarez
mateo bustamante,421292,tristansuarez
maximiliano alvarez,140673,tristansuarez
renzo conechny,318180,tristansuarez
jonathan beron,346965,tristansuarez
santiago magnotta,381649,tristansuarez
leo,200660,athleticopr
guido herrera,173174,bahia
ronaldo,229574,internacional
victor,417810,
fabio,158382,fluminense
iuri jean carlo neres dos santos,422022,
santiago ramos,82782,bahia
david duarte,219090,bahia
iago,252800,bahia
kanu,252973,bahia
marco moreno,294932,bahia
luciano juba,304757,bahia
marcos victor,334243,bahia
ze guilherme,360186,bahia
luiz gustavo,371496,corinthians
roman gomez,381149,bahia
fredi lippert,400318,bahia
gerald,418962,bahia
everton ribeiro,199017,bahia
michel araujo,227241,bahia
erick,256044,vitoria
rodrigo nestor,266664,bahia
jean lucas,269910,bahia
nicolas acevedo,285757,bahia
caio alexandre,299932,bahia
roger gabriel,360136,bahia
david martins,400314,bahia
pedrinho,400322,bahia
wendel passos,400328,bahia
cristian olivera,124439,bahia
everaldo,167845,bahia
willian jose,198360,bahia
ademir,269675,bahia
alejo veliz,318291,bahia
erick pulga,333907,bahia
mateo sanabria,335673,bahia
ruan pablo,387949,bahia
dell,400315,bahia
joao coni,400320,bahia
kaue furquim,407479,bahia
lyan araujo santos,410922,bahia
caio suassuna,417809,bahia
ryan nascimento,418963,bahia
gabriel batista,228401,botafogo
raul,233826,botafogo
warleson,250143,botafogo
cristian loor,361362,botafogo
cleber lucas chieppe chagas,414541,botafogo
fernando marcal,170362,botafogo
alex telles,199734,botafogo
kaio,347456,corinthians
nahuel ferraresi,245291,botafogo
lucas monzon,277069,botafogo
mateo ponte,359977,botafogo
jhoan hernandez,362496,botafogo
ythallo,365558,botafogo
caio roque,367088,botafogo
anthony,380536,botafogo
kadu,400952,botafogo
marcos vinagre,402669,botafogo
riquelme felipe,407245,botafogo
gabriel pereira justino,411648,botafogo
gabriel da silva abdias,411889,botafogo
kaua serafim,419140,botafogo
herick garcia da silva neves,3102503,botafogo
allan,223437,corinthians
edenilson,402426,vitoria
domingos,297039,botafogo
cristian medina,297056,botafogo
danilo santos,306764,
bernardo valim,355366,botafogo
jordan barrera,360063,botafogo
alvaro montoro,379785,botafogo
wallace davi,382972,botafogo
victor hugo,334382,atleticomg
caua zappelini,399181,botafogo
caio valle,399182,botafogo
kauan toledo,400067,botafogo
arthur novaes,417755,botafogo
miguel caldas,417757,botafogo
victor hugo goncalves dos santos,3102502,
lucas villalba,176810,botafogo
joaquin correa,195638,botafogo
arthur cabral,224103,botafogo
junior santos,269843,botafogo
danilo,170369,flamengo
matheus martins,314841,botafogo
nathan fernandes,362784,botafogo
jose kadir,411290,botafogo
felipe januario,417805,botafogo
arthur izaque,417806,botafogo
matheusinho,315766,vitoria
lucas emanuel jales do nascimento,3102504,botafogo
gabriel delfim,318191,atleticomg
pedro cobra,376488,atleticomg
vitor hugo,404207,cruzeiro
lyanco,220747,atleticomg
leo duarte,234015,atleticomg
renan lodi,245858,atleticomg
angelo preciado,256560,atleticomg
natanael,304699,atleticomg
julio vargas,337868,atleticomg
ivan roman,357697,atleticomg
samuel barros,379721,atleticomg
vitao,254145,flamengo
wanderson junior de souza vaz,401051,atleticomg
pedro francisco fachinetti dos santos,415445,
luis gustavo,417567,atleticomg
kaua pascini,417569,atleticomg
bernard,158272,atleticomg
gustavo scarpa,205074,atleticomg
maycon,233416,atleticomg
alan franco,228493,tigresuanl
igor gomes,268472,atleticomg
reiner,286703,atleticomg
alexsander,336386,atleticomg
patrick silva,361460,
eric,398929,atleticomg
hendel dos santos,398946,atleticomg
mamady cisse,417570,atleticomg
mateus romero,421541,atleticomg
joao pedro porto lucrecio,3103553,atleticomg
mateo casierra,215934,atleticomg
tomas cuello,252197,atleticomg
alan minda,319422,atleticomg
lucas louback,383035,atleticomg
gabriel veneno,410939,atleticomg
wallysson da silva,413673,atleticomg
caua soares,417568,atleticomg
murillo fernandes,417574,atleticomg
riquelme henrique,421540,atleticomg
joao teixeira,421542,atleticomg
mycael,322655,athleticopr
matheus rocha,361393,athleticopr
maksym voronov,382868,athleticopr
carlos eduardo souza de barros,403290,athleticopr
carlos teran,192080,athleticopr
gilberto,198761,athleticopr
juan felipe aguirre,270242,athleticopr
gaston benavidez,287688,athleticopr
lucas esquivel,309499,athleticopr
filipinho,315789,athleticopr
leonardo derik,338881,athleticopr
dantas,360826,athleticopr
gilberto junior,361454,athleticopr
arthur dias,381170,athleticopr
victor vinicius teodoro ferraz,405455,athleticopr
claudinho,417345,athleticopr
gustavo veiga,417346,athleticopr
murilo camargo,417506,athleticopr
arthur monteiro,422534,athleticopr
juan portilla,94976,athleticopr
jadson,173351,athleticopr
alejandro garcia,268187,athleticopr
bruno zapelli,296574,athleticopr
eduardo,421488,palmeiras
joao cruz,361359,athleticopr
chiqueti,361383,athleticopr
diogo riquelme,382858,athleticopr
guilherme back,382862,athleticopr
bruninho,417344,athleticopr
kauan stabelini,417347,athleticopr
lucas marezi,417348,athleticopr
benjamin brito,418052,athleticopr
stiven mendoza,197049,athleticopr
kevin viveros,268476,athleticopr
renan,318152,athleticopr
jorge rivaldo,378910,athleticopr
lucas amorim,380149,athleticopr
leozinho,380327,athleticopr
juliano santini,418051,athleticopr
hugo souza,257051,corinthians
matheus donelli,284998,corinthians
kaue camargo,361442,corinthians
felipe longo,361463,corinthians
matheus correa,376482,corinthians
gustavo milani,421612,corinthians
gustavo henrique,399297,santos
gabriel paulista,192226,corinthians
andre ramalho,194090,corinthians
fabrizio angileri,195756,corinthians
mateuzinho,272533,corinthians
matheus bidu,287774,corinthians
hugo,399074,saopaulo
pedro milans,359849,corinthians
guilherme pellegrin almeida,379516,corinthians
jacare,399414,corinthians
yago veloso,415446,corinthians
iago machado,421414,corinthians
caua ribeiro,421614,corinthians
levi dias,421618,corinthians
joao vitor,417751,vascodagama
andre carrillo,148189,corinthians
jesse lingard,169136,corinthians
alex santana,196879,corinthians
raniele,236099,corinthians
rodrigo garro,270562,corinthians
breno bidon,338898,corinthians
luiz eduardo,379848,corinthians
dieguinho,382944,corinthians
luiz fabio,417419,corinthians
pedro thomas,421613,corinthians
guilherme caragua,421615,corinthians
guilherme pires,421616,corinthians
zakaria labyad,144324,corinthians
memphis depay,159255,corinthians
pedro raul,234070,corinthians
yuri alberto,266666,corinthians
kayke ferrari,361467,corinthians
gui negao,382959,corinthians
luiz fernando,421505,palmeiras
nicollas,400429,corinthians
nicolas araujo,400447,corinthians
christian santos,421609,corinthians
kayque,421617,corinthians
cassio,108347,cruzeiro
otavio costa,337996,cruzeiro
leo aragao,361949,cruzeiro
marcelo,383087,
vitor lamounier,404611,cruzeiro
fagner,108342,cruzeiro
william,212077,cruzeiro
fabricio bruno,236111,cruzeiro
gabriel rojas,238734,cruzeiro
joao marcelo,286558,cruzeiro
jonathan jesus,363020,cruzeiro
nicolas pontes,383098,cruzeiro
kaua moraes silva,403572,
gustavo carvalho,421405,cruzeiro
kelvin coutinho,421406,cruzeiro
lucas romero,77577,cruzeiro
gerson,210135,cruzeiro
matheus henrique,268221,cruzeiro
neyser villareal,370814,cruzeiro
rhuan gabriel,371530,cruzeiro
alessandro,383088,cruzeiro
murilo rhikman,383097,cruzeiro
ze lucas,402423,cruzeiro
felipe morais,404202,cruzeiro
eduardo pape,421402,cruzeiro
andre balbino,421403,cruzeiro
wanderson,421952,vitoria
chico,198273,mirassol
bruno rodrigues,227737,cruzeiro
luis sinisterra,235116,cruzeiro
kaio jorge,280978,cruzeiro
gabriel pec,295005,cruzeiro
keny arroyo,371534,cruzeiro
ruan silva fonseca,374514,cruzeiro
kaique kenji,383096,cruzeiro
pietro tavares,413768,cruzeiro
rayan lelis,414352,cruzeiro
danilo gimenes,421404,cruzeiro
gabriel leite,203222,coritiba
keiller,234080,coritiba
pedro rangel,311037,coritiba
benassi,334277,coritiba
pedro luccas,364880,coritiba
maicon,124025,coritiba
rodrigo moledo,155268,coritiba
tinga,200826,coritiba
bruno melo,243831,coritiba
jacy maranhao,256018,coritiba
felipe jonatan,272437,coritiba
joao pedro chermont,371527,coritiba
joao almeida,402816,coritiba
lucas taverna,403736,coritiba
josue pesqueira,150215,coritiba
willian,178487,gremio
thiago santos,188143,coritiba
fernando sobral,201942,coritiba
wallison luiz,269848,coritiba
thiago azaf,384026,coritiba
tissi,402818,coritiba
alejandro ararat,404711,coritiba
paulo roberto,417356,coritiba
keno,203693,coritiba
pedro rocha,216846,coritiba
breno,398657,fluminense
rodrigo rodrigues,236410,coritiba
brian ocampo,276058,coritiba
fabinho,307934,redbullbragantino
vini paulista,316781,coritiba
joaquin lavega,333306,coritiba
renato marques,338053,coritiba
lucas ronier,360137,coritiba
eberth,377787,coritiba
enzo vagner,417822,coritiba
david alves,421314,coritiba
tulio eduardo silva de oliveira,3108270,chapecoense
walter,196851,mirassol
georgemy,199011,mirassol
thomazella,203754,mirassol
alex muralha,204095,mirassol
gabriel,357722,vascodagama
reinaldo,115379,mirassol
victor luis,198108,
lucas oliveira,233888,mirassol
joao victor carroll,250899,mirassol
elias lira nogueira junior,256905,mirassol
willian machado,270797,mirassol
igor marques,299967,mirassol
gabriel knesowitsch,338674,mirassol
caua victor soares da silva,418795,mirassol
marcelo barbosa de santos,418796,
neto moura,203715,mirassol
gustavo cazonatti,235998,mirassol
gustavo mosquito,250904,mirassol
shaylon,252610,mirassol
jose aldo,290092,mirassol
denilson,325101,mirassol
joao wellington,358337,mirassol
giovanni pacheco,421445,mirassol
edson carioca,94310,mirassol
negueba,153646,mirassol
andre luis,205448,mirassol
alesson,250388,mirassol
antonio galeano,254464,mirassol
bruno santos,314915,mirassol
vinicius bacchi de castro,418797,mirassol
felipe pereira dos,421444,mirassol
vitor eudes,255327,fluminense
marcelo pitaluga,269546,fluminense
gustavo ramalho,315456,fluminense
gustavo felix,398661,fluminense
thiago silva,96254,fluminense
samuel xavier,146162,fluminense
rene,379359,vitoria
guilherme arana,207269,fluminense
igor rabello,212879,fluminense
julian millan,235941,fluminense
guga,271557,fluminense
juan freytes,276023,fluminense
ignacio,281559,fluminense
julio fidelis,373775,fluminense
jemmes,384032,fluminense
kaio borges,398663,fluminense
gorgulho,421388,fluminense
ganso,175902,fluminense
alisson,412558,internacional
david terans,207912,fluminense
lima,222955,fluminense
nonato,238342,fluminense
martinelli,307946,fluminense
hercules,336622,fluminense
vagno,403160,fluminense
naara,404205,fluminense
peter,421385,fluminense
paulo guilherme,421389,fluminense
ruan sales,421390,fluminense
rodrigo castillo,116395,fluminense
hulk,124068,fluminense
german cano,165749,fluminense
jefferson savarino,177219,fluminense
yeferson soteldo,194039,fluminense
agustin canobbio,241466,fluminense
kevin serna,287633,fluminense
john kennedy,312741,fluminense
joao pedro silverio lourenco,357484,fluminense
matheus reis,371529,fluminense
isack pele,379485,fluminense
riquelme,301860,vascodagama
wesley nata,403159,fluminense
keven samuel,403162,fluminense
enzo,421387,fluminense
ivan,417834,vitoria
marcelo rangel,206952,remo
ygor vinhas,269643,remo
alexandre,400948,
joao victor,259879,saopaulo
marllon,157743,remo
cristian tassano,217550,remo
braian cufre,227931,remo
duplexe tchamba,254447,remo
leo andrade,265535,remo
matheus piaui,271706,remo
mayk,277092,remo
matheus alexandre,280678,remo
joao,402708,flamengo
marcelinho,304826,remo
ze ivaldo,319270,remo
kerlon ormerode brito da cruz,3096158,remo
kauan garcia ferreira,3096162,remo
yago pikachu,186832,remo
patrick,198362,remo
jose welison,201793,remo
ze ricardo,276661,remo
leonel picco,286532,remo
edson fernando,290028,remo
franco catarozzi,317381,remo
david francisco,359364,remo
tico,400953,remo
miguel,421940,remo
vitor bueno,200775,remo
gabriel taliari,235385,remo
jaderson,252833,remo
gabriel poveda,274517,remo
alef manga,301188,remo
rafael monti,398996,remo
andres gonzalez,421939,remo
agustin rossi,215388,flamengo
andrew,278802,flamengo
dyogo alves,343843,flamengo
leo nannetti,399456,flamengo
gabriel laizo werneck,415444,flamengo
alex sandro,125514,flamengo
leo pereira,145405,flamengo
guillermo varela,188368,flamengo
ayrton lucas,203077,
emerson royal,246844,flamengo
daniel sales,357115,flamengo
gusttavo sousa,389773,flamengo
johnny monteiro goes,401309,flamengo
daniel carvalho marinho da silva,417897,flamengo
ernest munoz,421502,flamengo
saul niguez,172269,flamengo
giorgian de arrascaeta,179767,flamengo
erick pulgar,202533,flamengo
jorge carrascal,208700,flamengo
lucas paqueta,234715,flamengo
nicolas de la cruz,251889,flamengo
samuel lino,253937,flamengo
evertton,334752,flamengo
lorran,357117,flamengo
guilherme gomes,379497,flamengo
pablo lucio,398646,flamengo
lucas santos,399720,
joshua,402494,flamengo
jhefinho,402709,flamengo
kaio nobrega,409577,flamengo
gabriel amancio,419154,flamengo
juan sayago,421508,flamengo
everton,198940,flamengo
bruno henrique,188485,internacional
luiz araujo,234765,flamengo
pedro,235017,flamengo
gonzalo plata,277352,flamengo
wallace yan,358167,flamengo
douglas telles,402703,flamengo
josmar,414359,flamengo
gustavo rodrigues nunes,415443,flamengo
alan santos,417653,flamengo
tiago volpi,145092,redbullbragantino
cleiton,239368,redbullbragantino
fernando costa,361620,redbullbragantino
gustavo reis,386191,redbullbragantino
pedro henrique,202485,redbullbragantino
juninho capixaba,229555,redbullbragantino
agustin sant'anna,253486,redbullbragantino
alix vinicius,257335,redbullbragantino
eduardo santos,296900,
guzman rodriguez,302225,redbullbragantino
vanderlan,307933,redbullbragantino
jose hurtado,311087,redbullbragantino
gustavo marques,334375,redbullbragantino
weimar vivas,405498,redbullbragantino
caue nascimento santos,407650,redbullbragantino
ryan augusto,418512,redbullbragantino
breno de moraes,421626,redbullbragantino
matheus fernandes,225538,redbullbragantino
lucas barbosa,248584,redbullbragantino
ramires,279941,redbullbragantino
ignacio laquintana,285233,redbullbragantino
bruno conceicao,289910,redbullbragantino
joao neto,291053,redbullbragantino
ignacio sosa,317370,redbullbragantino
rodriguinho,339001,redbullbragantino
gustavinho,357358,redbullbragantino
marcelinho braz,361621,redbullbragantino
gabriel lopes,381282,redbullbragantino
davi gomes,398850,redbullbragantino
yuri,400891,redbullbragantino
eduardo sasha,199680,redbullbragantino
isidro pitta,287035,redbullbragantino
thiago borbas,302628,redbullbragantino
bruno goncalves,319950,redbullbragantino
henry mosquera,333314,redbullbragantino
jose herrera,335360,redbullbragantino
filipe,381283,redbullbragantino
vinicinho,383987,redbullbragantino
jhuan nunes,421416,redbullbragantino
gustavo caballero,154853,santos
joao paulo,421507,palmeiras
gabriel brazao,266665,santos
diogenes,322630,santos
rodrigo falcao,379464,santos
arthur vale,421473,santos
mayke,178927,santos
luan peres,198546,santos
lucas verissimo,231324,santos
adonis frias,234447,santos
igor,235894,santos
gonzalo escobar,236353,santos
marcelo torrez,390968,santos
vinicius lira,399409,santos
joao alencar,403721,santos
rafael gonzaga,404206,santos
joao ananias,408862,santos
willian arao,173621,santos
joao schmidt,196856,santos
ze rafael,201660,santos
thaciano,218938,santos
christian oliva,270486,santos
alvaro barreal,279454,santos
gabriel menino,301544,santos
miguel terceros,330665,santos
nicola profeta,374817,santos
gabriel bontempo,399179,santos
vinicius rocha,413770,
pepe fermino,417617,santos
kauan barreto,421476,santos
kenay,421477,santos
samuel mendes,421478,santos
vinicius fabri,421479,santos
neymar,132948,santos
gabriel barbosa,182522,santos
rony,236314,santos
benjamin rollheiser,269813,santos
moises,304365,santos
joao victor dos santos alves,380360,santos
mateus xavier,386311,santos
kaio ganga,399724,santos
nadson,400876,santos
robinho junior,407480,santos
pedro assis,417953,santos
fernando pradella rocha,418214,santos
david nogueira,421474,santos
gabriel follmer,421475,santos
davizinho,422922,santos
sergio rochet,184206,internacional
matheus cunha queiroz,315201,internacional
anthoni,315428,internacional
kauan,361392,internacional
diego esser,379787,internacional
henrique menke,382893,internacional
filipe borba sirio,3106016,internacional
gabriel mercado,76818,internacional
guillermo maripan,200562,internacional
juninho,239983,pumasunam
felix torres,251963,internacional
alexander bernabei,285029,internacional
matheus bahia,304656,internacional
victor gabriel,405272,
pedro kaua,382898,internacional
denis marfo,417351,internacional
luiz felipe de morais francisco,422157,internacional
alan patrick,165232,internacional
richard,198346,internacional
thiago maia,213239,internacional
rodrigo villagra,286704,internacional
paulinho,189480,toluca
bruno gomes,295006,internacional
calebe,304469,internacional
allex,361374,internacional
alan rodriguez,363477,internacional
kauan alves,402688,internacional
benjamin arhin,413248,internacional
joao kempes,417353,internacional
gabriel vinicius oliveira da silva,422158,internacional
johan carbonero,270246,internacional
alerrando,270260,internacional
kayky chagas,314846,internacional
yago,382900,internacional
raykkonen,403283,internacional
joao bezerra,417352,internacional
fabricio prado,422159,internacional
marcelo lomba,201622,palmeiras
carlos miguel,276741,palmeiras
kaique,332352,palmeiras
kauan lima,412904,palmeiras
gustavo gomez,118395,palmeiras
alexander barboza,222631,palmeiras
joaquin piquerez,254007,palmeiras
bruno fuchs,257050,palmeiras
khellven,288669,palmeiras
agustin giay,315619,palmeiras
luiz benedetti,361457,palmeiras
arthur gabriel,382965,
thiago soares,402698,palmeiras
derick,413749,palmeiras
luccas ramon,413761,palmeiras
luis saboia,421486,palmeiras
mohamed kone,421487,palmeiras
andre lucas,421503,palmeiras
felipe anderson,152812,palmeiras
lucas evangelista,186776,palmeiras
andreas pereira,210143,palmeiras
marlon freitas,234016,palmeiras
jhon arias,239566,palmeiras
mauricio,289046,palmeiras
rafael coutinho,382963,palmeiras
larson,387989,palmeiras
erick machado,402695,palmeiras
luis felipe,402701,palmeiras
guilherme nogueira,408185,palmeiras
ruan yago,421504,palmeiras
ramon sosa,301653,palmeiras
jose manuel lopez,311743,palmeiras
vitor roque,329383,palmeiras
allan andrade,382966,palmeiras
heittor,412292,palmeiras
juan gabriel,421498,palmeiras
kaua,421538,palmeiras
miguel cinoncelli bilong,3105977,palmeiras
weverton,198983,gremio
gabriel grando,317014,gremio
thiago stallbaum,379334,gremio
joao victor castelo,402659,gremio
gabriel menegon,417483,gremio
caio paulista,95558,gremio
walter kannemann,146109,gremio
marcos rocha,185994,gremio
fabian balbuena,199101,gremio
marlon,229121,gremio
wagner leonardo,286201,gremio
gustavo martins,314603,gremio
diego caito,358811,gremio
wallace,383983,gremio
pedro gabriel,399092,gremio
luis eduardo,400263,gremio
vitor ramon,402662,gremio
vagner,421523,gremio
emanuel mariano,421526,gremio
dodi,213879,gremio
filip krovinovic,226787,gremio
mathias villasanti,238449,gremio
juan nardoni,290594,gremio
erick noriega,303030,gremio
miguel monsalve,307659,gremio
leonel perez,359439,gremio
riquelme freitas,380443,gremio
tiaguinho,397420,gremio
bernardo zortea,400264,gremio
jeferson forneck,417484,gremio
roger,417485,gremio
joao borne,421521,gremio
danillo,421524,gremio
harlley,421527,gremio
artur junior,421528,gremio
lago menezes,421529,gremio
adrielson,421531,gremio
cristian pavon,24388,gremio
martin braithwaite,187100,gremio
jovane cabral,250059,gremio
carlos vinicius,252576,gremio
francis amuzu,269079,gremio
jose enamorado,286714,gremio
mateus tete,287664,gremio
matheus nascimento,304659,gremio
gabriel mec,399421,gremio
arnaldo,402657,gremio
lucca,421522,gremio
benjamin,421525,gremio
fellipe magalhaes,421530,gremio
yuri sena,266662,vitoria
lucas arcanjo,287941,vitoria
fintelman,302124,vitoria
emanuel britez,200206,vitoria
riccieli,253010,vitoria
luan candido,266676,vitoria
ramon,269915,vitoria
caca,271773,vitoria
camutanga,272576,vitoria
jamerson,284450,vitoria
edu,293047,vitoria
nathan,318174,vitoria
diego tarzia,379661,vitoria
kauan santos,402428,
gean,402660,vitoria
guilherme inacio,419116,vitoria
nicolas celis,131954,vitoria
tomas pochettino,215771,vitoria
emmanuel martinez,218649,vitoria
matheus,218972,vitoria
alejandro almaraz,251843,vitoria
caique,252315,vitoria
gabriel baralhas,269852,vitoria
enrique saverio,286694,vitoria
wendell sacramento,382969,vitoria
cauan de jesus,402655,vitoria
lucas lohan,405566,vitoria
osvaldo,141626,vitoria
marinho,198392,vitoria
renato kayzer,227314,vitoria
lucas,253009,vitoria
fabricio santos,285395,
kauan vitor,402654,vitoria
marcos vinicius,402661,vitoria
anderson bispo dos santos,420159,vitoria
ruan gabriel,421951,vitoria
leo jardim,205464,vascodagama
daniel fuzato,252052,vascodagama
phillipe gabriel,371432,
jose luis rodriguez,238763,fcjuarez
carlos cuesta,235940,vascodagama
lucas piton,287862,vascodagama
lucas freitas,312657,vascodagama
alan saldivia,317383,vascodagama
cuiabano,334756,vascodagama
alison,398510,vascodagama
melim,398524,vascodagama
riquelme avellar,398722,vascodagama
breno vereza,402621,vascodagama
bruno andre azevedo ribeiro,409768,vascodagama
jotavve fonseca,417752,vascodagama
wanyson nogueira,421394,vascodagama
breno sales,421395,vascodagama
jair,196873,vascodagama
tche tche,198302,vascodagama
thiago mendes,201717,vascodagama
nuno moreira,323815,vascodagama
matheus carvalho,346179,vascodagama
cauan barros,357720,vascodagama
jp,379268,vascodagama
lukas zuccarello,379379,vascodagama
guilherme estrella,379581,vascodagama
ramon rique,402641,vascodagama
gustavo guimaraes,421396,vascodagama
lucca guima,421398,vascodagama
leo felix,421399,
samuel de jesus,421400,vascodagama
claudio spinelli,250733,vascodagama
marino hinestroza,285203,vascodagama
adson,315293,vascodagama
loide,318606,vascodagama
andres gomez,330924,vascodagama
johan rojas,334065,vascodagama
bruno lopes,379267,vascodagama
andrey fernandes,402620,vascodagama
anderson felix,402639,vascodagama
diego minete,407363,vascodagama
alex bruno,417750,vascodagama
luiz locio,421397,vascodagama
carlos coronel,215961,saopaulo
young,318176,saopaulo
felipe preis,380459,saopaulo
cedric,129722,saopaulo
rafael toloi,196855,saopaulo
wendell,199065,saopaulo
robert arboleda,201531,saopaulo
lucas ramon,206953,saopaulo
enzo diaz,264814,saopaulo
sabino,285010,saopaulo
matheus souza,358242,saopaulo
isac,371525,saopaulo
igor felisberto,379484,saopaulo
guilherme reis,383052,saopaulo
luis osorio,383055,saopaulo
igao,386050,saopaulo
maik,399078,saopaulo
nicolas,402685,saopaulo
felipe oliveira,421413,saopaulo
danielzinho,196824,saopaulo
cauly,260392,saopaulo
marcos antonio,266282,saopaulo
luan,158275,toluca
damian bobadilla,301516,saopaulo
pablo maia,319168,saopaulo
newton,357362,saopaulo
matheus ferreira,371433,
bezerra,399079,saopaulo
djhordney ferreira,402686,
robert william,421412,saopaulo
lucas moura,130711,saopaulo
jonathan calleri,162558,saopaulo
luciano,190483,saopaulo
ferreira,296573,saopaulo
gonzalo tapia,297128,saopaulo
juan potes,380969,saopaulo
paulo sergio,383041,saopaulo
ryan francisco,383042,saopaulo
lucca marques,399076,saopaulo
gustavo santana,402683,saopaulo
tete,402684,saopaulo
brenno,421415,saopaulo
duk,342048,atlas
luis fernando hernandez maza,3102526,atlas
camilo vargas,185147,atlas
carlos robles,132219,atlas
manuel capasso,225440,atlas
rober,231341,atlas
gaddi aguirre,233106,atlas
milton valenzuela,233688,atlas
rodrigo schlegel,255476,atlas
adrian mora,270210,atlas
jose lozano,271502,atlas
jorge rodriguez,79608,
jorge san martin,380457,
paulo ramirez,388094,atlas
luis blanco,407290,atlas
aldo rocha,178839,atlas
mateo garcia,205539,atlas
edgar zaldivar,234867,atlas
luis esteves,312549,atlas
abraham bass,333850,atlas
victor rios,366679,atlas
jesus serrato,383233,atlas
sergio hernandez,386935,atlas
jesus guillen,420402,atlas
gustavo ferrareis,213775,atlas
gustavo del prete,276313,atlas
agustin rodriguez,316152,atlas
luis gamboa,403848,atlas
jose martin,407291,atlas
fernando tapia,49306,america
rodolfo cota,103729,america
angel malagon,200101,america
cesar lugo,398891,america
cristian borja,132676,america
kevin alvarez,195312,america
sebastian caceres,285756,america
israel reyes,290414,america
emilio lara,292414,america
ramon juarez,307891,america
miguel vazquez,311853,america
franco rossano,386254,america
andres marioni araujo munoz,3102568,america
erick sanchez,129421,america
alan cervantes,228351,america
raphael veiga,236321,america
alexis gutierrez,265866,america
santiago naveda,293353,america
dagoberto espinoza,363021,america
osvaldo arriaga,394111,america
ricardo gonzalez,422286,america
icaro geovane da conceicao nascimento,3102566,america
santiago gael camarena rosales,3109381,america
henry martin,93184,america
patricio salas,115044,america
brian rodriguez,144325,america
alejandro zendejas,212824,america
raul zuniga,290853,america
esteban lozano,304626,america
isaias violante,308956,america
oscar perea,336456,america
alejandro cardenas alonso,3102567,america
cesar lopez,78772,atleticodesanluis
gibran lajud,187496,atleticodesanluis
andres sanchez,210848,atleticodesanluis
benjamin galindo,82077,atleticodesanluis
juanpe,135922,atleticodesanluis
aldo cruz,263221,atleticodesanluis
robson bambu,269746,atleticodesanluis
lucas esteves,286841,atleticodesanluis
eduardo aguila,346233,atleticodesanluis
roman torres,358389,atleticodesanluis
luis alberto carrillo,380797,atleticodesanluis
david rodriguez,26703,atleticodesanluis
jesus medina,67003,atleticodesanluis
angel reyes,74026,atleticodesanluis
johan caicedo,156482,atleticodesanluis
sebastien salles-lamonge,232323,atleticodesanluis
roberto meraz,245842,atleticodesanluis
oscar macias,259819,atleticodesanluis
benjamin galdames,283623,atleticodesanluis
sergio,311997,atleticodesanluis
luis najera,323864,atleticodesanluis
sebastian perez bouquet,333602,atleticodesanluis
miguel garcia,398289,atleticodesanluis
santiago munoz,297277,atleticodesanluis
anderson duarte,359828,atleticodesanluis
david ospina,121842,atlante
oscar jimenez,176824,
roberto barragan,422087,atlante
francisco reyes,141495,atlante
walter clar,188034,atlante
lucho sanchez,229362,atlante
armando escobar,240148,atlante
eduardo tercero,259939,atlante
nicolas carrera,297375,atlante
aaron quiros,317427,atlante
diogo bagui,359263,atlante
cristobal alfaro,412878,atlante
axl padilla,422076,atlante
emiliano espinoza,422083,atlante
santiago naelson garcia altamirano,3109382,atlante
christian bermudez,84131,atlante
maximiliano garcia,126213,atlante
javier ibarra,228360,atlante
jhojan julio,252405,atlante
hardy meza,285627,atlante
luis calzadilla,292066,atlante
eugenio pizzuto,297283,atlante
jose gonzalez,325152,atlante
gilberto adame,362037,atlante
edgar jimenez,422084,atlante
leonardo mejia,422086,atlante
octavio vasquez,3104377,atlante
luis puente,297285,atlante
walter portales,304158,atlante
jairon charcopa,318091,atlante
joaquin moxica,371491,atlante
ruben coubert,422081,atlante
andres gudino,224752,cruzazul
kevin mier,266587,cruzazul
emmanuel ochoa,303277,cruzazul
omar campos,136124,cruzazul
gonzalo piovi,192166,cruzazul
willer ditta,270229,cruzazul
alan montes,304424,cruzazul
jesus orozco,318342,cruzazul
raymundo rubio,364719,cruzazul
jorge rodarte,407543,cruzazul
rogelio gonzalez,3715,cruzazul
agustin palavecino,219001,cruzazul
carlos rodriguez,103714,
erik lira,276942,cruzazul
angel marquez,285862,cruzazul
amaury garcia,291186,cruzazul
cristian jimenez,316600,cruzazul
andres montano,336641,cruzazul
amaury morales,365830,cruzazul
fernando samano,365860,cruzazul
nicolas ibanez,207549,cruzazul
juan jose calero,215512,cruzazul
osinachi ebere,228300,cruzazul
rodolfo rotondi,257640,cruzazul
jose paradela,277270,cruzazul
luka romero,303844,cruzazul
bryan gamboa,365831,cruzazul
sebastian jurado,239573,fcjuarez
guillermo ruiz,264118,fcjuarez
benny diaz,269139,fcjuarez
luis carmona,70681,
jose garcia,92561,
jesus murillo,197050,fcjuarez
oscar ortega,222009,fcjuarez
alejandro mayorga,256207,fcjuarez
eder lopez,259983,fcjuarez
francisco nevarez,269521,fcjuarez
gilberto sepulveda,283650,fcjuarez
bryan romero,325392,
ricardo juarez,366095,fcjuarez
javier aquino,129167,fcjuarez
dieter villalpando,198904,fcjuarez
kenneth martinez,265942,
monchu,268809,fcjuarez
guilherme castilho,270379,fcjuarez
raymundo fulgencio,276665,fcjuarez
ricardinho,323031,fcjuarez
denzell garcia,337308,fcjuarez
leonardo silva,358342,fcjuarez
jan carmona,364578,fcjuarez
said godinez,379903,fcjuarez
juan sigala,401797,fcjuarez
oscar estupinan,219158,fcjuarez
jairo torres,249278,fcjuarez
madson,287807,fcjuarez
luca martinez,309473,fcjuarez
ettson ayon,329123,fcjuarez
oscar whalley,194182,guadalajara
raul rangel,290899,guadalajara
juan liceaga,387985,guadalajara
miguel gomez,3313,guadalajara
jose castillo,37249,guadalajara
luis gabriel rey,147715,guadalajara
miguel tapias,233976,guadalajara
leonardo sepulveda,254433,
richard ledezma,271844,guadalajara
diego campillo,290889,guadalajara
bryan gonzalez,297284,
angel chavez,361206,guadalajara
jonathan perez,96526,guadalajara
santiago sandoval,118717,guadalajara
daniel aguirre,133111,guadalajara
omar govea,190901,guadalajara
luis romo,242614,guadalajara
kevin castaneda,276398,guadalajara
jordan carillo,277191,guadalajara
hugo camberos,387984,guadalajara
angel sepulveda,151850,guadalajara
roberto alvarado,194308,guadalajara
ricardo marin,228352,guadalajara
efrain alvarez,260173,guadalajara
armando gonzalez,376110,guadalajara
sergio aguayo,379172,guadalajara
oscar garcia,335959,
jordan garcia,378912,
juan guevara,88781,leon
sebastian vegas,190559,leon
ivan moreno,195695,leon
rodrigo echeverria,199163,leon
paul saracho,215619,leon
bryan colula,222189,leon
jhohan romana,235956,leon
abraham villegas,333983,leon
valentin gauthier,362259,leon
christopher mora,399013,leon
jose david ramirez,200989,leon
santiago colombatto,229477,leon
jordi cortizo,235451,leon
salvador reyes,241346,leon
jose rodriguez,251543,leon
fernando beltran,259697,leon
nicolas fonseca,276240,leon
edgar guerra,308096,leon
daniel arcila,317509,leon
angel estrada,323772,leon
juan dominguez,356574,leon
sebastian santos,357437,leon
jesus lara,372142,leon
luis valadez,386922,leon
rogelio funes mori,143362,leon
ismael diaz,195326,leon
jose alvarado,201538,leon
diber cambindo,248826,leon
gael garcia,381571,leon
esteban andrada,138328,monterrey
luis cardenas,190907,monterrey
santiago mele,203067,monterrey
cesar ramos,236138,monterrey
stefan medina,146989,monterrey
carlos salcedo,184299,monterrey
ricardo chavez,202106,monterrey
luis reyes,215559,
gerardo arteaga,245848,monterrey
victor guzman,219470,toluca
daniel aceves,310213,monterrey
cesar bustos,364682,monterrey
carlos frayde,413678,monterrey
javier casillas alavez,3103451,monterrey
jesus corona,117977,monterrey
lucas ocampos,159263,monterrey
oliver torres,173233,monterrey
erick aguirre,194666,monterrey
orbelin pineda,207011,monterrey
diego rossi,235817,monterrey
fidel ambriz,298860,monterrey
iker fimbres,365476,monterrey
jose urias,371493,monterrey
cesar garza,375061,monterrey
cristian reyes,379211,monterrey
sebastian rodriguez,398298,monterrey
omar galvez,417642,monterrey
allen rojas,417643,monterrey
uros djurdjevic,195220,monterrey
hugo cuypers,235511,monterrey
roberto de la rosa,261137,monterrey
luca orellano,276305,monterrey
juan carlos martinez jr.,3102564,queretaro
sergio john garcia brothers,3102565,queretaro
guillermo allison,149407,queretaro
jose hernandez,303680,queretaro
luis garcia,184845,
diego reyes,83869,queretaro
lucas abascia,315939,queretaro
bayron duarte,372374,queretaro
jaime valencia,179604,queretaro
michael carcelen,302606,queretaro
erik duenas,304169,queretaro
carlo garcia,309109,queretaro
santiago homenchenko,309201,queretaro
alejandro alcala,318505,queretaro
fernando gonzalez pena,351296,queretaro
juan eduardo robles,359445,
bernardo parra,362417,queretaro
victor lopez,364700,queretaro
jesus arellano,407294,queretaro
dario rodriguez,410832,queretaro
jean unjanque,416544,queretaro
juan pablo cazares,417889,queretaro
luis gutierrez,47905,queretaro
eduardo perez,194018,queretaro
mateo coronel,263219,queretaro
ali avila,297287,queretaro
claudio robles,418519,queretaro
luis jimenez,379015,necaxa
christopher josue andrade martin,3099595,necaxa
carlos vargas,74070,necaxa
alexis pena,224736,necaxa
agustin oliveros,303329,necaxa
emilio martinez,310751,
kaiky naves,332351,necaxa
raul martinez,362604,necaxa
diego ochoa,372152,necaxa
francisco mendez,417411,necaxa
lorenzo faravelli,154517,necaxa
pedro pedraza,277196,necaxa
daniel leyva,280765,necaxa
mauro zaleta,333586,necaxa
juan torres,336457,necaxa
matias espindola,336916,necaxa
rogelio cortez,347034,necaxa
javier ruiz,365552,necaxa
israel tello,371509,necaxa
joshua palacios,387739,necaxa
ricardo alonso,417888,necaxa
ricardo monreal,259971,necaxa
julian carranza,262566,necaxa
kevin rosero,313008,necaxa
miguel pedroza,333401,necaxa
juan valencia,406874,necaxa
carlos acevedo,236368,santos
hector holguin perez,301897,santos
jose abella,173063,santos
franco pardo,255945,santos
mauricio cuevas,287252,santos
bruno amione,290728,santos
emmanuel echeverria,323797,santos
kevin picon,358251,santos
felipe sanchez,358421,santos
juan echilvestre,419256,santos
francisco villalba,110987,santos
diego medina,140817,santos
javier guemez,189785,santos
carlos gruezo,199963,santos
efrain orona,252608,santos
aldo lopez,253556,santos
ezequiel bullaude,282380,santos
ramiro sordo,309463,santos
salvador mariscal,316623,santos
kevin palacios,324258,santos
joshua mancha,357022,santos
luis gomez,381487,santos
nelson cedillo,411318,santos
jose alfonso ulloa naranjo,3102562,santos
eduardo aguirre,228358,santos
lucas di yorio,233903,santos
diego gonzalez,315609,santos
tahiel jimenez,376557,santos
lucca vuoso,413911,santos
carlos moreno,259439,pachuca
jose eulogio tellez,313058,pachuca
eduardo bauermann,194921,pachuca
alan mozo,215785,pachuca
francisco venegas,228355,pachuca
pedro martinez,240776,pachuca
sergio barreto,268843,pachuca
mauricio isais,302128,pachuca
pedro budib,347613,pachuca
andres micolta,358215,pachuca
jorge berlanga,364454,pachuca
carlos sanchez,379192,pachuca
edwin soto,417775,pachuca
juan gamez,422222,pachuca
rodolfo pizarro,176489,pachuca
kenedy,195349,pachuca
christian rivera,233978,pachuca
israel luna,297274,pachuca
alan bautista,326072,pachuca
elias montiel,364455,pachuca
owen gonzalez,366699,pachuca
sergio rodriguez,408143,pachuca
salomon rondon,127570,pachuca
javier vallejo,160562,pachuca
oussama idrissi,229552,pachuca
illian hernandez,291607,
adrian alcaraz,333706,pachuca
alexei dominguez,365134,pachuca
gael alvarez,371475,pachuca
daniel mendez,401626,pachuca
cristobal hernandez,417623,pachuca
jonatan ramirez,421751,pachuca
julio gonzalez,152371,puebla
ricardo gutierrez,276399,puebla
juan pablo vargas,235122,puebla
facundo almada,283788,puebla
fernando monarrez,284657,puebla
oscar villa,308985,puebla
jose pachuca,364703,puebla
eduardo navarro,386857,puebla
angel leyva,398957,puebla
alvaro burgos,412858,puebla
alonso ramirez,120798,puebla
raul castillo,131733,puebla
sergio sanabria,179825,puebla
carlos baltazar,267521,puebla
alejandro organista,284658,puebla
alberto herrera,327782,puebla
iker moreno,338844,
mathias tomas,356340,puebla
lucas camilo,371497,puebla
brayan garnica,227939,puebla
emiliano gomez,271439,puebla
kevin velasco,275651,puebla
eduardo mustre,308491,puebla
ignacio maestro puch,312382,puebla
luifer hernandez,316225,puebla
omar moreno,357211,puebla
keylor navas,73247,pumasunam
miguel paul,361344,pumasunam
pablo lara,379978,pumasunam
antonio leone,23761,pumasunam
ruben duarte,177553,pumasunam
alvaro angulo,217532,pumasunam
cristian calderon,228730,pumasunam
nathan silva,236597,pumasunam
jesus rivas,256877,pumasunam
pablo bennevendo,286879,pumasunam
pablo alfonso monroy,359267,pumasunam
kleber carranza,399567,pumasunam
angel azuaje,400755,pumasunam
adalberto carrasquilla,219508,pumasunam
sebastian cordova,240144,pumasunam
pedro vite,297150,pumasunam
dennis ramirez,317464,pumasunam
santiago trigos,333765,pumasunam
rodrigo lopez,344568,
victor arteaga,359968,pumasunam
angel rico,386920,pumasunam
stanley garcia,410760,pumasunam
jose macias,172599,pumasunam
guillermo martinez,193566,pumasunam
uriel antuna,242715,pumasunam
robert morales,255942,pumasunam
alan medina,260054,pumasunam
luciano herrera,317831,pumasunam
oliver sail,194728,aucklandfc
michael woud,228288,aucklandfc
joseph knowles,231211,aucklandfc
eli jones,410625,aucklandfc
blake callinan,418902,aucklandfc
liam hill,3111304,aucklandfc
hiroki sakai,157692,aucklandfc
aaron calver,181398,aucklandfc
francis de vries,254441,aucklandfc
callan elliot,282239,aucklandfc
nando pijnaker,288469,aucklandfc
matthew d'hotman de villiers,376524,aucklandfc
ronan wynne,382446,aucklandfc
luka vicelich,392461,aucklandfc
aston burns,392588,aucklandfc
ryan mackay,412861,aucklandfc
cameron howieson,159466,aucklandfc
felipe gallegos,176886,aucklandfc
jake brimmer,228412,aucklandfc
lachlan bayliss,351369,aucklandfc
marley leuluai,376510,aucklandfc
finn mckenlay,386307,aucklandfc
oliver middleton,386309,aucklandfc
van fitzharris,413897,aucklandfc
nathan martin,413907,aucklandfc
bailey ferguson,418901,aucklandfc
isa prins,418903,aucklandfc
james mitchell,419230,aucklandfc
daniel normann,3111301,aucklandfc
dejaun naidoo,3111302,aucklandfc
william gross,3111305,aucklandfc
sam cosgrove,214938,aucklandfc
logan rogerson,228281,aucklandfc
guillermo may,235848,aucklandfc
lachlan brook,249186,aucklandfc
jonty bidois,386310,aucklandfc
aaron cartwright,409366,aucklandfc
nahuel guzman,68340,tigresuanl
antonio carrera,316369,tigresuanl
osvaldo rodriguez,182815,tigresuanl
jesus angulo,282615,toluca
marco farfan,248648,tigresuanl
juanjo purata,263224,tigresuanl
vladimir lorona,271539,tigresuanl
rafael guerrero,275892,tigresuanl
jesus garza,276557,tigresuanl
joaquim,319520,tigresuanl
fernando ordonez,359967,tigresuanl
marcelo salinas villarreal,3102506,tigresuanl
juan pablo vigon,176169,tigresuanl
marcelo flores,186489,tigresuanl
fernando gorriaran,200636,tigresuanl
mauro lainez,219471,
juan brunetta,245771,tigresuanl
diego lainez,253830,tigresuanl
cesar araujo,291218,tigresuanl
henrique simeone koifman,420171,tigresuanl
isac galvan,421312,tigresuanl
angel eduardo ramirez garcia,3111300,tigresuanl
andre-pierre gignac,84854,tigresuanl
rodrigo aguirre,159042,tigresuanl
ozziel herrera,319255,tigresuanl
antonio de maria y campos,395876,tigresuanl
ronaldo dimas,337128,toluca
david shrem,397488,toluca
jesus gallardo,132098,toluca
antonio briseno,159279,toluca
diego zaragoza,233104,toluca
bruno mendez,269902,toluca
brian garcia,275897,toluca
federico pereira,288735,toluca
everardo lopez,338878,
erick orta,411317,toluca
franco romero,128422,toluca
erick gutierrez,194311,toluca
fernando arce,202164,toluca
jorge diaz,269177,toluca
marcel ruiz,272395,toluca
santiago simon,297057,toluca
pavel perez,324719,toluca
alexis vega,229487,toluca
edgar lopez,261094,toluca
helinho,266679,toluca
federico vinas,295847,toluca
oswaldo virgen,398704,toluca
carlos eduardo carrillo madrigales,3102561,toluca
james hilton,250928,macarthurfc
alex robinson,350647,macarthurfc
jonathan aspropotamitis,217439,macarthurfc
callum talbot,295549,macarthurfc
harry politidis,338103,macarthurfc
nathan paull,368561,macarthurfc
will mckay,409420,macarthurfc
sebastian krslovic,409425,macarthurfc
harry menham,410946,macarthurfc
sonny sterjovski,3104204,macarthurfc
liam rose,101127,macarthurfc
kosta grozos,255871,macarthurfc
oliver randazzo,380291,macarthurfc
ali el sabeh,3104203,macarthurfc
trypp mclachlan,3104205,macarthurfc
connor pain,182553,macarthurfc
bernardo dias,241696,macarthurfc
jing lual,319924,macarthurfc
luke vickery,368572,macarthurfc
dean bosnjak,388447,macarthurfc
henrique oliveira,398837,macarthurfc
zane helweh,409424,macarthurfc
michael pratezina,418363,macarthurfc
macklin freke,285911,melbournecityfc
james nieuwenhuizen,328539,melbournecityfc
lachie charles,402447,melbournecityfc
aziz behich,200414,melbournecityfc
harrison delbridge,222758,melbournecityfc
nathaniel atkinson,260642,melbournecityfc
liam bonetig,387203,melbournecityfc
jayden necovski,388459,melbournecityfc
besian kutleshi,390048,melbournecityfc
peter antoniou,392324,melbournecityfc
mathew baker,404455,
ryan kalms,409328,melbournecityfc
isiah boston,409358,melbournecityfc
alessandro lopane,328545,melbournecityfc
quinn macnicol,368569,melbournecityfc
lawrence wong,388460,melbournecityfc
angus mackintosh,409364,melbournecityfc
mathew leckie,140994,melbournecityfc
andrew nabbout,179396,melbournecityfc
takeshi kanamori,211763,melbournecityfc
max caputo,319968,melbournecityfc
benjamin mazzeo,358609,melbournecityfc
medin memeti,368576,melbournecityfc
kavian rahmani,394443,melbournecityfc
beckham baker,409363,melbournecityfc
akeem gerald,409365,melbournecityfc
roland ballah,3107971,melbournecityfc
joshua smits,161822,adelaideunited
ethan cox,328534,adelaideunited
max vartuli,338805,adelaideunited
bart vriends,124962,adelaideunited
ryan kitto,195788,adelaideunited
panagiotis kikianis,357239,adelaideunited
malual nichola,392321,adelaideunited
feyzo kasumovic,392323,adelaideunited
sotiri phillis,401015,adelaideunited
vinko stanisic,410628,adelaideunited
israel mbula-monga,412221,adelaideunited
anselmo,143959,adelaideunited
juan muniz,147544,adelaideunited
jay barnett,267312,adelaideunited
luke duzel,296952,adelaideunited
jonny yull,312891,adelaideunited
ethan alagich,328924,adelaideunited
fabian talladira,361719,adelaideunited
ryan white,388458,adelaideunited
joey garuccio,392484,adelaideunited
luka blazevic,3115573,adelaideunited
harry crawford,144554,adelaideunited
craig goodwin,170754,adelaideunited
dylan pierias,252907,adelaideunited
ben folami,262510,adelaideunited
jake najdovski,332368,adelaideunited
ajak chol,360899,adelaideunited
jacob brazete,388448,adelaideunited
amlani tatu,392322,adelaideunited
brody burkitt,415818,adelaideunited
james delianov,225517,newcastlejets
jordan baylis,388167,newcastlejets
alex nassiep,399256,newcastlejets
joe shaughnessy,143180,newcastlejets
alex grant,173189,newcastlejets
daniel wilmering,286982,newcastlejets
thomas aquilina,312245,newcastlejets
joel bertolissio,351688,newcastlejets
will kennedy,392209,newcastlejets
max cooper,410629,newcastlejets
zach clough,191564,newcastlejets
max burgess,212917,newcastlejets
alexander badolato,328544,newcastlejets
alex nunes,386119,newcastlejets
will dobson,390049,newcastlejets
joe lolley,191001,newcastlejets
patrick wood,310562,newcastlejets
oscar fryer,386118,newcastlejets
xavier bertoncello,410630,newcastlejets
ethan debono,410631,newcastlejets
oliver cockle,415741,newcastlejets
jake goodwin,3105918,newcastlejets
andrew redmayne,107530,centralcoastmariners
dylan peraic-cullen,368564,centralcoastmariners
jai ajanovic,389617,centralcoastmariners
trent sainsbury,150680,centralcoastmariners
storm roux,155999,centralcoastmariners
james donachie,173089,centralcoastmariners
lucas mauragis,304407,centralcoastmariners
diesel herrington,349933,centralcoastmariners
noah mccann,408757,centralcoastmariners
shumba mutokoyi,412890,centralcoastmariners
callum mccaskey,3100779,centralcoastmariners
chris donnell,153160,centralcoastmariners
laurence taylor,251749,centralcoastmariners
kristian popovic,286935,centralcoastmariners
alfie mccalmont,291994,centralcoastmariners
harrison steele,330822,centralcoastmariners
bradley tapp,338804,centralcoastmariners
abdul faisal,386116,centralcoastmariners
haine eames,386269,centralcoastmariners
arthur de lima,390498,centralcoastmariners
jesse mantell,421582,centralcoastmariners
aston reid,422342,centralcoastmariners
oliver o'carroll,422347,centralcoastmariners
ali auglah,297065,centralcoastmariners
bailey brandtman,368562,centralcoastmariners
oliver lavale,368573,centralcoastmariners
logan sambrook,398836,centralcoastmariners
luke becvinovski,410796,centralcoastmariners
max hamish naylor,3104103,centralcoastmariners
antonio rodriguez,175155,tijuana
jorge hernandez,284928,tijuana
kevin escamilla,159284,tijuana
rafael fernandez,178142,tijuana
jesus vega,189834,tijuana
jesus gomez,206158,tijuana
unai bilbao,222363,tijuana
jackson porozo,286665,tijuana
aaron mejia,364629,tijuana
pablo nicolas ortiz,364810,tijuana
alejandro magallon,421285,tijuana
ignacio rivero,178042,tijuana
frank thierry boya,232558,tijuana
ivan tona,284241,tijuana
angel zapata,304337,tijuana
aldahir perez,374996,tijuana
gilberto mora,389575,tijuana
jesus orduno,422311,tijuana
josef martinez,172688,tijuana
adonis preciado,285904,tijuana
mourad el ghezouani,300710,tijuana
diego abreu,359825,tijuana
ramiro arciga,360957,tijuana
jonathan padilla,361264,tijuana
joban gonzalez,401798,tijuana
dean bouzanis,97794,brisbaneroar
oscar page,399518,brisbaneroar
george plusnin,3114274,brisbaneroar
tate russell,259602,brisbaneroar
joel king,276916,brisbaneroar
hosine bility,310465,brisbaneroar
dimitrios valkanis,412224,
mikael evagotou-alao,416252,brisbaneroar
jacob nasso,418495,brisbaneroar
niall thom,420180,brisbaneroar
charlie benjamin parkin,3115635,brisbaneroar
roman canosa,3115636,brisbaneroar
nelson deng,3115698,brisbaneroar
nam tae-hee,136694,brisbaneroar
milorad stajic,304792,brisbaneroar
emin durakovic,346554,brisbaneroar
jordan lauton,346731,brisbaneroar
james durrington,401289,brisbaneroar
noah maieroni,412799,brisbaneroar
emmett shaw,417370,brisbaneroar
archie mitchell,422561,brisbaneroar
taj sorensen,3115637,brisbaneroar
aaron morris,3115638,brisbaneroar
rhys wilson williams,3115699,brisbaneroar
marko ilic,238233,brisbaneroar
nathan amanatidis,368567,brisbaneroar
justin vidic,374094,brisbaneroar
sabit ngor,392308,brisbaneroar
zach harrison,3100773,brisbaneroar
khodar abdulkarim,3115639,brisbaneroar
ianni valkanis,3115697,brisbaneroar
gus hoefsloot,368557,sydneyfc
harrison devenish-meares,386267,sydneyfc
alexander zaverdinos,410620,sydneyfc
rhyan grant,130119,sydneyfc
ben garuccio,178990,sydneyfc
marcel tisserand,191942,sydneyfc
jordan courtney-perkins,291696,sydneyfc
alexandar popovic,328536,
aaron gurd,336925,sydneyfc
zachary de jesus,368558,sydneyfc
tyler williams,392207,sydneyfc
ethan dyer,413895,sydneyfc
miles milliner,422336,sydneyfc
takahiro sekine,218553,sydneyfc
jake hollman,295550,sydneyfc
rhys youlley,351687,sydneyfc
wataru kamijo,374096,sydneyfc
joseph lacey,374882,sydneyfc
marin france,383908,sydneyfc
abel walatee,383971,sydneyfc
lachlan middleton,386343,sydneyfc
nickolas alfaro,388455,sydneyfc
sam lancaster,3103239,sydneyfc
victor campuzano,284949,sydneyfc
gabriel popovic,289968,sydneyfc
al hassan toure,291694,sydneyfc
mitchell glasson,368560,sydneyfc
tiago quintal,381512,sydneyfc
mathias macallister,392208,sydneyfc
akol akon,410621,sydneyfc
lawrence thomas,156929,westernsydneywanderers
jordan holmes,236338,westernsydneywanderers
tristan vidackovic,388456,westernsydneywanderers
german ferreyra,195333,westernsydneywanderers
alex gersbach,207260,westernsydneywanderers
anthony pantazopoulos,367294,westernsydneywanderers
nathan barrie,381542,westernsydneywanderers
jesse cameron,388453,westernsydneywanderers
ricky fransen,388457,westernsydneywanderers
ben mewett,410622,westernsydneywanderers
marcus savic,422344,westernsydneywanderers
emile katrib,422394,westernsydneywanderers
steven ugarkovic,232294,westernsydneywanderers
angus thurgate,269138,westernsydneywanderers
dylan scicluna,346808,westernsydneywanderers
miguel di pizio,350388,westernsydneywanderers
aydan hammond,351363,westernsydneywanderers
jai rose,416547,westernsydneywanderers
oscar morrison,421291,westernsydneywanderers
joshua cetinic,3111388,westernsydneywanderers
hiroshi ibusuki,130493,westernsydneywanderers
brandon borrello,194906,westernsydneywanderers
jarrod carluccio,291377,westernsydneywanderers
nicolas milanovic,304671,westernsydneywanderers
panashe madanha,346464,westernsydneywanderers
william gillion,358410,westernsydneywanderers
awan lual,388454,westernsydneywanderers
alaat abdul-rahman,400286,westernsydneywanderers
atiya waraga,410947,westernsydneywanderers
georgio hassarati,422346,westernsydneywanderers
jack duncan,154406,melbournevictory
jack warshawsky,328546,melbournevictory
daniel graskoski,386314,melbournevictory
jason davidson,143791,melbournevictory
brendan hamill,150380,melbournevictory
philipp ziereis,154326,melbournevictory
tom lockyer,168695,melbournevictory
joshua inserra,362165,melbournevictory
franco lino,366386,melbournevictory
harrison shillington,368568,melbournevictory
xavier stella,409326,melbournevictory
william kengni,3100774,melbournevictory
juan mata,103025,melbournevictory
denis genreau,240957,melbournevictory
louis d'arrigo,269578,melbournevictory
jordi valadon,334866,melbournevictory
oliver dragicevic,412860,melbournevictory
jack,3108004,melbournevictory
harrison sawyer,251930,melbournevictory
keegan jelacic,297813,melbournevictory
nishan velupillay,318429,melbournevictory
clarismario rodrigues,363862,melbournevictory
matthew grimaldi,368565,melbournevictory
michael ghossaini,398152,melbournevictory
charles nduka,418068,melbournevictory
malik olukhale,3100778,melbournevictory
matthew sutton,269548,
daniel solsky,394390,perthglory
ryan warner,412864,perthglory
scott wootton,152783,perthglory
lachlan jackson,200373,perthglory
brian kaltack,254583,perthglory
sam sutton,272138,perthglory
matt dench,349436,perthglory
charbel shamoon,351690,perthglory
andriano lebib,358652,perthglory
tadiwanashe kuzamba,388165,perthglory
riley foxe,412682,perthglory
brandon o'neill,200396,perthglory
henry hore,269471,perthglory
trent ostler,291373,perthglory
calem nieuwenhof,295546,perthglory
lucas scicluna,364691,perthglory
william freney,386268,perthglory
anthony didulica,415817,perthglory
giovanni de abreu,416410,perthglory
adam taggart,155209,perthglory
tom lawrence,196698,perthglory
stefan colakovski,296059,perthglory
arion sulemani,332098,perthglory
jaiden kucharski,336923,perthglory
oliver evans,395887,perthglory
sebastian despotovski,403317,perthglory
josh oluwayemi,296884,wellingtonphoenixfc
alby kelly-heald,362620,
eamonn mccarron,376520,wellingtonphoenixfc
joseph chalabi,414455,wellingtonphoenixfc
ryan lee,31775,wellingtonphoenixfc
bill tuiloma,159461,wellingtonphoenixfc
manjrekar james,205023,wellingtonphoenixfc
matthew sheridan,212779,wellingtonphoenixfc
jayden smith,328031,wellingtonphoenixfc
isaac hughes,358524,wellingtonphoenixfc
lukas kelly-heald,362617,wellingtonphoenixfc
corban piper,392328,wellingtonphoenixfc
mac munro,410624,wellingtonphoenixfc
dan edwards,412223,wellingtonphoenixfc
alex rufer,194736,wellingtonphoenixfc
kazuki nagasawa,197630,wellingtonphoenixfc
fin conchie,362616,wellingtonphoenixfc
anaru cassidy,376516,wellingtonphoenixfc
lachlan candy,388503,wellingtonphoenixfc
nathan walker,32752,wellingtonphoenixfc
nikola mileusnic,245557,wellingtonphoenixfc
ramy najjarine,253464,wellingtonphoenixfc
carlo armiento,280805,wellingtonphoenixfc
gabriel sloane-rodrigues,376521,wellingtonphoenixfc
xuan loke,388502,wellingtonphoenixfc
ifeanyi eze,410623,wellingtonphoenixfc
